alpha,beta,p_base,p_slope
0.6246229747807183,0.6207286780696338,1.064520453704369,2.432495735278844
