alpha,beta,pers_k
0.9138929402518552,1.9631847835426677,1.5652924648762814
