alpha,beta,stick_factor
0.5736515582380222,3.5649748827301364,0.9396260737270796
