alpha,beta,stickiness_factor
0.6209152288514288,4.077468989621297,0.6121062954268793
