alpha,beta,stickiness
0.4333876125569518,3.571465770001146,0.47041563291001803
