alpha,beta,k_anx
0.7329987538649456,2.0580959499273064,1.3636340029815157
