alpha,beta,k_stick
0.21779779030243115,5.626018971613946,0.5693504018263418
