alpha_base,beta,bias_factor
1.0,3.0190697083133546,-0.9662908409250008
