alpha,beta,cling_factor
0.06060211872401591,5.592902871676769,0.6719254501020105
