alpha,beta,stickiness
0.4953269907392668,3.455092254184348,1.505326052286854
