alpha,beta,phi
0.8000729746599123,1.0859545176821668,4.985899958674213
