alpha,beta,stick_factor
0.6260420047812832,1.3934025319144154,1.43609399426293
