alpha,beta,k
0.6512040389269165,2.8779847682743847,1.6954305622309196
