alpha,beta,stickiness_base,anxiety_stick
0.6816725426754123,2.4615936544437758,0.1820559026961484,0.2643655410820263
