alpha,beta,habit_weight
0.36248707123476975,1.7245121969011303,1.7327501986981992
