alpha,beta,stick_base,stick_stai
0.8769812197851087,1.512817035017443,-0.03297093633878552,4.005964119247219
