alpha,beta,decay_base,decay_stai
0.8684536929999562,10.0,0.5631387432252313,0.614122653730266
