alpha,beta,stick_sensitivity
0.03512496129080351,3.9353068629830954,0.3299224442694187
