alpha,beta,stick_k
0.02035476040453654,1.981351386479126,0.8138445165223201
