alpha,beta,stick_base,stai_mod
0.5344229314011733,1.059494749232424,-1.7737079638936957,5.976076873738407
