alpha,beta,stick_base,stick_stai_slope
0.5856913573746731,5.148005922005582,1.3047909638245456,-2.5665861972165875
