alpha,beta,p_scale
0.6792943664756952,1.1778634423464969,5.0
