alpha,beta,win_bonus
0.29054217321280856,4.093891362249364,1.459204687384539
