alpha,beta,pers_base,stai_pers
0.764796981809047,2.4425553411756713,0.2200433582767685,0.9572682859901255
