alpha,beta,w_max,perseveration
0.8934843291541575,1.6841469238071531,0.0,0.38902619763647867
