alpha,beta,w_base
0.9034527667182101,1.4774456133474294,0.0
