alpha,beta,rho
0.7928449560351567,2.4512258679863916,0.5871387116778398
