alpha,beta,persev_w
0.658412938513614,2.7092414902924626,1.2338897664951554
