alpha,beta,phi
0.55796990387665,3.183156987941459,1.2073065771756477
