alpha,beta,phi
0.7357058499132096,1.5926505958171262,1.2302907810207226
