learning_rate,beta_1,beta_2,lambd,decay_rate
1.0,2.597607479332199,4.155755062846093,1.0,0.850284591912835
