learning_rate,beta_mb,beta_mf,stickiness
0.5984739096190419,3.7408735050493993,3.6818165738064943,1.3529831096868044
