lr,beta,lambda_param,perseveration,decay
1.0,2.0014062555690626,0.9608907649549727,1.1636657182065415,0.32596155084937073
