learning_rate,beta_mb,beta_mf,forget_rate
0.7926355674662221,0.24140739707865405,3.046681127230476,0.957500976141337
