learning_rate,beta_1,beta_2,w,lam,alpha_cf,stick,decay
0.8365475297250207,10.0,6.238974478502779,0.11915826989710408,0.800559982249194,0.07660146435386919,3.103999214969482,0.40247529137038096
