lr_pos,lr_neg,beta_1,beta_2,w,p,lam,decay
0.5197917424916639,0.24947193578016932,10.0,10.0,0.0,0.14696272152038814,1.0,0.2563461021300984
