lr,beta,w,decay_unc,pers
1.0,2.58654634389334,0.24622111423669926,0.8044691744944518,0.616257686779161
