learning_rate,beta_1,beta_2,w,stickiness,decay_unchosen
0.4559442285441008,7.2277327550332915,4.000585214797519,0.2112883165122476,0.2570752648249013,0.1906638795305679
