learning_rate,beta,w,lambda_coef,stickiness,coupling_factor
0.9223684642604988,10.0,0.10371032282261977,1.0,0.0,0.9449628462832523
