learning_rate,beta,w,perseverance
0.5884331063913804,3.7483455720940833,0.46338546143703585,0.3484297759381269
