learning_rate,beta_1,beta_2,w,lam,stickiness,decay
0.7402350279675785,9.260129453790196,3.524947067971168,0.0,0.8623735585217513,0.0,1.0
