learning_rate,beta_1,beta_2,w,stickiness,cf_weight,decay_rate
0.8885277322047938,10.0,9.365482001055783,0.8248329071239142,1.5151595187837175,0.0,0.3049677056303111
