lr,decay,beta,w,lam,stickiness
0.6886804292684843,0.23747701843083407,4.522352803381795,0.33905846109950144,1.0,0.48178965419058406
