learning_rate,beta,stick_s1,stick_s2
0.24131983342668883,2.180082275653913,2.3764830540782094,1.285993314551738
