learning_rate,decay_rate,beta,stickiness
0.9712816942636003,0.6077932641069895,3.553983905768385,0.2658617933857729
