lr_val,lr_trans,beta_1,beta_2,w,decay
0.9969516923905692,1.0,10.0,2.006035885183829,0.19265409101569875,0.6476027858380976
