lr,beta_1,beta_2,w,stick,decay,q_bias
0.6435450649554438,5.364072458026897,4.219354367168003,1.0,1.919237633822,0.6705937884342438,0.22493513309991992
