lr_pos,lr_neg,beta,w,lam,stickiness
1.0,0.4369022699370622,1.7550241259325678,0.08441022048170496,0.40998637884445965,0.5528743673574067
