learning_rate,beta_1,beta_2,stick_win,stick_loss
0.6533704498089139,3.295063537471302,0.5994713329134045,-0.2355979165570963,0.0922819979861643
