learning_rate,beta_1,beta_2,w,stick_1,stick_2
0.7336479011980928,10.0,5.561620669887917,0.874482890669427,0.9614137312777901,0.9062119608426527
