alpha_pos,alpha_neg,beta,forget_rate
0.6673092813592224,0.9627549297611235,2.7074131632582588,0.7144459884547214
