learning_rate,beta_1,beta_2,w,stick_win,stick_loss
0.02442932018062711,9.723547147007336,10.0,0.42615567292980516,0.28549287588935746,0.07319796439589306
