alpha_pos,alpha_neg,beta_1,beta_2
1.0,0.6722901515906621,3.4440839537074885,1.278059828460354
