lr,beta,w,lam,stick,lr_cf
0.2703760614729589,3.072103550990543,0.0,0.8585849696276354,1.0,0.37666533540478997
