learning_rate,decay_rate,beta,w,stick_1,stick_2
0.03047502580506735,0.22258499726163222,6.819254849354541,1.0,0.6625092144370494,0.5228251373845327
