lr_pos,lr_neg,decay,beta_1,beta_2,w,pers
0.25969548875517495,0.60916234550815,0.5976965953918832,10.0,2.124522437193306,0.15800446480380945,0.2704653227471779
