learning_rate,beta,eligibility_trace
0.6426404981788192,2.0399809624491776,1.0
