lr,beta_win,beta_loss,w,stick
0.19572004966981374,2.846393987543654,1.059034261571883,0.0,-0.6318453745681211
