lr_pos,lr_neg,beta,lam,stickiness
0.8285417148280306,0.2710936999633623,3.3541381844419287,1.0,0.15596339221559594
