alpha_1,alpha_2,decay_rate,beta_1,beta_2,stickiness
0.0,0.6509801539501863,0.4984452099867202,2.7194152254510353,3.77607653567851,0.6926365732941183
