alpha_pos,alpha_neg,beta_1,beta_2,sticky_win,sticky_lose
0.9725065670908182,1.0,0.8762708884373211,1.8406573226308012,3.221241852190159,0.0
