learning_rate,beta,w,stick_1,stick_2
0.5341476076925585,2.22262969314562,0.6332432851295776,2.528992897545625,1.1496308764824659
