lr,beta,w,bias
0.19091226184247453,2.0272549506258715,1.0,0.1878711452807768
