lr_val,lr_common,beta,pers
0.7152648165396842,0.02031739404570185,0.8245650589970216,0.559729328465656
