learning_rate,beta_1,beta_2,lambda_param,stick_win,stick_loss
0.5421744664427158,3.571254333472381,0.5179841700308083,1.0,4.148017088153423,0.3730611225340271
