lr,beta_1,beta_2,w,stick,phi
0.732148465342431,10.0,1.0583933007508877,0.22712952356928737,0.17704886598786182,0.015295854188443696
