learning_rate,decay_rate,beta,w,lambda_elig,stickiness
1.0,0.4841488777570553,2.6353921633528663,0.30320931782866034,1.0,0.5575888732780553
