lr_reward,lr_trans,beta_1,beta_2,w,stickiness
0.5861490377876086,0.42075170054250804,7.8139572310558405,3.8778908349501804,0.9697236717625931,0.35304053770281374
