learning_rate,beta,decay,perseverance
1.0,0.7612291665262352,1.0,2.9505681726131865
