lr_trans,lr_val,beta1,beta2,decay,pers_win,pers_loss
0.3012275606146802,0.8691325005122977,10.0,6.044727145525668,0.3185588900394618,1.399108639234307,0.7391853966341636
