alpha_1,alpha_2,beta_1,beta_2,w_mb,decay,perseveration
0.13720287352820287,0.8857699657257191,8.716840116872907,2.1447022786222103,0.06932603934065278,0.40908118999334514,1.5886893148160697
