learning_rate,beta_win,beta_loss,perseveration
0.6289002151467585,5.747411857607406,2.3357264764750285,0.8875697246006862
