lr,lr_cf,decay,beta_1,beta_2,w,lam
1.0,0.31102609157995337,0.8066633301671182,4.62084027554272,4.159281802880896,0.15494651978135593,1.0
