learning_rate,beta,lambda_eligibility,decay,pers_s1,pers_s2
1.0,10.0,1.0,0.7409448476285232,0.01755115859491218,0.050894965692456925
