alpha_pos,alpha_neg,forget,beta_mb,beta_2,stickiness
0.4912235515923661,0.14440187446943928,0.0995089100420503,6.478020088102445,8.480786438247552,2.372309010885032
