learning_rate,beta,w,perseveration_base,stai_p_sens
0.5929932828657035,3.831862235803704,0.5957345382716666,1.2165669894723343,1.7692757581037155
