learning_rate,beta,w,stai_sticky_scale
0.48280399950783853,3.39543482908528,0.0,1.6256134735536236
