learning_rate,beta,w,stick_base,stai_stick_sensitivity
1.0,0.38303563835062354,0.9884510382310029,1.5005942152130927,2.3848807829571514
