learning_rate,beta,w,base_stickiness
0.4936563009315838,3.126696845072145,0.3278066212269251,0.5561057871515949
