alpha_pos,alpha_neg_base,beta,w,stai_neg_sensitivity
1.0,0.6727656469467929,2.0490123072135424,0.0,0.16633906605307164
