alpha,beta,w,stick_base,stick_stai_sens
1.0,0.7386132701890816,1.0,0.741710973656377,1.3155226930287174
