learning_rate,beta,w,decay_scale
0.6511020059946094,7.84089995676972,0.0,0.41975440097454303
