learning_rate,beta,w,stick_base,stick_stai
0.579075557574034,6.3774760859208905,0.7881259903497906,7.029633992577574e-05,0.8479544601343556
