learning_rate,beta,w,stick_base,stick_mod
0.932435659939811,1.0384023987974191,0.0,3.7752318218343546,-0.5161685038108974
