learning_rate,beta,w,persev_base,persev_slope
0.4439305410086563,3.5866391932633452,0.10722070264573327,0.15260664318229278,0.2726888154001012
