learning_rate,beta,w,stick_base,stick_anxiety_slope
0.655772240280669,2.8973480434018573,0.07283559753857316,0.2375630750121598,1.0176451933563737
