learning_rate,beta,w,stickiness_factor
0.035106843227098124,3.9424546254360218,0.0,0.32934808138830696
