learning_rate,beta,w,persev_base,anxiety_persev
0.626041515955042,1.3934057657612229,0.0,0.6125465154346009,0.34711816697523323
