learning_rate,beta,w,pers_base,anxiety_stickiness
0.7299114241147446,3.2103137256267247,1.0,0.09513313718701953,0.4297981883339529
