learning_rate,beta,w,stick_base,anxiety_stick_mod
0.9776276379360711,1.5362851063592553,0.8142630048905632,0.9764025041538442,1.2242761447479844
