lr,beta,w,stick_base,stick_sens
0.9138929065359157,1.9631849181336092,0.0,0.05003017948609841,1.4223478752181777
