learning_rate,beta,w,stick_base,stick_stai_slope
0.7595774606866696,3.0037641863488624,0.916263257027731,1.2138607065822322,1.6757247724212594
