learning_rate,beta,w,p_base,p_stai
0.31594871546019876,1.1666011885443812,0.0,0.4103305498879044,2.0356057014069187
