lr,beta,w,perseveration_base,stai_perseveration_mod
0.5579700198944194,3.1831565772488575,0.0,0.1371649957303074,0.8747855013504798
