learning_rate,beta,w,stick_stai
0.44592494206211275,1.9265623409027381,0.0,0.8703215111214422
