learning_rate,beta,w,stickiness_sensitivity
0.8637194050772528,1.6816972555587457,0.48535894102974453,2.0170209790359257
