learning_rate,beta,w,lr_trans_base,stai_trans_slope
0.7204094944092476,3.257194064889633,0.0,0.6611646679270794,1.8452756650608224
