learning_rate,beta,w,stickiness_sensitivity
1.0,1.557697905829838,0.8308041555363503,2.121638638499186
