learning_rate,beta,w,p_base,p_mod
0.9164343511534232,2.580898888253092,0.6587563082546847,0.5832160366360959,0.44138364076675146
