learning_rate,beta,w,stick_base,stai_stick_mod
0.20539205094977225,5.94339481775985,1.0,1.806779997001976,-2.9312924343202234
