learning_rate,beta,w,stickiness,trans_deg_stai
0.7908342645012504,1.5244417781634143,1.0,1.9196528677321765,0.0
