learning_rate,beta,w,stai_forgetting
1.0,8.543130421807744,0.5090362269089023,0.8697938189233322
