learning_rate,beta,w,ws_base,ws_stai_sens
0.05888525881456444,6.611470444969321,0.44555162055817443,1.8869339900347306,1.150592711234396
