alpha_base,k_attn,softmax_beta,wm_weight_base,wm_interf
0.07471710675294735,0.0,1.2342576145277309,0.916740239773413,1.0
