lr,wm_weight,beta_base,wm_eta,size_beta_scale,age_beta_shift
0.0736768803301121,0.21455608918484384,10.0,0.7764309445045107,1.6938657369444095,9.541383475040762
