lr,wm_weight,softmax_beta,stickiness,lapse_base,recall_base
0.20963396535087575,0.8186834038026682,10.0,0.38374815585571,0.09502038903791886,0.7980033734616785
