lr,softmax_beta,theta_wm,gamma_gate,alpha_wm
0.9996580486154887,7.70325073711041,1.0,1.0,0.011751116760698328
