lr,beta_base,bias_gain,bias_decay,wm_interf,beta_age_shift
0.002304779009079072,10.0,0.0009599710647152215,0.0,0.41589545336903255,2.8241388653496022
