lr,wm_weight_base,softmax_beta,wm_lr,ss_slope
0.5806950366064063,0.38085865475999653,9.581086590127343,0.017105078415279265,0.0
