lr,softmax_beta,wm_weight,pe_sens,wm_interf,age_penalty
0.001777351041880661,10.0,0.7213075292271333,1.0,0.0,0.4466790482843208
