lr_pos,lr_neg,beta_rl,gate_base,age_gate_drop,beta_wm
1.0,0.0,9.057686837327966,0.0,0.5410745180819578,4.591450030889116
