lr_pos,lr_neg,beta,gate_sensitivity,age_gate_shift,attn_decay
0.0047918204990243405,0.0,10.0,1.0,0.027218925330444198,0.7640207163401341
