lr,wm_weight,softmax_beta,trace_lambda,wm_decay,age_wm_noise
0.01581259261503003,0.26345143607064975,10.0,0.4906836122895306,0.1661006543576807,0.0
