alpha_rl,beta_rl,wm_weight0,wm_wsls_bias,neg_mult
0.349336300114157,0.5539229116949016,0.0959792142283196,0.627672387186556,0.0
