lr,softmax_beta,wm_weight_base,interference,age_interference_boost,trace_lambda
0.455768571314821,0.5789245239246804,0.10880064541318742,0.3353479668836099,0.2694499695579694,0.0
