alpha_rl,beta_rl,wm_weight0,gamma_ss,age_bias,eps_encode
0.009977991129729821,10.0,0.715475462144837,0.0,0.7124390432420836,0.8566133215336387
