lr,beta_rl_base,beta_wm_base,arb_bias,arb_load_slope,arb_age_shift
1.0,0.7278941369244006,0.5145839122789536,0.09437608237592947,1.0,0.9569403241723561
