lr,beta_base,wm_retr_base,C,stickiness,alpha_decay
0.6219853378354383,0.8621276371424942,0.12997700391779388,0.6387162042367946,0.7193399610589141,0.5681379069375071
