lr,beta_base,wm_beta,wm_gate_surprise,decay,age_temp_shift
0.004021072520405911,10.0,10.0,1.0,0.0,0.9628005579125672
