lr,beta_rl,kernel_strength,wm_cap,age_pen,slip
0.6963213371256839,8.574748915099862,0.02324227887339218,1.0,0.5182762253129773,0.06450997946490138
