lr,beta,wm_base,gate_sensitivity,rho,novelty_bonus
1.0,1.1075830874010515,1.0,1.0,0.37058116582585016,0.0
