lr,softmax_beta,lambda_et,K_base,K_age_drop,lapse
1.0,7.947094758798937,0.7905938958355049,0.5429845372774054,0.2388148038899761,0.7077989647352209
