alpha_pos,alpha_neg,softmax_beta,decay_base,size_decay_gain,age_decay_gain
0.08023911557032223,0.0,0.6801655198477711,0.43968107167987797,0.0,0.1287534200179719
