lr,softmax_beta,wm_gate_base,wm_pe_gain,ss_gate_penalty,age_gate_penalty
0.007852993763222254,10.0,0.5582956019928956,1.0,0.4397584402447415,0.20760192718081272
