lr,wm_logit,softmax_beta,k_pe,rho,age_penalty
0.07507233036489706,0.0,10.0,1.0,0.011300370007656041,0.5891911176003259
