alpha_pos,alpha_neg,softmax_beta,wm_weight_base,phi_forget
0.008198088895469078,0.0,10.0,0.8472805937213485,0.7676994196632333
