lr,wm_weight,softmax_beta
0.6626087796843773,1.0,0.3002000784143023
