lr_raw,beta_raw,wm_conf_raw,decay_raw,age_wm_cost,load_wm_cost
1.0,7.438729105352413,0.0,0.24049099278260716,0.7032425299842483,1.0
