lr_pos,lr_neg,wm_weight,softmax_beta,persev_weight,setsize_sensitivity
0.14122742617037173,1.0,0.0,0.9043957719817278,0.5548225520577542,1.0
