lr,softmax_beta,wm_weight_base,wm_decay,perseveration_beta,age_effect
0.0,0.012520515579641962,0.6787490058754659,0.0,9.999077369571836,0.0
