lr,softmax_beta,kappa_base,wm_prec_base,age_wm_drop
0.014486380763141508,5.5913487053090245,0.23516251169627525,0.016113532953746294,0.750520451157416
