lr_pos,lr_neg,beta,persev_y,persev_o,capacity_C
0.2623679436040558,0.0874555357583592,0.6750754507047763,0.114406108466959,0.7327351531995175,1.0
