lr,beta_base,beta_pe_gain,wm_weight_base,wm_pe_gate,wm_decay_base
0.966144197988024,0.7229655533031307,10.0,0.34050323643299385,0.5188651213405953,0.0
