lr,beta_y,beta_o,perseveration,wm_eta,load_sensitivity
0.002707726329513917,10.0,4.905204920290048,0.0,0.4689371891488655,0.22900172597942087
