lr,softmax_beta,lambda_et,wm_gate_base,age_gate_delta,setsize_gate_delta
0.0010778643896091952,10.0,1.0,0.30353873000179943,0.8392401018938883,0.20466664214445573
