lr,beta_rl,beta_wm,wm_gate_base,pe_gate_gain,age_gate_penalty
0.0,9.50909114967325,10.0,0.08365243021378532,1.0,0.2887545776726177
