lr,softmax_beta,wm_bias,ss_scale,age_wm_mult,neg_error_decay
0.0,0.0,1.0,0.6997073333774432,0.9240195438732758,0.9380912233779651
