alpha,beta,wm_w0,wm_precision,q_forget,persev
0.0,0.6996282296402534,1.0,0.9206772659657793,0.3949274119360516,0.08881480518215869
