lr,wm_weight_base,softmax_beta,wm_decay,wm_interference_age
0.04910002736460955,0.5206460821144263,10.0,0.010245773283468306,0.6537816372028913
