lr,wm_weight,softmax_beta,wm_decay,size6_noise,age_wm_boost
0.0,0.8109145997441418,1.066237121231362,0.5449471647572718,0.8725868043026702,1.0
