lr,wm_weight,softmax_beta,lambda_trace,wm_gain,temp_penalty
0.03175649107754207,0.8423791879184203,10.0,0.2777909927833971,0.13471861676562732,1.0
