alpha_v,beta,trans_alpha,mb_gate,kappa_s1
0.9956878783011667,1.8622321764706096,1.0,1.0,1.0
