alpha,beta1,beta2,w,lam
0.9916706512468875,5.880931255586086,1.9738044456230315,0.35579434583164554,0.9042539682690576
