alpha,beta,stick1,upsilon,nu
0.35247340697228574,5.005816052477226,0.8031430796669387,0.044841468074187096,0.11050485889957981
