alpha,beta1,beta2,rho,d
0.5393898306856966,9.602527227705407,10.0,0.9664674025956587,0.41684818319406103
