alpha2,beta,alpha_T,chi_conf,rho1_stay
0.6057168929989099,3.0035763690852537,0.6911131406486957,1.0,0.5814974248311678
