alpha,beta,xi,phi,gamma
0.47556121538134233,10.0,0.21470440407861838,0.568207558955776,1.0
