alpha_pos,alpha_neg,pe_gain,beta,stay1
0.5660192432259721,0.6828837600049703,0.05789414948404288,4.7527673973374105,0.28777474896090666
