alpha0,beta,phi,xi,stick
0.7987162489968019,2.410915356294737,1.0,0.41197039775883815,0.9736237389595572
