lr2,beta_base,decay,temp_slope,stick1
0.9849443445112627,4.941343934756055,0.2499136156247271,0.0,1.0
