alpha,beta,elig,rho_cf,b0
0.6372987118821085,1.5884361383917665,1.0,0.5613004256103273,1.0
