alpha,beta,w,eta_T,stick
0.5897863829632775,4.19181654100107,0.9288368251112891,0.5511539768707505,0.5998069717414172
