alpha,beta,sigma,w_sr,decay
0.6329696750525524,4.750481285869823,0.026429881656826224,0.32974792587832297,0.48123261427454456
