eta_q,beta,elig,phi_mis,nu_decay
0.0675099675246524,10.0,0.26744071756351684,0.6334979045151218,0.5348326247281354
