alpha_q,beta,kappa2,decay,phi_vol
0.38192310741617913,5.624220940551564,0.8163298191420085,0.9061131815030109,0.8649510829536547
