base_lr,beta,assoc_tau,stick1,stick2
0.9551386171248926,0.8253639731045984,1.0,1.0,0.38411248671059894
