alpha,beta,w,lam,rho
0.7704853660180946,1.0,0.4664220863447101,1.0,1.0
