alpha,beta,w_mb,lambda_et,kappa
0.5596271814717627,3.189814249718799,0.0,0.2897085319882006,0.4825177374842309
