alpha,beta,gamma_risk,xi_interact,tau_trace
0.9557747601434957,1.0,0.9524120871308709,0.1293770491148066,0.3970332114780608
