alpha,beta,w,lam,kappa
0.3933881966843796,3.4686605513700446,0.0,0.4177207250434982,0.2620633222839012
