alpha_q,beta,w_mix,alpha_T,zeta
0.6765800285942035,6.531448636827439,0.0,0.6059626232233246,0.5167253125566479
