alpha,beta,w,lam,kappa
0.73801316323861,2.132719672275656,0.0,0.6892080538073722,0.21185954007231644
