alpha,beta,eta,pi
0.7613947968695467,2.917296579732412,0.25176577931764677,0.8348271382483224
