theta_q,beta1,beta2,omega_mb,kappa_s
0.9572167696973402,2.737113317042136,0.7978480029074452,0.0,0.44479891591706244
