alpha,beta,w,lam,kappa
0.8981623549802131,1.0,0.0,0.5265381453227735,0.24433307156072628
