alpha,beta1,beta2,eta_c,zeta
0.9462532065216541,4.920642413458864,1.574698345514413,0.06769267415967006,0.03980406676204751
