alpha_pos,alpha_neg,beta,rho,kappa
0.422442804698729,0.28070109185442194,10.0,0.3168467477933097,0.1614477947456407
