alpha,beta,kappa,tau,b_unc
0.6652834670268629,1.0,0.5017060321738906,0.1540464490745441,1.0
