alpha2,eta,beta,omega,stick1
0.8430620622279098,0.28056476501615074,1.9585339409128764,0.0,1.0
