alpha,beta,w,lam,kappa
0.21326291013723794,5.9587338682427795,0.5269623490096975,1.0,0.6618242102469165
