alpha,beta,omega,eta,phi
0.7248943980535483,10.0,0.0,0.5985099282916395,0.03199135100866831
