alpha1,alpha2,beta,lam,pers
1.0,0.10980030534610852,3.062248258335162,0.552775076457692,0.11262429288135109
