alpha,beta,w,lam,p_stick
1.0,1.124676266232978,0.0,1.0,0.20942960094090796
