alpha,beta,w,lam,kappa
0.2524291558738734,5.667573371426866,1.0,0.36109831642971274,0.9635513562605346
