alpha,beta,lambda_u,mu,theta
0.7990092262632504,10.0,0.9682139157879337,0.352467398649218,0.36860615338072406
