alpha_r,alpha_ck,w_ck,beta1,beta2
0.7837110455805576,1.0,0.381964664911929,3.532556374931839,2.470927356231701
