alpha,beta,g,d
0.8447040286933025,1.5617217668093222,1.0,0.0
