alpha,beta,rho,c,delta
0.49801077117743847,10.0,1.0,0.0,0.1360985180850598
