alpha_pos,alpha_neg,beta,lambda_et,decay
1.0,0.0,8.971148050866864,0.7711846496425976,0.5020001225007278
