alpha,beta,omega0,gamma_surprise,stick1
0.3155228738812109,1.629770877696305,0.0,0.0,1.0
