alpha,beta,persev1,persev2,forget
0.46864075689113677,1.9831032838400353,0.5311853080382991,0.0,0.5176097033922782
