alphaQ,alphaT,beta,kappa1,kappa2
0.042220900584926536,0.0,3.3765035666950376,0.20987723055906995,0.10966054598879109
