alpha_pos,alpha_neg,beta,eta,f
0.6295152035235513,0.19001767911059067,10.0,0.292833575154127,0.35165213917438193
