alpha,beta,w,lam,kappa
0.7090053769655239,1.6935619316289745,0.0,0.6818860589479959,0.5138811826990896
