alpha,beta,rho,decay,sigma2
0.44910716717156013,3.015675833921003,0.990734103890442,0.14413239718916618,0.0
