learning_rate,beta,w,decay_base,oci_decay_sens
0.30313799895126603,5.974092856960087,0.23153694546981923,0.1158827882982015,0.0031591099172067834
