lr,beta,decay_base,oci_decay_mod
0.5806703853584785,6.453139723240823,0.5815988687838488,0.1518726605037088
