learning_rate,beta,w,stick_oci_scale
0.7511270658862746,1.7260261864713453,1.0,10.0
