learning_rate,beta,w,ck_weight_oci
0.8849160829419555,1.6447166241139684,0.5013059655016169,8.956055418228352
