learning_rate,beta,w,stickiness_base,stickiness_oci
0.8431296563792412,1.9342943000400603,0.0,1.7235438260244107,1.7339336794048257
