learning_rate,beta,w,stickiness_oci_slope
0.6939926308401851,2.070049926154918,0.009899703300527404,1.8880132943112249
