learning_rate,beta,stickiness_base,stickiness_oci_mod
0.6600184994655389,2.7599925579586775,0.4216122612551783,0.31907269246240033
