learning_rate,beta,persev_base,oci_persev_scale
0.6260421914123702,1.393404657365286,0.8729533980657881,0.5182448249832199
