learning_rate,beta,stickiness_base,stickiness_oci_mod
0.02094507398982154,1.9400014489705635,0.3259649632810677,-0.6050050607803049
