learning_rate,beta,w,decay_base,oci_decay_sens
0.37345980869109496,10.0,0.0,0.4575861062558485,-0.963768179029338
