learning_rate,beta,w,oci_wsls_amp
0.9058742662480976,1.114618707211946,0.8768859663281954,4.849615907999266
