learning_rate,beta,stickiness_base,stickiness_oci
0.5862567007182384,3.8300735621437516,0.20015273639249803,1.0715528659950757
