learning_rate,beta,w,decay_base,decay_oci_mod
0.8575507939364972,3.8497447457442577,0.12318556210369982,0.59788293011635,0.9089207506448748
