learning_rate,beta,stickiness_base,oci_stickiness_scale,eligibility_trace
0.9324357172998132,1.0384021522230116,3.3711003587911446,1.517215576864103,0.0
