learning_rate,beta,stickiness_base,oci_sticky_factor
0.5579700816202963,3.1831562350589646,0.23649323020641655,2.3246300675316993
