learning_rate,beta_base,beta_oci_mod,stickiness
0.9371398840507096,0.710193809548692,-4.943357440773551,2.700117712532484
