learning_rate,beta,stickiness_factor
0.7357051652138622,1.5926515711363716,3.778746516835682
