learning_rate,beta,w,stickiness_base,stickiness_oci_mod
0.4439301681158186,3.5866411745415867,0.10721992539170692,0.243359019192597,1.1376408045342428
