learning_rate,beta,w,stickiness_factor
1.0,0.7386124539209448,1.0,4.4803231131141255
