learning_rate,beta,stickiness_base,oci_stickiness_mod
0.2076617734324756,5.556390205281882,4.4716719764098825,1.6823589154564436
