learning_rate,beta,w_base,oci_sensitivity
1.0,0.9496890417450233,0.2817261330876751,3.238371135351425
