lr,beta,w,stickiness_base,stickiness_oci_slope
0.7620254091990379,2.986414957530696,1.0,0.3675451731369243,3.788401582379629
