learning_rate,beta,w,pers_base,pers_oci_slope
0.9090335636810281,2.5361478828491526,0.8613160855488172,1.0424366453113056,-3.3647081372703918
