base_alpha,beta,oci_neg_boost,stickiness
0.5735903189018143,2.70192165141386,2.0,0.7568594107943137
