learning_rate,beta,stickiness_base
0.4285350920165429,1.1450830499366873,0.9573646342341715
