learning_rate,beta,stickiness_base,oci_boost
0.035125052377433914,3.9353103512542678,0.17733275080217065,0.0
