learning_rate,beta,w,stick_win_base,stick_win_oci_slope
0.07817136930455902,4.69925280516525,0.0,4.335308932286709,1.0740701845130356
