learning_rate,beta,persev_base,oci_persev_scale
0.5075798596683938,3.266552421806673,4.024176188428733,1.517890052872905
