learning_rate,beta,stickiness_base,oci_perseveration
0.8934848654731384,1.6841469939737193,0.3046787936250956,0.1823696462143475
