learning_rate,beta,stickiness_base,oci_stick_mod
0.4065965421054284,2.0053951306552564,0.22423934237217744,1.682623101730142
