learning_rate,beta,stick_base,oci_stick_mod
0.5752303890649537,3.8966253679484377,2.686508067956144,2.4386302299040223
