alpha,beta,exploration_penalty_base,anxiety_exploration_amplification
0.8620124923241079,3.819083049128357,0.8895990650969584,0.5736811113591103
