alpha,beta,habit_alpha_base,stai_habit_gain_factor,habit_decay
0.2913612728253538,3.2324268429653773,0.1574984050692082,0.12127253455105044,1.0
