alpha_base,beta,pers_bias,alpha_stai_mod
0.7781196537371233,2.437115090541905,0.5443077358431035,0.08433926133217032
