alpha,beta,pers_strength_base
0.6281793742193488,3.0773853250680636,0.38883009097221416
