alpha,beta,stickiness_base,stickiness_stai_impact
0.053680333672776255,5.296065553811773,-0.32896962326964935,0.850814484712773
