alpha,beta,pers_base,stai_factor
0.9034573162016493,1.1133988364778062,0.8317414957948406,0.8206169577544646
