alpha,beta,stickiness_base,stai_stickiness_effect
0.3991538202911647,4.078328019976166,0.013448969774344715,0.38026382625630173
