alpha,beta,stickiness_base,stai_perseverance_gain
0.7769495486432979,1.924030849011609,0.531442753477369,1.04333781863622
