alpha_common,alpha_rare_base,beta,stai_rare_learning_boost
0.9459538055998004,0.03400539400492859,4.54309261153884,2.0661205867108015
