alpha,beta_stage1,beta_base_stage2,stai_exploration_factor
0.8482665888588455,3.594191519407976,1.116411183318106,0.0
