alpha,beta,perseveration_base,anxiety_switch_factor
0.7195844680543199,2.838195825256945,0.4922488593098262,1.0
