alpha,beta,stickiness_base,stickiness_stai_sens
0.8917387731564415,1.4949285322169048,1.142115920788344,1.1922395733313849
