alpha,beta,w_base,w_stai_slope,stickiness_base,stickiness_stai_slope
1.0,0.7624169508249266,1.0,0.0,1.238621839944162,1.3226740860821844
