alpha,beta,bias_base,anxiety_bias_multiplier
0.5548851909324086,2.0334694806633453,0.25962310515972703,0.6836496351914009
