alpha,beta,stickiness_stai_factor
0.5053188139502789,3.464151902276142,1.561473262763634
