alpha,beta,perseveration_base,stai_adaptiveness
0.3216080894581124,2.7593420673825575,1.0,0.0
