alpha,beta,stay_bonus_base,stai_switch_factor
0.7670754445263538,0.7090416744546315,2.899035203784468,1.0
