alpha,beta,stick_base,stick_stai_mod
0.742113534644218,2.8166606298092667,0.13490583098249692,0.32469653134590876
