alpha,beta,w,stickiness_base,stai_effect_on_stickiness
0.656506554781333,2.89738708759849,0.0,0.34775845690315127,0.1392319376249677
