alpha,beta,forget_rate_base,k_stai_forget
0.49806889461079673,10.0,0.13628749760826064,0.0
