alpha,beta,stick_base
0.5566917302818762,3.2284411834070297,0.35452960466972594
