alpha,beta,stick_stai_multiplier
0.8987076387867101,1.8502496016516625,1.6237371839371846
