alpha,beta,perseveration_bonus_base,stai_perseveration_factor
0.759780954744993,2.641461544182417,0.2804470757320645,0.2558659122818737
