alpha,beta,k_base,stai_k_effect
0.5780858800014179,3.604032573419458,0.35869553558498046,0.39415029238264815
