alpha,beta,perseveration_bonus_base,stai_perseveration_scale
0.563808990267027,4.621214819376323,0.31205764776829964,0.1494908463115753
