alpha,beta_base,perseveration_bonus,stai_beta_mod
0.9038300224819952,2.381381998578982,0.5225331265927137,-0.9646218551897568
