lr_pos,lr_neg,wm_weight,softmax_beta,perseveration,lapse
0.6917252743987709,0.21078548625941584,1.0,10.0,0.5502037876716949,0.0
