lr,wm_bias,softmax_beta,eta_wm,setsize_slope,age_effect
0.6163829792148396,0.0,6.3109625585834435,0.006960312123074985,0.04658135772120205,0.9627720650704277
