lr,wm_weight,softmax_beta,rl_forget,wm_decay,lapse
0.01796088779034877,1.0,10.0,0.017009979133601978,0.938133179232344,0.031018790872980335
