lr,wm_weight,softmax_beta,phi_decay,K_capacity,age_bias
0.1370718563634848,1.0,0.9632583408381655,0.3444848863729558,1.0,1.0
