lr,wm_weight,softmax_beta,phi,K,age_sensitivity
0.008896019098637398,1.0,6.146562099179951,0.9078716318073088,1.0,0.0
