lr,wm_weight,softmax_beta,K,wm_decay,lapse
0.0023651347612511,1.0,10.0,1.0,0.03158225551760366,0.0
