lr,wm_weight,softmax_beta,wm_decay,wm_capacity,lapse
0.0077240970686673635,0.059159424711512795,10.0,0.8579944587956578,0.9446437076907805,0.08990764596376778
