lr,wm_weight,softmax_beta,wm_alpha,K,age_old_factor
0.013176799382782576,1.0,10.0,0.1709870500504536,1.0,1.0
