lr,wm_weight,softmax_beta,wm_decay,wm_noise
0.999999999737163,0.2463663383621357,5.327815113648395,1.0,0.9643975577909454
