lr,wm_weight,softmax_beta,wm_decay,K_base,K_old_drop
0.17048949593421994,1.0,0.86331526392978,0.006330365007574779,1.0,0.0
