lr,softmax_beta,wm_weight_base,store_prob_base,wm_decay,age_slope
0.0,4.180366283118613,0.623390909127633,0.07543386184447629,0.0504480422821361,0.12676872239750545
