lr,wm_weight,softmax_beta,age_bias_wm,perseveration,wm_noise
0.05735617807075405,0.631397277959563,0.2108332121558784,0.0,0.052123206273731466,0.0
