lr,wm_weight,softmax_beta,wm_decay,capacity_K,age_bias
0.007937400345799503,1.0,10.0,0.988759920403513,1.0,0.0
