lr_pos,lr_neg,wm_weight,softmax_beta,lapse,gate_slope
0.01586002608986619,0.0,1.0,10.0,0.09891549622642473,1.0
