lr,wm_weight,softmax_beta,phi,k_base,stickiness
0.01302426496930117,0.24565506404848478,8.748221182219973,0.36478023689283356,1.0,0.12295151308178416
