lr,wm_weight_base,softmax_beta,wm_decay,k_capacity
0.008166077219622661,1.0,9.00141621765417,1.0,4.440527101478088
