lr,wm_weight,softmax_beta,wm_decay,wm_penalty
0.9154186105921464,0.0,0.4258556626915585,0.5769411431586263,0.8659620107375329
