lr,wm_weight,softmax_beta,wm_decay,wm_capacity,lapse
0.12807982530754528,1.0,1.1595302858311638,0.8048008529469199,1.0,0.0
