lr_pos,lr_neg,wm_weight,softmax_beta,wm_decay,interference
0.006391753663343737,0.0,0.9290079061272387,10.0,0.6405134540066469,0.06975299348102078
