lr,wm_weight,softmax_beta
0.009443164226204174,0.713675071448068,10.0
