lr,wm_weight_base,softmax_beta,wm_decay,load_sensitivity,age_effect
0.8290971883942406,0.7948226610569873,6.5907197317109345,0.020862943452248726,0.0,0.6956052174343944
