lr,wm_weight,softmax_beta,rl_forget,cap_slope,age_effect
0.06708699216656445,0.01881565936247905,10.0,0.32684040560449185,0.0,0.7759089244117576
