lr,wm_weight,softmax_beta,gate,beta_wm_base,decay
0.003023899056278435,0.9488575760564079,10.0,0.9488575760564079,4.936603413046724,0.855308409200289
