lr,wm_weight_base,softmax_beta,wm_decay,age_bias,stickiness
0.00947851404621153,1.0,9.724179708486119,0.987808848901535,0.1223285841267363,0.0
