lr,wm_weight,softmax_beta,K,decay,age_penalty
0.004291550967390218,0.3229022286937243,9.874742201370632,0.2975984905410166,0.7299562074640388,0.6373027853053796
