lr,wm_weight,softmax_beta,wm_decay,K_param
0.23037475185076295,0.25891610161271067,0.5457210967154189,1.0,2.7439668334964726
