lr,wm_weight,softmax_beta,wm_decay,wm_capacity,old_penalty
0.02953959800803835,0.5598314822804579,6.577689867686165,1.0,1.0,0.0
