lr,wm_base,softmax_beta,wm_decay,gate_temp,age_bias
0.02088735560045082,0.3747355621724548,10.0,0.8269050212544271,1.0,0.0
