lr,wm_weight,softmax_beta,wm_decay_tau,gamma
0.0,1.0,0.0,0.04751154448326539,0.4854272002533361
