alpha,beta,kappa
0.6565065127023317,2.897387237713899,0.5879525956662001
