alpha,beta,kappa
0.5877166078314927,1.1591644154349448,5.0
