alpha,beta,kappa_base
0.7597809411409979,2.6414616657749743,0.5472394804725498
