alpha_base,beta,neg_bias
1.0,0.6956637738336007,1.1857781743365983
