alpha,beta,p
0.9805713929439707,0.7289777309131065,2.3063764578470742
