alpha,beta,rho
0.8722478041424139,2.7922442374875613,0.32520855868921067
