alpha,beta,pi
0.6281793547106248,3.0773852097261236,1.5409192468211756
