alpha,beta,bias
0.523825458940385,1.2661595669251609,0.34431792829303787
