alpha,beta,lambda_trace,w_anxiety_factor
0.5179572436172237,6.100047103835564,0.5914884532652387,1.0
