alpha,beta,perseveration_strength
0.052721059048671706,5.434088910585977,0.24913836318891083
