alpha,beta,kappa
0.5638089952855495,4.621214209390014,0.5335618985510808
