alpha,beta,stickiness_param,eta
0.9319968960910184,2.4037873084273573,5.0,0.012215804116845634
