alpha,beta,suppression
0.8896849386533217,4.341629590955544,1.0
