alpha,beta,kappa
0.7153439867878001,0.5567734244711839,4.528460563423466
