alpha,beta,kappa
0.9043684641890247,1.4859401744876721,1.297480037661775
