alpha,beta,kappa
0.399153767586785,4.078328586273573,0.3981957582709699
