alpha_pos,alpha_neg,beta,pi
0.6392345538122,0.030166170099518448,6.458555882307829,0.7901730200285557
