alpha_base,alpha_stai,beta,persev_stai
0.7676639189524466,0.2808564223114429,3.604033317760747,0.9255509021400349
