alpha,beta,pi
0.5090874525717608,6.371709182019428,0.632834053294833
