alpha,beta,pi
0.7562832042627128,2.437113903680164,1.6127645733760438
