alpha,beta,persev_strength
0.5566914367398011,3.2284434493598098,1.2139942338201515
