alpha_pos,alpha_neg_base,beta,pi
1.0,0.6406122797681046,1.9968678032169143,1.5104631846938135
