alpha,beta,p
0.8076810386910461,1.9194281897750387,5.0
