alpha,beta,perseveration_anxiety
0.7769497825593229,1.9240306242951293,1.4787224254613642
