alpha,beta,kappa
0.8987076454063765,1.0964443543117213,1.11631927267861
