alpha,beta,perservation_base
0.505318823839893,3.4641522388445143,1.5614735473712675
