alpha_actor,alpha_critic,beta,lambda_base,load_decay,age_lapse
0.5689093778845283,0.07027564374008391,0.24578219622916012,0.9292969157369017,0.0,0.3046538034419593
