alpha,beta,phi,rule_base,age_effect,epsilon
0.4343555218969363,1.0,0.08373432455649352,0.4456206811536713,0.5641164619244278,0.11572060552078996
