lr,wm_weight,softmax_beta,capacity_k,capacity_slope,stickiness
0.0,0.7019975356523425,0.4635985062085497,1.0,0.9077315625532134,0.7979078140396698
