alpha_pos,alpha_neg,softmax_beta,wm_weight,wm_interference,size_beta_drop
0.923426817649217,0.0,0.34886402190252935,0.5350160381582042,0.8763121793752169,7.725553888721622
