alpha_pos,alpha_neg,beta,spread,load_sens,age_fac
0.7837162566032309,0.21774977923101013,0.12219070905989819,1.0,1.0,1.0
