alpha,beta,wm_success_boost,explore_bonus_base,age_explore_shift
0.08590509950817177,1.0,0.6082263940694894,0.0001573704244948015,3.525572276990722e-07
