lr_pos,lr_neg,softmax_beta,wm_w_small,wm_w_large,wm_decay
0.008703058489568967,0.0,10.0,0.8566280888024015,0.3143757770208662,1.0
