lr,wm_weight,softmax_beta,wm_lr,wm_decay,capacity_k
0.004977786824639488,1.0,9.220825116736687,0.06917016480734527,0.4760889448989626,1.0
