lr,wm_weight,softmax_beta,capacity_K,wm_decay,wm_store
0.00793090661796184,1.0,10.0,1.0,0.9659560043743383,0.2439865455425279
