alpha_pos,alpha_neg,beta,decay_base,stickiness,age_forget
1.0,0.49803121106250947,0.3266340461711526,0.6206465450710219,0.0,0.9883314725304767
