lr,wm_weight,softmax_beta,wm_decay,wm_capacity
0.0991071233235529,1.0,0.4444094119461579,0.8461686401281118,1.0
