lr,wm_weight,softmax_beta,K,wm_decay
0.007110056482276763,1.0,10.0,1.0,0.9958983075706911
