alpha_pos,alpha_neg,beta,stickiness,gate_intercept,gamma_load
0.6341546936794596,0.0,0.519314926432213,0.0,1.0,0.8109594292695477
