lr,wm_weight,softmax_beta,K,wm_decay
0.1815447446331457,1.0,0.6185348279945823,1.0,0.8765957810722989
