lr,wm_weight,softmax_beta,wm_decay,wm_lr,wm_capacity
0.006315352565027087,1.0,8.016193232200118,1.0,0.33041909760196386,1.0
