lr,q_forget,softmax_beta,wm_weight,wm_interf,wm_gain
0.07617051943006016,0.6193216201737838,9.91906634513587,0.3621070938991467,1.0,0.016407586967247444
