lr,wm_weight,softmax_beta,wm_alpha,wm_decay,wm_lapse6
0.18063309260917898,0.9772727232907066,0.0,0.9620946536096224,0.08918638933351589,0.17989058368659455
