lr,wm_weight0,softmax_beta,wm_decay,lambda_et,ns_alpha
0.8607041387470221,0.9459602808296395,10.0,0.37168523063135656,0.6404924952380819,0.0
