alpha,beta0,bonus0,age_bonus_shift,size_forget,perseveration
0.06235848781085847,1.0,0.0,0.0,0.20356795087890112,0.9661995250089926
