lr,wm_weight,softmax_beta,lambda_load,wm_decay
0.9571035644764379,0.7504413671361121,0.36012969605411194,1.0,0.0
