lr,lambda_trace,wm_weight_base,softmax_beta,kappa,wm_noise
0.7426407360240624,0.6990479425424834,0.2871339800492854,0.8081586577743327,0.019821032889212165,0.05283645613087678
