alpha,beta,C,rho,w0,eps
0.17976824868584518,0.5547181277627377,1.0,0.0,1.0,0.0
