alpha_pos,alpha_neg,beta_small,beta_large,kappa_young,kappa_old
0.40194377421206146,1.0,0.3240940098194701,0.21170410523024552,0.5806837065905797,0.6638855774981277
