lr,wm_weight,softmax_beta,meta_beta_lr,win_stay_bias,wm_confirm_gain
0.05409623736906207,0.0,1.6601701146651795,2.554110889609358,1.0,0.08777840413550762
