lr,wm_weight,softmax_beta,wm_decay,wm_size_sensitivity
0.0055502308983904,0.889915835276398,10.0,0.9955237013358341,0.7753480061446101
