lr,wm_weight,softmax_beta,pe_gate,wm_decay,wm_learn
0.038894543139928135,0.833068096363028,10.0,1.0,0.8939333088008754,0.010785351708508483
