alpha_pos,alpha_neg,beta,kappa_base,kappa_age_slope,lapse
0.5067073900328322,0.3895622650062216,1.0,0.250924348238789,0.6533899798694495,0.03362589034202064
