alpha_rl,beta,wm_weight_base,K_wm,lapse
0.11205100537102618,1.0,1.0,1.0,0.26982410701686604
