lr,wm_weight,softmax_beta,wm_decay,wm_neg
0.0009663680454137874,0.7941088047305105,10.0,0.0,0.0
