lr,wm_weight,softmax_beta,wm_recency_lambda,perseveration_kappa,wm_beta_scale
0.008357174936616321,0.712952175843959,9.132305154613876,0.19751756540325227,0.019786231661419715,1.0
