lr,wm_weight,softmax_beta,wm_decay,wm_learn,wm_capacity
0.004400697368254398,1.0,6.912908511440953,0.9589451558712359,0.21623819268130212,1.0
