alpha,beta,K,rho,phi,epsilon_base
0.06505663271559575,1.0,0.38447266234484134,0.9203520188502817,0.18035861194019118,0.0
