lr,wm_weight,softmax_beta,stay_bias,wm_lr,confusion_rate
1.0,0.40742878644395236,4.5409210265482995,0.3035691299543439,0.022263874683530117,0.08137542048679046
