lr,wm_weight,softmax_beta,phi,eta_wm,K
0.008550189586037767,0.5097012204758238,10.0,0.11399439359369856,0.5513074493682676,1.0
