alpha,beta,wm_capacity,wm_decay,lapse
0.08018887510393277,1.0,0.35193599973846007,0.5093850151543112,0.0
