alpha,beta,K_base,k_age,wm_decay,lapse
0.20667022346274885,0.1914218097316098,1.0,0.0,0.13368558241119244,0.0
