alpha_small,alpha_large,beta_base,kappa,age_beta_bonus,decay_base
0.14439526165805597,0.572123893484377,1.0,0.013471460093594142,0.4171617432186514,0.5461124814378429
