lr,wm_weight,softmax_beta,lr_wm,wm_decay,kappa
0.00428980354002637,0.7765701342795945,3.1580955168793317,0.045458875254,0.48885286030817815,0.8112316067959036
