lr,wm_weight,softmax_beta,trace,interference,enc_gain
0.004108381166263852,1.0,10.0,0.9611451129061582,0.15175163506246186,0.02030132006319409
