alpha_pos,alpha_neg,beta,kappa,age_noise_scale,lapse
0.04135782915161338,0.0,1.0,0.3157641734741487,0.0,0.16931216576031194
