lr,softmax_beta,wm_base,surprise_gain,load_scale,wm_learn
0.002877785524244729,10.0,1.0,1.0,0.11384957344758684,0.18434204104416854
