alpha,beta,wm_weight,wm_capacity,perseveration,lapse
0.09286434964374213,1.0,1.0,1.0,0.7372008009953326,0.16151368888624118
