lr,wm_weight,softmax_beta,wm_decay,capacity_k
0.01563763403720511,1.0,10.0,0.2226176593511553,1.0
