lr,wm_weight,softmax_beta,win_boost,loss_suppression,kappa
0.0011297284485964367,0.8298312830131627,9.999997683933154,1.0,1.0,0.9100112058471889
