alpha,beta,decay_base,retr_base,age_retr_shift,ss_retr_slope
0.21841540542703713,1.0,0.0727536515401331,1.0,0.4711491347822476,1.0
