alpha,beta,gen_gain,age_gen_boost,rho_forget
1.0,0.34511825078373964,0.5326232916267529,0.6313136036763761,0.14278674980062953
