lr,wm_weight,softmax_beta,kappa_meta,lambda_load
0.03621463943745806,0.7548321597970155,0.0,1.0,0.31561815668794063
