lr,softmax_beta,wm_weight,wm_one_shot,interference,q_forget
0.9475313504898454,6.720288553296425,0.5621246473971698,0.010749931827807289,0.0,0.2382253281575175
