rl_alpha_pos,rl_alpha_neg,softmax_beta,wm_mix,noise_gain
0.0047414404992639865,0.0,10.0,0.7576605628723151,0.7221288113568134
