alpha,beta,decay_base,age_effect,explore_bonus
0.3719687540954661,0.6217942081596957,1.0,0.0017982001774902168,0.38602094999382375
