lr,wm_weight_base,softmax_beta,wm_forget,pe_sensitivity
0.014582306958027907,0.8018151910645639,9.923023479703135,0.5000000171619854,0.9958471793816857
