lr,wm_weight,softmax_beta,wm_decay,wm_capacity_K,lapse_beta
0.01182812417298993,1.0,9.610438888257821,0.962232834298116,1.0,0.0
