lr,wm_weight,softmax_beta,chunking,decay,noise_wm
0.04613551917564236,0.2529994019019925,10.0,1.0,0.5738773307700978,1.0
