lr,wm_weight,softmax_beta,wm_capacity,wm_decay,wm_load_sensitivity
0.005234958263441872,1.0,10.0,1.0,0.9865102291616523,0.11954258842783151
