lr,wm_weight,softmax_beta,lr_wm,decay,theta
0.0,1.0,3.8114486971250514,0.9997437296590301,7.022772092329013e-05,0.999086506603899
