alpha,beta,bonus_y,bonus_o,decay,lapse
0.5549100818867643,0.8673860210579639,0.8552842950439312,0.9520615769338404,0.14097722862891207,0.029888993847670752
