lr,wm_capacity,softmax_beta,wm_decay,lapse
0.001905734430317521,1.0,8.659978602479969,0.0,0.0
