lr,wm_weight_base,softmax_beta,interference,wm_beta_scale
0.0058806919101635855,0.8862426906642028,10.0,0.042836786378818756,10.0
