lr,softmax_beta,wm_weight0,gate_beta,theta,wm_alpha
0.0,0.0,1.0,10.0,0.5141434582206901,0.19345347420868317
