alpha,beta,wm_gate_base,wm_reliance_gain,noise
0.05684379740580506,1.0,0.7958135730754543,1.0,1.0
