lr,softmax_beta,omega0,rho,kappa_stick
0.0,0.0,0.6808515218060355,0.0,0.022701783415787487
