lr_pos,lr_neg,wm_weight,softmax_beta,gamma
0.011993391907294057,0.0023593707295385654,0.6050700587383977,10.0,0.4766606810609837
