lr,wm_weight,softmax_beta,wm_decay,k_wm,wm_lr
0.0031256748881680644,1.0,6.111964773074624,1.0,1.0,0.14061567925483182
