alpha,beta,wm_weight_base,wm_decay,stickiness,gamma_setsize
0.04616024562757135,1.0,0.5343553908185065,0.18491535238425724,0.0,0.31899867552293015
