lr,wm_weight,softmax_beta,wm_decay,wm_store,wm_capacity_exp
0.05952986211636504,1.0,0.9910556497194334,0.28689717568602785,0.037896429098596494,0.9776865678557931
