lr,base_beta,wm_chunk_adv,surprise_sens,wm_decay,choice_bias
0.0,0.2841693338839893,0.048931868792967056,0.0,0.026054186121724707,0.4607052451650986
