alpha,beta,wm_base,capacity_K,decay,epsilon
0.0334409150585481,1.0,1.0,1.0,0.9615443095421177,0.0
