alpha_pos,alpha_neg,wm_weight_base,softmax_beta,tau_stick,wm_decay
0.053223762333151806,1.0,0.8920942113833659,0.2690188883638502,0.17680896419931938,0.12443407120355272
