mu_win,mu_loss,beta,z_forget,psi_persist
0.7459266231948056,0.21523508248962786,10.0,0.4668202848511313,0.8396205061523097
