alpha,spill,rare_bias,beta,biasA
1.0,0.7206329384840586,0.21181870576247003,2.9180095615725463,0.11504690201345366
