alpha2,beta,tau,kappa1
0.003126294958352045,5.569691216353295,1.0,1.0
