alpha,beta,kappa0,phi,a_neg
0.5608115851760146,4.914082268379812,0.628018952258047,0.5033976949116876,0.24198913846272174
