alpha,beta,w_base,lambda_e,persev
0.443930391630795,3.5866393005987143,0.22572518985812623,0.0,0.25972607428113614
