alpha,beta1,beta2,lam,w0
0.8493751209706875,1.5477953097548705,0.9976903307728591,0.4804705055785899,0.0
