rho_v,beta,k1,omega0,xi_unc
0.712538028110926,1.0,1.0,0.7441960312093745,0.0
