alpha2,beta,alpha_T,w0,decay
0.586157853723413,10.0,0.2156658792662221,0.1324787315941478,0.32546619350010747
