alpha_pos,alpha_neg,beta,kappa0,kappa_stai
1.0,0.7446949372739313,1.694866945439968,0.20078179909236624,0.16408649879147574
