alpha,beta,psi,gamma,kappa1
0.5460294961666455,3.4000833107635065,1.0,0.8804997310415081,0.8949524702854486
