alpha,beta,alpha_T0,alpha_Tgain,kappa
0.8430802351659832,1.3058135893827407,0.6807342374463314,0.20581215255977245,0.5534365626964916
