alpha,beta,w_slope,rho_forget,tau_stay
0.7268386765966263,4.006807892599491,1.0,0.8674969690961861,0.0
