alpha_q,beta_base,phi_leak,zeta_wsls,nu_loss
0.7635062009797798,7.818487138622024,0.19079993960087838,0.5915519476590912,0.9164846972723201
