alpha,lambda_,beta,w_base,pers_base
0.5878187926051228,0.11752172977643993,3.8325588609765804,0.9222675877216433,0.7527128747727276
