alpha,beta,lam,w_mb,stickiness
0.2513473334468202,5.910397823487972,0.9595669010727363,1.0,1.0
