alpha,beta,k_temp,tau_forget,pers
0.3549807520783016,4.77363953735475,0.4361518961723886,0.7281609485543249,1.0
