alpha,beta,omega,zeta,bias_prev
0.449106807243646,2.581024176497332,0.0,0.14413241338928187,0.0
