alpha,beta_base,eta_surp,kappa_pers
0.7953754157219511,1.610412273064279,1.0,1.0
