alpha,beta_base,forget,mbw0
0.6854537374698542,10.0,0.31488032604802346,0.773352189122559
