alpha,beta,phi_trans,eta_forget,xi_anxTemp
0.21557508087526497,10.0,0.07003452764390858,0.6039761412423039,0.0
