alpha,beta,w0,k_unc,k_decay
0.7169537227317221,5.069422179473047,0.0,0.0,1.0
