alpha,beta,decay,k_anx_decay,tr_bias
0.4617381236392779,9.819130667121778,0.04977953629163914,0.6354068695766981,0.6380676108887691
