alpha,beta,w_mb,lam,kappa
0.25017794833004725,4.89549118590815,0.0,1.0,1.0
