alpha,beta,decay,wsls_gain,xi
0.9870503294406332,8.346022358459333,0.8579796228219647,0.0,0.0
