alpha,beta,kernel_lr,risk_penalty,anx_risk_gain
0.7148270906235148,1.0,0.6324619335103226,0.016037171423808123,1.0
