eta,beta,alpha_t,f_forget,omega_safe
0.001484920873316665,8.633496547987617,0.9267649724981945,0.14132926897251039,0.4739809746499629
