alpha,beta,lambda_loss,kappa_anx,phi_forget
0.5650530749180775,8.735018929135054,1.0,0.0,0.8502104746609326
