alpha,beta,mb_weight,bias_safe,forget
0.6362885686717945,10.0,0.04328412209876295,1.0,0.5372760866957716
