alpha_r,alpha_t,beta,stick,gamma_anx
0.3887889303036728,0.6486216839591249,1.0597835310398973,1.0,1.0
