eta,b1,b2,pi_base,chi_base
0.7942761926024535,0.889597097112319,0.9271299057438505,0.7915847411341811,0.42585665588987126
