alpha,beta,w,lambda_,perseveration
0.03347288406466781,3.1054332008670746,0.0,0.0,0.577345679890608
