alpha,beta,alpha_t,kappa_stick,phi_anx
0.007875817691463852,10.0,0.0,0.006704372765744426,1.0
