alpha,beta,w,z0,k_z
1.0,1.2595090890815277,0.0,1.0,0.36242048326294113
