rho_decay,beta,phi0,pi0
0.00820271266357094,3.000306100376183,1.0,1.0
