alpha,beta,mb_w,asym,decay
0.3919496557748789,8.989713484289323,0.5010378778116045,0.8360788359954093,0.27757363807214064
