alphaQ,beta,tau_T,k_anx_trans_bias,psi_perseverate
0.7924526791690789,2.966873998823115,0.4135400011524595,0.0,0.5018766957125869
