alpha,beta,rho_base,k_anx_rho,decay
0.9984127361922738,1.0,1.0,0.8191654682616124,0.03141390440654437
