alpha,beta,zeta0,phi0,forget0
0.8134762840268752,10.0,0.0,0.0,0.7458789804003202
