alpha_g,alpha_l,beta1,beta2,lapse_base
0.9993923132413788,0.6696332053131077,10.0,1.704245654767838,0.0
