alpha,beta,w0,lam,pers
0.5981689368910048,2.8432879078420408,0.0,0.8763788714211734,1.0
