alpha,beta,c_asym,forget,curv
0.6015037511912789,10.0,1.0,0.3084184562676936,0.8919404641555054
