{"mean_BIC": 436.0238554941406, "individual_BIC": [503.69823107292683, 331.3951957557736, 481.1816578491735, 361.45498050274284, 462.4889725708675, 453.59957669539705, 372.4558548059022, 274.5914776154453, 362.91047384938565, 371.39373733936367, 559.3695428981806, 493.82310672144877, 569.406761079376, 363.4760609960728, 477.2528271437406, 411.79831634595286, 555.9910850281295, 565.1560683910333, 403.90931761103894, 512.4510732589397, 266.29203145268553, 516.7975240974805, 398.50732490004526, 333.5112613778237, 469.5419983445303, 419.7186601317892, 365.17976661439553, 432.585192548071, 455.262282322074, 434.17785354795285, 537.3613074506197]}