{"mean_BIC": 422.3662487643142, "individual_BIC": [512.5691763022219, 338.2996538273864, 432.3790862015217, 365.6909180677705, 454.4804635968557, 435.2989098351412, 380.9164708158562, 284.84933248013124, 369.60146961735836, 352.7655388502211, 569.090868598643, 491.4892474079357, 583.5859056397653, 363.9416722295732, 405.5883335606625, 377.7451560472887, 521.7316622707094, 573.5276252653941, 396.3949632918258, 505.86217446382034, 266.89238143845455, 504.8859600203881, 395.66032848328655, 312.16384121039334, 384.50635091214593, 404.15009594938164, 374.59099988864347, 376.2756277259272, 371.1106461510941, 442.3966883407047, 544.9121632032359]}