lr,wm_weight,softmax_beta,phi,lam,eta_wm
0.0,0.8614323469509552,3.6673312536768248,0.0,0.941388614051998,0.06833782039025814
