lr_base,beta_rl,wm_weight,wm_decay_base,xi_load_sensitivity
0.014098247584866512,10.0,0.6424512117927634,0.21882797737433898,0.0
