lr,softmax_beta,wm_weight_base,wm_learn,binding_noise_base,wm_beta
0.0020626311290430008,9.524263984843643,0.7828710900534271,0.7962671114209776,0.6595371662718783,0.6078841454795221
