lr,wm_weight,softmax_beta,wm_decay,load_sensitivity
0.0,0.8512798644759454,0.8506952703448546,0.2321148701552902,0.0
