lr,wm_weight,softmax_beta,wm_rehearsal,wm_decay,stickiness
0.00836785291889059,0.6981449898012324,10.0,0.0,0.2245525447226723,0.0
