lr,wm_base,softmax_beta,wm_decay,arbi_rpe_gain,ss_cost_gain
0.764645072690124,0.0016407664650091,0.0,0.3970447399203687,1.0,0.00053803310459583
