lr,wm_weight,softmax_beta,recency_sensitivity,size_sensitivity
0.0,0.8358728104172377,0.5489376131578698,0.0,0.7423291923465059
