lr,wm_weight,softmax_beta0,beta_gain,misbind_rate,wm_lr
0.7076356568583935,0.2698103437380272,6.647404224990591,7.139458834054264,0.8070828076372607,0.19774116387957594
