lr,wm_weight,softmax_beta,wm_decay_base,wm_alpha,pers_bias
0.03886741725631814,0.6203245012532558,1.903013522091098,0.5000001771251179,0.2771383030172736,0.3049362391542765
