lr,wm_weight_base,softmax_beta,wm_decay,wm_capacity
0.004578197751394302,1.0,8.770923392187438,0.5675500635616721,1.0
