lr_pos,wm_weight,softmax_beta
0.6051204850786108,0.05392771497759112,0.5811876640518053
