lr,wm_weight,softmax_beta,decay,nu,stick
0.7707699680956269,0.40577969967713734,9.499231030486868,0.2677514888696114,1.0,1.0
