lr,wm_weight_small,wm_weight_large,softmax_beta,wm_decay,epsilon
0.5346270639877837,0.2635820034557473,0.9535181059073032,9.698134547048358,1.0,0.17105203544430767
