lr,wm_weight,softmax_beta,wm_decay_base,eta_size,kappa
0.9999998324378999,0.11792668007012394,10.0,0.0003919124712190902,0.0,0.01970495948659389
