lr_pos,lr_neg,softmax_beta,wm_weight_small,wm_weight_large
0.17127944356396924,0.0,0.732590080289184,0.8369612100745083,0.350926594628631
