lr,wm_weight_small,wm_weight_large,softmax_beta,wm_decay,wm_store
0.006919462352224042,0.01387288606039978,1.0,8.924716865245253,0.6566068635812055,1.0
