lr,wm_weight,softmax_beta,swap_base,beta_load_slope
0.1278988542557695,0.04636709570761522,10.0,1.0,3.590926423317426
