lr,wm_weight,softmax_beta,rec_base,rec_sensitivity,wm_decay_base
0.8865152128836418,0.9720284407170209,0.0,0.11039231137458154,1.0,0.4790784200251822
