lr,wm_weight,softmax_beta,wsls_strength,epsilon_size_slope
0.015044288371702456,0.8938135648148389,0.0,0.0457322868049896,0.6243613909455344
