lr,wm_weight,softmax_beta,q_decay_base,wm_interf,wm_alpha
1.0,0.2903804613653247,0.9688618176160251,0.5283472594342526,0.007384780316782911,0.0
