lr,wm_weight,softmax_beta,hebb_eta,reward_gain,load_interf
0.0,0.8942208320718927,0.4519220211465078,0.026797528044658833,1.0,1.0
