lr,softmax_beta_param,gate_bias,gate_size,wm_decay,wm_learn
0.0009249503261805811,9.881774133394881,1.0,0.0,0.08149193876358181,0.06890774027797021
