lr,wm_weight,softmax_beta
0.00937247061933592,0.25960510191493086,10.0
