lr,wm_weight_init,softmax_beta,alpha_wm,pe_gain
1.0,0.463917298190728,0.0,0.49403531335612516,0.439111240520518
