lr,wm_weight,softmax_beta,wm_alpha,surprise_gate,load_beta
0.0,0.36354827523455024,10.0,0.9160619627752298,1.0,0.860011164910356
