{"mean_BIC": 383.0497819413483, "individual_BIC": [434.1778535479423, 552.4743990556042, 480.0903394129857, 466.4124735472823, 307.4874379703754, 220.26367789343323, 389.6188348183213, 358.8705472948692, 338.74523268146606, 401.860675023134, 476.7972607747342, 121.72788883537623, 259.92942084759375, 426.93459760581516, 394.09434624145354, 260.4834344444883, 509.1222897468715, 391.53514727399516, 337.3148622771236, 395.0799777553445, 372.13564938380904, 325.0892269717505, 450.98826611564056, 468.8387992570969, 382.10166007828656, 319.91930189232977, 438.2742660176884, 274.59147761544074, 339.74569005789124, 551.2266171420857, 428.61158860156814]}