{"mean_BIC": 420.5144393053124, "individual_BIC": [508.99624944495724, 333.760874050113, 438.4359973446889, 360.5932151832618, 449.94510135060784, 440.481317129393, 376.73375706523825, 276.94699060650294, 368.16369174898193, 359.4641912844754, 563.8522296745404, 479.46567848906477, 578.6073373391464, 362.38857473575933, 408.6498809460262, 383.3257250480882, 512.7402619731976, 570.4543860035998, 399.2333218866264, 496.041474020643, 249.68914123512806, 504.2657892068787, 388.492347612063, 305.5614037890224, 401.75822859602715, 399.1208802315325, 368.8218239000298, 383.76072670241217, 385.51481278178017, 438.0799446718672, 542.6022644130344]}