"","sID","beta_BF","persev_BF","p_switch","p_reward","alpha","beta_RL","nalpha","persev_RL","calpha","cnalpha","ACC","stay","RTsd","RT","n_switches","ACC.1","stay.1","RTsd.1","RT.1","ACC.2","stay.2","RTsd.2","RT.2","ACC.3","stay.3","RTsd.3","RT.3","percent_missed","WLS","LWS","WS","LS","criterion_trial"
"1",12,4.626407623,0.213198334,0.157086164,0.987244129,0.800141633,3.566915989,0.857126832,0.519059479,0.800141633,0.857126832,0.716312056737589,0.65,685.209016604163,942.940594059406,7,0.725,0.7,585.826152359365,853.068965517241,0.775,0.7,758.490847401205,1056.03225806452,0.675,0.575,748.066963804834,990.481481481482,0.0192307692307692,0.2,1,0.948717948717949,0.274193548387097,3.125
"2",13,1.825453877,0.063742802,0.11887534,0.857464731,0.300649643,2.412540197,0.525295019,0.154522866,0.300649643,0.525295019,0.724137931034483,0.625,164.244511396301,504.72380952381,8,0.75,0.7,187.812807270198,507.066666666667,0.65,0.6,112.564982941479,492.346153846154,0.75,0.65,175.968743959189,514.366666666667,0,0.6,0.230769230769231,0.810126582278481,0.4,3.66666666666667
"3",15,4.307007313,0.019786557,0.132825091,0.982458591,0.761815369,3.550131321,0.817156315,-0.028236868,0.761815369,0.817156315,0.729032258064516,0.538961038961039,512.831305297165,902.469026548673,8,0.725,0.6,467.183245342836,750.551724137931,0.775,0.6,486.047528540162,965,0.725,0.5,516.355228185865,1049.68965517241,0.00641025641025641,0.04,NA,0.952380952380952,0.0428571428571429,3.33333333333333
"4",16,4.251496315,-0.117766708,0.180713892,0.969017863,0.556833982,3.452410221,0.730499148,-0.398236275,0.556833982,0.730499148,0.692307692307692,0.438709677419355,325.48514938163,490.157407407407,7,0.675,0.4,275.177399398281,406.296296296296,0.65,0.4,416.395804678489,526.884615384615,0.725,0.5,338.851076026236,490.862068965517,0,0,NA,0.8375,0.0133333333333333,3.125
"5",17,2.144276619,0.027868506,0.196233362,0.966087818,0.766723692,1.279293418,0.801504612,0.055642433,0.766723692,0.801504612,0.651612903225806,0.506493506493506,401.791102563272,641.09900990099,8,0.65,0.55,498.818550330525,640.884615384615,0.675,0.45,390.336577679628,698.481481481482,0.575,0.425,212.930976587517,547.347826086957,0.00641025641025641,0.111111111111111,1,0.8,0.227848101265823,3.66666666666667
"6",18,3.324270248,0.164325655,0.098828845,0.839117646,0.660394311,3.626037121,0.490997523,0.368236899,0.660394311,0.490997523,0.807692307692308,0.845161290322581,328.411913729336,518.706349206349,8,0.775,0.7,324.90715960962,550.935483870968,0.775,0.875,316.786414257406,504.032258064516,0.825,0.925,415.756145292508,519.878787878788,0,0.870967741935484,0.904761904761905,0.978494623655914,0.645161290322581,4.22222222222222
"7",19,3.864258528,0.152068213,0.075877115,0.837017357,0.691508651,4.677249908,0.431788832,0.278051555,0.691508651,0.431788832,0.743589743589744,0.819354838709677,145.896326738962,357.836206896552,9,0.775,0.85,144.917262267909,393.709677419355,0.8,0.8,81.4910877276298,340.90625,0.75,0.825,160.370924214252,315.833333333333,0,0.896551724137931,0.941176470588235,0.988372093023256,0.608695652173913,4.7
"8",20,7.639401436,0.221723124,0.055627175,0.929479182,0.856590509,11.26256084,0.569869459,0.459673256,0.856590509,0.569869459,0.807692307692308,0.845161290322581,106.978084686419,241.269841269841,8,0.8,0.85,65.4448102257457,211.59375,0.8,0.85,74.427709026731,217.25,0.775,0.875,82.1818466206406,241.548387096774,0,1,0.95,0.989247311827957,0.629032258064516,4
"9",22,2.285571098,0.15644981,0.158599526,0.875613093,0.819966972,1.66960454,0.564263999,0.368638694,0.819966972,0.564263999,0.717948717948718,0.709677419354839,242.037129897532,392.026785714286,7,0.7,0.7,145.999492642447,373,0.7,0.7,163.013855839825,345.535714285714,0.825,0.75,340.862370030824,435.30303030303,0,0.708333333333333,0.933333333333333,0.892857142857143,0.492957746478873,4.25
"10",23,2.770097733,0.092341743,0.157719374,0.967078626,0.854209781,1.992889047,0.765090108,0.179674894,0.854209781,0.765090108,0.717557251908397,0.615384615384615,303.798936959069,484.234042553192,8,0.65,0.55,274.253383682934,540.961538461538,0.725,0.6,239.234683919677,357.655172413793,0.775,0.725,311.377107742054,536.354838709677,0,0.304347826086957,1,0.914285714285714,0.266666666666667,3.71428571428571
"11",25,4.800503731,0.133297712,0.087242596,0.830170214,0.802912951,6.2210145,0.412254483,0.200759172,0.802912951,0.412254483,0.778625954198473,0.830769230769231,407.991189032425,315.960784313725,8,0.75,0.825,130.452633760965,245.8,0.775,0.825,502.415689176983,387.483870967742,0.75,0.8,534.289698206128,329.966666666667,0,0.92,1,1,0.592592592592593,4.33333333333333
"12",26,2.661186934,0.076492868,0.094762169,0.849281132,0.72717452,2.954153061,0.313945532,-0.038291771,0.72717452,0.313945532,0.715384615384615,0.674418604651163,560.396838537916,647.05376344086,6,0.65,0.525,675.656494427115,656.461538461538,0.8,0.75,356.824706218252,525.75,0.641025641025641,0.692307692307692,579.176714541138,745.6,0.00641025641025641,0.636363636363636,1,0.914285714285714,0.389830508474576,4.71428571428571
"13",27,3.628488302,0.157678157,0.163286448,0.967028737,0.733590961,2.795844555,0.769282997,0.353890508,0.733590961,0.769282997,0.717557251908397,0.7,205.553052021005,375.085106382979,9,0.725,0.7,275.862449661067,424.655172413793,0.75,0.75,97.346991641289,340.333333333333,0.7,0.675,167.848614553137,334.25,0,0.380952380952381,0.666666666666667,0.961538461538462,0.307692307692308,3.875
"14",28,1.235408425,0.024956269,0.166094646,0.841466427,0.436792433,1.118547678,0.466651171,0.023786731,0.436792433,0.466651171,0.646153846153846,0.488372093023256,282.149222206103,459.904761904762,6,0.75,0.475,344.679569668883,523.833333333333,0.5,0.475,319.472443420811,434.7,0.717948717948718,0.564102564102564,154.318059513666,397.285714285714,0,0.615384615384615,0.5,0.629032258064516,0.358208955223881,3.33333333333333
"15",30,6.905695915,0.214266479,0.060446545,0.928658783,0.870108187,9.8376894,0.569182158,0.442712754,0.870108187,0.569182158,0.824427480916031,0.876923076923077,80.1894234361003,278.046296296296,8,0.8,0.875,91.2551755050179,281.90625,0.825,0.875,85.0901260162103,261.727272727273,0.8,0.85,62.8794850256964,277.09375,0,0.96551724137931,1,1,0.68,3.875
"16",31,3.526520252,0.006109016,0.14488101,0.975688875,0.831141531,2.671573162,0.816371262,-0.039290857,0.831141531,0.816371262,0.711538461538462,0.47741935483871,216.636245958665,469.747747747748,8,0.7,0.5,198.550204891443,467.464285714286,0.775,0.575,245.434773324786,486.806451612903,0.725,0.575,219.231680093572,413.379310344828,0,0.0952380952380952,1,0.821428571428571,0.0704225352112676,3.125
"17",32,4.988336563,0.212452635,0.119115822,0.937099218,0.795134008,5.273980141,0.686789453,0.495912194,0.795134008,0.686789453,0.762820512820513,0.761290322580645,312.764042673392,526.773109243697,7,0.725,0.8,137.828657819251,401.103448275862,0.7,0.7,321.336484457315,486.392857142857,0.775,0.75,386.67194286352,661.516129032258,0,0.481481481481481,1,1,0.447761194029851,3.75
"18",33,3.060368061,0.103227183,0.138052478,0.925014377,0.664748311,2.975538015,0.553741515,0.117328867,0.664748311,0.553741515,0.730769230769231,0.651612903225806,201.37438513927,396.342105263158,9,0.75,0.6,212.638836322633,402.366666666667,0.75,0.675,210.813301942411,446.6,0.65,0.65,157.225012690044,368.769230769231,0,0.433333333333333,0.7,0.919540229885057,0.308823529411765,3.66666666666667
"19",34,2.558609009,0.058670215,0.090077981,0.838358104,0.650827706,2.599392891,0.430890679,0.100666545,0.650827706,0.430890679,0.743801652892562,0.683333333333333,409.881490134717,447.533333333333,6,0.675,0.55,469.278114467262,533.111111111111,0.75,0.725,191.434034735656,275.9,0.8,0.766666666666667,520.68303628538,555.958333333333,0.0128205128205128,0.65,0.857142857142857,0.911764705882353,0.384615384615385,4.14285714285714
"20",35,3.297566891,0.191172019,0.170901909,0.947208703,0.848434746,2.379951715,0.717206061,0.453321934,0.848434746,0.717206061,0.687022900763359,0.684615384615385,219.727377616916,368.055555555556,7,0.65,0.675,99.807607232808,326.961538461538,0.825,0.75,320.631222250451,417.545454545455,0.6,0.6,141.994584250674,370.125,0,0.454545454545455,1,0.954545454545455,0.40625,4.125
"21",36,4.301176071,0.216410369,0.074760996,0.736560881,0.806857347,4.823515415,0.367289633,0.458718657,0.806857347,0.367289633,0.786259541984733,0.907692307692308,258.302701032618,267.660194174757,7,0.85,0.925,240.452116111717,323.147058823529,0.85,0.95,133.951423871563,189.470588235294,0.7,0.875,242.666892878841,235.035714285714,0,0.958333333333333,1,1,0.777777777777778,5.125
"22",37,5.606541157,0.204168916,0.083833784,0.911705971,0.653458714,7.980843544,0.585091591,0.453047514,0.653458714,0.585091591,0.778625954198473,0.861538461538462,106.656964680836,238.06862745098,9,0.75,0.85,97.1420869524186,202.966666666667,0.775,0.875,68.5129765591107,198.193548387097,0.775,0.875,128.115253891057,292.58064516129,0,0.909090909090909,1,1,0.6,3.875
"23",38,3.647257805,0.104137711,0.116876394,0.851310551,0.838077426,3.433942556,0.472937584,0.155398428,0.838077426,0.472937584,0.740458015267176,0.707692307692308,201.750018629942,320.690721649485,6,0.775,0.775,161.783327822401,308.387096774194,0.725,0.75,256.511001886215,327.586206896552,0.7,0.575,186.392840541934,328.928571428571,0,0.681818181818182,1,0.958333333333333,0.396551724137931,4.57142857142857
"24",40,3.348274708,0.208231077,0.173872679,0.909552813,0.76273644,2.600866318,0.65150553,0.51880002,0.76273644,0.65150553,0.732824427480916,0.761538461538461,410.382215804055,515.927083333333,6,0.775,0.725,354.805932112705,534.870967741935,0.6,0.725,346.374514576096,461,0.825,0.825,484.915023014811,511.272727272727,0,0.590909090909091,0.923076923076923,0.971830985915493,0.508474576271186,4
"25",41,3.538835049,0.124744847,0.062877119,0.776684225,0.785093367,3.928205013,0.347717404,0.225657001,0.785093367,0.347717404,0.778625954198473,0.830769230769231,267.041797091587,350.519607843137,8,0.725,0.825,105.80645030483,294.172413793103,0.725,0.825,225.582841161736,382.758620689655,0.875,0.9,192.357685033888,308.857142857143,0,0.923076923076923,0.9375,0.960526315789474,0.648148148148148,4.33333333333333
"26",42,2.483436823,0.191185057,0.107302591,0.879548311,0.700412333,2.124233961,0.561335623,0.494816214,0.700412333,0.561335623,0.763358778625954,0.761538461538461,354.610798174306,351.3,7,0.825,0.825,231.713160257167,345.636363636364,0.7,0.725,215.674774754973,302.142857142857,0.8,0.775,273.069793084408,324.28125,0,0.772727272727273,0.928571428571429,0.92,0.545454545454545,3.5
"27",43,3.698210239,0.067399941,0.139168873,0.984138548,0.802209795,2.884977579,0.838372827,0.111665979,0.802209795,0.838372827,0.702290076335878,0.546153846153846,117.338794683161,313.739130434783,7,0.75,0.625,134.189953715474,340.233333333333,0.65,0.525,119.781551167114,279.5,0.75,0.55,92.6176728995786,308.633333333333,0,0.1,1,0.941176470588235,0.112903225806452,3.5
"28",44,4.635082245,0.185267732,0.134289756,0.988188267,0.824355066,3.683750391,0.869018137,0.428732723,0.824355066,0.869018137,0.725190839694656,0.630769230769231,157.661033764685,312.694736842105,6,0.725,0.775,125.179152405839,272.965517241379,0.7,0.525,152.377537784163,279.892857142857,0.775,0.6,169.313782632269,365.096774193548,0,0.217391304347826,1,1,0.2,4.14285714285714
"29",46,2.253493071,-0.085865244,0.219552398,0.896815896,0.700375795,1.340793014,0.622182071,-0.276785731,0.700375795,0.622182071,0.638461538461538,0.395348837209302,270.147419512336,492.204819277108,6,0.65,0.425,224.260878305739,403.692307692308,0.7,0.55,321.069995170744,541.642857142857,0.538461538461538,0.153846153846154,222.236489224558,597.571428571429,0,0.25,0.6,0.584615384615385,0.203125,3.57142857142857
"30",48,3.351449728,-0.034955118,0.163319618,0.973805487,0.496733695,2.696088314,0.788464785,-0.120417871,0.496733695,0.788464785,0.694656488549618,0.492307692307692,310.397758919694,552.747252747253,6,0.75,0.5,320.049724944081,535.366666666667,0.675,0.55,202.715883306487,528.962962962963,0.675,0.475,401.9231688,607.814814814815,0,0.0588235294117647,0,0.850746268656716,0.111111111111111,3.83333333333333
"31",49,4.398868561,0.169509992,0.051521409,0.799184203,0.77260071,5.332021713,0.364025712,0.33889088,0.77260071,0.364025712,0.793893129770992,0.892307692307692,187.881918478767,286.375,8,0.75,0.875,196.151328514902,328.033333333333,0.75,0.875,212.277426372015,302.533333333333,0.825,0.9,87.3556059674443,203.757575757576,0,1,0.944444444444444,0.987012987012987,0.754716981132076,4.55555555555556
"32",52,3.498624563,0.106171995,0.156060442,0.961487412,0.835641026,2.71458745,0.746817648,0.197785616,0.835641026,0.746817648,0.720930232558139,0.625,506.137228535302,714.774193548387,6,0.675,0.55,610.201475297987,631.925925925926,0.75,0.625,554.9977073578,780.6,0.789473684210526,0.710526315789474,389.241852246428,747.233333333333,0.0128205128205128,0.285714285714286,1,0.956521739130435,0.23728813559322,3.71428571428571
"33",53,2.933718681,0.050519314,0.138194084,0.955232024,0.50107193,2.492258549,0.757320583,0.130209491,0.50107193,0.757320583,0.707692307692308,0.581395348837209,638.566490979456,768.152173913043,7,0.725,0.6,423.934468399937,646.172413793103,0.7,0.6,831.21190925975,936.142857142857,0.717948717948718,0.58974358974359,658.963226888674,783.357142857143,0.00641025641025641,0.333333333333333,0.4,0.884057971014493,0.233333333333333,3.5
"34",55,3.240726948,0.106526785,0.144597977,0.959919751,0.863049805,2.465897322,0.746905327,0.211220294,0.863049805,0.746905327,0.748091603053435,0.669230769230769,290.979671018319,573.836734693878,9,0.825,0.75,349.351195182953,592.484848484848,0.675,0.625,189.827977307511,471.740740740741,0.75,0.625,222.70369985933,587.4,0,0.315789473684211,1,0.91358024691358,0.26530612244898,3.33333333333333
"35",56,4.509836674,0.222526148,0.07431417,0.843265653,0.842958033,5.507981777,0.450772077,0.445195645,0.842958033,0.450772077,0.815384615384615,0.891472868217054,356.04857137082,398.669811320755,7,0.85,0.9,458.192632430452,389.235294117647,0.775,0.85,336.35461317849,373.322580645161,0.846153846153846,0.948717948717949,293.863994644606,429.878787878788,0.00641025641025641,1,1,0.987341772151899,0.74,4.5
"36",57,2.094100952,0.071541212,0.19218637,0.963252842,0.825241029,1.266986847,0.762590706,0.158117294,0.825241029,0.762590706,0.607692307692308,0.534883720930233,540.015369370278,690.126582278481,7,0.725,0.675,714.791304070205,683.413793103448,0.575,0.375,411.364229903706,694.434782608696,0.615384615384615,0.538461538461538,445.725658133835,701.333333333333,0.00641025641025641,0.1875,1,0.810344827586207,0.309859154929577,4.83333333333333
"37",59,2.451889515,-0.010737658,0.171809673,0.933836162,0.511981368,2.061604023,0.651441336,-0.079429559,0.511981368,0.651441336,0.656488549618321,0.476923076923077,371.829199164849,498.151162790698,7,0.675,0.5,371.487093946292,493.740740740741,0.65,0.475,332.191031694809,473.192307692308,0.625,0.475,464.83169714066,545.56,0,0.277777777777778,0.333333333333333,0.777777777777778,0.194029850746269,3.71428571428571
"38",60,5.310911179,0.242563874,0.09347409,0.920062721,0.792465568,6.033145905,0.599732935,0.509119332,0.792465568,0.599732935,0.763358778625954,0.823076923076923,243.15355251571,426.92,7,0.8,0.875,218.287173976349,442.25,0.75,0.775,268.067346573302,401.366666666667,0.775,0.85,213.72443316882,434,0,0.869565217391304,1,1,0.581818181818182,4.28571428571429
"39",63,2.436542273,0.024649983,0.145453602,0.886283278,0.619644403,2.152785301,0.526325703,-0.017889027,0.619644403,0.526325703,0.656488549618321,0.546153846153846,377.358961794353,572.953488372093,8,0.675,0.55,444.967494571313,590.925925925926,0.675,0.575,225.845786076072,488.62962962963,0.625,0.5,449.745972744615,685.76,0,0.45,0.75,0.830769230769231,0.261538461538462,4.42857142857143
"40",65,3.44244504,0.041714009,0.148686066,0.978553057,0.830778539,2.669442654,0.795065701,0.02979783,0.830778539,0.795065701,0.716535433070866,0.555555555555556,780.2732842065,852.043956043956,7,0.65,0.425,888.757584842675,1084.26923076923,0.65,0.5,522.162214701082,647.461538461538,0.805555555555556,0.666666666666667,555.61475073249,708.586206896552,0.0256410256410256,0.130434782608696,1,0.926470588235294,0.120689655172414,3.125
"41",67,4.039104462,0.199872866,0.053759724,0.64454484,0.86526525,4.941333771,0.248358831,0.347473204,0.86526525,0.248358831,0.725190839694656,0.915384615384615,483.514323940633,664.452631578947,8,0.8,0.9,458.292232272477,722.8125,0.675,0.925,393.07072212592,626.148148148148,0.65,0.95,662.266713643378,658,0,0.958333333333333,1,1,0.813559322033898,5.75
"42",68,2.487918139,0.147785962,0.173879698,0.932406545,0.831130683,1.708611131,0.672128975,0.342638791,0.831130683,0.672128975,0.694656488549618,0.615384615384615,328.986577619769,444.857142857143,6,0.75,0.7,359.449420929978,565.1,0.65,0.625,281.344707814781,303.269230769231,0.7,0.5,200.228292325583,414.535714285714,0,0.277777777777778,0.777777777777778,0.863636363636364,0.359375,4.42857142857143
"43",69,3.014920235,0.150766328,0.161471725,0.956605971,0.847046793,2.111654282,0.765785396,0.369798928,0.847046793,0.765785396,0.740458015267176,0.707692307692308,245.093498096703,459.010309278351,8,0.775,0.7,198.161778157597,435.096774193548,0.725,0.725,244.419660509031,471.448275862069,0.7,0.675,307.721237142255,434.285714285714,0,0.368421052631579,1,0.925,0.36,3.375
"44",70,2.458209038,0.039095983,0.167751983,0.953034461,0.481567323,1.921565056,0.748569846,0.07346534,0.481567323,0.748569846,0.702290076335878,0.561538461538462,171.329779823508,177.586956521739,7,0.75,0.525,100.109112885684,149.4,0.6,0.575,221.783282226958,256.541666666667,0.75,0.575,183.953592348535,142.8,0,0.133333333333333,0,0.835616438356164,0.210526315789474,3.57142857142857
"45",71,2.714552402,0.180015534,0.112522706,0.898682714,0.603052497,2.668444633,0.554459751,0.390916795,0.603052497,0.554459751,0.717557251908397,0.746153846153846,207.212083425968,230.585106382979,8,0.8,0.85,169.703536564742,180.75,0.675,0.7,282.908384192045,217.666666666667,0.675,0.725,169.975019113125,295.259259259259,0,0.681818181818182,0.875,0.943661971830986,0.508474576271186,3.875
"46",72,3.658209801,0.002434729,0.120165735,0.941118479,0.760697722,3.472199678,0.607025266,-0.105609216,0.760697722,0.607025266,0.748091603053435,0.6,306.2562096993,559.571428571429,7,0.75,0.575,259.759039536047,479,0.775,0.725,286.935693968384,562.677419354839,0.775,0.575,341.879646181399,609.677419354839,0,0.272727272727273,1,0.932432432432432,0.160714285714286,3.71428571428571
"47",73,5.319913387,0.128600657,0.039603543,0.784471989,0.855531156,6.622528076,0.351067603,0.295412421,0.855531156,0.351067603,0.801526717557252,0.907692307692308,491.036601069354,634.866666666667,8,0.725,0.925,592.5772195113,611.241379310345,0.75,0.875,598.550647949628,743.866666666667,0.9,0.95,310.215224826709,557,0,0.952380952380952,1,0.988505747126437,0.744186046511628,4.625
"48",74,4.015541553,0.171833932,0.123451039,0.918678343,0.78772366,3.512995243,0.636932611,0.407355517,0.78772366,0.636932611,0.816793893129771,0.830769230769231,356.642103789966,500.542056074766,9,0.775,0.8,515.583162883993,538.741935483871,0.8,0.825,201.477606215807,372,0.825,0.825,293.791276919413,618.757575757576,0,0.681818181818182,1,0.98876404494382,0.48780487804878,3.55555555555556
"49",75,4.685742855,0.187769637,0.089364938,0.873727143,0.872709692,5.411263466,0.536502123,0.419891596,0.872709692,0.536502123,0.792307692307692,0.844961240310077,246.889152007579,346.038834951456,8,0.875,0.9,291.871293725231,413.971428571429,0.7,0.825,206.506158868915,301.857142857143,0.794871794871795,0.794871794871795,187.707213099184,311.258064516129,0.00641025641025641,0.88,1,1,0.607843137254902,4
"50",76,2.937222719,0.098054536,0.156560853,0.9556427,0.870448411,2.200237274,0.716571391,0.169178769,0.870448411,0.716571391,0.709923664122137,0.6,288.147372655724,433.634408602151,6,0.7,0.65,222.928773592011,469.857142857143,0.75,0.6,371.646583138633,428.7,0.7,0.6,281.586780725525,432.678571428571,0,0.3,1,0.898550724637681,0.262295081967213,4.28571428571429
"51",77,2.686064959,0.078915372,0.159548119,0.95339179,0.758855224,1.993203521,0.745890379,0.169136629,0.758855224,0.745890379,0.748091603053435,0.646153846153846,142.639327319978,490.040816326531,8,0.775,0.675,133.168112686781,510.290322580645,0.675,0.575,132.325744147171,490.888888888889,0.8,0.7,112.089497472102,445.59375,0,0.272727272727273,0.666666666666667,0.8875,0.26,3
"52",78,1.980551958,0.14867425,0.214505255,0.947018921,0.618216813,1.194258928,0.755357683,0.426126719,0.618216813,0.755357683,0.595419847328244,0.584615384615385,369.701225771563,365.794871794872,5,0.575,0.525,378.02415381767,456.521739130435,0.675,0.6,331.493697112134,326.074074074074,0.5,0.65,469.033373293583,325.1,0,0.352941176470588,0.428571428571429,0.807017543859649,0.410958904109589,4.83333333333333
"53",80,1.323727965,0.112194762,0.108718276,0.83052969,0.543209136,1.139016032,0.507788181,0.29431361,0.543209136,0.507788181,0.66412213740458,0.592307692307692,370.086066844584,480.241379310345,6,0.75,0.55,238.941364903754,382.3,0.675,0.65,359.225750192187,477.296296296296,0.6,0.625,308.046506817264,484.708333333333,0,0.866666666666667,0.4,0.710144927536232,0.459016393442623,4.14285714285714
"54",81,3.809225321,0.238690794,0.125709638,0.878436208,0.59359622,4.0745368,0.563634038,0.549131274,0.59359622,0.563634038,0.740458015267176,0.830769230769231,146.598938302227,266.79381443299,8,0.675,0.775,142.947283730493,276.814814814815,0.65,0.775,145.117798304052,261.153846153846,0.825,0.9,66.0661399544793,210.212121212121,0,0.84,0.923076923076923,0.986486486486487,0.625,3.875
"55",82,3.832175732,0.221179888,0.190587774,0.950388074,0.518899679,3.46959734,0.727239072,0.579314291,0.518899679,0.727239072,0.702290076335878,0.738461538461539,159.660094561881,196.076086956522,6,0.675,0.775,132.297784198012,236.62962962963,0.7,0.725,132.142739882688,138,0.75,0.725,138.649048394461,171.4,0,0.434782608695652,0.875,0.985507246376812,0.459016393442623,3.71428571428571
"56",83,3.20274353,0.014121569,0.156614661,0.979110539,0.662952781,2.564304829,0.762836695,-0.048088253,0.662952781,0.762836695,0.67175572519084,0.515384615384615,223.867719889133,393.659090909091,7,0.675,0.625,219.661965113169,363.074074074074,0.65,0.375,291.989694233309,474.692307692308,0.675,0.575,139.723485576522,340.962962962963,0,0.136363636363636,1,0.890625,0.151515151515152,3.57142857142857
"57",84,2.892871141,0.101263963,0.162874728,0.977362216,0.807942927,2.038573742,0.80863601,0.213986471,0.807942927,0.80863601,0.697674418604651,0.578125,436.360659710887,463.322222222222,6,0.75,0.625,179.515570995624,391.766666666667,0.7,0.575,542.67561100815,579.321428571429,0.657894736842105,0.552631578947368,545.427822906019,459.48,0.0128205128205128,0.210526315789474,1,0.923076923076923,0.222222222222222,3.57142857142857
"58",85,3.252168655,0.162767068,0.065315537,0.767567337,0.853601456,3.304051876,0.349075913,0.335212171,0.853601456,0.349075913,0.770992366412214,0.861538461538462,134.755436709516,422.148514851485,8,0.675,0.775,142.653645863198,428.703703703704,0.75,0.825,151.200194611564,391.133333333333,0.825,0.95,130.303433755542,447.878787878788,0,0.962962962962963,0.941176470588235,0.973333333333333,0.709090909090909,4.75
"59",86,2.895724297,0.182166934,0.16063197,0.905689836,0.853354812,2.117522478,0.575332224,0.381541014,0.853354812,0.575332224,0.753846153846154,0.744186046511628,348.855893396182,399.561224489796,7,0.65,0.575,499.900785541107,494.653846153846,0.825,0.725,277.085853258079,360.515151515152,0.769230769230769,0.948717948717949,282.553129985084,370.266666666667,0.00641025641025641,0.652173913043478,0.909090909090909,0.958904109589041,0.464285714285714,4.57142857142857
"60",87,3.87906456,0.207819968,0.137183905,0.922539532,0.588797629,3.592502832,0.623621881,0.471292078,0.588797629,0.623621881,0.767441860465116,0.8125,163.081930761816,363.909090909091,8,0.775,0.8,201.989848568514,375.967741935484,0.775,0.85,131.432725340086,365.193548387097,0.710526315789474,0.789473684210526,78.1172870836574,366.814814814815,0.0128205128205128,0.666666666666667,0.857142857142857,0.975609756097561,0.521739130434783,3.375
"61",88,2.23636651,0.010771846,0.16521515,0.927499115,0.647828937,1.732133389,0.65532285,-0.014796893,0.647828937,0.65532285,0.7,0.546218487394958,1190.02249553266,1437.04761904762,6,0.8,0.7,930.000662829282,1195.15625,0.675,0.55,1318.43992891366,1425.66666666667,0.620689655172414,0.379310344827586,1275.45167316846,1719.83333333333,0.0705128205128205,0.3125,0.4,0.787878787878788,0.245283018867925,3.42857142857143
"62",90,2.182975292,0.074451886,0.156625733,0.91712302,0.838336229,1.624051929,0.554072738,0.093497545,0.838336229,0.554072738,0.694656488549618,0.607692307692308,320.481086018702,414.692307692308,8,0.725,0.575,336.430776665401,403.896551724138,0.725,0.6,156.444107018097,396.48275862069,0.625,0.65,457.882401205084,468.72,0,0.375,1,0.84,0.290909090909091,4.11111111111111
"63",92,2.258803129,0.123034231,0.166039765,0.90576458,0.62193352,1.822698593,0.615206718,0.287122458,0.62193352,0.615206718,0.738461538461539,0.689922480620155,183.13680055985,378.666666666667,7,0.75,0.725,166.88184615084,324.033333333333,0.75,0.6,174.082913921902,368.966666666667,0.769230769230769,0.743589743589744,193.284984045505,433.533333333333,0.00641025641025641,0.473684210526316,0.8,0.883116883116883,0.403846153846154,3.75
"64",93,2.282491684,0.164189398,0.099712372,0.684214175,0.779471099,2.179482937,0.273813516,0.293912798,0.779471099,0.273813516,0.707692307692308,0.767441860465116,472.680391499755,489.195652173913,7,0.7,0.775,790.543148459791,625.607142857143,0.7,0.8,225.122103846361,458.964285714286,0.743589743589744,0.871794871794872,196.179695448851,418.48275862069,0,0.791666666666667,1,0.926470588235294,0.590163934426229,5.125
"65",94,3.624791861,0.052466523,0.08718767,0.900658309,0.855082631,3.475248814,0.498261422,0.046521656,0.855082631,0.498261422,0.786259541984733,0.7,444.199607668111,416.514563106796,8,0.825,0.825,201.870134334833,370.636363636364,0.775,0.65,185.052703913794,302.354838709677,0.725,0.6,762.787306770018,585.241379310345,0,0.5,0.909090909090909,0.961038961038961,0.320754716981132,3.5
"66",96,3.507889032,0.06942831,0.142893597,0.948151469,0.840694129,2.850810289,0.689199686,0.08224991,0.840694129,0.689199686,0.730769230769231,0.635658914728682,254.907511497196,384.968421052632,7,0.7,0.575,199.966280226225,391.928571428571,0.775,0.7,235.284421795802,376.677419354839,0.769230769230769,0.692307692307692,315.830530724835,368.8,0,0.3,1,0.934210526315789,0.207547169811321,3.71428571428571
"67",98,3.972027063,0.186960027,0.135000139,0.897152245,0.849502742,3.50595665,0.605685711,0.421677113,0.849502742,0.605685711,0.687022900763359,0.738461538461539,158.266675895863,403.544444444444,6,0.725,0.75,133.173226942897,332.413793103448,0.725,0.725,161.124252148899,414.896551724138,0.6,0.7,169.503345270738,480.083333333333,0,0.714285714285714,1,0.970149253731343,0.492063492063492,4.42857142857143
"68",99,3.745298862,0.127585515,0.067950115,0.785724282,0.672524393,4.676937103,0.342108101,0.21567063,0.672524393,0.342108101,0.801526717557252,0.861538461538462,145.53844513045,223.657142857143,8,0.825,0.8,131.558950952634,258.151515151515,0.775,0.875,165.87875478892,191.193548387097,0.775,0.925,130.521452115603,220.129032258065,0,0.925925925925926,0.941176470588235,0.987179487179487,0.673076923076923,4.33333333333333
"69",100,3.647138357,0.21110642,0.16632627,0.923293173,0.777876139,2.758860111,0.670759499,0.508283913,0.777876139,0.670759499,0.687022900763359,0.723076923076923,179.651295264291,356.544444444444,6,0.75,0.8,196.832237921174,389.366666666667,0.6,0.725,210.667658454829,325.583333333333,0.725,0.675,104.256232758361,334.172413793103,0,0.590909090909091,0.857142857142857,0.984848484848485,0.453125,5
"70",103,3.980697632,0.193549901,0.16353786,0.959744334,0.779109478,3.113280058,0.747579396,0.452348053,0.779109478,0.747579396,0.740458015267176,0.753846153846154,177.919888991156,378.051546391753,9,0.825,0.8,164.089585426542,355.272727272727,0.675,0.775,172.68169752747,359.740740740741,0.75,0.775,198.065459979224,400.266666666667,0,0.35,1,0.987654320987654,0.36734693877551,3.25
"71",104,2.186802626,0.160888776,0.12780574,0.798459709,0.765742838,1.792500973,0.422160268,0.367443919,0.765742838,0.422160268,0.748091603053435,0.761538461538461,328.08415828396,328.581632653061,8,0.8,0.75,193.213442792696,328.28125,0.725,0.725,410.469219668864,308.862068965517,0.8,0.825,378.937796782856,352.21875,0,0.80952380952381,0.916666666666667,0.890243902439024,0.541666666666667,4.125
"72",105,4.309764862,0.212290838,0.061494499,0.786009192,0.745992184,5.267985344,0.389892131,0.455376178,0.745992184,0.389892131,0.793893129770992,0.907692307692308,215.366765170384,269.326923076923,8,0.75,0.875,136.110929235941,229.433333333333,0.75,0.925,203.660287350475,269.266666666667,0.825,0.9,279.693910752668,308.606060606061,0,1,0.947368421052632,0.987179487179487,0.788461538461538,4.66666666666667
"73",106,3.710538626,0.198649764,0.069809943,0.877509654,0.597269952,4.548810959,0.47645089,0.445456922,0.597269952,0.47645089,0.83206106870229,0.876923076923077,420.00976458238,530.036697247706,8,0.75,0.85,226.990920877729,468.866666666667,0.9,0.875,584.715779552034,666.833333333333,0.8,0.875,165.958284570979,336.09375,0,0.96,0.95,0.975609756097561,0.708333333333333,3.66666666666667
"74",108,2.853537798,-0.007282176,0.147145152,0.956550479,0.837396085,1.985000014,0.796745837,-0.043608829,0.837396085,0.796745837,0.676923076923077,0.488372093023256,319.378039567195,521.034090909091,6,0.625,0.5,339.076574439069,593.56,0.7,0.425,295.129141762484,532.607142857143,0.692307692307692,0.564102564102564,338.369195185839,443.592592592593,0.00641025641025641,0.277777777777778,1,0.84375,0.138461538461538,3.85714285714286
"75",109,2.687325478,0.112499058,0.126264557,0.893987894,0.845409274,2.132639408,0.590216577,0.250626773,0.845409274,0.590216577,0.740458015267176,0.715384615384615,290.332707003558,321.113402061856,8,0.725,0.675,114.741656704317,200.827586206897,0.775,0.775,408.83292588822,425.193548387097,0.75,0.8,245.590419241037,340.633333333333,0,0.55,0.833333333333333,0.925925925925926,0.36734693877551,3.625
"76",110,3.24447751,0.096443802,0.150685117,0.97375977,0.83311218,2.468609095,0.78914988,0.186223492,0.83311218,0.78914988,0.755725190839695,0.630769230769231,303.553909349331,411.727272727273,7,0.675,0.5,191.2904296875,332.518518518519,0.825,0.725,320.075100680696,444.151515151515,0.775,0.675,344.510926524288,393.387096774194,0,0.25,1,0.932432432432432,0.232142857142857,3.14285714285714
"77",111,4.065693855,0.175458252,0.122435324,0.870923162,0.901504576,3.743600845,0.444068164,0.220598921,0.901504576,0.444068164,0.740458015267176,0.769230769230769,138.063559246285,275.783505154639,8,0.675,0.75,127.435330786888,275.074074074074,0.7,0.675,171.516620355583,318.107142857143,0.8,0.875,101.015683667311,246.34375,0,0.72,1,1,0.482758620689655,4.5
"78",112,2.679702044,0.137557968,0.155239329,0.939173996,0.760383308,1.993272901,0.728991687,0.34804979,0.760383308,0.728991687,0.738461538461539,0.666666666666667,295.120088551536,404.416666666667,6,0.8,0.7,156.104309497042,308.65625,0.65,0.6,233.763470200115,465,0.794871794871795,0.692307692307692,412.383710555088,484.483870967742,0,0.421052631578947,0.875,0.928571428571429,0.355932203389831,3.14285714285714
"79",113,3.045455217,0.090440683,0.16110082,0.967329085,0.746315062,2.372165203,0.763028502,0.175981686,0.746315062,0.763028502,0.717557251908397,0.615384615384615,188.054379855026,372.042553191489,8,0.725,0.625,235.848870370779,424.758620689655,0.65,0.575,172.898280455924,363.846153846154,0.725,0.6,151.156176371237,335.758620689655,0,0.181818181818182,0.833333333333333,0.929577464788732,0.23728813559322,3.5
"80",114,3.100224257,0.213560551,0.211732745,0.976066232,0.84230125,1.761473656,0.84328407,0.620741189,0.84230125,0.84328407,0.67175572519084,0.723076923076923,429.796301172506,564.386363636364,7,0.625,0.8,212.628565029882,492.64,0.8,0.675,353.814786612723,521.5,0.575,0.75,647.605553226013,785.04347826087,0,0.368421052631579,1,0.957746478873239,0.440677966101695,3.57142857142857
"81",115,3.389786243,0.155500591,0.147587895,0.959271669,0.742644012,2.662615061,0.753471076,0.355589151,0.742644012,0.753471076,0.684615384615385,0.666666666666667,324.706940629787,565.247191011236,8,0.65,0.525,176.44433857561,485.269230769231,0.75,0.75,439.040072268433,612.766666666667,0.666666666666667,0.692307692307692,234.639969708094,541.653846153846,0.00641025641025641,0.454545454545455,0.8,0.970149253731343,0.338709677419355,4.5
"82",116,2.230156898,0.128027499,0.18929036,0.957401574,0.811362326,1.361388087,0.777612627,0.334700257,0.811362326,0.777612627,0.625954198473282,0.592307692307692,314.186904837445,443.451219512195,6,0.625,0.55,357.527071236105,558.76,0.725,0.675,371.185977047423,371.379310344828,0.575,0.625,153.072149667902,417.913043478261,0,0.352941176470588,0.8,0.866666666666667,0.357142857142857,4.14285714285714
"83",117,2.455552578,0.070649236,0.181067854,0.975295305,0.699622989,1.641659737,0.814695179,0.163132772,0.699622989,0.814695179,0.656488549618321,0.546153846153846,554.924655784739,516.593023255814,7,0.675,0.6,122.756493494873,376.185185185185,0.6,0.475,490.232536881622,569.875,0.7,0.55,838.108932067057,644.285714285714,0,0.136363636363636,0.75,0.859375,0.242424242424242,3.28571428571429
"84",118,4.558694839,0.040270019,0.110092834,0.963564277,0.675642967,4.350687981,0.730003119,0.058255408,0.675642967,0.730003119,0.793893129770992,0.676923076923077,357.733832300243,594.980769230769,9,0.8,0.7,406.656052655423,684.875,0.8,0.675,339.404792104098,603.5,0.775,0.625,213.63557554814,430.322580645161,0,0.173913043478261,0.666666666666667,0.976744186046512,0.0909090909090909,3.11111111111111
"85",119,2.873292208,-0.008097721,0.151170179,0.943273902,0.749804556,2.300397396,0.69808656,-0.069731303,0.749804556,0.69808656,0.740458015267176,0.538461538461538,566.49738874234,783.855670103093,8,0.725,0.55,703.481388552255,852.275862068965,0.7,0.425,377.26332852216,675.714285714286,0.8,0.675,627.066646886196,827.53125,0,0.19047619047619,0.8,0.847222222222222,0.155172413793103,2.875
"86",120,2.828618288,0.196403474,0.145171613,0.898785532,0.883847833,2.031572104,0.644548893,0.504524767,0.883847833,0.644548893,0.702290076335878,0.723076923076923,266.270764304973,438.891304347826,6,0.725,0.775,160.144815929101,410.172413793103,0.7,0.725,380.81932522603,469.392857142857,0.7,0.725,201.323461731082,393.607142857143,0,0.681818181818182,0.909090909090909,0.941176470588235,0.483870967741935,4.42857142857143
"87",121,1.932593703,0.046573907,0.187050492,0.946876764,0.684410095,1.173030376,0.779577613,0.128188178,0.684410095,0.779577613,0.633587786259542,0.523076923076923,349.590047474148,632.55421686747,7,0.5,0.55,265.034655132216,719,0.675,0.475,444.121518367353,786.333333333333,0.75,0.575,247.816629000548,475.433333333333,0,0.444444444444444,0.333333333333333,0.770491803278688,0.304347826086957,4.14285714285714
"88",122,3.99727726,0.165680364,0.144338235,0.918302536,0.840399921,3.420454741,0.636677027,0.349037707,0.840399921,0.636677027,0.763358778625954,0.730769230769231,274.043801519967,402.07,7,0.75,0.725,94.5619300812418,332.2,0.75,0.7,425.781079413126,435.3,0.75,0.75,209.291989291538,417.966666666667,0,0.541666666666667,1,0.972972972972973,0.410714285714286,3.85714285714286
"89",123,4.553557396,0.180601731,0.11691127,0.885072172,0.810414374,4.750824928,0.53840977,0.360930592,0.810414374,0.53840977,0.770992366412214,0.823076923076923,229.863921432307,378.722772277228,9,0.775,0.85,199.990155671702,382.064516129032,0.7,0.825,219.234756156222,460.785714285714,0.8,0.775,213.009465184213,303,0,0.761904761904762,1,1,0.51063829787234,4.125
"90",125,3.94122076,0.256771356,0.085835896,0.812538564,0.640913069,4.394968987,0.445044041,0.569645464,0.640913069,0.445044041,0.770992366412214,0.892307692307692,133.356109275834,400.524752475248,8,0.75,0.875,185.057667309099,426.933333333333,0.75,0.875,63.5922806708451,355.766666666667,0.75,0.9,134.389535033189,421.266666666667,0,1,0.944444444444444,0.986666666666667,0.763636363636364,4.55555555555556
"91",126,2.219747543,-0.022921307,0.1493994,0.889373422,0.629167676,1.859719515,0.570422411,-0.086198375,0.629167676,0.570422411,0.702290076335878,0.515384615384615,501.757342111817,604.641304347826,6,0.625,0.425,220.292631137161,501.48,0.8,0.65,355.032539115283,575.34375,0.7,0.475,415.652161761153,590.142857142857,0,0.388888888888889,0.571428571428571,0.779411764705882,0.225806451612903,3.71428571428571
"92",127,4.442525864,0.020619387,0.13214758,0.98484689,0.701730907,3.763617277,0.815380514,-0.03504185,0.701730907,0.815380514,0.755725190839695,0.623076923076923,343.843882515288,477.343434343434,8,0.75,0.625,240.427275309279,475.033333333333,0.775,0.65,523.634508913165,558.967741935484,0.775,0.65,196.348800894997,404.41935483871,0,0,NA,0.962962962962963,0.0612244897959184,3.25
"93",128,3.207622528,0.175120339,0.111031212,0.858900607,0.797401905,2.919386387,0.451651186,0.306260794,0.797401905,0.451651186,0.748091603053435,0.792307692307692,490.263072851429,482.704081632653,7,0.775,0.8,256.00814419169,317.354838709677,0.725,0.875,306.191925226469,441.931034482759,0.75,0.75,742.825348820687,652.466666666667,0,0.727272727272727,1,0.975,0.5,4.625
"94",129,3.612005949,0.05888813,0.148824528,0.979567409,0.676215351,3.023806572,0.793787777,0.090506852,0.676215351,0.793787777,0.748091603053435,0.576923076923077,307.572979131962,508.459183673469,8,0.775,0.6,180.420780578392,354.483870967742,0.7,0.575,280.938233434488,519.928571428571,0.725,0.475,340.169850359487,642.206896551724,0,0.0476190476190476,1,0.918918918918919,0.125,2.875
"95",130,3.894176245,0.162280619,0.130676746,0.892858565,0.85109365,3.492143631,0.551644564,0.302422374,0.85109365,0.551644564,0.786259541984733,0.776923076923077,211.800489975304,295.941747572816,7,0.725,0.675,72.7127081811322,241.931034482759,0.825,0.8,219.525913946257,315.242424242424,0.825,0.9,84.8682133449482,260.363636363636,0,0.692307692307692,1,0.987012987012987,0.471698113207547,3.85714285714286
"96",131,1.891205311,0.065688878,0.189676553,0.950303793,0.730153501,1.151505113,0.761003375,0.171707273,0.730153501,0.761003375,0.648854961832061,0.569230769230769,553.920370405982,462.494117647059,8,0.5,0.425,467.270754375594,442.8,0.775,0.8,798.991897088389,610.58064516129,0.65,0.475,190.097485112649,358.576923076923,0,0.333333333333333,1,0.785714285714286,0.316666666666667,3.66666666666667
"97",132,3.981360912,0.15746285,0.153168052,0.984763563,0.700752616,3.161664963,0.850010157,0.381138355,0.700752616,0.850010157,0.694656488549618,0.607692307692308,164.98432381965,331.659340659341,6,0.725,0.65,94.8215981091876,322.724137931034,0.675,0.55,250.454771550858,379.148148148148,0.725,0.6,104.714825031037,296.862068965517,0,0.0909090909090909,1,0.970149253731343,0.222222222222222,3.57142857142857
"98",133,1.641238093,0.160745293,0.183016926,0.869706273,0.743923485,1.090854526,0.550364971,0.417561084,0.743923485,0.550364971,0.65891472868217,0.6328125,750.041186917645,832.164705882353,7,0.6,0.7,607.373483873838,594.875,0.6,0.55,1004.35834931591,874.041666666667,0.710526315789474,0.605263157894737,629.187437818677,929.296296296296,0.0128205128205128,0.588235294117647,0.8,0.78125,0.484375,4
"99",134,2.858629942,0.146553487,0.166725382,0.899681807,0.843949974,2.106960058,0.615849495,0.321487844,0.843949974,0.615849495,0.66412213740458,0.676923076923077,299.940776030706,466.862068965517,5,0.675,0.75,385.995730162529,559.62962962963,0.625,0.625,223.053446510024,365.56,0.75,0.7,252.690863336594,486.5,0,0.65,1,0.9375,0.424242424242424,5.33333333333333
"100",135,6.082896709,0.266188979,0.07808578,0.812300205,0.839798748,8.058159828,0.46328184,0.549536288,0.839798748,0.46328184,0.770992366412214,0.9,327.706798438138,364.881188118812,8,0.725,0.85,146.543332416941,256.344827586207,0.775,0.925,171.869367747404,334.290322580645,0.775,0.925,515.707777552324,494.387096774194,0,1,1,1,0.759259259259259,4.77777777777778
"101",136,2.792330265,0.177833229,0.123182274,0.828341424,0.53725493,3.020505428,0.428458244,0.339016348,0.53725493,0.428458244,0.793893129770992,0.823076923076923,186.535061736147,310.028846153846,8,0.875,0.925,179.030606274998,259.571428571429,0.675,0.65,103.58230277076,291.296296296296,0.85,0.95,230.293364793892,369.235294117647,0,0.80952380952381,0.916666666666667,0.952941176470588,0.577777777777778,3.75
"102",137,6.499003887,0.233473539,0.069020562,0.92706424,0.852127433,8.984866142,0.603797078,0.516757607,0.852127433,0.603797078,0.8,0.86046511627907,103.327988771821,162.211538461538,8,0.725,0.825,150.505322885102,209.068965517241,0.825,0.875,66.0645919008837,139.30303030303,0.794871794871795,0.846153846153846,72.4754463427487,137.096774193548,0,0.962962962962963,1,1,0.647058823529412,3.66666666666667
"103",138,3.801515341,0.12940897,0.145577982,0.98528856,0.78615272,2.949222803,0.848483682,0.282598078,0.78615272,0.848483682,0.778625954198473,0.684615384615385,258.851130920908,420.588235294118,8,0.725,0.675,172.847978424164,326.931034482759,0.825,0.7,245.141660498825,387.939393939394,0.825,0.75,289.268575396847,544.606060606061,0,0.0909090909090909,1,0.964285714285714,0.173913043478261,3.11111111111111
"104",139,2.724279165,0.091114402,0.159427017,0.970314622,0.69156754,2.0138731,0.781936646,0.202390566,0.69156754,0.781936646,0.748091603053435,0.646153846153846,292.994220765635,387.5,8,0.65,0.575,207.580156899598,319.192307692308,0.825,0.775,419.008287597939,459.515151515152,0.75,0.6,149.828852553409,329.933333333333,0,0.238095238095238,0.6,0.911392405063291,0.235294117647059,3.625
"105",140,2.930396318,0.095013537,0.152392343,0.948017359,0.880230963,2.271042585,0.689888299,0.152233705,0.880230963,0.689888299,0.740458015267176,0.630769230769231,270.070918680332,561.969072164948,6,0.725,0.525,404.190073806306,659.51724137931,0.7,0.6,197.690688869275,516.142857142857,0.775,0.75,142.938606266083,516.387096774194,0,0.318181818181818,1,0.929577464788732,0.271186440677966,3.85714285714286
"106",141,5.580517769,0.231999591,0.083256088,0.901574492,0.809955835,7.004939079,0.571786642,0.506357312,0.809955835,0.571786642,0.786259541984733,0.869230769230769,256.743563086535,422.621359223301,9,0.775,0.85,201.640716361115,432.612903225806,0.8,0.875,179.273148840425,414.09375,0.775,0.85,381.243139194394,423.741935483871,0,0.956521739130435,1,1,0.630434782608696,3.75
"107",142,5.90215683,0.27682215,0.082151517,0.890310764,0.868210554,6.915636063,0.550644755,0.580684185,0.868210554,0.550644755,0.854961832061069,0.923076923076923,193.080463943476,435.705357142857,8,0.775,0.9,276.211193936658,443.903225806452,0.9,0.925,101.134842409559,405.527777777778,0.85,0.925,204.44091842525,465.176470588235,0,1,1,1,0.782608695652174,3.88888888888889
"108",143,2.907938957,0.181003854,0.159869343,0.856087327,0.872268856,2.047094107,0.564873219,0.444371134,0.872268856,0.564873219,0.692307692307692,0.736434108527132,622.175266642746,617.222222222222,7,0.875,0.9,653.803419174579,593.028571428571,0.5,0.55,776.327223466198,659.2,0.743589743589744,0.82051282051282,518.184926668657,687.758620689655,0.00641025641025641,0.80952380952381,1,0.954545454545455,0.507936507936508,4.75
"109",144,3.339539528,0.11119999,0.153208226,0.983691037,0.823380351,2.412714243,0.845254481,0.238891914,0.823380351,0.845254481,0.66412213740458,0.576923076923077,180.352008859635,256.114942528736,6,0.7,0.65,178.492007735352,252.285714285714,0.65,0.525,134.697267404182,247.923076923077,0.65,0.575,234.517166831048,254.307692307692,0,0.142857142857143,1,0.952380952380952,0.223880597014925,3.85714285714286
"110",145,3.342641354,0.137977332,0.151385322,0.948672473,0.841524303,2.590939045,0.698616505,0.278920054,0.841524303,0.698616505,0.763358778625954,0.707692307692308,335.251530928494,468.87,8,0.725,0.775,257.656179620345,479.275862068966,0.725,0.575,517.602199517943,566.586206896552,0.8,0.725,164.506875530399,410.5625,0,0.4,1,0.951219512195122,0.291666666666667,3.125
"111",146,2.418517113,0.02664916,0.16986376,0.955100775,0.837205768,1.692565203,0.691850305,-0.010686777,0.837205768,0.691850305,0.656488549618321,0.538461538461538,252.343476427981,411.604651162791,6,0.575,0.4,120.399204230953,259.173913043478,0.65,0.475,249.750943634161,439.423076923077,0.725,0.7,287.557584723512,481.689655172414,0,0.235294117647059,1,0.830769230769231,0.246153846153846,4.5
"112",147,1.778010726,0.09579125,0.161826551,0.897645593,0.621851027,1.341366053,0.628521264,0.237672806,0.621851027,0.628521264,0.66412213740458,0.592307692307692,509.150056209403,635.183908045977,7,0.65,0.675,423.663262509272,680,0.7,0.625,282.700843995499,479.285714285714,0.7,0.55,477.480917372649,613.214285714286,0,0.5,0.5,0.794117647058823,0.370967741935484,3.71428571428571
"113",148,3.075143576,0.185670987,0.068814099,0.876167357,0.330787361,4.152418137,0.482116699,0.464330614,0.330787361,0.482116699,0.778625954198473,0.838461538461538,231.562735402529,377.872549019608,8,0.8,0.875,234.049174595922,283.875,0.725,0.825,273.670669725457,432.724137931034,0.85,0.825,181.495326319814,423.852941176471,0,0.904761904761905,0.916666666666667,0.964285714285714,0.608695652173913,4.28571428571429
"114",149,1.290843129,0.125073895,0.176884502,0.87889421,0.324232608,1.263063908,0.548510611,0.2996912,0.324232608,0.548510611,0.592,0.564516129032258,295.170715668704,343.689189189189,6,0.6,0.6,135.799404493796,303.5,0.575,0.575,314.545955470368,283.391304347826,0.558823529411765,0.529411764705882,405.685918325353,429.210526315789,0.0192307692307692,0.588235294117647,0.4,0.678571428571429,0.470588235294118,3.71428571428571
"115",150,2.450469255,0.078279458,0.175432891,0.964198709,0.815672636,1.633382082,0.787546158,0.177324042,0.815672636,0.787546158,0.694656488549618,0.592307692307692,241.553651482578,459.703296703297,6,0.675,0.5,156.516194332469,441.37037037037,0.725,0.625,161.854013465459,327.310344827586,0.725,0.7,286.286410552431,583.137931034483,0,0.333333333333333,0.857142857142857,0.852941176470588,0.306451612903226,4
"116",151,2.982961655,-0.006056651,0.147561923,0.943708897,0.499384582,3.411574602,0.550821483,-0.12839134,0.499384582,0.550821483,0.730769230769231,0.550387596899225,359.296236331984,430.042105263158,7,0.775,0.575,337.669555974858,431.064516129032,0.775,0.675,233.292188384631,305.387096774194,0.692307692307692,0.487179487179487,441.58299158996,547.666666666667,0,0.227272727272727,0.6,0.871428571428571,0.169491525423729,3.5
"117",152,5.644147396,0.210091919,0.086090595,0.923722923,0.858864427,6.638438225,0.617482722,0.49504146,0.858864427,0.617482722,0.816793893129771,0.838461538461538,215.310156719717,444.728971962617,7,0.825,0.85,205.265141729157,423.181818181818,0.8,0.825,177.453208280471,465.1875,0.825,0.825,193.405093787703,420.30303030303,0,0.846153846153846,1,0.9875,0.6,3.625
"118",153,3.399549246,0.171885654,0.143435836,0.891831815,0.852699101,2.845700741,0.557658434,0.345198035,0.852699101,0.557658434,0.847328244274809,0.815384615384615,438.880012482074,575.702702702703,8,0.8,0.775,355.60879052009,532.53125,0.85,0.85,256.515581038478,530.617647058824,0.875,0.825,647.197296947747,691.2,0,0.653846153846154,1,0.976190476190476,0.521739130434783,3.33333333333333
"119",154,2.999837399,0.088505246,0.149555817,0.957082331,0.756346166,2.370081425,0.710716784,0.151676178,0.756346166,0.710716784,0.725190839694656,0.607692307692308,146.300033793632,290.210526315789,6,0.625,0.525,154.998892469161,267.36,0.775,0.625,163.084864773772,264.161290322581,0.75,0.65,136.350899579328,322.533333333333,0,0.318181818181818,1,0.929577464788732,0.220338983050847,4
"120",155,1.617272019,-0.005134993,0.159310773,0.857706428,0.57188797,1.299291134,0.575288057,-0.010693625,0.57188797,0.575288057,0.625954198473282,0.446153846153846,423.936805355775,552.170731707317,6,0.725,0.625,186.163780585726,405.896551724138,0.625,0.35,572.205781748723,748.04,0.525,0.325,427.804427947431,582.857142857143,0,0.6,0.25,0.612903225806452,0.294117647058824,3.71428571428571
"121",156,2.728888035,0.133643597,0.176065728,0.939698756,0.75909245,1.95841229,0.695029914,0.306805193,0.75909245,0.695029914,0.723076923076923,0.682170542635659,206.480255927417,307.106382978723,7,0.725,0.675,238.003052925735,373.896551724138,0.7,0.625,192.628089041631,331.107142857143,0.769230769230769,0.743589743589744,167.447106076317,240.466666666667,0.00641025641025641,0.4,0.714285714285714,0.906666666666667,0.37037037037037,3.33333333333333
"122",157,4.200755596,0.152691558,0.138182357,0.953312516,0.845296383,3.589409828,0.709250331,0.30199793,0.845296383,0.709250331,0.801526717557252,0.761538461538461,288.221926221061,449.076190476191,9,0.725,0.7,180.502848523571,451.275862068966,0.8,0.775,278.191045981923,418.25,0.825,0.75,397.6570539746,463.848484848485,0,0.409090909090909,1,0.988505747126437,0.302325581395349,3.25
"123",158,2.3528409,0.094324365,0.096162446,0.834378779,0.677427053,2.271888971,0.424235016,0.167019427,0.677427053,0.424235016,0.786259541984733,0.707692307692308,1009.08835764522,943.368932038835,8,0.8,0.7,539.028097897114,571.5,0.8,0.85,986.568302309053,1117.78125,0.7,0.525,1406.16410002193,1315.92857142857,0,0.647058823529412,0.666666666666667,0.876543209876543,0.428571428571429,3.77777777777778
"124",159,2.243794441,0.075844295,0.170107469,0.923291504,0.792135,1.607789278,0.602052391,0.122251965,0.792135,0.602052391,0.653846153846154,0.558139534883721,447.56224298363,719.776470588235,7,0.725,0.65,317.476763045568,695.931034482759,0.625,0.575,575.545315331469,779.92,0.615384615384615,0.461538461538462,465.485433075834,757.583333333333,0.00641025641025641,0.375,1,0.797101449275362,0.283333333333333,4.42857142857143
"125",160,3.047199726,0.147668004,0.155411869,0.934565544,0.83207041,2.439528704,0.61203897,0.257956922,0.83207041,0.61203897,0.793893129770992,0.746153846153846,148.232215690396,430.211538461538,8,0.725,0.675,165.868835057553,429.448275862069,0.825,0.8,120.537087213602,401.575757575758,0.825,0.75,90.8744555233574,438.333333333333,0,0.363636363636364,1,0.952941176470588,0.355555555555556,3.625
"126",161,7.242093563,0.231675923,0.059091736,0.921494365,0.845004976,10.66959858,0.563192606,0.467799067,0.845004976,0.563192606,0.793893129770992,0.861538461538462,165.552492301518,360.442307692308,8,0.75,0.825,239.99970306495,361.933333333333,0.8,0.875,107.585056373265,389.8125,0.8,0.85,147.203662817113,359.28125,0,1,1,1,0.660377358490566,3.88888888888889
"127",162,3.470849276,0.220603958,0.121034585,0.808000326,0.849137485,2.91844368,0.422195375,0.470721573,0.849137485,0.422195375,0.755725190839695,0.853846153846154,339.851442983974,411.565656565657,7,0.825,0.875,371.184148837858,455.878787878788,0.7,0.85,159.078609398794,331.178571428571,0.675,0.8,464.454853071114,453.814814814815,0,0.92,1,0.986486486486487,0.678571428571429,5
"128",163,2.584314346,0.068833143,0.08851631,0.868446589,0.776334763,2.23580575,0.502884746,0.161483854,0.776334763,0.502884746,0.732824427480916,0.7,364.514641097668,425.447916666667,8,0.75,0.65,350.850565825723,488.866666666667,0.725,0.875,495.33256480237,386.724137931034,0.725,0.625,220.680937905112,411.827586206897,0,0.722222222222222,0.666666666666667,0.9,0.38,3.875
"129",164,3.975642204,0.162868634,0.078823142,0.871718764,0.872905076,4.022308826,0.471223831,0.304601818,0.872905076,0.471223831,0.786259541984733,0.823076923076923,130.443198888647,293.699029126214,7,0.825,0.9,112.845857256702,288,0.725,0.725,78.6634190557272,244.827586206897,0.825,0.9,172.510957052097,326.969696969697,0,0.958333333333333,1,0.987012987012987,0.584905660377358,4.28571428571429
"130",165,4.305513859,0.17635709,0.074837528,0.867582798,0.756283283,4.965100765,0.4663665,0.343080699,0.756283283,0.4663665,0.786259541984733,0.861538461538462,183.785100235908,240.621359223301,9,0.7,0.8,67.9805839071701,269.785714285714,0.85,0.925,92.5809613411529,181.911764705882,0.775,0.825,294.508049801443,256.483870967742,0,0.956521739130435,0.909090909090909,0.988235294117647,0.622222222222222,4
"131",166,3.857810497,0.124088369,0.093165711,0.893740654,0.837145686,3.650737047,0.555366635,0.270046651,0.837145686,0.555366635,0.748091603053435,0.753846153846154,230.544922949956,322.387755102041,7,0.725,0.725,239.449718078107,334.103448275862,0.75,0.7,246.727966909251,267,0.8,0.85,161.540963420747,328.46875,0,0.791666666666667,1,0.986486486486487,0.446428571428571,4.42857142857143
"132",167,4.964421272,0.134663239,0.078216746,0.882896185,0.858613014,6.494292259,0.46509102,0.214224592,0.858613014,0.46509102,0.801526717557252,0.838461538461538,353.43368227373,506.304761904762,8,0.8,0.85,262.969204317454,478.3125,0.725,0.8,292.161323443498,425.896551724138,0.875,0.9,423.388091034989,555.771428571429,0,0.869565217391304,1,1,0.533333333333333,4.125
"133",168,5.007385254,0.176366284,0.134104356,0.986702025,0.826846778,4.317648411,0.842603505,0.390472889,0.826846778,0.842603505,0.786259541984733,0.715384615384615,175.091654223269,370.970873786408,8,0.775,0.75,150.649125917759,432.677419354839,0.775,0.675,162.020408909575,350.290322580645,0.8,0.7,212.778562674605,342.84375,0,0.125,1,1,0.177777777777778,3.14285714285714
"134",169,3.959611416,0.220868111,0.114927918,0.814849973,0.838474095,3.705983639,0.425881922,0.416448474,0.838474095,0.425881922,0.801526717557252,0.876923076923077,244.451822635348,453.866666666667,8,0.75,0.825,127.985074560844,383.4,0.725,0.925,191.578701881964,463.551724137931,0.875,0.85,357.487403550781,510.857142857143,0,0.884615384615385,1,1,0.692307692307692,4.55555555555556
"135",170,5.909509182,0.270923734,0.081695907,0.886705399,0.819051862,7.513692379,0.546587527,0.578575611,0.819051862,0.546587527,0.847328244274809,0.923076923076923,285.83939666876,432.945945945946,8,0.875,0.925,379.512409424992,537.514285714286,0.825,0.9,164.868496724272,385.393939393939,0.85,0.925,246.767407284031,371.294117647059,0,1,1,1,0.787234042553192,3.88888888888889
"136",171,2.563466072,0.126810193,0.162726134,0.934242964,0.74290657,1.978353262,0.660252869,0.271348089,0.74290657,0.660252869,0.725190839694656,0.661538461538462,266.051171310857,509.136842105263,8,0.675,0.6,267.978190420994,610.185185185185,0.725,0.65,139.610577323112,481.448275862069,0.825,0.775,332.26377744652,462.030303030303,0,0.434782608695652,0.818181818181818,0.9,0.383333333333333,4
"137",172,4.668388367,0.147457331,0.115060106,0.887939453,0.853188574,4.469306469,0.563326776,0.323373646,0.853188574,0.563326776,0.801526717557252,0.792307692307692,86.639793664077,344.6,7,0.75,0.75,77.3652035003055,369.933333333333,0.85,0.85,82.6181215635843,313.941176470588,0.775,0.75,91.6624124134989,343.741935483871,0,0.769230769230769,1,1,0.480769230769231,4
"138",173,4.98818922,0.166393384,0.122808777,0.97557801,0.838549316,4.575849056,0.77794534,0.338141531,0.838549316,0.77794534,0.778625954198473,0.707692307692308,285.379409892794,432.833333333333,8,0.7,0.8,348.272811253191,560.107142857143,0.8,0.65,238.051896957704,394.9375,0.8,0.65,276.694178375285,387.40625,0,0.227272727272727,1,1,0.191489361702128,3.125
"139",174,2.957504272,0.183368236,0.096113428,0.848593533,0.630044639,3.121576309,0.463796526,0.378970742,0.630044639,0.463796526,0.770992366412214,0.807692307692308,465.036525979465,441.455445544554,7,0.775,0.775,721.956849453704,635.677419354839,0.725,0.8,258.274703871863,424.413793103448,0.8,0.85,151.532760218228,236.375,0,0.875,0.866666666666667,0.96,0.6,4
"140",175,3.453083277,0.120919481,0.100576088,0.834699094,0.861212671,3.07619071,0.480053455,0.266965866,0.861212671,0.480053455,0.740458015267176,0.769230769230769,182.945052944613,321.422680412371,9,0.7,0.6,208.85044394616,425.714285714286,0.75,0.825,200.951784118056,290.366666666667,0.8,0.9,113.765813328337,278.28125,0,0.826086956521739,1,0.972602739726027,0.508771929824561,4.625
"141",176,4.651852608,0.090559125,0.122457862,0.985880554,0.736766994,3.978590965,0.832346082,0.157689497,0.736766994,0.832346082,0.761538461538461,0.666666666666667,207.546144712728,340.161616161616,8,0.775,0.7,221.767227573883,326.354838709677,0.8,0.625,267.652639598176,389.75,0.794871794871795,0.717948717948718,113.153278857172,306.741935483871,0.00641025641025641,0.0909090909090909,NA,0.98780487804878,0.106382978723404,3.57142857142857
"142",177,4.388738155,0.177193955,0.109623924,0.924847782,0.889304996,4.050242901,0.561055541,0.277618647,0.889304996,0.561055541,0.763358778625954,0.776923076923077,288.668088036252,535.74,8,0.725,0.85,312.408260425786,510.275862068966,0.75,0.65,152.982697541671,541.466666666667,0.85,0.85,311.12991852795,513.147058823529,0,0.62962962962963,1,1,0.472727272727273,4.125
"143",178,3.568071365,0.139496624,0.135646209,0.947019756,0.780411959,3.111641645,0.667313457,0.263342053,0.780411959,0.667313457,0.778625954198473,0.707692307692308,176.961107441393,423.117647058824,7,0.725,0.675,218.786577518967,410.931034482759,0.8,0.725,174.318662132722,460.8125,0.85,0.825,122.111357378063,389.705882352941,0,0.423076923076923,1,0.973684210526316,0.333333333333333,3.42857142857143
"144",179,4.571408749,0.205000147,0.149151504,0.992252052,0.819365621,3.410997152,0.899087608,0.506231725,0.819365621,0.899087608,0.67175572519084,0.669230769230769,376.455762810436,427.465909090909,8,0.725,0.65,572.630620545397,507.448275862069,0.75,0.625,269.678531486708,403.8,0.575,0.725,177.365804084378,377.086956521739,0,0.173913043478261,1,1,0.328125,3.71428571428571
"145",181,2.786585808,0.034730446,0.151237458,0.947512805,0.613674462,2.303202629,0.731931925,0.071852669,0.613674462,0.731931925,0.763358778625954,0.630769230769231,387.779907898407,595.66,8,0.725,0.675,284.880815109993,570.310344827586,0.7,0.525,314.729671103657,530.892857142857,0.825,0.65,530.904563271997,633.30303030303,0,0.318181818181818,0.5,0.8875,0.22,3.33333333333333
"146",182,4.199831009,0.215745315,0.092679136,0.865234256,0.82114327,4.600285053,0.523277462,0.48035869,0.82114327,0.523277462,0.801526717557252,0.876923076923077,181.240231769112,341.838095238095,8,0.7,0.8,199.700927182275,289.357142857143,0.8,0.875,203.774701649292,379.75,0.85,0.925,161.822783286937,361.411764705882,0,1,1,0.988372093023256,0.659090909090909,4
"147",183,2.21300602,0.118031725,0.16403152,0.911816895,0.864501297,1.539346457,0.643506765,0.283039063,0.864501297,0.643506765,0.748091603053435,0.646153846153846,215.538812507245,369.622448979592,8,0.725,0.725,120.847428542033,336.379310344828,0.775,0.65,230.979778475338,369.516129032258,0.75,0.575,278.29427284594,420.766666666667,0,0.521739130434783,0.909090909090909,0.851351351351351,0.375,3
"148",184,4.386594296,0.228384301,0.154809386,0.958504498,0.84044075,3.408824921,0.669834435,0.441499501,0.84044075,0.669834435,0.755725190839695,0.753846153846154,126.173011941881,364.939393939394,7,0.775,0.7,97.8929193349242,361.096774193548,0.7,0.75,132.930318500783,371.107142857143,0.8,0.85,150.539644199814,366.40625,0,0.521739130434783,1,1,0.418181818181818,4.57142857142857
"149",185,3.52028203,0.10525094,0.131842256,0.957698464,0.765329421,3.045623302,0.694068134,0.17515403,0.765329421,0.694068134,0.793893129770992,0.723076923076923,138.135249595213,335.951923076923,8,0.75,0.7,140.204403328297,287.633333333333,0.8,0.675,126.855005972656,371.46875,0.8,0.775,139.166698457919,348.28125,0,0.272727272727273,1,0.964705882352941,0.266666666666667,3.25
"150",188,2.946861744,0.17625533,0.175159305,0.921340644,0.569853365,2.497770548,0.639624596,0.419584572,0.569853365,0.639624596,0.746153846153846,0.736434108527132,222.655204758805,417.185567010309,7,0.8,0.825,195.198482526492,443.4375,0.725,0.75,127.030386962422,293.827586206897,0.769230769230769,0.692307692307692,182.447485752671,446.133333333333,0.00641025641025641,0.523809523809524,1,0.935897435897436,0.431372549019608,3.875
"151",189,2.231729269,0.045769524,0.165581763,0.940092802,0.655506849,1.57802403,0.758101702,0.122362606,0.655506849,0.758101702,0.633587786259542,0.530769230769231,196.773370479857,250.855421686747,7,0.6,0.5,162.641777615983,254,0.7,0.575,234.179630212257,268.892857142857,0.6,0.525,203.158211889087,222.291666666667,0,0.368421052631579,0.4,0.793650793650794,0.283582089552239,3.71428571428571
"152",190,4.029210091,0.194144949,0.144632891,0.903243482,0.663891017,3.798696041,0.623555779,0.453396976,0.663891017,0.623555779,0.801526717557252,0.823076923076923,78.008503105601,191.980952380952,9,0.8,0.75,50.1987983405849,198.125,0.75,0.825,78.6166312725474,177.333333333333,0.825,0.85,68.9178254638571,172.333333333333,0,0.652173913043478,0.9,0.988372093023256,0.5,3.33333333333333
"153",191,2.328987598,0.03999541,0.179232135,0.952984095,0.701424778,1.575837493,0.751218438,0.072980575,0.701424778,0.751218438,0.633587786259542,0.5,320.39660397356,448.469879518072,6,0.625,0.65,383.579730955638,506.08,0.65,0.475,212.899745275708,400.307692307692,0.625,0.375,344.869960999795,431.96,0,0.294117647058824,0.75,0.786885245901639,0.246376811594203,4
"154",193,2.879755497,0.188253731,0.200738743,0.959344268,0.82562083,1.868075371,0.738730609,0.473519146,0.82562083,0.738730609,0.709923664122137,0.707692307692308,233.849399418147,424.623655913978,7,0.725,0.7,266.491527051326,426.344827586207,0.675,0.65,256.642572961717,465.777777777778,0.75,0.8,146.49505111095,353.4,0,0.291666666666667,1,0.942028985507246,0.442622950819672,3.125
"155",194,2.725301027,0.109299414,0.115165293,0.895556331,0.678070486,2.3568573,0.581328392,0.264547229,0.678070486,0.581328392,0.770992366412214,0.738461538461539,316.254103561996,421.891089108911,8,0.8,0.775,272.72575547904,445.78125,0.75,0.7,449.996716463116,476.3,0.8,0.825,219.8981046105,370.28125,0,0.631578947368421,0.857142857142857,0.916666666666667,0.41304347826087,3.375
"156",195,3.536893845,0.14660947,0.147712395,0.914819837,0.627586126,3.251996994,0.637006998,0.331784159,0.627586126,0.637006998,0.717557251908397,0.7,223.661830939211,183.797872340426,8,0.65,0.65,390.247852209139,270.115384615385,0.725,0.725,73.046108658489,148.655172413793,0.8,0.7,113.277950869645,151.90625,0,0.521739130434783,0.857142857142857,0.971830985915493,0.372881355932203,4
"157",196,2.025140524,0.040166818,0.132996947,0.883207798,0.359178573,2.148814201,0.609225512,0.124422267,0.359178573,0.609225512,0.684615384615385,0.550387596899225,391.473745038076,462.011235955056,6,0.775,0.6,230.298842787469,490.903225806452,0.625,0.65,612.652326636677,515.04,0.692307692307692,0.461538461538462,316.127165260097,405.333333333333,0.00641025641025641,0.388888888888889,0.285714285714286,0.776119402985075,0.306451612903226,4
"158",197,2.921444893,0.149737269,0.179194748,0.972794056,0.664906204,2.132317305,0.787672877,0.368817955,0.664906204,0.787672877,0.67175572519084,0.630769230769231,228.538794668994,365.204545454545,7,0.725,0.725,192.963988830097,341.379310344828,0.65,0.55,220.136517083936,352.615384615385,0.675,0.65,241.180631200138,390.407407407407,0,0.227272727272727,0.8,0.938461538461538,0.323076923076923,3.375
"159",198,4.4746418,0.229396194,0.134272218,0.913422585,0.802410245,3.820432901,0.619112432,0.506451428,0.802410245,0.619112432,0.740458015267176,0.8,99.9319581659771,210.453608247423,7,0.775,0.875,94.6628198521763,216.129032258065,0.75,0.8,88.0860081260708,188.6,0.725,0.75,110.118644032456,208.48275862069,0,0.736842105263158,1,0.975,0.52,4.75
"160",199,3.639950275,0.289180934,0.162637621,0.872004569,0.725457072,2.796640158,0.625522852,0.80272615,0.725457072,0.625522852,0.725190839694656,0.846153846153846,128.719098314883,166.010526315789,8,0.725,0.85,140.238194624457,185.586206896552,0.75,0.85,137.623044214443,157.966666666667,0.8,0.875,111.48347194149,146.625,0,0.91304347826087,1,0.985714285714286,0.683333333333333,4
"161",200,4.004693985,0.15453434,0.138842911,0.984368443,0.820527911,3.133743048,0.825871706,0.321381718,0.820527911,0.825871706,0.778625954198473,0.707692307692308,178.211100306823,399.823529411765,8,0.825,0.7,121.761044238046,382.757575757576,0.775,0.75,153.421746366232,415.032258064516,0.75,0.725,239.209291327639,436.533333333333,0,0.227272727272727,1,0.987951807228916,0.212765957446809,3.14285714285714
"162",201,3.83792901,0.220613986,0.119166747,0.895092368,0.538861871,4.50314045,0.589549363,0.517804921,0.538861871,0.589549363,0.778625954198473,0.815384615384615,423.449311435814,417.21568627451,8,0.75,0.825,698.734902783463,519.533333333333,0.8,0.875,212.922935381068,406.21875,0.75,0.75,240.462820028569,375.666666666667,0,0.75,0.928571428571429,0.986842105263158,0.574074074074074,3.66666666666667
"163",202,7.784716606,0.235320821,0.055319346,0.932119846,0.839370191,11.47980118,0.576301098,0.482001066,0.839370191,0.576301098,0.816793893129771,0.884615384615385,180.139267525049,213.644859813084,8,0.8,0.875,137.952539758449,167.75,0.85,0.9,198.081394530582,256.058823529412,0.75,0.85,205.455985721919,205.9,0,0.96551724137931,1,1,0.7,3.77777777777778
"164",204,4.846254826,0.244860321,0.145599067,0.891488969,0.846799731,4.590900898,0.609749556,0.568342507,0.846799731,0.609749556,0.778625954198473,0.846153846153846,120.219418969401,281.362745098039,7,0.775,0.775,52.2643199495119,270.677419354839,0.775,0.875,153.794402627566,258.41935483871,0.825,0.9,128.510574673956,298.30303030303,0,0.791666666666667,1,1,0.62962962962963,4.42857142857143
"165",205,2.763459444,0.103740208,0.143946573,0.908035755,0.765595436,2.172335625,0.616322041,0.212227151,0.765595436,0.616322041,0.732824427480916,0.7,225.719713439229,337.979166666667,8,0.65,0.675,208.085500178689,316.153846153846,0.725,0.675,176.230829932561,287.344827586207,0.8,0.775,248.846838420615,406.34375,0,0.55,1,0.91358024691358,0.346938775510204,3.75
"166",206,3.603910446,-0.124337234,0.223367974,0.958070219,0.461646438,2.331472874,0.777801275,-0.389207572,0.461646438,0.777801275,0.67175572519084,0.376923076923077,364.451893040286,588.613636363636,6,0.7,0.325,291.429742774386,514.464285714286,0.625,0.35,276.290499293769,571.76,0.725,0.525,481.623511569516,711.275862068965,0,0,NA,0.696969696969697,0.046875,3.33333333333333
"167",207,4.880337715,0.077360272,0.092087768,0.882120907,0.850944698,5.556784153,0.461105525,0.085323095,0.850944698,0.461105525,0.793893129770992,0.746153846153846,347.469058669454,661.721153846154,8,0.775,0.7,254.744198072523,645.161290322581,0.775,0.825,346.404164468746,640.612903225806,0.825,0.725,451.439083611644,714.060606060606,0,0.653846153846154,1,1,0.377358490566038,3.88888888888889
"168",208,4.136246681,0.14525114,0.138651028,0.988742173,0.725306451,3.278849125,0.879408777,0.342665881,0.725306451,0.879408777,0.767441860465116,0.6953125,316.199911518847,472.272727272727,8,0.8,0.725,184.220841786121,437.6875,0.775,0.65,422.145036993288,500.967741935484,0.842105263157895,0.763157894736842,87.2244913723278,424.21875,0.0128205128205128,0.0952380952380952,1,0.98780487804878,0.173913043478261,3.125
"169",209,5.883563519,0.263651371,0.091782913,0.90545392,0.867425323,7.446380615,0.617262661,0.611118138,0.867425323,0.617262661,0.83206106870229,0.892307692307692,203.542161025633,364.587155963303,8,0.775,0.85,223.869071759193,302.806451612903,0.85,0.9,197.912726764425,388.647058823529,0.85,0.9,130.065515508226,345.852941176471,0,0.961538461538462,1,1,0.714285714285714,3.66666666666667
"170",210,5.152443409,0.193600103,0.106780164,0.925904214,0.742181122,6.234267235,0.622491241,0.421343058,0.742181122,0.622491241,0.824427480916031,0.823076923076923,148.694879196771,240.601851851852,8,0.85,0.825,104.809720637482,235.794117647059,0.775,0.75,95.1779657341463,245.612903225806,0.85,0.875,227.755646650319,240.823529411765,0,0.714285714285714,1,1,0.530612244897959,3.55555555555556
"171",212,5.028077126,0.165989563,0.126217499,0.949606061,0.812395096,4.878450871,0.700595796,0.352066904,0.812395096,0.700595796,0.740458015267176,0.676923076923077,125.471425465113,194.237113402062,7,0.775,0.725,134.737754046857,170.935483870968,0.7,0.625,119.785715863235,225.107142857143,0.8,0.725,120.104792953165,200.25,0,0.391304347826087,1,1,0.275862068965517,4.28571428571429
"172",213,2.153218746,-0.077400915,0.164757967,0.892056644,0.635631323,1.655372858,0.562221825,-0.227882907,0.635631323,0.562221825,0.66412213740458,0.453846153846154,392.538894226232,466.275862068966,7,0.7,0.5,620.290914638502,609.178571428571,0.625,0.4,167.791457867596,387.84,0.65,0.425,222.044361472068,414.461538461538,0,0.4,0.666666666666667,0.707692307692308,0.2,3.75
"173",214,2.373741388,-0.042718306,0.151683733,0.893089473,0.576195061,2.208587408,0.484631598,-0.189186335,0.576195061,0.484631598,0.694656488549618,0.484615384615385,327.383577531932,396.461538461538,7,0.725,0.525,429.711204429001,441.172413793103,0.7,0.55,333.287758789203,393.285714285714,0.675,0.45,136.322309545327,327.814814814815,0,0.266666666666667,0.666666666666667,0.716216216216216,0.178571428571429,3.71428571428571
"174",215,4.154522419,0.157104373,0.125550151,0.799576283,0.82810986,4.16805172,0.413888782,0.250088245,0.82810986,0.413888782,0.748091603053435,0.807692307692308,250.683330373357,449.30612244898,8,0.75,0.825,331.96893636701,501.733333333333,0.775,0.825,236.087413189832,441,0.775,0.825,184.439581271984,416.677419354839,0,0.84,1,1,0.56140350877193,5
"175",217,3.448000431,0.088175237,0.096768022,0.905050576,0.853522658,3.163053036,0.532729149,0.137614265,0.853522658,0.532729149,0.744186046511628,0.6953125,568.167376731942,609.645833333333,8,0.7,0.65,445.84439090278,564.535714285714,0.675,0.625,652.21961152086,705.037037037037,0.815789473684211,0.763157894736842,656.879326408105,573.870967741935,0.0128205128205128,0.608695652173913,1,0.945945945945946,0.351851851851852,3.75
"176",218,5.362130642,0.291664958,0.110504344,0.891103983,0.810404658,5.699502945,0.594438732,0.674145937,0.810404658,0.594438732,0.801526717557252,0.892307692307692,265.239586214498,553.780952380952,8,0.775,0.875,194.891737247406,539.548387096774,0.825,0.9,235.384457437254,516.969696969697,0.75,0.875,307.447863069085,631.533333333333,0,0.928571428571429,1,1,0.730769230769231,4.125
"177",219,1.723498464,-0.043546062,0.224874482,0.907021999,0.469759434,1.146085978,0.624525607,-0.124336295,0.469759434,0.624525607,0.607692307692308,0.434108527131783,316.26950512209,508.101265822785,7,0.6,0.325,328.963036446082,643.375,0.65,0.375,376.279797695606,460.615384615385,0.58974358974359,0.58974358974359,212.695174261548,454.652173913043,0.00641025641025641,0.5,0,0.6,0.289855072463768,3.83333333333333
"178",220,3.979809284,0.13675715,0.120998852,0.913971782,0.863344312,3.446911335,0.608538985,0.275182188,0.863344312,0.608538985,0.755725190839695,0.723076923076923,190.614113485178,355.787878787879,7,0.8,0.7,191.701380680575,368.75,0.7,0.65,218.097873762406,353.642857142857,0.825,0.825,160.866986979927,338,0,0.636363636363636,1,0.986486486486487,0.375,4.57142857142857
"179",221,3.327831745,0.115507655,0.137844652,0.942999482,0.522249877,3.357590199,0.668561935,0.248740569,0.522249877,0.668561935,0.705426356589147,0.6484375,692.899733570046,840.736263736264,7,0.725,0.75,499.398532325306,710.413793103448,0.7,0.575,312.022000564029,636.392857142857,0.710526315789474,0.605263157894737,829.65622235565,1053.2962962963,0.0128205128205128,0.304347826086957,0.6,0.955882352941177,0.3,3.625
"180",300,5.706511021,0.27494809,0.092510849,0.839739561,0.853062987,7.068829536,0.520809948,0.624785304,0.853062987,0.520809948,0.801526717557252,0.915384615384615,109.090611596331,305.6,7,0.75,0.875,105.880376005134,291.966666666667,0.825,0.925,51.7691188515573,284.333333333333,0.825,0.95,143.770163276268,352.878787878788,0,1,1,1,0.788461538461538,4.5
"181",301,4.595963001,0.263901502,0.178815022,0.935302317,0.822948039,3.383687019,0.701481342,0.680103898,0.822948039,0.701481342,0.730769230769231,0.806201550387597,67.296494270485,257.968421052632,7,0.675,0.775,53.3052276371398,236.296296296296,0.65,0.75,73.070134907393,270.730769230769,0.794871794871795,0.846153846153846,77.9319526722629,267.451612903226,0.00641025641025641,0.608695652173913,1,1,0.56140350877193,3.625
"182",302,3.063025475,0.109741062,0.149821863,0.964253426,0.706160963,2.400856018,0.740105391,0.212680399,0.706160963,0.740105391,0.702290076335878,0.623076923076923,304.192024459656,488.619565217391,6,0.625,0.55,448.978377356119,590.8,0.75,0.65,203.65063616202,423.733333333333,0.725,0.625,146.198352001925,422.620689655172,0,0.391304347826087,0.666666666666667,0.942028985507246,0.262295081967213,4.14285714285714
"183",303,4.308462143,0.196307287,0.120562159,0.957264185,0.865896761,3.58866787,0.651519656,0.334951699,0.865896761,0.651519656,0.748091603053435,0.723076923076923,159.682365388656,184.530612244898,8,0.825,0.725,210.243960025663,189.909090909091,0.725,0.75,120.640868746137,162.172413793103,0.8,0.675,140.184900940197,200.25,0,0.583333333333333,1,1,0.368421052631579,3.88888888888889
"184",304,5.273210049,0.214782,0.06512703,0.804839373,0.876552761,6.280799389,0.403871208,0.411697447,0.876552761,0.403871208,0.807692307692308,0.906976744186046,110.429487057224,186.295238095238,7,0.85,0.9,80.8123031613751,184.911764705882,0.8,0.9,101.396379651601,179.5,0.82051282051282,0.948717948717949,123.97342570994,184.59375,0.00641025641025641,1,1,1,0.764705882352941,4.75
"185",305,4.318507195,0.247932523,0.082443103,0.828450501,0.702338398,4.8026824,0.472242534,0.534682333,0.702338398,0.472242534,0.740458015267176,0.876923076923077,114.459134501316,188.659793814433,8,0.75,0.85,118.061818990935,202.4,0.725,0.875,88.1815888427819,167.724137931034,0.8,0.95,93.4243699642968,181.375,0,1,0.9375,0.986486486486487,0.732142857142857,4.875
"186",306,4.555828094,0.087734617,0.110087924,0.939384401,0.802844703,4.319745541,0.640060365,0.136675984,0.802844703,0.640060365,0.744186046511628,0.6328125,406.578729212739,456.989583333333,7,0.7,0.625,143.873456303001,377.642857142857,0.7,0.55,599.871983697686,464.785714285714,0.789473684210526,0.684210526315789,404.692363648491,511.233333333333,0.0128205128205128,0.363636363636364,1,0.985915492957746,0.192982456140351,3.85714285714286
"187",308,2.743829489,0.108265929,0.144030735,0.884370387,0.709150612,2.318248749,0.549124241,0.200402632,0.709150612,0.549124241,0.702290076335878,0.646153846153846,285.489268924083,376.358695652174,6,0.8,0.75,98.9304038119076,330.53125,0.7,0.6,470.936380070678,451.5,0.625,0.6,179.849585302089,341.96,0,0.588235294117647,0.8,0.91044776119403,0.365079365079365,4.57142857142857
"188",309,3.51943469,0.141990796,0.148425445,0.972652435,0.71464318,2.853727102,0.790664971,0.318404377,0.71464318,0.790664971,0.740458015267176,0.653846153846154,100.023649480143,279.536082474227,7,0.725,0.675,122.302509953339,305.758620689655,0.675,0.575,92.3779860556199,251.666666666667,0.75,0.625,78.4002111186461,263.4,0,0.291666666666667,0.833333333333333,0.958904109589041,0.263157894736842,3.375
"189",310,4.931427002,0.10275007,0.073388934,0.890910745,0.854640603,6.015759468,0.455842912,0.147464186,0.854640603,0.455842912,0.801526717557252,0.8,198.537827288577,406.219047619048,7,0.8,0.825,177.866406803969,398.15625,0.75,0.7,144.832241441329,382.366666666667,0.825,0.85,270.689408144867,455.545454545455,0,0.807692307692308,1,1,0.490196078431373,4.25
"190",311,8.157180786,0.233305931,0.054687407,0.936340213,0.831125855,12.00415325,0.584074259,0.474502981,0.831125855,0.584074259,0.786259541984733,0.853846153846154,185.29535901971,412.495145631068,9,0.8,0.85,186.361616803842,360.84375,0.75,0.825,127.853364283544,408,0.8,0.875,217.782369080369,490.46875,0,1,1,1,0.641509433962264,4
"191",312,3.914630413,0.145634323,0.108808115,0.862660944,0.840386152,3.825094223,0.492297113,0.265673399,0.840386152,0.492297113,0.748091603053435,0.784615384615385,183.558513439423,398.234693877551,7,0.825,0.85,135.408976471617,379.818181818182,0.675,0.725,238.737425647003,403.407407407407,0.775,0.775,189.375725982497,406.967741935484,0,0.782608695652174,0.909090909090909,0.986486486486487,0.517857142857143,4.57142857142857
"192",313,4.962286949,0.179234922,0.138069183,0.97711277,0.819497049,4.675804615,0.790296078,0.392187744,0.819497049,0.790296078,0.770992366412214,0.692307692307692,1030.17900991781,1048.49504950495,8,0.725,0.725,916.08255296254,999.379310344828,0.75,0.6,1181.14885433291,1146.93333333333,0.8,0.725,906.560968338322,891.71875,0,0.24,1,1,0.272727272727273,3.22222222222222
"193",314,2.347944021,0.096331462,0.093508817,0.802890003,0.84985429,2.133895874,0.397880882,0.170448154,0.84985429,0.397880882,0.725190839694656,0.707692307692308,126.563790465958,275.105263157895,6,0.675,0.8,167.909273765698,302.703703703704,0.75,0.625,133.798716554846,258.2,0.75,0.75,86.2582063395683,272.066666666667,0,0.736842105263158,1,0.9,0.483333333333333,4.71428571428571
"194",315,4.023052216,0.20677349,0.118208803,0.907815039,0.833836615,3.881257534,0.616737127,0.475110412,0.833836615,0.616737127,0.740458015267176,0.784615384615385,176.041070628731,282.824742268041,8,0.775,0.85,267.993159116671,335,0.675,0.75,107.803609557464,256.814814814815,0.75,0.75,84.6966527585698,261.833333333333,0,0.739130434782609,1,0.986111111111111,0.53448275862069,3.75
"195",316,4.921286583,0.231643066,0.157282501,0.928763866,0.778693438,4.513207436,0.684109628,0.560916781,0.778693438,0.684109628,0.755725190839695,0.807692307692308,282.68540999222,317.858585858586,8,0.825,0.9,403.861519451828,322.575757575758,0.7,0.8,259.724813670121,361.357142857143,0.725,0.75,117.514897913103,247.413793103448,0,0.619047619047619,1,1,0.479166666666667,4
"196",317,3.375295639,0.123525523,0.158998922,0.96853137,0.841630459,2.5727911,0.764281034,0.243859723,0.841630459,0.764281034,0.740458015267176,0.638461538461538,159.89708553916,314.721649484536,7,0.725,0.725,117.261696298148,273.655172413793,0.725,0.525,223.663127451265,353.137931034483,0.75,0.625,113.711092878743,305.833333333333,0,0.260869565217391,1,0.944444444444444,0.258620689655172,3.25
"197",318,3.006070852,0.194175526,0.169070721,0.919429302,0.864739537,2.143188477,0.664811015,0.472682863,0.864739537,0.664811015,0.713178294573643,0.6953125,179.080218887911,441.478260869565,7,0.775,0.75,178.509931653465,452.935483870968,0.625,0.7,179.244925544165,415.92,0.710526315789474,0.631578947368421,177.905077286222,438.296296296296,0.00641025641025641,0.473684210526316,0.875,0.91304347826087,0.440677966101695,3.57142857142857
"198",319,3.209105015,0.21256873,0.190066621,0.953764856,0.85664022,2.000727177,0.781112969,0.585860908,0.85664022,0.781112969,0.684615384615385,0.705426356589147,256.303051261201,361.202247191011,7,0.625,0.8,189.896138279148,332.28,0.675,0.65,363.960624494376,435.518518518519,0.717948717948718,0.666666666666667,191.019971808263,340.5,0.00641025641025641,0.571428571428571,1,0.969230769230769,0.4375,4.28571428571429
"199",320,2.974751472,0.246737152,0.091499098,0.886801958,0.626180649,2.838855505,0.538493276,0.59301883,0.626180649,0.538493276,0.748091603053435,0.823076923076923,213.016381906783,360.020408163265,7,0.75,0.825,296.111504316374,339.666666666667,0.65,0.775,199.981710702216,384.269230769231,0.825,0.85,147.996647177419,367.151515151515,0,0.956521739130435,0.928571428571429,0.959459459459459,0.642857142857143,3.71428571428571
"200",321,3.627633572,0.121676601,0.142120004,0.974759579,0.774490356,2.961601019,0.794933915,0.252751648,0.774490356,0.794933915,0.732824427480916,0.638461538461538,582.081439767607,643.697916666667,8,0.7,0.625,254.805712373567,467.892857142857,0.7,0.6,764.775606852088,675.607142857143,0.75,0.65,633.292680788457,862.366666666667,0,0.227272727272727,0.8,0.972222222222222,0.224137931034483,3.625
"201",322,3.03435564,-0.041600402,0.158559769,0.946366191,0.78769058,2.250581264,0.712281883,-0.173528388,0.78769058,0.712281883,0.687022900763359,0.469230769230769,152.283603041515,280.455555555556,6,0.65,0.375,229.121089920055,302.076923076923,0.65,0.45,137.1139896358,290.384615384615,0.725,0.55,86.0781807543029,264.103448275862,0,0.1,1,0.805970149253731,0.111111111111111,3.28571428571429
"202",323,5.278487682,0.130505487,0.115957387,0.984146476,0.814946234,4.850991249,0.81171751,0.250156522,0.814946234,0.81171751,0.725190839694656,0.615384615384615,151.259075597889,284.105263157895,9,0.75,0.575,102.463921320696,261.2,0.65,0.625,149.605887379012,304.192307692308,0.775,0.625,178.342246787595,283.903225806452,0,0.173913043478261,1,1,0.12280701754386,3.75
"203",325,4.263964653,0.098387606,0.082998924,0.756710649,0.79895407,5.352626801,0.321505129,0.092806727,0.79895407,0.321505129,0.748091603053435,0.823076923076923,275.407027738645,459,8,0.7,0.8,136.153294402741,363.357142857143,0.725,0.825,398.214438357346,533.103448275862,0.825,0.875,243.278565079772,484.909090909091,0,0.884615384615385,1,1,0.589285714285714,5
"204",326,3.557803869,0.230118826,0.168430313,0.827659786,0.845468581,2.672315836,0.401872069,0.428990126,0.845468581,0.401872069,0.725190839694656,0.807692307692308,151.312927457232,290.610526315789,6,0.65,0.775,151.626058243501,294.307692307692,0.825,0.775,182.81894607905,318.272727272727,0.65,0.85,88.2761837382236,233.730769230769,0,0.782608695652174,1,0.985714285714286,0.6,5.71428571428571
"205",328,2.445819855,0.242962494,0.200534075,0.856522977,0.728217781,1.559712529,0.588244855,0.701311111,0.728217781,0.588244855,0.67175572519084,0.769230769230769,209.108332067926,391.125,6,0.725,0.75,184.965813643356,394.068965517241,0.6,0.725,280.265450646502,439.125,0.7,0.825,173.530576876558,362.75,0,0.761904761904762,0.857142857142857,0.90625,0.636363636363636,4
"206",329,3.777499199,0.196024418,0.165319249,0.947118938,0.827755153,2.854326487,0.701613665,0.442485839,0.827755153,0.701613665,0.694656488549618,0.692307692307692,149.952828561687,372.714285714286,7,0.7,0.725,88.3683593330607,359.678571428571,0.65,0.6,208.530093751478,389,0.675,0.7,159.752648904201,390.296296296296,0,0.416666666666667,0.857142857142857,0.970588235294118,0.387096774193548,4.25
"207",330,6.589993,0.248970672,0.068094276,0.904710531,0.849507809,9.10033989,0.551171422,0.507691503,0.849507809,0.551171422,0.83969465648855,0.907692307692308,106.84225977453,313.081818181818,8,0.8,0.875,117.939872426862,324.15625,0.85,0.9,118.600623283089,294.794117647059,0.825,0.925,86.7322813972032,318.363636363636,0,1,1,1,0.75,3.88888888888889
"208",331,1.81866014,-0.04201258,0.249173269,0.927714348,0.764381766,0.789050162,0.690542877,-0.105175316,0.764381766,0.690542877,0.587786259541985,0.407692307692308,390.072445818739,478.987012987013,6,0.575,0.375,92.6452710345179,345.652173913043,0.65,0.4,559.282232316221,567.846153846154,0.5,0.4,282.061508782822,458.2,0,0.214285714285714,0.6,0.578947368421053,0.273972602739726,3.83333333333333
"209",332,3.806310654,0.172275007,0.119025536,0.869450569,0.891634285,3.274651527,0.52441752,0.369193673,0.891634285,0.52441752,0.809160305343511,0.823076923076923,310.398408448972,457.905660377359,7,0.725,0.675,124.592597175498,376.379310344828,0.8,0.825,201.717744353581,411.625,0.875,0.95,470.209098847157,573.142857142857,0,0.8,1,0.987341772151899,0.568627450980392,3.75
"210",333,3.264505625,0.23023352,0.108329125,0.839970708,0.695566714,3.078270197,0.496650577,0.542259157,0.695566714,0.496650577,0.755725190839695,0.830769230769231,113.876768339056,225.666666666667,8,0.75,0.875,101.366417391129,196.766666666667,0.8,0.875,101.400435832874,202.375,0.7,0.75,125.866031702394,269.964285714286,0,0.92,0.933333333333333,0.972972972972973,0.642857142857143,4.28571428571429
"211",334,1.844966173,0.059300032,0.204105392,0.95254463,0.739136159,1.073236465,0.753349721,0.159549162,0.739136159,0.753349721,0.641221374045801,0.523076923076923,407.337944750431,553.440476190476,6,0.625,0.425,636.076968613076,658.08,0.55,0.5,329.068766744511,555.590909090909,0.7,0.625,211.36763028495,466.857142857143,0,0.214285714285714,0.8,0.761904761904762,0.298507462686567,3.16666666666667
"212",335,5.757844925,0.263383776,0.113935195,0.906736434,0.843865812,6.545092106,0.657296479,0.650330305,0.843865812,0.657296479,0.740458015267176,0.830769230769231,89.8095792443934,169.773195876289,8,0.75,0.825,99.6625109655282,162.066666666667,0.825,0.9,92.6930520262408,159.424242424242,0.75,0.85,78.7442316807302,187.633333333333,0,0.96,1,1,0.620689655172414,4.125
"213",337,3.372209311,0.195522308,0.185349956,0.949201763,0.60441649,2.719876051,0.693726897,0.463971674,0.60441649,0.693726897,0.682170542635659,0.6953125,529.707832242629,471.806818181818,7,0.6,0.7,222.125356303695,346.75,0.75,0.725,636.554414789895,560.833333333333,0.631578947368421,0.631578947368421,660.129465508005,449.958333333333,0.0128205128205128,0.428571428571429,0.714285714285714,0.953846153846154,0.428571428571429,4.25
"214",338,2.474753618,0.154732525,0.160612702,0.888967991,0.801064491,1.829054117,0.605306447,0.375211865,0.801064491,0.605306447,0.748091603053435,0.707692307692308,128.966330617684,362.357142857143,7,0.775,0.675,143.259716028474,349.709677419355,0.65,0.7,123.639550555388,379.461538461538,0.8,0.775,133.715740261004,356.6875,0,0.608695652173913,0.846153846153846,0.905405405405405,0.446428571428571,3.71428571428571
"215",339,6.253376961,0.209390387,0.041349087,0.79034096,0.834285259,8.396519661,0.388683826,0.481282085,0.834285259,0.388683826,0.792307692307692,0.930232558139535,123.385306833954,234.708737864078,8,0.85,0.95,58.4382606092131,206,0.75,0.925,66.8426613721383,222.3,0.769230769230769,0.923076923076923,139.315605482783,253.7,0.00641025641025641,1,1,1,0.826923076923077,5
"216",342,3.438437939,0.008288791,0.145187542,0.972156048,0.743091643,2.810834885,0.751730442,-0.059573762,0.743091643,0.751730442,0.694656488549618,0.530769230769231,249.777739540014,334.483516483516,6,0.65,0.525,389.531325885549,399.576923076923,0.75,0.525,153.203962164784,283.166666666667,0.675,0.5,103.252242789325,299.777777777778,0,0.181818181818182,1,0.897058823529412,0.129032258064516,3.71428571428571
"217",343,4.697559357,0.224790156,0.091916114,0.816875577,0.872276843,5.189027309,0.458956748,0.471368611,0.872276843,0.458956748,0.793893129770992,0.892307692307692,147.02745980181,221.384615384615,9,0.875,0.9,152.03156461293,199.857142857143,0.775,0.925,129.518280355464,211.58064516129,0.8,0.875,142.456544024779,248.9375,0,0.962962962962963,1,1,0.730769230769231,4.44444444444444
"218",345,3.300247192,0.244877666,0.191386029,0.905189455,0.524411738,2.775519133,0.633421838,0.650505543,0.524411738,0.633421838,0.702290076335878,0.792307692307692,87.2424911924783,273.978260869565,7,0.7,0.8,68.5184387958924,250.535714285714,0.65,0.775,98.4775804239414,269.923076923077,0.7,0.775,89.7079034227639,281.214285714286,0,0.608695652173913,0.909090909090909,0.971014492753623,0.590163934426229,3.375
"219",347,4.068055153,0.165303528,0.128756672,0.913069904,0.718315065,3.889913559,0.649091184,0.415944248,0.718315065,0.649091184,0.770992366412214,0.769230769230769,99.5738394607263,201.445544554455,9,0.825,0.75,106.42515865123,250.575757575758,0.7,0.775,79.1516777790471,177.392857142857,0.8,0.825,94.6450073662359,174.75,0,0.64,0.916666666666667,0.986842105263158,0.462962962962963,3.75
"220",348,4.280602455,0.221544757,0.134439647,0.913618743,0.760211408,3.937185049,0.545632303,0.386561781,0.760211408,0.545632303,0.809160305343511,0.807692307692308,180.316751350533,297.415094339623,7,0.775,0.8,215.737599476672,376.612903225806,0.85,0.9,162.19400643034,250.794117647059,0.8,0.75,136.44541328477,300.9375,0,0.625,1,1,0.509803921568627,4.14285714285714
"221",349,5.032545567,0.15189065,0.128441051,0.993716717,0.770572245,4.089809895,0.909730554,0.356462926,0.770572245,0.909730554,0.717557251908397,0.592307692307692,264.887254087799,339.893617021277,7,0.7,0.575,433.646667852622,452.107142857143,0.725,0.525,114.397995951994,299.51724137931,0.775,0.6,132.588294784941,301.451612903226,0,0,NA,1,0.116666666666667,3.375
"222",350,3.435453415,0.014778267,0.155422255,0.982122481,0.785945892,2.535485506,0.824614823,-0.033168018,0.785945892,0.824614823,0.6953125,0.503937007874016,952.459693677204,1055.68539325843,6,0.6,0.475,745.565610600533,966.583333333333,0.775,0.575,1034.77161679509,1046.03225806452,0.702702702702703,0.405405405405405,1002.46571704281,1075.92307692308,0.0192307692307692,0,NA,0.878787878787879,0.0983606557377049,3.42857142857143
"223",351,7.067775726,0.18978487,0.03247967,0.820383191,0.859003901,9.649773598,0.380154312,0.394434005,0.859003901,0.380154312,0.786259541984733,0.915384615384615,109.754509479281,214.563106796117,8,0.85,0.95,99.4715672522661,191.205882352941,0.725,0.875,76.4604118565993,209.862068965517,0.775,0.925,129.298861939789,236.064516129032,0,1,1,1,0.788461538461538,4.88888888888889
"224",352,3.94697547,0.174965411,0.154084101,0.954304099,0.755158484,3.436829329,0.701419234,0.361563116,0.755158484,0.701419234,0.755725190839695,0.715384615384615,318.677251592161,334.525252525253,7,0.825,0.7,149.733930690408,291,0.7,0.75,536.135762242695,388,0.75,0.675,205.296648275376,357.9,0,0.304347826086957,1,0.986486486486487,0.357142857142857,3.57142857142857
"225",353,4.59399271,0.214691997,0.162272543,0.976963282,0.818057895,3.524663687,0.808940351,0.514672816,0.818057895,0.808940351,0.67175572519084,0.669230769230769,150.804030678084,326.670454545455,7,0.65,0.725,147.797788054646,317.884615384615,0.55,0.625,92.2669405133188,328.045454545455,0.75,0.625,196.706736615412,358.333333333333,0,0.25,0.75,0.984848484848485,0.34375,4.28571428571429
"226",354,4.224489689,0.059786096,0.128074348,0.971416891,0.718633115,3.740247965,0.73964572,0.047686324,0.718633115,0.73964572,0.732824427480916,0.592307692307692,318.433533646941,584.854166666667,6,0.65,0.525,325.857016779776,556.653846153846,0.775,0.625,298.638059065787,632.903225806452,0.75,0.6,359.723049600374,618.5,0,0.19047619047619,1,0.972222222222222,0.120689655172414,4
"227",357,5.499411583,0.244769365,0.141113266,0.905406952,0.812807202,6.293777466,0.668954968,0.614715874,0.812807202,0.668954968,0.763358778625954,0.815384615384615,204.872695382111,313.37,8,0.725,0.825,201.880250316816,313.724137931034,0.75,0.825,176.648439745071,257.533333333333,0.75,0.75,183.026726896977,343.9,0,0.791666666666667,1,1,0.571428571428571,3.77777777777778
"228",359,3.592998028,-0.001403166,0.148450479,0.97526741,0.883562505,2.734460592,0.8061409,-0.072405033,0.883562505,0.8061409,0.732824427480916,0.538461538461538,162.72553444805,329.520833333333,8,0.75,0.525,186.158763042386,355.133333333333,0.725,0.475,114.774935043701,313,0.775,0.65,183.968902234175,332.903225806452,0,0.0454545454545455,1,0.915492957746479,0.0847457627118644,3
"229",360,3.403128862,0.154983416,0.150128856,0.957776248,0.851595104,2.558465004,0.752342701,0.347059965,0.851595104,0.752342701,0.717557251908397,0.646153846153846,203.431415955067,430.117021276596,6,0.75,0.725,192.282721084309,427.1,0.725,0.65,212.828905126026,398,0.675,0.6,202.597034540386,438.407407407407,0,0.347826086956522,1,0.942857142857143,0.3,4
"230",361,4.753631115,0.203312218,0.152022481,0.979227364,0.764924824,4.241538048,0.8054533,0.471787512,0.764924824,0.8054533,0.725190839694656,0.676923076923077,130.6339285648,191.410526315789,8,0.7,0.725,139.3047124474,183.392857142857,0.65,0.6,143.578528499751,201.923076923077,0.775,0.675,122.5837260507,191.645161290323,0,0.16,1,1,0.275862068965517,3.125
"231",362,4.525829792,0.089020133,0.117632113,0.955280483,0.795236826,4.351474762,0.666047871,0.113233544,0.795236826,0.666047871,0.755725190839695,0.646153846153846,125.363745339871,276.181818181818,7,0.725,0.55,90.6996885195145,289.172413793103,0.75,0.65,108.953433056112,256.333333333333,0.75,0.675,177.00355214307,297.466666666667,0,0.28,1,0.986666666666667,0.181818181818182,3.57142857142857
"232",363,3.028528452,0.172453225,0.169730186,0.875936449,0.807236195,2.295228481,0.566730559,0.379532307,0.807236195,0.566730559,0.679389312977099,0.7,132.842986992367,336.696629213483,7,0.75,0.725,146.098018585068,331.7,0.675,0.75,129.893195223007,312.62962962963,0.675,0.675,123.579461039783,367.037037037037,0,0.7,0.857142857142857,0.923076923076923,0.476923076923077,5
"233",364,2.713459492,0.212929398,0.191552565,0.913317561,0.72126174,1.911787152,0.666791439,0.568419993,0.72126174,0.666791439,0.679389312977099,0.723076923076923,140.816915632655,279.730337078652,6,0.6,0.675,242.950701744738,277.5,0.775,0.775,78.1211631315885,287.129032258065,0.675,0.725,86.1051996868099,280.518518518519,0,0.526315789473684,0.909090909090909,0.924242424242424,0.515625,3.71428571428571
"234",365,2.703611374,0.085223123,0.174602762,0.955587864,0.327468276,2.734276295,0.728976369,0.218309939,0.327468276,0.728976369,0.679389312977099,0.576923076923077,184.879082864717,422.516853932584,7,0.625,0.6,82.8862071356467,361.96,0.675,0.525,162.480277128766,442.925925925926,0.675,0.55,249.509878536261,457.888888888889,0,0.238095238095238,0.2,0.878787878787879,0.265625,3.375
"235",409,4.941619873,0.152063116,0.098360434,0.924961925,0.779740453,5.557761192,0.55065918,0.242485449,0.779740453,0.55065918,0.770992366412214,0.753846153846154,173.194839060602,329.514851485149,8,0.725,0.725,102.500306379453,287.793103448276,0.75,0.725,87.698438366678,311.866666666667,0.8,0.8,233.350905636319,360.25,0,0.62962962962963,1,1,0.418181818181818,3.88888888888889
"236",410,1.973184228,0.072753586,0.050641757,0.838560939,0.675859451,1.898374438,0.399134517,0.198502228,0.675859451,0.399134517,0.740458015267176,0.692307692307692,273.38877845268,342.309278350515,6,0.7,0.675,140.162202899687,280.464285714286,0.775,0.675,333.553871130641,448.41935483871,0.75,0.75,295.163278406275,314.466666666667,0,0.95,0.642857142857143,0.833333333333333,0.517241379310345,4.14285714285714
"237",411,4.263175011,0.141702518,0.085971311,0.835433483,0.836205542,4.82608366,0.46048522,0.279776573,0.836205542,0.46048522,0.748091603053435,0.792307692307692,199.291218298052,322.857142857143,9,0.85,0.85,164.684176218036,279.029411764706,0.675,0.725,218.416804035084,353.148148148148,0.75,0.825,234.481450385127,346.966666666667,0,0.8,1,1,0.517857142857143,4.625
"238",412,5.419371128,0.128787458,0.099229306,0.924130678,0.901967168,6.071781635,0.581209719,0.230888739,0.901967168,0.581209719,0.770992366412214,0.738461538461539,137.822011778573,271.425742574257,7,0.825,0.7,96.1810654364197,257.212121212121,0.7,0.7,113.700665212835,272.714285714286,0.825,0.825,186.333619626278,271.969696969697,0,0.68,1,1,0.37037037037037,4
"239",413,3.037215471,0.095791809,0.157371312,0.963868678,0.772260129,2.359606266,0.756265581,0.19305706,0.772260129,0.756265581,0.748091603053435,0.630769230769231,431.896966521787,560.714285714286,8,0.8,0.725,206.428305135924,463.75,0.65,0.525,340.482067753264,483.038461538462,0.775,0.65,555.508336416257,692.612903225806,0,0.208333333333333,0.75,0.918918918918919,0.25,2.875
"240",415,1.786570549,0.141969785,0.178471565,0.888574004,0.44273895,1.462578654,0.58812952,0.346325725,0.44273895,0.58812952,0.618320610687023,0.6,171.955911482645,231.197530864198,7,0.65,0.525,201.911846720676,320.923076923077,0.675,0.65,140.208493510278,204.037037037037,0.55,0.625,106.86898764132,164.136363636364,0,0.4,0.4,0.8,0.428571428571429,4.28571428571429
"241",416,3.631795645,0.177966431,0.125976488,0.862225771,0.784640312,3.236313581,0.528371155,0.376000792,0.784640312,0.528371155,0.763358778625954,0.792307692307692,284.524106486106,383.15,7,0.825,0.85,169.025319736781,307.606060606061,0.75,0.725,389.879356524141,422.466666666667,0.775,0.85,270.810277595982,426.838709677419,0,0.826086956521739,0.923076923076923,0.986666666666667,0.527272727272727,4.71428571428571
"242",417,4.730390072,0.223185346,0.086734824,0.837275267,0.882526457,5.348612309,0.472104311,0.461405993,0.882526457,0.472104311,0.809160305343511,0.892307692307692,135.392138534699,304.160377358491,8,0.775,0.85,142.769842603364,267.806451612903,0.775,0.875,106.013318294986,294.096774193548,0.825,0.925,138.911194925958,350.151515151515,0,0.964285714285714,1,1,0.725490196078431,4.11111111111111
"243",418,1.865797997,0.05805631,0.205536008,0.957430184,0.834303021,1.008698344,0.777778685,0.149692461,0.834303021,0.777778685,0.620967741935484,0.504065040650406,820.2683938001,655.376623376623,5,0.525,0.45,739.331689851752,595.047619047619,0.675,0.625,745.436578326884,634,0.636363636363636,0.424242424242424,611.190559482065,587,0.0448717948717949,0.214285714285714,0.75,0.736842105263158,0.303030303030303,4
"244",419,4.251775742,0.199004769,0.105762795,0.842645586,0.829494894,4.41036272,0.460335851,0.371184886,0.829494894,0.460335851,0.770992366412214,0.838461538461538,92.3585597784874,262.594059405941,8,0.8,0.85,83.3082052168429,264.53125,0.8,0.875,75.9528450910126,273.0625,0.725,0.825,106.150337204693,271.586206896552,0,0.884615384615385,1,1,0.618181818181818,4.55555555555556
"245",420,2.883177757,0.072230831,0.159685418,0.977420628,0.81283313,2.025071144,0.816405952,0.134195313,0.81283313,0.816405952,0.641221374045801,0.530769230769231,116.948706091898,288.488095238095,6,0.75,0.575,127.862718227964,312.433333333333,0.625,0.475,110.789590365401,293.8,0.575,0.55,89.3158891980655,290.347826086957,0,0.0555555555555556,1,0.885245901639344,0.217391304347826,4
"246",421,4.322657108,0.119681202,0.096287563,0.875518918,0.832001686,4.696166515,0.516510129,0.258330017,0.832001686,0.516510129,0.778625954198473,0.784615384615385,123.428652294912,225.735294117647,8,0.775,0.725,91.9836123787088,205.41935483871,0.7,0.725,77.1160998569226,205.678571428571,0.85,0.85,170.013224294281,269.558823529412,0,0.888888888888889,0.923076923076923,0.986842105263158,0.5,3.88888888888889
"247",422,4.080440044,0.179536775,0.091666132,0.868194938,0.848757029,4.205733776,0.473639607,0.329771072,0.848757029,0.473639607,0.786259541984733,0.807692307692308,216.710429910824,331.223300970874,7,0.825,0.875,109.184173359151,296.393939393939,0.8,0.85,347.344695801754,406.28125,0.675,0.65,105.397632652071,285.259259259259,0,0.88,1,0.986842105263158,0.555555555555556,4
"248",423,3.357230186,0.104529545,0.145809844,0.983488262,0.804541528,2.466798544,0.84741497,0.218245775,0.804541528,0.84741497,0.66412213740458,0.561538461538462,404.945279633509,408.252873563218,7,0.775,0.65,320.031009922207,446.774193548387,0.575,0.525,100.167724954347,319.869565217391,0.625,0.525,646.876533814607,500.8,0,0.136363636363636,1,0.938461538461538,0.184615384615385,3.85714285714286
"249",424,2.991970301,0.187405303,0.180628672,0.901141107,0.810502589,2.143767834,0.614565909,0.435121596,0.810502589,0.614565909,0.67175572519084,0.715384615384615,146.068024618983,246.25,6,0.725,0.7,139.824960949158,248.655172413793,0.65,0.7,139.058570947087,249.384615384615,0.675,0.75,136.856913653695,240.259259259259,0,0.545454545454545,0.875,0.953846153846154,0.476923076923077,5.28571428571429
"250",426,4.106626511,0.146299005,0.146676838,0.962052226,0.678072631,3.630061388,0.752754688,0.327366948,0.678072631,0.752754688,0.740458015267176,0.669230769230769,188.168468194542,341.886597938144,7,0.725,0.675,131.871709563694,298.827586206897,0.75,0.65,131.248627797972,323.733333333333,0.7,0.65,235.283828935884,392.464285714286,0,0.333333333333333,0.666666666666667,0.986301369863014,0.263157894736842,3.57142857142857
"251",427,5.437745094,0.123253383,0.117254652,0.99349767,0.766551733,4.64792347,0.900359273,0.270878762,0.766551733,0.900359273,0.717557251908397,0.569230769230769,131.07965561179,231.074468085106,7,0.775,0.575,129.12776868343,231.225806451613,0.675,0.575,126.219532443954,212.703703703704,0.775,0.6,141.965882619582,258.612903225806,0,0,NA,1,0.0819672131147541,3.375
"252",428,2.74842,0.201780006,0.205490112,0.962352812,0.798293412,1.655141592,0.774384558,0.553541303,0.798293412,0.774384558,0.702290076335878,0.707692307692308,368.924665565853,490.728260869565,6,0.725,0.7,89.969685644529,383.48275862069,0.6,0.775,274.972617213772,517.125,0.775,0.675,565.785528726327,576.258064516129,0,0.428571428571429,0.9,0.940298507462687,0.46031746031746,3.85714285714286
"253",429,2.747489214,0.162298992,0.174278736,0.961594999,0.86698401,1.826905131,0.755720496,0.387491882,0.86698401,0.755720496,0.67175572519084,0.646153846153846,176.244521988133,185.420454545455,7,0.625,0.75,274.26865175104,229.28,0.65,0.525,80.1515199721512,182.115384615385,0.675,0.6,146.240269844583,150.703703703704,0,0.318181818181818,1,0.939393939393939,0.34375,3.625
"254",430,3.018997908,0.125566587,0.166416049,0.968943834,0.804792702,2.172119617,0.750399828,0.252459675,0.804792702,0.750399828,0.694656488549618,0.6,266.306377947069,323.956043956044,6,0.625,0.475,390.64840116572,378.44,0.7,0.625,254.547308001051,320.964285714286,0.8,0.7,156.28281590881,309.9375,0,0.25,1,0.911764705882353,0.258064516129032,3.85714285714286
"255",431,4.401916981,0.27183339,0.187823027,0.927499413,0.8504529,3.026845694,0.697826028,0.729920208,0.8504529,0.697826028,0.809160305343511,0.838461538461538,123.60546166226,275.77358490566,8,0.8,0.8,113.480027907429,235.65625,0.925,0.925,105.987696889271,294.324324324324,0.85,0.825,147.748763005641,292,0,0.740740740740741,1,1,0.588235294117647,4.33333333333333
"256",432,6.685895443,0.242633477,0.066981994,0.907176077,0.840335071,9.121156693,0.566667259,0.527477443,0.840335071,0.566667259,0.824427480916031,0.884615384615385,179.199004302357,239.814814814815,7,0.85,0.9,276.753093044692,242.294117647059,0.775,0.85,71.8577298092093,220,0.85,0.9,148.084381206187,258.470588235294,0,1,1,1,0.693877551020408,3.875
"257",434,4.4604702,0.274581432,0.199800149,0.963561893,0.824138105,2.970278978,0.786412716,0.770536542,0.824138105,0.786412716,0.694656488549618,0.784615384615385,139.167210851955,239.274725274725,6,0.65,0.875,111.899982814325,179.384615384615,0.6,0.7,189.652652560381,234.708333333333,0.825,0.775,100.711737978583,294.666666666667,0,0.571428571428571,1,1,0.548387096774194,4.71428571428571
"258",435,3.107763052,0.20128797,0.151343405,0.911052763,0.827686787,2.229677439,0.657643497,0.507857442,0.827686787,0.657643497,0.66412213740458,0.715384615384615,280.855819676462,499.908045977012,7,0.725,0.75,419.330800439277,502.034482758621,0.7,0.7,180.615068336097,451.392857142857,0.6,0.7,171.421148476282,553.416666666667,0,0.65,1,0.9375,0.5,4.28571428571429
"259",436,4.300981522,0.103802212,0.107782863,0.935221374,0.872659743,4.005317688,0.623505831,0.172837213,0.872659743,0.623505831,0.748091603053435,0.707692307692308,136.272699705557,211.244897959184,7,0.8,0.675,151.737982465105,186.3125,0.7,0.6,108.990139595748,195.535714285714,0.75,0.875,147.579633675728,247.1,0,0.5,1,0.986301369863014,0.350877192982456,3.85714285714286
"260",437,5.251749516,0.220842361,0.070240013,0.867702067,0.895586014,6.23848629,0.479736,0.418757021,0.895586014,0.479736,0.809160305343511,0.884615384615385,120.047907478003,227.283018867925,8,0.725,0.825,106.985784700954,212.620689655172,0.775,0.875,122.994903295052,237.709677419355,0.9,0.95,108.111435748872,220.555555555556,0,1,1,1,0.705882352941177,4.25
"261",438,3.22168541,0.216703981,0.196634158,0.968012333,0.826639652,1.998212337,0.806602418,0.594423831,0.826639652,0.806602418,0.66412213740458,0.715384615384615,302.712388077776,364.758620689655,6,0.575,0.7,100.612609712707,316.478260869565,0.7,0.675,114.337816331196,287.607142857143,0.725,0.775,481.036186588786,460.206896551724,0,0.363636363636364,1,0.969230769230769,0.461538461538462,4
"262",439,4.795589924,0.163908675,0.085417032,0.847980738,0.776869535,6.193855286,0.433666855,0.269325793,0.776869535,0.433666855,0.801526717557252,0.861538461538462,134.982642351762,248.685714285714,8,0.85,0.9,78.8916086665975,202.411764705882,0.775,0.825,128.656089040946,280.548387096774,0.8,0.85,175.293713774082,278.28125,0,0.888888888888889,1,1,0.647058823529412,4.22222222222222
"263",440,4.507809639,0.128867835,0.061924499,0.787705719,0.891991198,5.353682518,0.366522253,0.238763183,0.891991198,0.366522253,0.816793893129771,0.876923076923077,237.738496387171,490.308411214953,7,0.825,0.825,286.539346946427,591.787878787879,0.775,0.875,115.526006009539,435.483870967742,0.875,0.95,245.040950102,460.857142857143,0,0.923076923076923,1,1,0.68,4.625
"264",441,3.766356707,0.123696409,0.111892223,0.882337391,0.8865785,3.318655968,0.542212248,0.242157564,0.8865785,0.542212248,0.763358778625954,0.753846153846154,255.345885244135,314.71,8,0.725,0.675,123.404527226117,240.034482758621,0.675,0.625,194.485126391363,319.814814814815,0.85,0.95,367.135028611425,376.147058823529,0,0.692307692307692,1,0.986666666666667,0.436363636363636,3.875
"265",442,3.803782701,-0.111957736,0.186629653,0.965985715,0.612059355,2.57943821,0.809268057,-0.346306026,0.612059355,0.809268057,0.687022900763359,0.423076923076923,255.429378284657,428.888888888889,6,0.65,0.35,321.034117525513,414.230769230769,0.7,0.4,206.646363570036,355.857142857143,0.725,0.525,195.938149987923,458.51724137931,0,0.0526315789473684,NA,0.791044776119403,0.0317460317460317,3.16666666666667
"266",443,3.686271191,0.191104069,0.157775819,0.964122474,0.81009239,2.669946671,0.783019364,0.467406154,0.81009239,0.783019364,0.709923664122137,0.7,67.5381785610728,296.247311827957,8,0.725,0.65,55.0331069188616,272,0.6,0.75,92.9604774208848,305.208333333333,0.8,0.675,52.6214321447805,315.21875,0,0.454545454545455,1,0.985714285714286,0.366666666666667,4.25
"267",444,2.980911016,0.078333795,0.144946292,0.980466604,0.7318331,2.215341806,0.852583706,0.184517696,0.7318331,0.852583706,0.717557251908397,0.592307692307692,300.779690685702,292.829787234043,6,0.65,0.625,494.332332934652,410.153846153846,0.775,0.625,164.926441733264,224.258064516129,0.75,0.55,159.308188272213,272.266666666667,0,0.19047619047619,1,0.914285714285714,0.216666666666667,3.57142857142857
"268",445,4.037369728,0.10900598,0.086741254,0.865927637,0.858403981,4.335543156,0.435146093,0.14301385,0.858403981,0.435146093,0.786259541984733,0.769230769230769,100.376751741227,244.912621359223,8,0.75,0.775,108.465980682965,229.4,0.8,0.925,100.143762589009,266.46875,0.75,0.55,90.3293144968524,219.166666666667,0,0.76,1,0.987012987012987,0.452830188679245,4
"269",446,1.54588604,0.092724048,0.158990532,0.865103722,0.560716093,1.273999691,0.516489446,0.201012775,0.560716093,0.516489446,0.648854961832061,0.584615384615385,129.690401649899,256.917647058824,6,0.6,0.525,132.505263772939,245.583333333333,0.7,0.575,131.533421628463,258.821428571429,0.65,0.675,143.790617004245,252.307692307692,0,0.5,0.625,0.761904761904762,0.417910447761194,4.5
"270",447,3.188618898,0.153777242,0.113216944,0.790591896,0.850890934,2.86453557,0.438203335,0.341492444,0.850890934,0.438203335,0.770992366412214,0.807692307692308,211.574170221581,262.554455445545,8,0.75,0.7,158.90869206495,273.6,0.725,0.875,314.431385295923,297.103448275862,0.85,0.875,120.609548136142,203.058823529412,0,0.769230769230769,0.933333333333333,0.973333333333333,0.581818181818182,4.375
"271",448,1.859202504,0.174148798,0.154310629,0.846607685,0.806672692,1.34837842,0.52367276,0.428660214,0.806672692,0.52367276,0.633587786259542,0.669230769230769,286.689603728975,412.734939759036,6,0.7,0.8,203.134680477506,349.071428571429,0.625,0.625,408.74820285028,501.48,0.6,0.575,231.353155605658,403.75,0,0.647058823529412,0.8,0.836065573770492,0.521739130434783,5.14285714285714
"272",449,3.784070015,0.180887416,0.153422162,0.952261508,0.759376347,3.068959713,0.714836419,0.399530768,0.759376347,0.714836419,0.732824427480916,0.707692307692308,380.702526961784,372.416666666667,8,0.65,0.75,139.389906929613,323.884615384615,0.7,0.625,322.909235449568,392.178571428571,0.8,0.7,501.836135662281,389.90625,0,0.454545454545455,0.833333333333333,0.986486486486487,0.339285714285714,4.25
"273",450,2.570292234,0.220346898,0.264486223,0.931668818,0.848391294,1.195398092,0.65961653,0.678361595,0.848391294,0.65961653,0.587786259541985,0.715384615384615,265.824337230137,369.883116883117,5,0.5,0.9,144.691322985756,349,0.6,0.525,111.770266132386,319.375,0.625,0.65,106.159345639782,290.84,0,0.470588235294118,1,0.915254237288136,0.549295774647887,5.66666666666667
"274",451,4.670302868,0.235409573,0.114931419,0.902782202,0.852219045,4.599567413,0.59207195,0.517197669,0.852219045,0.59207195,0.770992366412214,0.830769230769231,133.501112095342,190.574257425743,8,0.775,0.85,96.5237059299508,190.677419354839,0.725,0.825,73.0311695383412,179.862068965517,0.775,0.775,185.879889534434,189,0,0.833333333333333,1,1,0.592592592592593,4
"275",452,2.245331049,0.179562077,0.16559352,0.810525656,0.805379689,1.604408383,0.504988849,0.460989833,0.805379689,0.504988849,0.694656488549618,0.723076923076923,211.348551005702,275.032967032967,6,0.75,0.725,267.390033256772,325.866666666667,0.65,0.75,193.844203897396,272.846153846154,0.675,0.65,128.757053854843,208.074074074074,0,0.75,1,0.897058823529412,0.532258064516129,4.42857142857143
"276",453,1.589555025,0.0892516,0.195061341,0.90804404,0.560829699,1.052780032,0.720194936,0.2708731,0.560829699,0.720194936,0.610687022900763,0.561538461538462,511.809528548129,705.3625,7,0.625,0.425,494.308247284357,766.32,0.525,0.65,647.134909022988,859.904761904762,0.625,0.525,436.480362292127,642.24,0,0.5,0.333333333333333,0.733333333333333,0.414285714285714,3.85714285714286
"277",454,4.099351406,0.21723032,0.108558789,0.799656391,0.873020589,4.162234306,0.454059243,0.463637352,0.873020589,0.454059243,0.778625954198473,0.869230769230769,122.401421712635,169.029411764706,7,0.725,0.825,166.681032221615,177.068965517241,0.75,0.85,101.311769862359,152.833333333333,0.85,0.95,106.464257599288,170.705882352941,0,0.884615384615385,1,1,0.685185185185185,4.5
"278",455,4.589173794,0.234915987,0.15258798,0.860014439,0.856749713,4.103348732,0.554777265,0.537182152,0.856749713,0.554777265,0.740458015267176,0.830769230769231,214.236069390369,261.103092783505,8,0.775,0.825,282.969814872598,293.129032258065,0.8,0.875,181.29257008422,211.6875,0.8,0.85,165.564719705891,273.53125,0,0.916666666666667,1,1,0.620689655172414,4.625
"279",456,5.078365803,0.235972419,0.103596531,0.86444521,0.851047754,5.805064678,0.537946999,0.513933361,0.851047754,0.537946999,0.786259541984733,0.861538461538462,140.893715350682,294.631067961165,7,0.75,0.825,169.906126887829,292.333333333333,0.825,0.875,115.077896872009,298.212121212121,0.85,0.95,145.26177734428,288.470588235294,0,0.916666666666667,1,1,0.666666666666667,4.57142857142857
"280",457,5.755605698,0.069257058,0.067567952,0.901804864,0.743002176,8.685051918,0.462949693,0.129961461,0.743002176,0.462949693,0.847328244274809,0.830769230769231,231.82357238678,519.936936936937,8,0.825,0.825,189.068760539972,540.060606060606,0.825,0.825,242.32669924436,493.666666666667,0.85,0.8,268.803694217463,573.705882352941,0,0.821428571428571,1,1,0.521739130434783,3.55555555555556
"281",458,5.902016163,0.183176324,0.054902919,0.88997978,0.84371829,8.295337677,0.456329882,0.303518593,0.84371829,0.456329882,0.809160305343511,0.9,141.950030120507,296.556603773585,8,0.85,0.925,182.577153861866,342.647058823529,0.85,0.9,111.263750176717,258.117647058824,0.675,0.85,126.068606113074,283.296296296296,0,1,1,1,0.74,4
"282",459,2.670391321,0.211686715,0.18783097,0.821088552,0.601285279,2.17727685,0.515725493,0.54239583,0.601285279,0.515725493,0.679389312977099,0.753846153846154,104.497276503894,201.561797752809,7,0.8,0.775,86.6035647035088,189.625,0.6,0.7,120.70822858975,211.041666666667,0.7,0.825,88.6821429983088,194.178571428571,0,0.681818181818182,0.75,0.938461538461538,0.569230769230769,5.28571428571429
"283",460,5.150486946,0.147904292,0.128318146,0.99052763,0.759206474,4.450514793,0.862944722,0.319086492,0.759206474,0.862944722,0.717557251908397,0.584615384615385,109.143210205764,259.265957446808,6,0.775,0.6,118.262838308283,244.967741935484,0.65,0.575,81.4860818696146,221.307692307692,0.75,0.625,117.701302251607,306.7,0,0.0476190476190476,1,0.985507246376812,0.131147540983607,3.57142857142857
"284",461,2.953401566,0.193467423,0.174661398,0.873636246,0.881351054,2.070577145,0.58094871,0.469611436,0.881351054,0.58094871,0.709923664122137,0.753846153846154,216.23048409831,382.827956989247,7,0.575,0.65,247.939476868294,449.434782608696,0.75,0.85,246.413877146915,401.166666666667,0.775,0.775,136.14829043821,293.903225806452,0,0.727272727272727,1,0.957142857142857,0.516666666666667,4.375
"285",463,4.744290829,0.198350474,0.139455244,0.964241326,0.812196672,4.330435276,0.75752002,0.44889605,0.812196672,0.75752002,0.740458015267176,0.707692307692308,102.960477687488,205.257731958763,9,0.75,0.725,75.931911423418,183,0.75,0.725,87.4005181604357,173.666666666667,0.75,0.725,121.023646402287,264.966666666667,0,0.4,1,1,0.333333333333333,3.625
"286",464,4.220932961,0.113474771,0.127472222,0.977353632,0.790931523,3.72087431,0.737472832,0.154633746,0.790931523,0.737472832,0.732824427480916,0.615384615384615,189.455248326408,359.15625,6,0.725,0.6,183.536542850671,366.344827586207,0.725,0.6,180.571049564671,340.758620689655,0.775,0.6,214.165346634148,396.064516129032,0,0.217391304347826,1,0.986111111111111,0.155172413793103,3.85714285714286
"287",465,4.935593605,0.231458277,0.11295414,0.913846552,0.807082772,5.220250607,0.622888982,0.52918309,0.807082772,0.622888982,0.770992366412214,0.815384615384615,281.098913918109,465.613861386139,8,0.7,0.775,346.383965927772,443,0.85,0.875,299.05177089524,469.088235294118,0.7,0.75,232.45980195253,482.678571428571,0,0.777777777777778,1,1,0.563636363636364,3.625
"288",466,5.860139847,0.125112414,0.072840653,0.92839241,0.876997292,7.139157772,0.545491576,0.236939058,0.876997292,0.545491576,0.809160305343511,0.8,103.740970877635,165.962264150943,8,0.75,0.7,96.0749288525523,180.233333333333,0.85,0.875,108.11728628477,154.470588235294,0.8,0.825,92.4653324312031,160.03125,0,0.785714285714286,1,1,0.490196078431373,3.75
"289",467,4.308069706,0.120105103,0.14113465,0.974048615,0.768037915,3.630740643,0.770489752,0.219977155,0.768037915,0.770489752,0.687022900763359,0.576923076923077,322.335656042044,497.288888888889,7,0.7,0.65,472.441686163908,619.035714285714,0.7,0.55,218.985866036622,437.928571428571,0.7,0.6,214.975287739369,457.321428571429,0,0.173913043478261,1,0.984848484848485,0.15625,4
"290",468,4.391177177,0.257572919,0.179650247,0.942077339,0.811838806,3.150111198,0.646120131,0.580570996,0.811838806,0.646120131,0.730769230769231,0.782945736434108,210.722519658326,395.305263157895,7,0.825,0.825,209.374555630465,451.272727272727,0.7,0.725,249.223980773505,378,0.743589743589744,0.794871794871795,160.705035311232,384.413793103448,0.00641025641025641,0.590909090909091,1,1,0.508771929824561,5
"291",469,2.810107231,0.22987847,0.177315637,0.846198022,0.894324303,1.877107978,0.496478945,0.565433085,0.894324303,0.496478945,0.725190839694656,0.769230769230769,505.319988428607,538.715789473684,8,0.825,0.875,238.780190063302,457.666666666667,0.725,0.775,565.585032131711,580,0.675,0.625,693.166956944307,630.259259259259,0,0.68,1,0.944444444444444,0.551724137931034,4.375
