learning_rate,beta,w,pers_win,pers_loss
0.8313919242755055,1.697500171233553,0.4213025696430356,1.6048470812112385,0.9064344832113017
