learning_rate,beta,w,perseveration
1.0,1.562548209241552,0.9334695867441413,0.7480348434063478
