learning_rate,beta,phi
0.7156365744589268,2.9342079583874674,0.20094545198800962
