learning_rate,beta,w,stickiness
0.7908342698264065,1.524441893075649,1.0,1.9196529094157193
