learning_rate,beta,perseveration
0.0,0.42839068322459695,3.771483764360158
