learning_rate,beta,w,perseveration
1.0,2.301901894096803,1.0,1.7443433411896128
