learning_rate,beta,stickiness
0.5368871315369215,2.8588566842244894,0.6871246485277492
