learning_rate,beta,perseveration
0.9138929800787816,1.9631847057494267,0.5478519954813775
