learning_rate,beta,w,perseveration
0.9776277006989862,1.5362846204585818,0.8142628196115406,1.818093353763982
