learning_rate,beta,eligibility_trace,stickiness
0.5722582798486199,3.5664952393308416,0.581125553774501,0.6339410408108394
