learning_rate,beta,stickiness
0.5368872870591745,2.858855408191157,0.6871249453765222
