learning_rate,beta,w,lambda_eligibility
0.7705230194182721,2.155870917885628,0.0,1.0
