learning_rate,beta,perseveration
0.8134375878557435,0.7668286722105868,2.272500258440399
