learning_rate,beta,forgetting_rate
0.2027289988652126,10.0,0.2990233157505009
