learning_rate,beta,perseveration
0.20508046720178963,1.2073760715111495,1.876372030114317
