learning_rate,beta,lambda_eligibility,perseveration
0.5739545089731302,4.31127842917029,1.0,0.4266020053618212
