learning_rate,beta,w,perseveration
0.6721208345829909,2.508821718300409,0.482329815995128,1.6778773116966808
