learning_rate,beta,ck_learning_rate,beta_k
0.2744161540847176,3.1922961589827783,0.5935536808025279,2.2879058636248306
