learning_rate,beta,w,perseveration
0.5031746951481715,3.5244531248495914,0.0,0.8394698651367669
