learning_rate,beta,perseveration
0.43338783382885954,3.5714637462414607,0.3528118643131611
