learning_rate1,learning_rate2,beta,w
0.6211642016754251,0.06750934224510319,6.704744479857696,0.3502417681918737
