learning_rate,beta,perseveration
0.5862567162705833,3.8300736577020436,0.6957459342981303
