learning_rate,beta,w,perseveration
0.7430363877422681,2.568981226865991,0.5407883803065828,0.8472231997184705
