learning_rate,beta,w,perseverance
0.9161907380661433,1.0736890713287857,0.0,3.544131280809442
