alpha_pos,alpha_neg,beta
0.9669155987054093,0.6114979445118832,2.126285115195924
