learning_rate,beta,w,p
1.0,0.7386132827148904,1.0,2.1841531642785705
