alpha_pos,alpha_neg,beta
1.0,0.6801923474432534,3.0260916098496917
