learning_rate,beta
0.03477508143181646,3.9821876600023356
