learning_rate,beta,lam,perseveration
0.5984259206290888,2.8403199042749243,0.8748377181896686,0.4550561621465751
