learning_rate,beta,w,p
1.0,0.8180025328822462,0.8045755665252962,1.7788092000665903
