learning_rate,beta
0.9034527924526257,1.4774456890047425
