learning_rate,beta,w,perseverance
0.4459249320096797,1.926562870008785,0.0,1.257546017517779
