learning_rate,beta,w,p_pers
0.5992437868987391,6.529726430765654,0.48381914986766295,0.27104231524940847
