learning_rate,beta
0.4034794948862263,4.635772855555624
