learning_rate,beta,w,stickiness
1.0,1.5625484217448327,0.9334690343332086,0.7480346625534544
