learning_rate,beta,w,perseveration
0.035106696530476295,3.9424508820993425,0.0,0.17702449573406184
