learning_rate,beta,w,stickiness
0.31594894085877195,1.1666001455142443,0.0,1.6062506224769553
