learning_rate,beta,decay_rate
0.5587076752609024,6.2499295250115505,0.6707369630907037
