alpha_pos,alpha_neg,beta,perseverance
0.4798004793085972,0.6706990821292443,4.68971718815572,0.4524895003227755
