learning_rate,beta
0.5202829010896464,1.8577644313995454
