learning_rate,beta,perseveration
0.9557739256826419,0.9320897066161246,4.538433766043998
