learning_rate,beta,stickiness
0.43338769816111655,3.5714649497696414,1.2600553185076062
