learning_rate,beta,perseverance
0.8006558792399682,1.6324681639281104,1.4690967761856764
