learning_rate,beta,lam
0.3986037141002731,4.188169270280402,1.0
