learning_rate,decay_rate,beta
0.0695192675256188,0.7977106457359321,6.320514066958462
