learning_rate,beta,w,perseveration
1.0,0.3827619793203884,1.0,1.5017240744473708
