learning_rate,beta,pers_rew,pers_unrew
0.8925889026488535,1.4369095229803726,5.0,1.3134389103233266
