learning_rate,beta,perseveration
0.02156476476739587,1.9437461042907018,0.27723544719381127
