learning_rate,beta,w,decay_rate
0.3036767925418088,7.646816773900199,0.2879818753918145,0.0549164728776701
