learning_rate,beta,w,perseveration
0.7620252460981101,2.98641563964552,1.0,0.7937401417706513
