lr_mf1,lr_2,beta
0.7686845191896424,0.6284225865721108,2.741382597246079
