learning_rate,beta,lam
0.9111688418015825,1.4715006834971842,1.0
