learning_rate,beta,perseveration
0.2053920543839406,5.943395214595761,0.8541100165432243
