learning_rate,beta,w,stickiness
0.7620255186475164,2.986414874285338,1.0,0.7937403953692612
