learning_rate,beta,perseveration
0.6474946507390262,2.9107270581982574,0.39139695492878096
