learning_rate,beta,w,stickiness
1.0,2.301901887573044,1.0,0.7577835860774511
