learning_rate,beta,perseveration
0.507579951502191,3.2665533791191717,1.2551667581390948
