learning_rate,beta
0.6946163652885937,2.00360249279417
