learning_rate,beta,perseveration_strength
0.6819184137750587,2.3930874442200873,0.8522665300636855
