{
  "summary": {
    "matched": 25,
    "total": 27,
    "match_rate": "92.6%",
    "tolerance_pct": 1.0,
    "n_starts": 5
  },
  "participants": {
    "p18": {
      "participant_id": "p18",
      "stored_bic": 305.38341476794284,
      "original_nll": 144.74423133418358,
      "original_bic": 305.3834147680113,
      "library_nll": 144.74423133414024,
      "library_bic": 305.3834147679246,
      "diff_bic": -8.668621376273222e-11,
      "diff_pct": 2.8386025425966435e-11,
      "match": true,
      "error": null
    },
    "p19": {
      "participant_id": "p19",
      "stored_bic": 216.05809567881084,
      "original_nll": 97.43241310631785,
      "original_bic": 216.05809567882784,
      "library_nll": 97.43241310630958,
      "library_bic": 216.0580956788113,
      "diff_bic": -1.6541434888495132e-11,
      "diff_pct": 7.656012535204474e-12,
      "match": true,
      "error": null
    },
    "p20": {
      "participant_id": "p20",
      "stored_bic": 381.9787884185716,
      "original_nll": 180.3927594761888,
      "original_bic": 381.9787884185697,
      "library_nll": 180.39275947618847,
      "library_bic": 381.9787884185691,
      "diff_bic": -6.252776074688882e-13,
      "diff_pct": 1.6369432712680195e-13,
      "match": true,
      "error": null
    },
    "p21": {
      "participant_id": "p21",
      "stored_bic": 341.3765093808048,
      "original_nll": 162.74829745331397,
      "original_bic": 341.3765093808014,
      "library_nll": 162.7482974533167,
      "library_bic": 341.37650938080685,
      "diff_bic": 5.4569682106375694e-12,
      "diff_pct": 1.5985189550785367e-12,
      "match": true,
      "error": null
    },
    "p22": {
      "participant_id": "p22",
      "stored_bic": 331.7044420273894,
      "original_nll": 155.25558628060335,
      "original_bic": 331.70444202739884,
      "library_nll": 155.25558628059395,
      "library_bic": 331.70444202738,
      "diff_bic": -1.8815171642927453e-11,
      "diff_pct": 5.672270026873296e-12,
      "match": true,
      "error": null
    },
    "p23": {
      "participant_id": "p23",
      "stored_bic": 353.6022018424507,
      "original_nll": 168.85362487140372,
      "original_bic": 353.60220184245156,
      "library_nll": 168.85362487140344,
      "library_bic": 353.602201842451,
      "diff_bic": -5.684341886080801e-13,
      "diff_pct": 1.6075527404700596e-13,
      "match": true,
      "error": null
    },
    "p24": {
      "participant_id": "p24",
      "stored_bic": 444.8002340045748,
      "original_nll": 211.81350735277115,
      "original_bic": 444.80023400444026,
      "library_nll": 211.8135073527739,
      "library_bic": 444.80023400444577,
      "diff_bic": 5.5138116294983774e-12,
      "diff_pct": 1.2396152717499099e-12,
      "match": true,
      "error": null
    },
    "p25": {
      "participant_id": "p25",
      "stored_bic": 119.8063597714025,
      "original_nll": 51.993680547855305,
      "original_bic": 119.80635977140184,
      "library_nll": 51.99368054785539,
      "library_bic": 119.80635977140201,
      "diff_bic": 1.7053025658242404e-13,
      "diff_pct": 1.4233823388658718e-13,
      "match": true,
      "error": null
    },
    "p26": {
      "participant_id": "p26",
      "stored_bic": 242.96155239953993,
      "original_nll": 113.53330014994788,
      "original_bic": 242.96155239953987,
      "library_nll": 113.5333001499478,
      "library_bic": 242.96155239953973,
      "diff_bic": -1.4210854715202004e-13,
      "diff_pct": 5.849013794508879e-14,
      "match": true,
      "error": null
    },
    "p27": {
      "participant_id": "p27",
      "stored_bic": 396.3592954960134,
      "original_nll": 190.23217169817826,
      "original_bic": 396.35929549600064,
      "library_nll": 190.23217169817792,
      "library_bic": 396.35929549599996,
      "diff_bic": -6.821210263296962e-13,
      "diff_pct": 1.7209663910520774e-13,
      "match": true,
      "error": null
    },
    "p28": {
      "participant_id": "p28",
      "stored_bic": 361.42875904364337,
      "original_nll": 172.7669034720046,
      "original_bic": 361.4287590436533,
      "library_nll": 172.76690347200127,
      "library_bic": 361.42875904364666,
      "diff_bic": -6.650680006714538e-12,
      "diff_pct": 1.8401081375794086e-12,
      "match": true,
      "error": null
    },
    "p29": {
      "participant_id": "p29",
      "stored_bic": 256.5459180268013,
      "original_nll": 120.34815342030261,
      "original_bic": 256.5459180268192,
      "library_nll": 120.34815342029331,
      "library_bic": 256.5459180268006,
      "diff_bic": -1.858779796748422e-11,
      "diff_pct": 7.245407804750595e-12,
      "match": true,
      "error": null
    },
    "p30": {
      "participant_id": "p30",
      "stored_bic": 477.67521678131635,
      "original_nll": 247.94895389346686,
      "original_bic": 511.716906462625,
      "library_nll": 270.3274004175987,
      "library_bic": 556.4737995108886,
      "diff_bic": 44.756893048263635,
      "diff_pct": 8.746416716550796,
      "match": false,
      "error": null
    },
    "p31": {
      "participant_id": "p31",
      "stored_bic": 373.64927906442557,
      "original_nll": 178.87716348238962,
      "original_bic": 373.64927906442335,
      "library_nll": 178.8771634826149,
      "library_bic": 373.6492790648739,
      "diff_bic": 4.5054093789076433e-10,
      "diff_pct": 1.205785647489724e-10,
      "match": true,
      "error": null
    },
    "p32": {
      "participant_id": "p32",
      "stored_bic": 325.977962686165,
      "original_nll": 155.05658079704043,
      "original_bic": 325.97796268616446,
      "library_nll": 155.05658079703903,
      "library_bic": 325.9779626861617,
      "diff_bic": -2.7853275241795927e-12,
      "diff_pct": 8.544527063202641e-13,
      "match": true,
      "error": null
    },
    "p33": {
      "participant_id": "p33",
      "stored_bic": 386.37827393527584,
      "original_nll": 185.24166091782706,
      "original_bic": 386.37827393529824,
      "library_nll": 185.24166092431904,
      "library_bic": 386.3782739482822,
      "diff_bic": 1.2983946362510324e-08,
      "diff_pct": 3.360423511981571e-09,
      "match": true,
      "error": null
    },
    "p34": {
      "participant_id": "p34",
      "stored_bic": 373.8582871089093,
      "original_nll": 178.98166750463395,
      "original_bic": 373.858287108912,
      "library_nll": 178.9816675046283,
      "library_bic": 373.8582871089007,
      "diff_bic": -1.1311840353300795e-11,
      "diff_pct": 3.025702717673192e-12,
      "match": true,
      "error": null
    },
    "p35": {
      "participant_id": "p35",
      "stored_bic": 283.01581577064576,
      "original_nll": 133.5604318355027,
      "original_bic": 283.0158157706495,
      "library_nll": 133.5604318355006,
      "library_bic": 283.0158157706453,
      "diff_bic": -4.206412995699793e-12,
      "diff_pct": 1.4862819536236053e-12,
      "match": true,
      "error": null
    },
    "p36": {
      "participant_id": "p36",
      "stored_bic": 458.62585197173024,
      "original_nll": 218.77720967762434,
      "original_bic": 458.625851991502,
      "library_nll": 221.8532550149665,
      "library_bic": 464.7779426661863,
      "diff_bic": 6.1520906746843025,
      "diff_pct": 1.341418205705137,
      "match": false,
      "error": null
    },
    "p37": {
      "participant_id": "p37",
      "stored_bic": 457.0242580808181,
      "original_nll": 220.6735090298393,
      "original_bic": 457.0242580808182,
      "library_nll": 220.67350902983938,
      "library_bic": 457.02425808081836,
      "diff_bic": 1.7053025658242404e-13,
      "diff_pct": 3.7313173987422835e-14,
      "match": true,
      "error": null
    },
    "p38": {
      "participant_id": "p38",
      "stored_bic": 384.9927139795815,
      "original_nll": 181.89972225669362,
      "original_bic": 384.9927139795794,
      "library_nll": 181.89972225669365,
      "library_bic": 384.99271397957943,