{
  "summary": {
    "matched": 27,
    "total": 27,
    "match_rate": "100.0%",
    "tolerance_pct": 1.0,
    "n_starts": 5
  },
  "participants": {
    "p18": {
      "participant_id": "p18",
      "stored_bic": 305.38341476794284,
      "original_nll": 144.7442313341423,
      "original_bic": 305.38341476792874,
      "library_nll": 144.7442313341406,
      "library_bic": 305.38341476792533,
      "diff_bic": -3.410605131648481e-12,
      "diff_pct": 1.1168272298743912e-12,
      "match": true,
      "error": null
    },
    "p19": {
      "participant_id": "p19",
      "stored_bic": 216.05809567881084,
      "original_nll": 97.43241310631836,
      "original_bic": 216.05809567882886,
      "library_nll": 97.43241310630957,
      "library_bic": 216.05809567881127,
      "diff_bic": -1.759303813742008e-11,
      "diff_pct": 8.142734981600594e-12,
      "match": true,
      "error": null
    },
    "p20": {
      "participant_id": "p20",
      "stored_bic": 381.9787884185716,
      "original_nll": 180.39275947618876,
      "original_bic": 381.97878841856965,
      "library_nll": 180.39275947619024,
      "library_bic": 381.9787884185726,
      "diff_bic": 2.9558577807620168e-12,
      "diff_pct": 7.738277282357912e-13,
      "match": true,
      "error": null
    },
    "p21": {
      "participant_id": "p21",
      "stored_bic": 341.3765093808048,
      "original_nll": 162.74829745331468,
      "original_bic": 341.3765093808028,
      "library_nll": 162.74829745331402,
      "library_bic": 341.3765093808015,
      "diff_bic": -1.3073986337985843e-12,
      "diff_pct": 3.829784996542312e-13,
      "match": true,
      "error": null
    },
    "p22": {
      "participant_id": "p22",
      "stored_bic": 331.7044420273894,
      "original_nll": 155.25558628059315,
      "original_bic": 331.70444202737843,
      "library_nll": 155.255586280599,
      "library_bic": 331.70444202739014,
      "diff_bic": 1.1709744285326451e-11,
      "diff_pct": 3.5301740952748362e-12,
      "match": true,
      "error": null
    },
    "p23": {
      "participant_id": "p23",
      "stored_bic": 353.6022018424507,
      "original_nll": 168.8536248714051,
      "original_bic": 353.6022018424543,
      "library_nll": 168.8536248714075,
      "library_bic": 353.6022018424591,
      "diff_bic": 4.831690603168681e-12,
      "diff_pct": 1.36641982939954e-12,
      "match": true,
      "error": null
    },
    "p24": {
      "participant_id": "p24",
      "stored_bic": 444.8002340045748,
      "original_nll": 211.8135073568124,
      "original_bic": 444.80023401252276,
      "library_nll": 211.8135073527748,
      "library_bic": 444.80023400444753,
      "diff_bic": -8.075232926785247e-09,
      "diff_pct": 1.8154740733697323e-09,
      "match": true,
      "error": null
    },
    "p25": {
      "participant_id": "p25",
      "stored_bic": 119.8063597714025,
      "original_nll": 51.99368054785538,
      "original_bic": 119.80635977140199,
      "library_nll": 51.99368054785529,
      "library_bic": 119.80635977140182,
      "diff_bic": -1.7053025658242404e-13,
      "diff_pct": 1.42338233886587e-13,
      "match": true,
      "error": null
    },
    "p26": {
      "participant_id": "p26",
      "stored_bic": 242.96155239953993,
      "original_nll": 113.53330014995369,
      "original_bic": 242.9615523995515,
      "library_nll": 113.5333001499481,
      "library_bic": 242.96155239954032,
      "diff_bic": -1.1169731806148775e-11,
      "diff_pct": 4.597324842483758e-12,
      "match": true,
      "error": null
    },
    "p27": {
      "participant_id": "p27",
      "stored_bic": 396.3592954960134,
      "original_nll": 190.2321716981789,
      "original_bic": 396.3592954960019,
      "library_nll": 190.23217169819364,
      "library_bic": 396.3592954960314,
      "diff_bic": 2.950173438875936e-11,
      "diff_pct": 7.443179641300211e-12,
      "match": true,
      "error": null
    },
    "p28": {
      "participant_id": "p28",
      "stored_bic": 361.42875904364337,
      "original_nll": 172.76690347203578,
      "original_bic": 361.4287590437157,
      "library_nll": 172.7669034721634,
      "library_bic": 361.4287590439709,
      "diff_bic": 2.55226950685028e-10,
      "diff_pct": 7.061611570709504e-11,
      "match": true,
      "error": null
    },
    "p29": {
      "participant_id": "p29",
      "stored_bic": 256.5459180268013,
      "original_nll": 120.3481534202933,
      "original_bic": 256.54591802680056,
      "library_nll": 120.34815342029833,
      "library_bic": 256.5459180268106,
      "diff_bic": 1.0061285138363019e-11,
      "diff_pct": 3.92182624293868e-12,
      "match": true,
      "error": null
    },
    "p30": {
      "participant_id": "p30",
      "stored_bic": 477.67521678131635,
      "original_nll": 230.92810905285145,
      "original_bic": 477.67521678139417,
      "library_nll": 230.928109052815,
      "library_bic": 477.67521678132124,
      "diff_bic": -7.293010639841668e-11,
      "diff_pct": 1.5267718281434895e-11,
      "match": true,
      "error": null
    },
    "p31": {
      "participant_id": "p31",
      "stored_bic": 373.64927906442557,
      "original_nll": 178.87716348240124,
      "original_bic": 373.6492790644466,
      "library_nll": 178.87716348239442,
      "library_bic": 373.64927906443296,
      "diff_bic": -1.3642420526593924e-11,
      "diff_pct": 3.651129893988339e-12,
      "match": true,
      "error": null
    },
    "p32": {
      "participant_id": "p32",
      "stored_bic": 325.977962686165,
      "original_nll": 155.05658079711503,
      "original_bic": 325.9779626863137,
      "library_nll": 155.05658079703863,
      "library_bic": 325.9779626861609,
      "diff_bic": -1.5279510989785194e-10,
      "diff_pct": 4.68728341752616e-11,
      "match": true,
      "error": null
    },
    "p33": {
      "participant_id": "p33",
      "stored_bic": 386.37827393527584,
      "original_nll": 185.24166092816006,
      "original_bic": 386.37827395596423,
      "library_nll": 185.24166091781638,
      "library_bic": 386.37827393527687,
      "diff_bic": -2.0687366486527026e-08,
      "diff_pct": 5.354174362527634e-09,
      "match": true,
      "error": null
    },
    "p34": {
      "participant_id": "p34",
      "stored_bic": 373.8582871089093,
      "original_nll": 178.98166750465572,
      "original_bic": 373.85828710895555,
      "library_nll": 178.98166750470796,
      "library_bic": 373.85828710906003,
      "diff_bic": 1.0447820386616513e-10,
      "diff_pct": 2.7945937663732055e-11,
      "match": true,
      "error": null
    },
    "p35": {
      "participant_id": "p35",
      "stored_bic": 283.01581577064576,
      "original_nll": 133.56043183550173,
      "original_bic": 283.0158157706476,
      "library_nll": 133.56043183551046,
      "library_bic": 283.01581577066503,
      "diff_bic": 1.745092959026806e-11,
      "diff_pct": 6.1660616184114864e-12,
      "match": true,
      "error": null
    },
    "p36": {
      "participant_id": "p36",
      "stored_bic": 458.62585197173024,
      "original_nll": 218.77720966614382,
      "original_bic": 458.6258519685409,
      "library_nll": 218.77720968654117,
      "library_bic": 458.62585200933563,
      "diff_bic": 4.0794702726998366e-08,
      "diff_pct": 8.894985433528646e-09,
      "match": true,
      "error": null
    },
    "p37": {
      "participant_id": "p37",
      "stored_bic": 457.0242580808181,
      "original_nll": 220.6735090298648,
      "original_bic": 457.0242580808692,
      "library_nll": 220.6735090298397,
      "library_bic": 457.024258080819,
      "diff_bic": -5.019273885409348e-11,
      "diff_pct": 1.0982510876963562e-11,
      "match": true,
      "error": null
    },
    "p38": {
      "participant_id": "p38",
      "stored_bic": 384.9927139795815,
      "original_nll": 181.89972225669592,
      "original_bic": 384.992713979584,
      "library_nll": 181.8997222567212,
      "library_bic": 384.9927139796345,