{"mean_BIC": 380.2583177161466, "individual_BIC": [437.4235310062762, 557.8133717150291, 478.1469470482797, 470.78509749717364, 328.51242771038415, 219.52379669611818, 377.2421201048371, 351.9631188780421, 337.3545037733362, 366.12602047624944, 450.09353867481525, 126.98829795881838, 253.5581869957461, 406.95593007888044, 380.5687939943248, 264.2553031674379, 514.3963045824119, 384.2459136412227, 336.4981903599349, 396.85986980687835, 372.5575441074137, 329.24768724723754, 457.22504147884547, 456.06518231837924, 382.5115132329936, 325.06967212781683, 446.54528039644237, 278.15614188014604, 334.1230336957856, 532.6872059457748, 434.50828260351295]}