{"mean_BIC": 379.2258787724597, "individual_BIC": [471.58096957839206, 555.0387147322222, 422.11424668100335, 454.2246358619131, 341.5910707041602, 210.06277365114016, 399.70165529562166, 345.7273483784103, 342.3055242144885, 358.0075679767687, 442.95240898223665, 117.69038057544743, 265.4247053884588, 397.2226776940579, 357.3035327592223, 285.3344712863268, 475.9338366327853, 381.09381258640906, 344.97661677384326, 357.4545091137662, 349.32906282519417, 298.1375756322814, 470.8463882849331, 441.4375135155679, 418.0702274796968, 338.54425613947114, 473.8608179345964, 292.0685114150732, 378.13379134799544, 550.3739961107326, 419.45864239403585]}