learning_rate,beta,w_base
0.2019113249636937,1.694014709713163,1.0
