learning_rate,beta,w,stickiness_base,stickiness_oci
0.5907560634190413,3.8574820456272363,0.8421827696027654,0.5999060759014192,0.11103922141475789
