learning_rate,beta,lambda_scale
0.9848175491534696,2.519666994931625,0.7237951278404923
