learning_rate,beta,stickiness_base,oci_sticky_slope
0.7027056852273553,0.9915278488222447,0.7172360978665097,0.9415984108950666
