learning_rate,beta,stickiness_base,oci_stickiness_mult
0.31594952714359875,1.1665979576194971,0.23395592603020315,1.5834209237960062
