alpha_pos,beta,lambda_eligibility,oci_neg_bias
0.18114493924208833,1.9876550579816803,1.0,5.0
