learning_rate,beta,stick_base,stick_oci_sens
0.38196593479546337,2.5040781072998715,1.75696900369582,1.7199651568736405
