learning_rate,beta,lambda_base
0.6426404796825892,2.03998102658529,1.0
