learning_rate,beta,stickiness_oci_slope,stickiness_intercept
0.4794664759392723,2.0227421072610743,3.6329125643704523,0.11541238460951538
