learning_rate,beta,stickiness,w_base,w_oci_slope
0.6265478547162588,2.3387320948959887,0.41612289367013905,0.0,-1.0
