learning_rate,beta,stick_base,stick_oci_mod
0.6699593407078889,2.117068034251413,-1.166332309551785,3.86706515133605
