learning_rate,beta,w,stickiness_oci
0.852802101310917,3.096325472087284,0.9646015119504115,0.9814053959348515
