lr,beta,w_base,w_oci_slope
1.0,2.2813076902740272,0.0,0.1505692294840606
