learning_rate,beta,stickiness_factor
0.6622598677211944,2.0672882438209594,0.9144071703714376
