learning_rate,beta,w_base
0.9311055037370513,0.9462945463596756,0.0
