learning_rate,beta,stickiness_base,oci_stickiness_boost
0.6807083130268606,3.056207338625952,0.06953983363955223,1.0216583501754335
