learning_rate,beta,decay_rate,oci_uncert_param
0.021435780110792745,10.0,0.6721710146878248,0.11838961027457613
