learning_rate,beta,w,pers_rew,pers_loss_oci_slope
0.8468341238284324,3.5262495046875384,0.8363604975494623,0.4267347465095604,0.12269050323197814
