learning_rate,beta,w,stickiness_factor
0.28959554221676337,2.7353006456612285,0.0,2.325557526580067
