learning_rate,beta,stickiness_base,stickiness_oci
0.23272705009174005,3.8659336485218017,0.4231138306413775,0.5909125593295301
