learning_rate,beta,w_mb,stick_base,stick_loss_oci
0.7296275788683758,3.8406831581502305,0.0,1.2012063758842328,0.0
