learning_rate,beta,w_base,oci_sensitivity
0.6470254858410555,0.5850578330788345,1.0,0.0
