learning_rate,beta_base,rigidity_factor
0.6619439173670175,2.445005331113666,0.14386157418595052
