learning_rate,beta,lambda_base
0.003906420537527124,9.538424347350594,0.9219498568520508
