learning_rate,beta,w_base
0.8645506969184777,2.290599320507195,0.0
