learning_rate,beta_base,beta_oci_scale,w,stickiness
0.6456211641464817,1.3129130475081747,0.835356694270974,1.0,0.7767888766987713
