learning_rate,beta,stickiness_base,oci_amp
0.8906013654760042,1.296254288340706,0.33150398271853326,1.168880486814152
