learning_rate,beta,stick_param
0.6463780926501393,2.334669660353959,0.23526396793266943
