lr,beta,w,stick_rew_base,oci_stick_mod
0.7486813132797244,1.300960419757405,0.0,2.3366223107263795,0.5357019969530331
