learning_rate,beta,w_base,w_oci_slope
1.0,0.32821486351882695,1.0,0.39322679955577894
