learning_rate,beta,stickiness_base,stickiness_oci
0.12646059978322594,0.8654618945737149,1.9899693774425469,2.0539575031242667
