{"mean_BIC": 421.0889810917275, "individual_BIC": [497.042054373574, 326.6134445679621, 444.01002407459157, 361.30963227961803, 445.77042970014526, 445.37855207953584, 367.1342349760715, 276.60228600037203, 362.5645655948968, 367.9696316571907, 540.4280967797345, 466.1879003749055, 563.8737964094144, 360.5056487722781, 417.81841291304494, 390.91515702105295, 501.71017679181404, 566.1446558199003, 424.222709502941, 515.4334616816155, 264.7555962193895, 489.6703896575503, 382.34393814542767, 293.6481228156296, 429.4376479893337, 405.8929359911191, 366.7214801449226, 394.5590468289899, 404.2031892820075, 434.8370014786064, 546.0541939199163]}