participant,subject_id,trial,s,a,r,acc,rt
0,1,0,2,0,1,0.0,608.0
0,1,1,0,1,0,0.0,908.0
0,1,2,1,1,0,0.0,925.0
0,1,3,0,1,0,0.0,1985.0
0,1,4,3,0,0,0.0,978.0
0,1,5,2,0,0,0.0,1351.0
0,1,6,3,0,0,0.0,2074.0
0,1,7,1,0,1,1.0,1132.0
0,1,8,0,0,1,1.0,1470.0
0,1,9,1,0,1,1.0,861.0
0,1,10,3,1,1,1.0,560.0
0,1,11,0,1,0,0.0,1406.0
0,1,12,1,0,0,1.0,2671.0
0,1,13,3,1,1,1.0,1060.0
0,1,14,2,0,0,0.0,957.0
0,1,15,2,1,0,1.0,1596.0
0,1,16,0,0,1,1.0,1139.0
0,1,17,0,0,1,1.0,782.0
0,1,18,1,1,0,0.0,1524.0
0,1,19,3,1,1,1.0,1051.0
0,1,20,2,1,1,1.0,928.0
0,1,21,2,1,1,1.0,1280.0
0,1,22,1,0,1,1.0,1327.0
0,1,23,3,1,0,1.0,803.0
0,1,24,3,0,1,0.0,2519.0
0,1,25,0,0,0,1.0,2213.0
0,1,26,1,0,1,1.0,2185.0
0,1,27,2,1,1,1.0,781.0
0,1,28,1,0,0,1.0,842.0
0,1,29,2,1,1,1.0,1355.0
0,1,30,3,0,0,0.0,1499.0
0,1,31,0,0,1,1.0,1401.0
0,1,32,0,1,1,0.0,1222.0
0,1,33,3,0,0,0.0,615.0
0,1,34,1,0,1,1.0,860.0
0,1,35,3,1,1,1.0,1802.0
0,1,36,2,1,1,1.0,1346.0
0,1,37,2,1,1,1.0,1045.0
0,1,38,0,0,1,1.0,1356.0
0,1,39,1,0,1,1.0,1242.0
0,1,40,3,1,1,1.0,850.0
0,1,41,1,0,1,1.0,810.0
0,1,42,1,0,1,1.0,864.0
0,1,43,0,1,1,0.0,1998.0
0,1,44,2,1,1,1.0,964.0
0,1,45,0,0,1,1.0,2800.0
0,1,46,3,1,1,1.0,889.0
0,1,47,2,1,0,1.0,1273.0
0,1,48,1,0,0,1.0,1177.0
0,1,49,2,1,1,1.0,1266.0
0,1,50,3,1,1,1.0,1048.0
0,1,51,1,0,0,1.0,600.0
0,1,52,0,0,1,1.0,1823.0
0,1,53,0,0,1,1.0,914.0
0,1,54,3,1,1,1.0,1218.0
0,1,55,2,1,1,1.0,931.0
0,1,56,3,0,1,0.0,1426.0
0,1,57,0,0,1,1.0,1098.0
0,1,58,1,1,0,0.0,1492.0
0,1,59,2,1,1,1.0,1068.0
0,1,60,2,0,0,0.0,1114.0
0,1,61,3,1,1,1.0,1653.0
0,1,62,0,0,1,1.0,887.0
0,1,63,1,1,0,0.0,2537.0
0,1,64,2,0,0,0.0,954.0
0,1,65,1,0,1,1.0,2015.0
0,1,66,0,1,0,0.0,1467.0
0,1,67,0,0,1,1.0,1044.0
0,1,68,3,1,0,1.0,968.0
0,1,69,2,0,0,0.0,1319.0
0,1,70,1,0,1,1.0,2155.0
0,1,71,3,0,0,0.0,1325.0
0,1,72,2,1,1,1.0,1940.0
0,1,73,0,0,0,1.0,1983.0
0,1,74,3,1,1,1.0,2598.0
0,1,75,1,0,1,1.0,1736.0
0,1,76,1,0,1,1.0,790.0
0,1,77,2,1,1,1.0,1435.0
0,1,78,3,0,0,0.0,1312.0
0,1,79,0,1,0,0.0,1818.0
0,1,80,2,0,0,0.0,1076.0
0,1,81,0,1,0,0.0,1080.0
0,1,82,2,0,0,0.0,1028.0
0,1,83,0,1,1,0.0,902.0
0,1,84,3,0,0,0.0,1211.0
0,1,85,1,1,0,0.0,1306.0
0,1,86,3,0,0,0.0,3461.0
0,1,87,1,1,0,0.0,3606.0
0,1,88,3,1,1,1.0,4321.0
0,1,89,1,0,1,1.0,756.0
0,1,90,0,1,1,0.0,1606.0
0,1,91,0,1,0,0.0,941.0
0,1,92,2,0,0,0.0,1243.0
0,1,93,1,1,0,0.0,1603.0
0,1,94,2,0,0,0.0,2282.0
0,1,95,3,1,1,1.0,793.0
0,1,96,3,0,0,0.0,1021.0
0,1,97,3,0,0,0.0,2130.0
0,1,98,0,0,1,1.0,3726.0
0,1,99,1,1,1,0.0,1800.0
0,1,100,0,0,1,1.0,837.0
0,1,101,2,0,0,0.0,1923.0
0,1,102,1,0,1,1.0,1578.0
0,1,103,2,1,1,1.0,839.0
0,1,104,3,1,1,1.0,1193.0
0,1,105,0,0,1,1.0,1764.0
0,1,106,1,0,1,1.0,722.0
0,1,107,2,1,1,1.0,612.0
0,1,108,0,0,0,1.0,954.0
0,1,109,2,1,0,1.0,1109.0
0,1,110,3,0,0,0.0,1679.0
0,1,111,1,1,0,0.0,1496.0
0,1,112,3,0,1,0.0,3812.0
0,1,113,0,1,0,0.0,1123.0
0,1,114,2,0,0,0.0,944.0
0,1,115,0,1,0,0.0,1389.0
0,1,116,2,0,0,0.0,1303.0
0,1,117,1,1,0,0.0,1569.0
0,1,118,1,1,0,0.0,415.0
0,1,119,3,0,0,0.0,740.0
1,2,0,3,0,1,0.0,1726.0
1,2,1,1,1,1,1.0,887.0
1,2,2,0,1,1,0.0,1670.0
1,2,3,0,1,0,0.0,701.0
1,2,4,2,1,0,0.0,1761.0
1,2,5,1,1,1,1.0,1218.0
1,2,6,2,1,0,0.0,1400.0
1,2,7,3,0,0,0.0,949.0
1,2,8,0,1,0,0.0,1291.0
1,2,9,3,0,0,0.0,774.0
1,2,10,3,1,1,1.0,913.0
1,2,11,0,0,1,1.0,1034.0
1,2,12,1,0,0,0.0,1171.0
1,2,13,1,1,1,1.0,1049.0
1,2,14,2,0,1,1.0,1286.0
1,2,15,2,0,1,1.0,1011.0
1,2,16,0,1,0,0.0,1037.0
1,2,17,1,0,0,0.0,1457.0
1,2,18,2,0,1,1.0,844.0
1,2,19,3,0,0,0.0,1773.0
1,2,20,0,1,0,0.0,1221.0
1,2,21,3,1,1,1.0,1946.0
1,2,22,2,0,0,1.0,940.0
1,2,23,1,0,0,0.0,1670.0
1,2,24,3,1,0,1.0,974.0
1,2,25,1,1,1,1.0,2335.0
1,2,26,3,1,1,1.0,1057.0
1,2,27,2,0,1,1.0,498.0
1,2,28,0,0,1,1.0,1490.0
1,2,29,0,1,0,0.0,877.0
1,2,30,1,0,0,0.0,1922.0
1,2,31,2,0,1,1.0,686.0
1,2,32,3,0,0,0.0,5284.0
1,2,33,2,0,1,1.0,522.0
1,2,34,0,0,1,1.0,1288.0
1,2,35,3,1,1,1.0,1115.0
1,2,36,1,1,1,1.0,1641.0
1,2,37,1,1,0,1.0,672.0
1,2,38,0,0,0,1.0,1910.0
1,2,39,2,0,1,1.0,894.0
1,2,40,1,1,1,1.0,1116.0
1,2,41,0,0,1,1.0,1266.0
1,2,42,1,1,1,1.0,889.0
1,2,43,3,1,1,1.0,1682.0
1,2,44,0,1,1,0.0,1086.0
1,2,45,2,0,1,1.0,613.0
1,2,46,2,0,1,1.0,835.0
1,2,47,3,0,0,0.0,709.0
1,2,48,1,1,0,1.0,1297.0
1,2,49,0,1,0,0.0,1031.0
1,2,50,2,0,1,1.0,1169.0
1,2,51,1,1,1,1.0,1097.0
1,2,52,0,0,1,1.0,1405.0
1,2,53,3,0,0,0.0,1072.0
1,2,54,2,0,1,1.0,831.0
1,2,55,3,0,0,0.0,1086.0
1,2,56,3,1,0,1.0,729.0
1,2,57,0,0,0,1.0,2013.0
1,2,58,1,1,0,1.0,1276.0
1,2,59,0,0,1,1.0,1050.0
1,2,60,2,0,1,1.0,1055.0
1,2,61,2,0,0,1.0,699.0
1,2,62,3,1,1,1.0,1051.0
1,2,63,1,1,1,1.0,1367.0
1,2,64,3,1,1,1.0,2179.0
1,2,65,0,0,1,1.0,1045.0
1,2,66,1,1,1,1.0,755.0
1,2,67,1,1,1,1.0,813.0
1,2,68,3,1,1,1.0,909.0
1,2,69,2,0,1,1.0,932.0
1,2,70,2,0,0,1.0,561.0
1,2,71,0,0,0,1.0,1080.0
1,2,72,3,1,1,1.0,1586.0
1,2,73,2,0,1,1.0,1388.0
1,2,74,0,0,1,1.0,1155.0
1,2,75,1,1,1,1.0,3867.0
1,2,76,1,1,1,1.0,966.0
1,2,77,3,1,1,1.0,1440.0
1,2,78,0,0,1,1.0,1798.0
1,2,79,2,0,1,1.0,822.0
1,2,80,0,0,1,1.0,2367.0
1,2,81,0,0,0,1.0,1287.0
1,2,82,2,0,0,1.0,623.0
1,2,83,1,1,1,1.0,991.0
1,2,84,1,1,1,1.0,764.0
1,2,85,2,0,1,1.0,953.0
1,2,86,3,1,0,1.0,3161.0
1,2,87,3,1,1,1.0,815.0
1,2,88,3,1,1,1.0,782.0
1,2,89,1,1,1,1.0,1031.0
1,2,90,0,0,1,1.0,659.0
1,2,91,0,0,1,1.0,1649.0
1,2,92,2,0,1,1.0,1031.0
1,2,93,2,0,1,1.0,980.0
1,2,94,3,1,1,1.0,1411.0
1,2,95,1,1,0,1.0,960.0
1,2,96,0,0,1,1.0,715.0
1,2,97,2,0,1,1.0,1145.0
1,2,98,1,1,1,1.0,883.0
1,2,99,1,1,1,1.0,737.0
1,2,100,2,0,0,1.0,1376.0
1,2,101,3,1,1,1.0,2132.0
1,2,102,3,1,0,1.0,931.0
1,2,103,0,0,1,1.0,1255.0
1,2,104,2,0,1,1.0,1180.0
1,2,105,3,1,1,1.0,1015.0
1,2,106,1,1,0,1.0,1511.0
1,2,107,3,0,1,0.0,797.0
1,2,108,2,0,1,1.0,745.0
1,2,109,0,0,1,1.0,1016.0
1,2,110,0,0,0,1.0,839.0
1,2,111,1,1,1,1.0,1235.0
1,2,112,2,0,1,1.0,1172.0
1,2,113,3,1,1,1.0,1795.0
1,2,114,1,1,1,1.0,1239.0
1,2,115,0,0,1,1.0,1110.0
1,2,116,3,0,0,0.0,1431.0
1,2,117,1,1,1,1.0,1811.0
1,2,118,2,0,1,1.0,695.0
1,2,119,0,0,1,1.0,1555.0
2,3,0,1,1,0,0.0,2633.0
2,3,1,2,0,1,1.0,1685.0
2,3,2,3,0,1,0.0,1839.0
2,3,3,3,0,0,0.0,1164.0
2,3,4,2,0,1,1.0,1506.0
2,3,5,0,0,0,0.0,963.0
2,3,6,1,0,1,1.0,561.0
2,3,7,0,0,0,0.0,996.0
2,3,8,1,0,1,1.0,1109.0
2,3,9,3,0,0,0.0,1466.0
2,3,10,1,0,0,1.0,980.0
2,3,11,2,0,1,1.0,982.0
2,3,12,0,1,0,1.0,562.0
2,3,13,3,1,0,1.0,1678.0
2,3,14,0,1,1,1.0,1130.0
2,3,15,2,0,0,1.0,1881.0
2,3,16,1,1,0,0.0,706.0
2,3,17,3,0,0,0.0,331.0
2,3,18,1,0,1,1.0,219.0
2,3,19,2,0,1,1.0,237.0
2,3,20,0,0,0,0.0,416.0
2,3,21,3,0,0,0.0,374.0
2,3,22,0,0,1,0.0,1210.0
2,3,23,2,1,0,0.0,1341.0
2,3,24,1,0,1,1.0,696.0
2,3,25,0,0,0,0.0,1441.0
2,3,26,1,0,1,1.0,1442.0
2,3,27,3,1,1,1.0,684.0
2,3,28,0,1,1,1.0,2174.0
2,3,29,3,1,1,1.0,594.0
2,3,30,2,0,0,1.0,727.0
2,3,31,2,0,1,1.0,931.0
2,3,32,2,0,1,1.0,3697.0
2,3,33,3,1,1,1.0,1046.0
2,3,34,0,1,1,1.0,654.0
2,3,35,3,1,1,1.0,1203.0
2,3,36,1,0,1,1.0,828.0
2,3,37,0,1,1,1.0,799.0
2,3,38,2,0,1,1.0,673.0
2,3,39,1,0,0,1.0,2720.0
2,3,40,1,0,1,1.0,1004.0
2,3,41,3,1,1,1.0,679.0
2,3,42,0,1,1,1.0,1047.0
2,3,43,2,1,0,0.0,1811.0
2,3,44,1,0,0,1.0,853.0
2,3,45,3,0,1,0.0,1909.0
2,3,46,0,0,0,0.0,729.0
2,3,47,2,1,0,0.0,508.0
2,3,48,3,1,1,1.0,878.0
2,3,49,3,1,0,1.0,993.0
2,3,50,0,1,1,1.0,934.0
2,3,51,2,0,1,1.0,1093.0
2,3,52,2,0,0,1.0,933.0
2,3,53,0,1,1,1.0,1627.0
2,3,54,1,0,1,1.0,1711.0
2,3,55,1,0,1,1.0,667.0
2,3,56,3,1,1,1.0,729.0
2,3,57,2,0,1,1.0,2792.0
2,3,58,0,1,0,1.0,630.0
2,3,59,3,1,1,1.0,518.0
2,3,60,1,0,1,1.0,757.0
2,3,61,2,0,1,1.0,1407.0
2,3,62,0,1,1,1.0,799.0
2,3,63,1,0,1,1.0,1750.0
2,3,64,3,1,1,1.0,1084.0
2,3,65,0,1,1,1.0,935.0
2,3,66,1,0,1,1.0,1615.0
2,3,67,0,1,0,1.0,773.0
2,3,68,1,0,0,1.0,810.0
2,3,69,2,0,1,1.0,1042.0
2,3,70,3,1,1,1.0,947.0
2,3,71,2,0,1,1.0,875.0
2,3,72,0,1,1,1.0,847.0
2,3,73,1,0,1,1.0,1038.0
2,3,74,2,0,1,1.0,1019.0
2,3,75,3,1,0,1.0,902.0
2,3,76,3,1,1,1.0,618.0
2,3,77,1,0,1,1.0,1167.0
2,3,78,0,1,1,1.0,722.0
2,3,79,2,0,1,1.0,680.0
2,3,80,1,0,1,1.0,1068.0
2,3,81,2,0,1,1.0,702.0
2,3,82,1,0,1,1.0,788.0
2,3,83,2,0,0,1.0,1100.0
2,3,84,0,1,1,1.0,785.0
2,3,85,3,1,1,1.0,763.0
2,3,86,0,1,1,1.0,690.0
2,3,87,3,1,1,1.0,665.0
2,3,88,0,1,1,1.0,742.0
2,3,89,0,1,1,1.0,740.0
2,3,90,1,0,0,1.0,613.0
2,3,91,2,0,1,1.0,425.0
2,3,92,3,1,1,1.0,789.0
2,3,93,3,1,0,1.0,683.0
2,3,94,1,0,1,1.0,899.0
2,3,95,2,0,0,1.0,753.0
2,3,96,2,0,1,1.0,620.0
2,3,97,0,1,0,1.0,1170.0
2,3,98,0,0,0,0.0,1131.0
2,3,99,3,1,1,1.0,721.0
2,3,100,2,0,1,1.0,842.0
2,3,101,1,0,1,1.0,650.0
2,3,102,1,0,1,1.0,914.0
2,3,103,3,1,1,1.0,641.0
2,3,104,0,1,1,1.0,719.0
2,3,105,3,1,1,1.0,2072.0
2,3,106,1,0,1,1.0,651.0
2,3,107,3,1,1,1.0,1212.0
2,3,108,2,0,1,1.0,1816.0
2,3,109,2,0,1,1.0,802.0
2,3,110,1,0,1,1.0,1027.0
2,3,111,0,1,1,1.0,795.0
2,3,112,2,0,1,1.0,689.0
2,3,113,3,1,1,1.0,618.0
2,3,114,1,0,1,1.0,1218.0
2,3,115,1,0,1,1.0,911.0
2,3,116,2,0,1,1.0,802.0
2,3,117,0,1,0,1.0,507.0
2,3,118,3,1,0,1.0,761.0
2,3,119,0,1,1,1.0,614.0
3,4,0,3,1,1,1.0,1987.0
3,4,1,1,0,1,0.0,2108.0
3,4,2,0,1,0,0.0,1344.0
3,4,3,0,0,0,1.0,672.0
3,4,4,2,1,0,0.0,1484.0
3,4,5,1,1,0,1.0,2035.0
3,4,6,2,0,0,1.0,1628.0
3,4,7,3,1,1,1.0,1555.0
3,4,8,0,1,0,0.0,2661.0
3,4,9,3,0,1,0.0,3081.0
3,4,10,3,0,0,0.0,905.0
3,4,11,0,1,1,0.0,4262.0
3,4,12,1,0,0,0.0,3445.0
3,4,13,1,0,0,0.0,1454.0
3,4,14,2,1,0,0.0,2884.0
3,4,15,2,0,1,1.0,1568.0
3,4,16,0,1,0,0.0,2551.0
3,4,17,1,0,0,0.0,3986.0
3,4,18,2,0,1,1.0,2428.0
3,4,19,3,1,0,1.0,1792.0
3,4,20,0,0,1,1.0,1818.0
3,4,21,3,0,0,0.0,1463.0
3,4,22,2,1,1,0.0,2219.0
3,4,23,1,1,1,1.0,3074.0
3,4,24,3,0,0,0.0,2485.0
3,4,25,1,1,1,1.0,1663.0
3,4,26,3,1,1,1.0,1651.0
3,4,27,2,0,1,1.0,1075.0
3,4,28,0,0,1,1.0,1733.0
3,4,29,0,0,1,1.0,1080.0
3,4,30,1,1,1,1.0,2052.0
3,4,31,2,0,1,1.0,1014.0
3,4,32,3,0,0,0.0,2720.0
3,4,33,2,0,1,1.0,1073.0
3,4,34,0,0,1,1.0,1924.0
3,4,35,3,1,1,1.0,1436.0
3,4,36,1,1,1,1.0,943.0
3,4,37,1,1,1,1.0,718.0
3,4,38,0,0,0,1.0,1341.0
3,4,39,2,0,0,1.0,1243.0
3,4,40,1,1,1,1.0,2464.0
3,4,41,0,1,0,0.0,1729.0
3,4,42,1,1,1,1.0,1014.0
3,4,43,3,1,1,1.0,1426.0
3,4,44,0,0,1,1.0,3228.0
3,4,45,2,0,1,1.0,1890.0
3,4,46,2,0,1,1.0,764.0
3,4,47,3,1,0,1.0,1251.0
3,4,48,1,1,0,1.0,792.0
3,4,49,0,1,1,0.0,929.0
3,4,50,2,0,1,1.0,977.0
3,4,51,1,0,0,0.0,835.0
3,4,52,0,0,1,1.0,1497.0
3,4,53,3,1,1,1.0,1186.0
3,4,54,2,0,1,1.0,1613.0
3,4,55,3,0,0,0.0,2238.0
3,4,56,3,1,1,1.0,682.0
3,4,57,0,0,1,1.0,3276.0
3,4,58,1,1,1,1.0,1111.0
3,4,59,0,1,0,0.0,788.0
3,4,60,2,0,1,1.0,906.0
3,4,61,2,0,1,1.0,869.0
3,4,62,3,1,1,1.0,2465.0
3,4,63,1,1,1,1.0,1373.0
3,4,64,3,1,1,1.0,1697.0
3,4,65,0,0,1,1.0,963.0
3,4,66,1,1,0,1.0,758.0
3,4,67,1,0,1,0.0,667.0
3,4,68,3,1,1,1.0,640.0
3,4,69,2,0,0,1.0,803.0
3,4,70,2,0,1,1.0,1314.0
3,4,71,0,0,0,1.0,1797.0
3,4,72,3,1,0,1.0,1085.0
3,4,73,2,0,1,1.0,2190.0
3,4,74,0,0,1,1.0,1925.0
3,4,75,1,1,1,1.0,839.0
3,4,76,1,1,1,1.0,765.0
3,4,77,3,0,1,0.0,2824.0
3,4,78,0,0,1,1.0,1641.0
3,4,79,2,0,0,1.0,1968.0
3,4,80,0,0,1,1.0,1195.0
3,4,81,0,0,0,1.0,782.0
3,4,82,2,1,0,0.0,1517.0
3,4,83,1,1,1,1.0,2177.0
3,4,84,1,1,1,1.0,1012.0
3,4,85,2,0,1,1.0,2418.0
3,4,86,3,0,0,0.0,2631.0
3,4,87,3,1,1,1.0,644.0
3,4,88,3,1,1,1.0,631.0
3,4,89,1,0,0,0.0,2742.0
3,4,90,0,0,1,1.0,1263.0
3,4,91,0,1,0,0.0,5880.0
3,4,92,2,0,1,1.0,1866.0
3,4,93,2,0,1,1.0,855.0
3,4,94,3,1,1,1.0,2736.0
3,4,95,1,1,1,1.0,869.0
3,4,96,0,0,1,1.0,594.0
3,4,97,2,0,1,1.0,896.0
3,4,98,1,1,1,1.0,425.0
3,4,99,1,1,0,1.0,549.0
3,4,100,2,0,1,1.0,1392.0
3,4,101,3,1,0,1.0,8904.0
3,4,102,3,0,0,0.0,1335.0
3,4,103,0,0,1,1.0,1114.0
3,4,104,2,0,0,1.0,3308.0
3,4,105,3,0,0,0.0,2352.0
3,4,106,1,0,0,0.0,885.0
3,4,107,3,1,1,1.0,1407.0
3,4,108,2,0,1,1.0,827.0
3,4,109,0,1,0,0.0,1784.0
3,4,110,0,0,1,1.0,1524.0
3,4,111,1,1,1,1.0,1290.0
3,4,112,2,0,0,1.0,893.0
3,4,113,3,1,1,1.0,1248.0
3,4,114,1,1,1,1.0,1606.0
3,4,115,0,0,1,1.0,1792.0
3,4,116,3,1,1,1.0,2367.0
3,4,117,1,1,1,1.0,1450.0
3,4,118,2,0,1,1.0,877.0
3,4,119,0,1,0,0.0,1213.0
4,5,0,0,1,0,0.0,2879.0
4,5,1,1,1,0,1.0,2008.0
4,5,2,3,0,1,1.0,1483.0
4,5,3,2,1,1,1.0,3059.0
4,5,4,3,0,1,1.0,1516.0
4,5,5,0,1,0,0.0,2313.0
4,5,6,2,1,1,1.0,1665.0
4,5,7,1,1,1,1.0,3495.0
4,5,8,1,1,1,1.0,816.0
4,5,9,2,1,1,1.0,1426.0
4,5,10,3,1,0,0.0,915.0
4,5,11,3,0,0,1.0,660.0
4,5,12,0,1,1,0.0,1755.0
4,5,13,0,1,0,0.0,1054.0
4,5,14,2,1,1,1.0,1191.0
4,5,15,1,1,1,1.0,1677.0
4,5,16,2,1,1,1.0,698.0
4,5,17,3,1,0,0.0,815.0
4,5,18,0,1,0,0.0,1178.0
4,5,19,1,1,1,1.0,2840.0
4,5,20,0,1,0,0.0,2189.0
4,5,21,3,0,1,1.0,1839.0
4,5,22,1,1,1,1.0,664.0
4,5,23,2,1,1,1.0,1689.0
4,5,24,3,0,1,1.0,2235.0
4,5,25,1,1,1,1.0,1162.0
4,5,26,2,1,0,1.0,1030.0
4,5,27,0,1,0,0.0,1189.0
4,5,28,1,0,1,0.0,675.0
4,5,29,0,1,1,0.0,608.0
4,5,30,3,0,1,1.0,1022.0
4,5,31,2,1,1,1.0,946.0
4,5,32,2,1,1,1.0,2919.0
4,5,33,3,0,1,1.0,1134.0
4,5,34,3,0,0,1.0,1028.0
4,5,35,1,1,1,1.0,1292.0
4,5,36,2,1,0,1.0,870.0
4,5,37,0,0,1,1.0,1503.0
4,5,38,1,1,0,1.0,1090.0
4,5,39,0,0,1,1.0,2189.0
4,5,40,1,1,1,1.0,1541.0
4,5,41,3,0,1,1.0,928.0
4,5,42,1,1,1,1.0,1634.0
4,5,43,3,0,1,1.0,1492.0
4,5,44,2,1,1,1.0,3178.0
4,5,45,0,0,1,1.0,5660.0
4,5,46,0,1,0,0.0,1835.0
4,5,47,2,1,1,1.0,1786.0
4,5,48,3,0,0,1.0,284.0
4,5,49,0,1,0,0.0,746.0
4,5,50,3,0,1,1.0,1232.0
4,5,51,2,1,1,1.0,1492.0
4,5,52,1,0,0,0.0,2729.0
4,5,53,1,1,1,1.0,1372.0
4,5,54,2,1,1,1.0,1544.0
4,5,55,0,1,1,0.0,2077.0
4,5,56,1,1,1,1.0,1952.0
4,5,57,2,1,0,1.0,1829.0
4,5,58,1,1,0,1.0,2177.0
4,5,59,0,0,1,1.0,832.0
4,5,60,2,1,1,1.0,1341.0
4,5,61,0,1,0,0.0,941.0
4,5,62,3,0,1,1.0,4769.0
4,5,63,3,0,1,1.0,2572.0
4,5,64,3,0,1,1.0,2111.0
4,5,65,2,1,1,1.0,1271.0
4,5,66,1,1,1,1.0,1658.0
4,5,67,0,0,1,1.0,1934.0
4,5,68,1,1,0,1.0,1295.0
4,5,69,2,1,1,1.0,1078.0
4,5,70,3,0,1,1.0,1524.0
4,5,71,0,0,1,1.0,1607.0
4,5,72,0,0,0,1.0,1234.0
4,5,73,3,0,0,1.0,1133.0
4,5,74,3,0,1,1.0,1586.0
4,5,75,2,1,1,1.0,2246.0
4,5,76,1,1,1,1.0,2896.0
4,5,77,1,1,1,1.0,1357.0
4,5,78,0,0,1,1.0,1124.0
4,5,79,2,1,1,1.0,1897.0
4,5,80,3,0,1,1.0,3455.0
4,5,81,1,1,1,1.0,1449.0
4,5,82,2,1,0,1.0,1167.0
4,5,83,1,0,0,0.0,923.0
4,5,84,2,1,1,1.0,862.0
4,5,85,0,0,1,1.0,2098.0
4,5,86,3,0,1,1.0,949.0
4,5,87,0,0,1,1.0,2300.0
4,5,88,3,0,1,1.0,835.0
4,5,89,0,0,1,1.0,1221.0
4,5,90,1,1,1,1.0,1686.0
4,5,91,3,0,1,1.0,764.0
4,5,92,2,1,1,1.0,1379.0
4,5,93,2,1,1,1.0,2937.0
4,5,94,1,1,1,1.0,1390.0
4,5,95,0,1,0,0.0,1949.0
4,5,96,0,0,0,1.0,391.0
4,5,97,1,1,1,1.0,1205.0
4,5,98,3,0,1,1.0,838.0
4,5,99,1,1,0,1.0,1083.0
4,5,100,0,0,1,1.0,1848.0
4,5,101,2,1,1,1.0,1566.0
4,5,102,2,0,0,0.0,2121.0
4,5,103,3,0,0,1.0,1431.0
4,5,104,0,1,0,0.0,1396.0
4,5,105,3,0,1,1.0,1033.0
4,5,106,2,1,1,1.0,1249.0
4,5,107,1,1,1,1.0,958.0
4,5,108,1,0,0,0.0,498.0
4,5,109,3,0,0,1.0,899.0
4,5,110,2,1,0,1.0,1644.0
4,5,111,0,1,0,0.0,2629.0
4,5,112,3,0,1,1.0,716.0
4,5,113,0,0,1,1.0,1448.0
4,5,114,1,1,1,1.0,1798.0
4,5,115,3,0,1,1.0,969.0
4,5,116,2,1,1,1.0,2658.0
4,5,117,0,0,1,1.0,2959.0
4,5,118,2,1,1,1.0,677.0
4,5,119,1,1,1,1.0,2419.0
5,6,0,1,0,1,1.0,3296.0
5,6,1,2,1,0,0.0,881.0
5,6,2,3,1,0,1.0,2285.0
5,6,3,3,0,1,0.0,1190.0
5,6,4,2,0,1,1.0,1288.0
5,6,5,0,0,0,0.0,445.0
5,6,6,1,0,1,1.0,1108.0
5,6,7,0,1,0,1.0,2130.0
5,6,8,1,0,0,1.0,1576.0
5,6,9,3,0,0,0.0,2032.0
5,6,10,1,0,1,1.0,449.0
5,6,11,2,1,0,0.0,2431.0
5,6,12,0,0,0,0.0,822.0
5,6,13,3,1,1,1.0,561.0
5,6,14,0,0,0,0.0,650.0
5,6,15,2,1,0,0.0,552.0
5,6,16,1,0,1,1.0,2346.0
5,6,17,3,0,0,0.0,2018.0
5,6,18,1,0,1,1.0,2266.0
5,6,19,2,0,1,1.0,1974.0
5,6,20,0,1,1,1.0,1488.0
5,6,21,3,0,0,0.0,2815.0
5,6,22,0,0,1,0.0,5497.0
5,6,23,2,1,0,0.0,366.0
5,6,24,1,0,1,1.0,2416.0
5,6,25,0,1,1,1.0,825.0
5,6,26,1,0,0,1.0,726.0
5,6,27,3,0,0,0.0,1240.0
5,6,28,0,0,0,0.0,2945.0
5,6,29,3,0,1,0.0,1096.0
5,6,30,2,1,0,0.0,575.0
5,6,31,2,0,1,1.0,845.0
5,6,32,2,0,0,1.0,2203.0
5,6,33,3,0,0,0.0,1012.0
5,6,34,0,1,1,1.0,513.0
5,6,35,3,0,0,0.0,757.0
5,6,36,1,0,1,1.0,740.0
5,6,37,0,1,1,1.0,6837.0
5,6,38,2,0,1,1.0,1547.0
5,6,39,1,0,0,1.0,997.0
5,6,40,1,1,0,0.0,2225.0
5,6,41,3,1,1,1.0,1662.0
5,6,42,0,0,0,0.0,793.0
5,6,43,2,1,0,0.0,113.0
5,6,44,1,0,1,1.0,729.0
5,6,45,3,1,1,1.0,1850.0
5,6,46,0,0,0,0.0,409.0
5,6,47,2,0,0,1.0,968.0
5,6,48,3,1,1,1.0,1426.0
5,6,49,3,0,0,0.0,597.0
5,6,50,0,1,1,1.0,39.0
5,6,51,2,0,1,1.0,999.0
5,6,52,2,0,1,1.0,1005.0
5,6,53,0,1,1,1.0,2344.0
5,6,54,1,0,1,1.0,2141.0
5,6,55,1,0,1,1.0,1295.0
5,6,56,3,1,1,1.0,959.0
5,6,57,2,0,1,1.0,752.0
5,6,58,0,1,1,1.0,464.0
5,6,59,3,0,0,0.0,542.0
5,6,60,1,1,0,0.0,494.0
5,6,61,2,0,1,1.0,321.0
5,6,62,0,1,0,1.0,523.0
5,6,63,1,0,1,1.0,954.0
5,6,64,3,0,0,0.0,1525.0
5,6,65,0,0,0,0.0,913.0
5,6,66,1,0,1,1.0,646.0
5,6,67,0,1,1,1.0,799.0
5,6,68,1,0,0,1.0,899.0
5,6,69,2,0,0,1.0,1003.0
5,6,70,3,0,1,0.0,315.0
5,6,71,2,1,0,0.0,1954.0
5,6,72,0,0,1,0.0,115.0
5,6,73,1,1,0,0.0,7826.0
5,6,74,2,0,1,1.0,824.0
5,6,75,3,1,1,1.0,1391.0
5,6,76,3,0,0,0.0,765.0
5,6,77,1,0,1,1.0,756.0
5,6,78,0,0,1,0.0,2421.0
5,6,79,2,1,1,0.0,1835.0
5,6,80,1,1,0,0.0,869.0
5,6,81,2,0,1,1.0,1127.0
5,6,82,1,0,1,1.0,913.0
5,6,83,2,0,1,1.0,1449.0
5,6,84,0,1,1,1.0,1734.0
5,6,85,3,1,0,1.0,1839.0
5,6,86,0,0,0,0.0,1852.0
5,6,87,3,0,0,0.0,750.0
5,6,88,0,0,0,0.0,1402.0
5,6,89,0,1,0,1.0,299.0
5,6,90,1,0,1,1.0,120.0
5,6,91,2,1,0,0.0,418.0
5,6,92,3,1,1,1.0,3163.0
5,6,93,3,0,0,0.0,5566.0
5,6,94,1,0,1,1.0,1495.0
5,6,95,2,0,1,1.0,1855.0
5,6,96,2,0,1,1.0,784.0
5,6,97,0,0,0,0.0,1370.0
5,6,98,0,0,0,0.0,203.0
5,6,99,3,0,1,0.0,752.0
5,6,100,2,1,0,0.0,888.0
5,6,101,1,0,0,1.0,591.0
5,6,102,1,0,1,1.0,643.0
5,6,103,3,1,1,1.0,241.0
5,6,104,0,0,0,0.0,430.0
5,6,105,3,1,1,1.0,282.0
5,6,106,1,0,1,1.0,6778.0
5,6,107,3,1,1,1.0,863.0
5,6,108,2,1,0,0.0,712.0
5,6,109,2,1,0,0.0,1427.0
5,6,110,1,0,1,1.0,1104.0
5,6,111,0,1,1,1.0,1201.0
5,6,112,2,0,1,1.0,832.0
5,6,113,3,1,0,1.0,1024.0
5,6,114,1,0,1,1.0,519.0
5,6,115,1,1,1,0.0,611.0
5,6,116,2,0,1,1.0,402.0
5,6,117,0,1,1,1.0,525.0
5,6,118,3,0,0,0.0,1072.0
5,6,119,0,1,1,1.0,1034.0
6,7,0,2,0,0,0.0,5864.0
6,7,1,0,0,1,1.0,1903.0
6,7,2,1,0,0,1.0,1236.0
6,7,3,0,0,1,1.0,697.0
6,7,4,3,0,0,0.0,1078.0
6,7,5,2,0,0,0.0,982.0
6,7,6,3,1,1,1.0,691.0
6,7,7,1,0,1,1.0,1631.0
6,7,8,0,0,1,1.0,776.0
6,7,9,1,0,1,1.0,582.0
6,7,10,3,1,1,1.0,491.0
6,7,11,0,0,1,1.0,993.0
6,7,12,1,0,1,1.0,792.0
6,7,13,3,0,0,0.0,603.0
6,7,14,2,1,1,1.0,837.0
6,7,15,2,1,0,1.0,655.0
6,7,16,0,0,1,1.0,1228.0
6,7,17,0,0,1,1.0,661.0
6,7,18,1,0,1,1.0,947.0
6,7,19,3,1,1,1.0,973.0
6,7,20,2,1,1,1.0,797.0
6,7,21,2,1,1,1.0,821.0
6,7,22,1,0,1,1.0,1053.0
6,7,23,3,1,0,1.0,943.0
6,7,24,3,1,1,1.0,638.0
6,7,25,0,0,0,1.0,908.0
6,7,26,1,0,0,1.0,502.0
6,7,27,2,1,1,1.0,756.0
6,7,28,1,0,1,1.0,637.0
6,7,29,2,1,1,1.0,1543.0
6,7,30,3,1,1,1.0,989.0
6,7,31,0,0,1,1.0,1043.0
6,7,32,0,0,1,1.0,3226.0
6,7,33,3,1,0,1.0,1020.0
6,7,34,1,0,1,1.0,905.0
6,7,35,3,1,1,1.0,494.0
6,7,36,2,1,0,1.0,605.0
6,7,37,2,1,1,1.0,989.0
6,7,38,0,0,1,1.0,919.0
6,7,39,1,0,1,1.0,1016.0
6,7,40,3,1,1,1.0,450.0
6,7,41,1,0,1,1.0,732.0
6,7,42,1,0,1,1.0,622.0
6,7,43,0,0,1,1.0,2473.0
6,7,44,2,1,1,1.0,1326.0
6,7,45,0,0,1,1.0,789.0
6,7,46,3,1,1,1.0,653.0
6,7,47,2,1,1,1.0,1514.0
6,7,48,1,0,0,1.0,910.0
6,7,49,2,1,0,1.0,623.0
6,7,50,3,1,1,1.0,772.0
6,7,51,1,0,1,1.0,936.0
6,7,52,0,0,0,1.0,7624.0
6,7,53,0,0,1,1.0,599.0
6,7,54,3,1,1,1.0,1236.0
6,7,55,2,1,1,1.0,3157.0
6,7,56,3,1,0,1.0,1452.0
6,7,57,0,0,1,1.0,928.0
6,7,58,1,0,1,1.0,1020.0
6,7,59,2,1,1,1.0,2931.0
6,7,60,2,1,1,1.0,770.0
6,7,61,3,1,1,1.0,2252.0
6,7,62,0,0,1,1.0,946.0
6,7,63,1,0,1,1.0,1002.0
6,7,64,2,1,1,1.0,1251.0
6,7,65,1,0,1,1.0,693.0
6,7,66,0,0,0,1.0,639.0
6,7,67,0,0,1,1.0,733.0
6,7,68,3,1,0,1.0,730.0
6,7,69,2,1,1,1.0,734.0
6,7,70,1,0,0,1.0,642.0
6,7,71,3,1,1,1.0,530.0
6,7,72,2,1,0,1.0,786.0
6,7,73,0,0,1,1.0,1209.0
6,7,74,3,1,1,1.0,837.0
6,7,75,1,0,1,1.0,1566.0
6,7,76,1,0,0,1.0,3593.0
6,7,77,2,1,1,1.0,1307.0
6,7,78,3,1,1,1.0,858.0
6,7,79,0,0,1,1.0,1407.0
6,7,80,2,1,1,1.0,730.0
6,7,81,0,0,0,1.0,1353.0
6,7,82,2,1,1,1.0,2087.0
6,7,83,0,0,1,1.0,763.0
6,7,84,3,1,1,1.0,1281.0
6,7,85,1,0,1,1.0,723.0
6,7,86,3,1,0,1.0,1281.0
6,7,87,1,0,1,1.0,696.0
6,7,88,3,1,1,1.0,683.0
6,7,89,1,0,1,1.0,707.0
6,7,90,0,0,1,1.0,849.0
6,7,91,0,0,1,1.0,684.0
6,7,92,2,1,1,1.0,791.0
6,7,93,1,0,1,1.0,770.0
6,7,94,2,1,1,1.0,2563.0
6,7,95,3,1,1,1.0,748.0
6,7,96,3,1,1,1.0,769.0
6,7,97,3,1,1,1.0,451.0
6,7,98,0,0,1,1.0,560.0
6,7,99,1,0,1,1.0,1036.0
6,7,100,0,0,1,1.0,1573.0
6,7,101,2,1,0,1.0,2227.0
6,7,102,1,0,1,1.0,670.0
6,7,103,2,1,1,1.0,684.0
6,7,104,3,1,1,1.0,1398.0
6,7,105,0,0,0,1.0,584.0
6,7,106,1,0,1,1.0,1123.0
6,7,107,2,1,1,1.0,651.0
6,7,108,0,0,1,1.0,786.0
6,7,109,2,1,1,1.0,848.0
6,7,110,3,1,0,1.0,686.0
6,7,111,1,0,1,1.0,1956.0
6,7,112,3,1,1,1.0,1162.0
6,7,113,0,0,1,1.0,1143.0
6,7,114,2,1,1,1.0,1483.0
6,7,115,0,0,0,1.0,853.0
6,7,116,2,1,0,1.0,1589.0
6,7,117,1,0,0,1.0,996.0
6,7,118,1,0,0,1.0,602.0
6,7,119,3,1,1,1.0,635.0
7,8,0,0,1,0,0.0,2117.0
7,8,1,1,0,1,0.0,780.0
7,8,2,3,1,0,0.0,1326.0
7,8,3,2,0,0,0.0,616.0
7,8,4,3,0,1,1.0,1828.0
7,8,5,0,1,0,0.0,6838.0
7,8,6,2,0,0,0.0,1589.0
7,8,7,1,1,0,1.0,1017.0
7,8,8,1,0,0,0.0,1216.0
7,8,9,2,1,1,1.0,1356.0
7,8,10,3,1,0,0.0,5181.0
7,8,11,3,0,1,1.0,951.0
7,8,12,0,1,1,0.0,2768.0
7,8,13,0,1,0,0.0,3524.0
7,8,14,2,1,1,1.0,1290.0
7,8,15,1,1,1,1.0,1429.0
7,8,16,2,1,1,1.0,1285.0
7,8,17,3,0,0,1.0,3318.0
7,8,18,0,1,0,0.0,1044.0
7,8,19,1,1,1,1.0,1038.0
7,8,20,0,0,1,1.0,1019.0
7,8,21,3,1,0,0.0,524.0
7,8,22,1,1,1,1.0,1061.0
7,8,23,2,1,1,1.0,581.0
7,8,24,3,1,1,0.0,828.0
7,8,25,1,1,1,1.0,1214.0
7,8,26,2,1,1,1.0,698.0
7,8,27,0,0,1,1.0,521.0
7,8,28,1,1,1,1.0,1176.0
7,8,29,0,0,1,1.0,1940.0
7,8,30,3,0,1,1.0,1414.0
7,8,31,2,1,1,1.0,985.0
7,8,32,2,1,0,1.0,2417.0
7,8,33,3,1,0,0.0,931.0
7,8,34,3,0,1,1.0,1602.0
7,8,35,1,0,0,0.0,1478.0
7,8,36,2,0,0,0.0,1641.0
7,8,37,0,0,1,1.0,1497.0
7,8,38,1,1,1,1.0,1486.0
7,8,39,0,0,1,1.0,1570.0
7,8,40,1,0,0,0.0,2445.0
7,8,41,3,1,0,0.0,937.0
7,8,42,1,0,0,0.0,738.0
7,8,43,3,1,0,0.0,3503.0
7,8,44,2,0,1,0.0,900.0
7,8,45,0,1,0,0.0,3376.0
7,8,46,0,0,1,1.0,824.0
7,8,47,2,0,0,0.0,1628.0
7,8,48,3,0,1,1.0,1152.0
7,8,49,0,0,0,1.0,2177.0
7,8,50,3,0,1,1.0,1485.0
7,8,51,2,1,1,1.0,2777.0
7,8,52,1,0,1,0.0,1447.0
7,8,53,1,0,0,0.0,788.0
7,8,54,2,1,1,1.0,1112.0
7,8,55,0,0,1,1.0,1020.0
7,8,56,1,1,1,1.0,1540.0
7,8,57,2,1,0,1.0,820.0
7,8,58,1,0,0,0.0,1364.0
7,8,59,0,1,0,0.0,505.0
7,8,60,2,0,1,0.0,1708.0
7,8,61,0,0,1,1.0,1200.0
7,8,62,3,1,0,0.0,7228.0
7,8,63,3,1,1,0.0,3032.0
7,8,64,3,0,0,1.0,1363.0
7,8,65,2,1,1,1.0,872.0
7,8,66,1,0,0,0.0,1479.0
7,8,67,0,0,1,1.0,1583.0
7,8,68,1,0,1,0.0,4227.0
7,8,69,2,0,0,0.0,3055.0
7,8,70,3,0,1,1.0,4031.0
7,8,71,0,0,1,1.0,4036.0
7,8,72,0,1,1,0.0,2188.0
7,8,73,3,0,1,1.0,899.0
7,8,74,3,1,0,0.0,1262.0
7,8,75,2,1,1,1.0,1291.0
7,8,76,1,0,0,0.0,1672.0
7,8,77,1,1,0,1.0,2434.0
7,8,78,0,0,0,1.0,1565.0
7,8,79,2,1,1,1.0,1808.0
7,8,80,3,1,0,0.0,1187.0
7,8,81,1,0,0,0.0,1441.0
7,8,82,2,1,1,1.0,899.0
7,8,83,1,1,1,1.0,1932.0
7,8,84,2,1,0,1.0,852.0
7,8,85,0,0,1,1.0,2465.0
7,8,86,3,1,0,0.0,2131.0
7,8,87,0,0,1,1.0,2177.0
7,8,88,3,1,0,0.0,2283.0
7,8,89,0,0,1,1.0,2338.0
7,8,90,1,1,1,1.0,2152.0
7,8,91,3,0,0,1.0,2487.0
7,8,92,2,1,1,1.0,1251.0
7,8,93,2,1,1,1.0,1290.0
7,8,94,1,0,0,0.0,3352.0
7,8,95,0,1,0,0.0,1703.0
7,8,96,0,0,1,1.0,2816.0
7,8,97,1,0,0,0.0,2384.0
7,8,98,3,1,1,0.0,2376.0
7,8,99,1,0,0,0.0,1106.0
7,8,100,0,1,0,0.0,4317.0
7,8,101,2,1,1,1.0,996.0
7,8,102,2,1,1,1.0,1022.0
7,8,103,3,0,1,1.0,1349.0
7,8,104,0,0,0,1.0,1223.0
7,8,105,3,0,1,1.0,2131.0
7,8,106,2,1,1,1.0,1575.0
7,8,107,1,0,0,0.0,1513.0
7,8,108,1,0,1,0.0,699.0
7,8,109,3,1,0,0.0,1097.0
7,8,111,0,1,1,0.0,864.0
7,8,112,3,1,0,0.0,2652.0
7,8,113,0,1,0,0.0,1114.0
7,8,114,1,0,0,0.0,1281.0
7,8,115,3,1,0,0.0,1113.0
7,8,116,2,1,0,1.0,823.0
7,8,117,0,1,0,0.0,2474.0
7,8,118,2,0,0,0.0,3181.0
7,8,119,1,1,1,1.0,1851.0
8,9,0,1,0,1,1.0,1168.0
8,9,1,2,0,1,1.0,1181.0
8,9,2,3,1,0,1.0,1647.0
8,9,3,3,0,1,0.0,941.0
8,9,4,2,0,1,1.0,854.0
8,9,5,0,0,0,0.0,720.0
8,9,6,1,0,1,1.0,1159.0
8,9,7,0,0,0,0.0,906.0
8,9,8,1,1,0,0.0,1057.0
8,9,9,3,0,0,0.0,1559.0
8,9,10,1,1,0,0.0,531.0
8,9,11,2,0,1,1.0,681.0
8,9,12,0,0,0,0.0,516.0
8,9,13,3,0,0,0.0,446.0
8,9,14,0,1,0,1.0,997.0
8,9,15,2,1,0,0.0,568.0
8,9,16,1,0,0,1.0,454.0
8,9,17,3,0,0,0.0,919.0
8,9,18,1,1,0,0.0,719.0
8,9,19,2,0,0,1.0,480.0
8,9,20,0,1,1,1.0,1244.0
8,9,21,3,1,1,1.0,463.0
8,9,22,0,0,1,0.0,629.0
8,9,23,2,0,1,1.0,637.0
8,9,24,1,1,0,0.0,448.0
8,9,25,0,0,0,0.0,658.0
8,9,26,1,0,1,1.0,387.0
8,9,27,3,0,0,0.0,395.0
8,9,28,0,0,0,0.0,129.0
8,9,29,3,0,1,0.0,348.0
8,9,30,2,0,0,1.0,540.0
8,9,31,2,0,1,1.0,852.0
8,9,32,2,0,1,1.0,1346.0
8,9,33,3,1,1,1.0,541.0
8,9,34,0,0,0,0.0,568.0
8,9,35,3,0,0,0.0,459.0
8,9,36,1,0,1,1.0,441.0
8,9,37,0,1,1,1.0,650.0
8,9,38,2,1,0,0.0,918.0
8,9,39,1,0,1,1.0,910.0
8,9,40,1,0,1,1.0,804.0
8,9,41,3,0,0,0.0,987.0
8,9,42,0,1,1,1.0,398.0
8,9,43,2,1,0,0.0,1059.0
8,9,44,1,1,1,0.0,460.0
8,9,45,3,0,0,0.0,316.0
8,9,46,0,1,1,1.0,664.0
8,9,47,2,1,0,0.0,1076.0
8,9,48,3,0,0,0.0,1008.0
8,9,49,3,0,0,0.0,388.0
8,9,50,0,0,0,0.0,348.0
8,9,51,2,0,1,1.0,308.0
8,9,52,2,1,0,0.0,395.0
8,9,53,0,1,1,1.0,492.0
8,9,54,1,1,0,0.0,589.0
8,9,55,1,0,0,1.0,2016.0
8,9,56,3,0,1,0.0,762.0
8,9,57,2,0,1,1.0,680.0
8,9,58,0,1,1,1.0,646.0
8,9,59,3,0,0,0.0,1187.0
8,9,60,1,1,0,0.0,282.0
8,9,61,2,1,0,0.0,705.0
8,9,62,0,1,1,1.0,705.0
8,9,63,1,1,0,0.0,778.0
8,9,64,3,0,0,0.0,423.0
8,9,65,0,1,0,1.0,317.0
8,9,66,1,0,1,1.0,717.0
8,9,67,0,1,1,1.0,731.0
8,9,68,1,0,0,1.0,710.0
8,9,69,2,0,0,1.0,460.0
8,9,70,3,1,1,1.0,524.0
8,9,71,2,1,0,0.0,388.0
8,9,72,0,1,1,1.0,269.0
8,9,73,1,0,1,1.0,294.0
8,9,74,2,0,1,1.0,199.0
8,9,75,3,1,1,1.0,514.0
8,9,76,3,1,1,1.0,444.0
8,9,77,1,0,1,1.0,788.0
8,9,78,0,1,0,1.0,535.0
8,9,79,2,1,1,0.0,1362.0
8,9,80,1,0,1,1.0,321.0
8,9,81,2,0,1,1.0,294.0
8,9,82,1,1,0,0.0,328.0
8,9,83,2,1,0,0.0,411.0
8,9,84,0,0,1,0.0,358.0
8,9,85,3,0,0,0.0,252.0
8,9,86,0,0,1,0.0,519.0
8,9,87,3,1,1,1.0,726.0
8,9,88,0,1,1,1.0,790.0
8,9,89,0,1,1,1.0,478.0
8,9,90,1,1,0,0.0,281.0
8,9,91,2,1,0,0.0,620.0
8,9,92,3,0,1,0.0,416.0
8,9,93,3,1,0,1.0,594.0
8,9,94,1,0,1,1.0,671.0
8,9,95,2,1,0,0.0,537.0
8,9,96,2,0,1,1.0,595.0
8,9,97,0,0,0,0.0,780.0
8,9,98,0,1,1,1.0,340.0
8,9,99,3,0,0,0.0,1038.0
8,9,100,2,0,1,1.0,518.0
8,9,101,1,1,1,0.0,1080.0
8,9,102,1,1,0,0.0,429.0
8,9,103,3,1,1,1.0,837.0
8,9,104,0,0,0,0.0,533.0
8,9,105,3,0,0,0.0,518.0
8,9,106,1,1,0,0.0,303.0
8,9,107,3,0,0,0.0,419.0
8,9,108,2,1,0,0.0,653.0
8,9,109,2,0,1,1.0,349.0
8,9,110,1,1,0,0.0,1550.0
8,9,111,0,1,1,1.0,631.0
8,9,112,2,1,0,0.0,739.0
8,9,113,3,1,1,1.0,632.0
8,9,114,1,1,0,0.0,1068.0
8,9,115,1,0,1,1.0,529.0
8,9,116,2,0,1,1.0,918.0
8,9,117,0,1,1,1.0,1057.0
8,9,118,3,1,1,1.0,962.0
8,9,119,0,1,1,1.0,734.0
9,10,0,2,0,0,0.0,4064.0
9,10,1,0,0,1,1.0,3114.0
9,10,2,1,0,0,1.0,2362.0
9,10,3,0,1,0,0.0,1395.0
9,10,4,3,1,1,1.0,2208.0
9,10,5,2,0,0,0.0,1117.0
9,10,6,3,1,1,1.0,2336.0
9,10,7,1,0,1,1.0,1261.0
9,10,8,0,1,0,0.0,2144.0
9,10,9,1,0,1,1.0,1284.0
9,10,10,3,1,1,1.0,1268.0
9,10,11,0,1,1,0.0,2304.0
9,10,12,1,0,1,1.0,2635.0
9,10,13,3,0,0,0.0,1901.0
9,10,14,2,0,0,0.0,1175.0
9,10,15,2,0,1,0.0,655.0
9,10,16,0,1,0,0.0,878.0
9,10,17,0,1,1,0.0,1279.0
9,10,18,1,0,1,1.0,888.0
9,10,19,3,1,0,1.0,903.0
9,10,20,2,1,1,1.0,1061.0
9,10,21,2,1,0,1.0,1400.0
9,10,22,1,0,1,1.0,2025.0
9,10,23,3,1,1,1.0,712.0
9,10,24,3,0,0,0.0,1251.0
9,10,25,0,0,1,1.0,1309.0
9,10,26,1,0,0,1.0,2165.0
9,10,27,2,1,1,1.0,752.0
9,10,28,1,0,1,1.0,1219.0
9,10,29,2,1,1,1.0,1537.0
9,10,30,3,1,1,1.0,1199.0
9,10,31,0,1,0,0.0,1951.0
9,10,32,0,0,1,1.0,2005.0
9,10,33,3,1,0,1.0,714.0
9,10,34,1,0,1,1.0,2632.0
9,10,35,3,1,1,1.0,531.0
9,10,36,2,1,1,1.0,1293.0
9,10,37,2,1,1,1.0,1355.0
9,10,38,0,0,1,1.0,1247.0
9,10,39,1,0,1,1.0,1140.0
9,10,40,3,1,1,1.0,705.0
9,10,41,1,0,1,1.0,1416.0
9,10,42,1,0,1,1.0,1907.0
9,10,43,0,0,1,1.0,1176.0
9,10,44,2,1,0,1.0,1126.0
9,10,45,0,1,0,0.0,1880.0
9,10,46,3,1,1,1.0,1561.0
9,10,47,2,1,1,1.0,2495.0
9,10,48,1,1,0,0.0,935.0
9,10,49,2,0,0,0.0,728.0
9,10,50,3,1,1,1.0,1815.0
9,10,51,1,0,0,1.0,797.0
9,10,52,0,1,0,0.0,1871.0
9,10,53,0,0,1,1.0,3347.0
9,10,54,3,1,1,1.0,1181.0
9,10,55,2,1,1,1.0,872.0
9,10,56,3,0,0,0.0,1829.0
9,10,57,0,0,0,1.0,3100.0
9,10,58,1,0,1,1.0,2199.0
9,10,59,2,1,1,1.0,1437.0
9,10,60,2,1,0,1.0,741.0
9,10,61,3,1,0,1.0,906.0
9,10,62,0,1,0,0.0,2257.0
9,10,63,1,0,1,1.0,2026.0
9,10,64,2,1,1,1.0,901.0
9,10,65,1,0,1,1.0,906.0
9,10,66,0,1,0,0.0,1235.0
9,10,67,0,1,0,0.0,772.0
9,10,68,3,1,1,1.0,1098.0
9,10,69,2,1,1,1.0,1297.0
9,10,70,1,0,1,1.0,2552.0
9,10,71,3,1,0,1.0,2242.0
9,10,72,2,1,1,1.0,843.0
9,10,73,0,0,1,1.0,1232.0
9,10,74,3,1,1,1.0,752.0
9,10,75,1,0,0,1.0,2460.0
9,10,76,1,0,1,1.0,438.0
9,10,77,2,1,1,1.0,1298.0
9,10,78,3,1,1,1.0,988.0
9,10,79,0,0,1,1.0,1626.0
9,10,80,2,1,1,1.0,1029.0
9,10,81,0,0,1,1.0,1415.0
9,10,82,2,1,0,1.0,2171.0
9,10,83,0,0,1,1.0,1289.0
9,10,84,3,1,1,1.0,1043.0
9,10,85,1,0,0,1.0,1360.0
9,10,86,3,1,1,1.0,1121.0
9,10,87,1,0,1,1.0,976.0
9,10,88,3,1,0,1.0,691.0
9,10,89,1,0,1,1.0,916.0
9,10,90,0,1,0,0.0,3146.0
9,10,91,0,1,1,0.0,1158.0
9,10,92,2,1,1,1.0,746.0
9,10,93,1,0,1,1.0,1858.0
9,10,94,2,1,1,1.0,1369.0
9,10,95,3,1,1,1.0,2478.0
9,10,96,3,1,1,1.0,979.0
9,10,97,3,1,1,1.0,646.0
9,10,98,0,0,1,1.0,2472.0
9,10,99,1,0,1,1.0,2119.0
9,10,100,0,0,0,1.0,896.0
9,10,101,2,1,1,1.0,3365.0
9,10,102,1,1,0,0.0,3692.0
9,10,103,2,1,1,1.0,680.0
9,10,104,3,1,1,1.0,1609.0
9,10,105,0,1,0,0.0,3502.0
9,10,106,1,0,1,1.0,1105.0
9,10,107,2,1,1,1.0,1008.0
9,10,108,0,0,1,1.0,2374.0
9,10,109,2,1,0,1.0,1023.0
9,10,110,3,1,1,1.0,729.0
9,10,111,1,0,1,1.0,986.0
9,10,112,3,1,0,1.0,1116.0
9,10,113,0,0,1,1.0,1171.0
9,10,114,2,1,1,1.0,758.0
9,10,115,0,1,0,0.0,1260.0
9,10,116,2,1,1,1.0,856.0
9,10,117,1,0,1,1.0,639.0
9,10,118,1,0,1,1.0,1264.0
9,10,119,3,1,1,1.0,874.0
10,11,0,3,0,1,0.0,2532.0
10,11,1,1,0,1,0.0,909.0
10,11,2,0,0,0,1.0,2018.0
10,11,3,0,1,0,0.0,834.0
10,11,4,2,0,0,1.0,1540.0
10,11,5,1,1,0,1.0,2141.0
10,11,6,2,0,1,1.0,744.0
10,11,7,3,1,1,1.0,2451.0
10,11,8,0,0,1,1.0,3637.0
10,11,9,3,1,1,1.0,1293.0
10,11,10,3,1,0,1.0,1034.0
10,11,11,0,0,1,1.0,1060.0
10,11,12,1,0,0,0.0,1615.0
10,11,13,1,1,1,1.0,736.0
10,11,14,2,0,1,1.0,3230.0
10,11,15,2,0,1,1.0,972.0
10,11,16,0,1,0,0.0,807.0
10,11,17,1,1,1,1.0,1323.0
10,11,18,2,0,1,1.0,1006.0
10,11,19,3,1,1,1.0,1187.0
10,11,20,0,1,1,0.0,1053.0
10,11,21,3,1,1,1.0,857.0
10,11,22,2,0,1,1.0,627.0
10,11,23,1,0,0,0.0,2217.0
10,11,24,3,1,1,1.0,867.0
10,11,25,1,1,1,1.0,1323.0
10,11,26,3,1,0,1.0,820.0
10,11,27,2,0,0,1.0,1044.0
10,11,28,0,0,1,1.0,1368.0
10,11,29,0,0,1,1.0,731.0
10,11,30,1,1,1,1.0,2686.0
10,11,31,2,0,1,1.0,1104.0
10,11,32,3,0,0,0.0,2671.0
10,11,33,2,0,1,1.0,1258.0
10,11,34,0,1,0,0.0,1051.0
10,11,35,3,1,1,1.0,1189.0
10,11,36,1,1,1,1.0,598.0
10,11,37,1,1,1,1.0,1037.0
10,11,38,0,0,0,1.0,989.0
10,11,39,2,0,1,1.0,1430.0
10,11,40,1,1,1,1.0,2000.0
10,11,41,0,1,0,0.0,3101.0
10,11,42,1,1,0,1.0,2378.0
10,11,43,3,1,1,1.0,842.0
10,11,44,0,1,1,0.0,2824.0
10,11,45,2,0,1,1.0,1529.0
10,11,46,2,0,1,1.0,1496.0
10,11,47,3,1,1,1.0,941.0
10,11,48,1,0,0,0.0,1413.0
10,11,49,0,1,0,0.0,3177.0
10,11,50,2,0,1,1.0,1963.0
10,11,51,1,0,0,0.0,914.0
10,11,52,0,0,1,1.0,1904.0
10,11,53,3,1,1,1.0,824.0
10,11,54,2,0,0,1.0,2543.0
10,11,55,3,1,1,1.0,1564.0
10,11,56,3,1,0,1.0,894.0
10,11,57,0,0,1,1.0,2352.0
10,11,58,1,0,1,0.0,1220.0
10,11,59,0,0,1,1.0,1603.0
10,11,60,2,0,1,1.0,1232.0
10,11,61,2,0,1,1.0,664.0
10,11,62,3,1,1,1.0,922.0
10,11,63,1,1,1,1.0,3427.0
10,11,64,3,1,1,1.0,1005.0
10,11,65,0,0,1,1.0,1406.0
10,11,66,1,1,1,1.0,1753.0
10,11,67,1,1,0,1.0,601.0
10,11,68,3,1,1,1.0,764.0
10,11,69,2,0,0,1.0,1014.0
10,11,70,2,0,1,1.0,646.0
10,11,71,0,0,0,1.0,1703.0
10,11,72,3,1,0,1.0,764.0
10,11,73,2,0,1,1.0,1980.0
10,11,74,0,0,1,1.0,1426.0
10,11,75,1,1,1,1.0,1810.0
10,11,76,1,1,1,1.0,640.0
10,11,77,3,1,1,1.0,958.0
10,11,78,0,0,1,1.0,1095.0
10,11,79,2,0,1,1.0,1553.0
10,11,80,0,0,1,1.0,1385.0
10,11,81,0,0,0,1.0,628.0
10,11,82,2,0,1,1.0,1196.0
10,11,83,1,1,1,1.0,2409.0
10,11,84,1,0,0,0.0,2297.0
10,11,85,2,0,1,1.0,1510.0
10,11,86,3,1,1,1.0,1373.0
10,11,87,3,1,1,1.0,564.0
10,11,88,3,1,1,1.0,609.0
10,11,89,1,1,1,1.0,2175.0
10,11,90,0,0,1,1.0,980.0
10,11,91,0,0,1,1.0,795.0
10,11,92,2,0,0,1.0,1114.0
10,11,93,2,0,1,1.0,555.0
10,11,94,3,0,0,0.0,4298.0
10,11,95,1,1,1,1.0,3186.0
10,11,96,0,0,1,1.0,1078.0
10,11,97,2,0,0,1.0,2006.0
10,11,98,1,1,1,1.0,2002.0
10,11,99,1,1,0,1.0,620.0
10,11,100,2,0,1,1.0,1595.0
10,11,101,3,1,1,1.0,1230.0
10,11,102,3,1,1,1.0,703.0
10,11,103,0,0,1,1.0,1371.0
10,11,104,2,0,1,1.0,4997.0
10,11,105,3,1,0,1.0,3070.0
10,11,106,1,1,1,1.0,2845.0
10,11,107,3,0,0,0.0,1350.0
10,11,108,2,0,1,1.0,1713.0
10,11,109,0,0,1,1.0,2507.0
10,11,110,0,0,1,1.0,758.0
10,11,111,1,0,0,0.0,1168.0
10,11,112,2,0,1,1.0,867.0
10,11,113,3,1,1,1.0,2137.0
10,11,114,1,1,1,1.0,1522.0
10,11,115,0,0,0,1.0,2199.0
10,11,116,3,1,0,1.0,2019.0
10,11,117,1,1,1,1.0,2302.0
10,11,118,2,0,1,1.0,3738.0
10,11,119,0,0,1,1.0,1796.0
11,12,0,0,1,0,0.0,1082.0
11,12,1,1,0,1,0.0,2683.0
11,12,2,3,1,0,0.0,1936.0
11,12,3,2,0,0,0.0,528.0
11,12,4,3,1,0,0.0,1201.0
11,12,5,0,0,1,1.0,625.0
11,12,6,2,0,0,0.0,1764.0
11,12,7,1,1,0,1.0,1294.0
11,12,8,1,0,0,0.0,1267.0
11,12,9,2,0,0,0.0,2128.0
11,12,10,3,0,1,1.0,1768.0
11,12,11,3,1,0,0.0,1494.0
11,12,12,0,0,1,1.0,862.0
11,12,13,0,0,1,1.0,699.0
11,12,14,2,0,1,0.0,827.0
11,12,15,1,0,0,0.0,580.0
11,12,16,2,1,1,1.0,572.0
11,12,17,3,1,1,0.0,555.0
11,12,18,0,1,0,0.0,380.0
11,12,19,1,0,0,0.0,430.0
11,12,20,0,1,1,0.0,288.0
11,12,21,3,0,1,1.0,637.0
11,12,22,1,0,0,0.0,545.0
11,12,23,2,1,1,1.0,1056.0
11,12,24,3,1,0,0.0,1461.0
11,12,25,1,0,1,0.0,981.0
11,12,26,2,1,1,1.0,1136.0
11,12,27,0,1,0,0.0,1550.0
11,12,28,1,1,1,1.0,1385.0
11,12,29,0,0,1,1.0,1797.0
11,12,30,3,1,0,0.0,1305.0
11,12,31,2,1,1,1.0,1051.0
11,12,32,2,1,1,1.0,1883.0
11,12,33,3,1,0,0.0,894.0
11,12,34,3,0,0,1.0,1086.0
11,12,35,1,0,0,0.0,2897.0
11,12,36,2,1,1,1.0,1391.0
11,12,37,0,0,1,1.0,1548.0
11,12,38,1,1,1,1.0,1606.0
11,12,39,0,1,0,0.0,1802.0
11,12,40,1,0,0,0.0,570.0
11,12,41,3,1,0,0.0,666.0
11,12,42,1,0,0,0.0,993.0
11,12,43,3,1,1,0.0,512.0
11,12,44,2,0,0,0.0,2720.0
11,12,45,0,1,0,0.0,1135.0
11,12,46,0,0,1,1.0,983.0
11,12,47,2,1,0,1.0,2470.0
11,12,48,3,1,0,0.0,1262.0
11,12,49,0,0,0,1.0,595.0
11,12,50,3,0,1,1.0,1183.0
11,12,51,2,1,1,1.0,1263.0
11,12,52,1,0,1,0.0,1341.0
11,12,53,1,0,0,0.0,1526.0
11,12,54,2,1,1,1.0,649.0
11,12,55,0,0,1,1.0,1645.0
11,12,56,1,1,1,1.0,985.0
11,12,57,2,1,0,1.0,1323.0
11,12,58,1,0,0,0.0,953.0
11,12,59,0,0,1,1.0,1382.0
11,12,60,2,0,1,0.0,1292.0
11,12,61,0,1,0,0.0,1211.0
11,12,62,3,0,1,1.0,350.0
11,12,63,3,1,0,0.0,3782.0
11,12,64,3,0,1,1.0,839.0
11,12,65,2,0,0,0.0,1416.0
11,12,66,1,0,0,0.0,1258.0
11,12,67,0,0,1,1.0,1647.0
11,12,68,1,0,0,0.0,984.0
11,12,69,2,1,1,1.0,958.0
11,12,70,3,0,1,1.0,1452.0
11,12,71,0,1,1,0.0,1107.0
11,12,72,0,0,1,1.0,1102.0
11,12,73,3,0,0,1.0,743.0
11,12,74,3,1,0,0.0,900.0
11,12,75,2,0,0,0.0,579.0
11,12,76,1,1,1,1.0,728.0
11,12,77,1,0,0,0.0,466.0
11,12,78,0,1,0,0.0,930.0
11,12,79,2,0,0,0.0,675.0
11,12,80,3,1,0,0.0,1499.0
11,12,81,1,0,0,0.0,1280.0
11,12,82,2,1,1,1.0,1068.0
11,12,83,1,0,1,0.0,580.0
11,12,84,2,1,1,1.0,773.0
11,12,85,0,0,0,1.0,722.0
11,12,86,3,1,1,0.0,956.0
11,12,87,0,0,1,1.0,1370.0
11,12,88,3,0,1,1.0,699.0
11,12,89,0,1,0,0.0,836.0
11,12,90,1,0,0,0.0,944.0
11,12,91,3,1,0,0.0,1802.0
11,12,92,2,1,1,1.0,1644.0
11,12,93,2,1,0,1.0,1937.0
11,12,94,1,1,1,1.0,1583.0
11,12,95,0,0,1,1.0,1207.0
11,12,96,0,0,1,1.0,821.0
11,12,97,1,0,0,0.0,1125.0
11,12,98,3,1,0,0.0,855.0
11,12,99,1,0,0,0.0,501.0
11,12,100,0,1,1,0.0,699.0
11,12,101,2,0,0,0.0,1418.0
11,12,102,2,1,1,1.0,648.0
11,12,103,3,0,1,1.0,992.0
11,12,104,0,1,0,0.0,973.0
11,12,105,3,0,0,1.0,632.0
11,12,106,2,1,1,1.0,876.0
11,12,107,1,0,0,0.0,2028.0
11,12,108,1,1,1,1.0,1031.0
11,12,109,3,0,1,1.0,1471.0
11,12,110,2,1,1,1.0,1596.0
11,12,111,0,1,0,0.0,897.0
11,12,112,3,0,1,1.0,834.0
11,12,113,0,0,1,1.0,882.0
11,12,114,1,0,0,0.0,1607.0
11,12,115,3,0,1,1.0,1269.0
11,12,116,2,1,1,1.0,1288.0
11,12,117,0,0,0,1.0,1549.0
11,12,118,2,1,1,1.0,745.0
11,12,119,1,1,1,1.0,1343.0
12,13,0,1,0,1,1.0,2112.0
12,13,1,2,1,0,0.0,1179.0
12,13,2,3,0,1,0.0,1850.0
12,13,3,3,0,0,0.0,1956.0
12,13,4,2,1,0,0.0,1653.0
12,13,5,0,0,0,0.0,2008.0
12,13,6,1,1,0,0.0,2381.0
12,13,7,0,1,0,1.0,3588.0
12,13,8,1,0,1,1.0,1773.0
12,13,9,3,1,0,1.0,1913.0
12,13,10,1,0,0,1.0,1789.0
12,13,11,2,0,1,1.0,2126.0
12,13,12,0,1,1,1.0,1889.0
12,13,13,3,1,1,1.0,1722.0
12,13,14,0,1,1,1.0,1263.0
12,13,15,2,0,1,1.0,1383.0
12,13,16,1,1,0,0.0,2058.0
12,13,17,3,1,1,1.0,2285.0
12,13,18,1,0,1,1.0,1524.0
12,13,19,2,0,1,1.0,2658.0
12,13,20,0,1,1,1.0,1614.0
12,13,21,3,1,1,1.0,1534.0
12,13,22,0,1,1,1.0,996.0
12,13,23,2,0,0,1.0,1484.0
12,13,24,1,0,1,1.0,1517.0
12,13,25,0,1,1,1.0,1036.0
12,13,26,1,0,1,1.0,1363.0
12,13,27,3,1,1,1.0,1766.0
12,13,28,0,0,0,0.0,1808.0
12,13,29,3,1,1,1.0,1538.0
12,13,30,2,0,1,1.0,1360.0
12,13,31,2,0,0,1.0,2102.0
12,13,32,2,0,1,1.0,1470.0
12,13,33,3,1,1,1.0,1069.0
12,13,34,0,1,1,1.0,1078.0
12,13,35,3,1,0,1.0,839.0
12,13,36,1,0,1,1.0,1441.0
12,13,37,0,1,1,1.0,1876.0
12,13,38,2,0,1,1.0,1416.0
12,13,39,1,0,0,1.0,1538.0
12,13,40,1,1,0,0.0,1638.0
12,13,41,3,0,0,0.0,1542.0
12,13,42,0,1,0,1.0,1992.0
12,13,43,2,0,1,1.0,1204.0
12,13,44,1,0,1,1.0,2386.0
12,13,45,3,0,0,0.0,1290.0
12,13,46,0,1,1,1.0,1128.0
12,13,47,2,0,1,1.0,1417.0
12,13,48,3,1,1,1.0,1365.0
12,13,49,3,1,1,1.0,794.0
12,13,50,0,1,1,1.0,982.0
12,13,51,2,0,0,1.0,1152.0
12,13,52,2,0,1,1.0,1944.0
12,13,53,0,1,0,1.0,1486.0
12,13,54,1,0,0,1.0,1612.0
12,13,55,1,0,1,1.0,1523.0
12,13,56,3,1,1,1.0,960.0
12,13,57,2,0,1,1.0,1078.0
12,13,58,0,1,1,1.0,931.0
12,13,59,3,1,1,1.0,868.0
12,13,60,1,0,1,1.0,1372.0
12,13,61,2,0,1,1.0,1127.0
12,13,62,0,1,1,1.0,917.0
12,13,63,1,0,1,1.0,2125.0
12,13,64,3,1,0,1.0,959.0
12,13,65,0,1,1,1.0,1469.0
12,13,66,1,0,1,1.0,3036.0
12,13,67,0,1,1,1.0,1051.0
12,13,68,1,0,1,1.0,1453.0
12,13,69,2,1,0,0.0,814.0
12,13,70,3,1,1,1.0,1005.0
12,13,71,2,0,1,1.0,1156.0
12,13,72,0,1,1,1.0,761.0
12,13,73,1,0,0,1.0,1540.0
12,13,74,2,0,1,1.0,1116.0
12,13,75,3,1,1,1.0,1250.0
12,13,76,3,1,1,1.0,808.0
12,13,77,1,0,1,1.0,764.0
12,13,78,0,1,1,1.0,706.0
12,13,79,2,0,1,1.0,923.0
12,13,80,1,0,1,1.0,1258.0
12,13,81,2,1,0,0.0,1230.0
12,13,82,1,0,1,1.0,863.0
12,13,83,2,0,1,1.0,1146.0
12,13,84,0,1,0,1.0,873.0
12,13,85,3,1,1,1.0,1059.0
12,13,86,0,1,1,1.0,928.0
12,13,87,3,1,0,1.0,839.0
12,13,88,0,1,1,1.0,776.0
12,13,89,0,1,0,1.0,645.0
12,13,90,1,0,1,1.0,1263.0
12,13,91,2,0,0,1.0,1015.0
12,13,92,3,1,1,1.0,920.0
12,13,93,3,1,1,1.0,750.0
12,13,94,1,0,0,1.0,1509.0
12,13,95,2,0,1,1.0,799.0
12,13,96,2,0,0,1.0,590.0
12,13,97,0,1,1,1.0,859.0
12,13,98,0,1,1,1.0,754.0
12,13,99,3,1,1,1.0,1053.0
12,13,100,2,0,1,1.0,2008.0
12,13,101,1,0,1,1.0,1225.0
12,13,102,1,0,1,1.0,821.0
12,13,103,3,1,1,1.0,873.0
12,13,104,0,1,0,1.0,1015.0
12,13,105,3,1,1,1.0,990.0
12,13,106,1,0,1,1.0,1435.0
12,13,107,3,1,0,1.0,1140.0
12,13,108,2,0,1,1.0,923.0
12,13,109,2,0,1,1.0,956.0
12,13,110,1,0,1,1.0,965.0
12,13,111,0,1,1,1.0,1120.0
12,13,112,2,0,1,1.0,1498.0
12,13,113,3,1,0,1.0,740.0
12,13,114,1,0,1,1.0,1013.0
12,13,115,1,0,1,1.0,881.0
12,13,116,2,0,1,1.0,944.0
12,13,117,0,1,1,1.0,753.0
12,13,118,3,1,1,1.0,1197.0
12,13,119,0,1,1,1.0,1026.0
13,14,0,0,0,1,1.0,5287.0
13,14,1,1,1,0,1.0,3226.0
13,14,2,3,0,1,1.0,2164.0
13,14,3,2,0,0,0.0,1620.0
13,14,4,3,0,1,1.0,2088.0
13,14,5,0,0,1,1.0,1870.0
13,14,6,2,1,1,1.0,543.0
13,14,7,1,0,1,0.0,771.0
13,14,8,1,1,1,1.0,1268.0
13,14,9,2,1,1,1.0,1257.0
13,14,10,3,0,0,1.0,1085.0
13,14,11,3,1,0,0.0,2423.0
13,14,12,0,0,1,1.0,1156.0
13,14,13,0,0,1,1.0,1568.0
13,14,14,2,1,1,1.0,1284.0
13,14,15,1,0,0,0.0,2113.0
13,14,16,2,1,1,1.0,2317.0
13,14,17,3,1,0,0.0,1517.0
13,14,18,0,0,1,1.0,4476.0
13,14,19,1,0,0,0.0,1688.0
13,14,20,0,0,1,1.0,1207.0
13,14,21,3,0,1,1.0,2623.0
13,14,22,1,0,0,0.0,1212.0
13,14,23,2,1,1,1.0,1271.0
13,14,24,3,0,1,1.0,1642.0
13,14,25,1,1,1,1.0,1783.0
13,14,26,2,1,1,1.0,1070.0
13,14,27,0,0,0,1.0,1179.0
13,14,28,1,0,0,0.0,1706.0
13,14,29,0,1,0,0.0,1560.0
13,14,30,3,0,1,1.0,2805.0
13,14,31,2,1,0,1.0,1565.0
13,14,32,2,1,1,1.0,1805.0
13,14,33,3,0,1,1.0,1350.0
13,14,34,3,0,0,1.0,2444.0
13,14,36,2,1,1,1.0,1142.0
13,14,37,0,0,1,1.0,1771.0
13,14,38,1,1,1,1.0,5549.0
13,14,39,0,1,0,0.0,2299.0
13,14,40,1,1,1,1.0,1354.0
13,14,41,3,1,0,0.0,1622.0
13,14,42,1,1,1,1.0,2100.0
13,14,43,3,0,1,1.0,2396.0
13,14,44,2,1,0,1.0,779.0
13,14,45,0,0,1,1.0,2719.0
13,14,46,0,1,1,0.0,1832.0
13,14,47,2,1,1,1.0,1312.0
13,14,48,3,0,1,1.0,2218.0
13,14,49,0,0,1,1.0,3730.0
13,14,50,3,0,0,1.0,2612.0
13,14,51,2,1,1,1.0,770.0
13,14,52,1,1,1,1.0,2237.0
13,14,53,1,1,1,1.0,721.0
13,14,54,2,1,1,1.0,1238.0
13,14,55,0,0,1,1.0,4329.0
13,14,56,1,1,0,1.0,1909.0
13,14,57,2,1,1,1.0,1397.0
13,14,58,1,1,1,1.0,4904.0
13,14,59,0,0,0,1.0,8068.0
13,14,60,2,1,0,1.0,1994.0
13,14,61,0,0,1,1.0,4992.0
13,14,62,3,0,1,1.0,2586.0
13,14,63,3,0,1,1.0,2145.0
13,14,64,3,0,1,1.0,3098.0
13,14,65,2,1,1,1.0,1494.0
13,14,66,1,1,1,1.0,5372.0
13,14,67,0,0,1,1.0,1381.0
13,14,68,1,1,1,1.0,1007.0
13,14,69,2,1,1,1.0,1376.0
13,14,70,3,0,1,1.0,3045.0
13,14,71,0,0,1,1.0,4819.0
13,14,72,0,0,1,1.0,1582.0
13,14,73,3,0,1,1.0,1447.0
13,14,74,3,1,1,0.0,8089.0
13,14,75,2,1,1,1.0,887.0
13,14,76,1,1,1,1.0,3910.0
13,14,77,1,1,0,1.0,992.0
13,14,78,0,0,0,1.0,2010.0
13,14,79,2,1,1,1.0,1797.0
13,14,80,3,0,0,1.0,2553.0
13,14,81,1,1,1,1.0,1794.0
13,14,82,2,1,1,1.0,2469.0
13,14,83,1,1,0,1.0,4534.0
13,14,84,2,1,0,1.0,1366.0
13,14,85,0,0,1,1.0,3930.0
13,14,86,3,0,1,1.0,1947.0
13,14,87,0,0,1,1.0,1538.0
13,14,88,3,0,1,1.0,2179.0
13,14,89,0,0,1,1.0,5970.0
13,14,90,1,1,1,1.0,1250.0
13,14,91,3,0,1,1.0,2327.0
13,14,92,2,1,1,1.0,808.0
13,14,93,2,1,1,1.0,1246.0
13,14,94,1,0,1,0.0,3189.0
13,14,95,0,0,1,1.0,2760.0
13,14,96,0,0,1,1.0,2493.0
13,14,97,1,1,1,1.0,1798.0
13,14,98,3,0,1,1.0,1960.0
13,14,99,1,1,1,1.0,7378.0
13,14,100,0,0,1,1.0,985.0
13,14,101,2,1,1,1.0,807.0
13,14,102,2,1,1,1.0,1427.0
13,14,103,3,0,1,1.0,1159.0
13,14,104,0,0,0,1.0,1605.0
13,14,105,3,0,1,1.0,2642.0
13,14,106,2,1,1,1.0,1805.0
13,14,107,1,1,1,1.0,1534.0
13,14,108,1,1,1,1.0,1057.0
13,14,109,3,0,0,1.0,2097.0
13,14,110,2,1,0,1.0,902.0
13,14,111,0,1,0,0.0,2021.0
13,14,112,3,0,1,1.0,1409.0
13,14,113,0,0,0,1.0,1355.0
13,14,114,1,1,1,1.0,3126.0
13,14,115,3,0,0,1.0,1888.0
13,14,116,2,1,1,1.0,1693.0
13,14,117,0,1,0,0.0,1464.0
13,14,118,2,1,1,1.0,1552.0
13,14,119,1,0,0,0.0,1157.0
14,15,0,1,0,1,1.0,1953.0
14,15,1,2,1,0,0.0,1438.0
14,15,2,3,1,0,1.0,1402.0
14,15,3,3,0,1,0.0,859.0
14,15,4,2,0,1,1.0,928.0
14,15,5,0,1,0,1.0,724.0
14,15,6,1,0,1,1.0,351.0
14,15,7,0,0,0,0.0,401.0
14,15,8,1,0,0,1.0,608.0
14,15,9,3,1,1,1.0,1236.0
14,15,10,1,1,0,0.0,1700.0
14,15,11,2,0,1,1.0,1633.0
14,15,12,0,1,1,1.0,2187.0
14,15,13,3,1,1,1.0,3288.0
14,15,14,0,0,0,0.0,2651.0
14,15,15,2,1,0,0.0,942.0
14,15,16,1,0,1,1.0,2916.0
14,15,17,3,0,0,0.0,2379.0
14,15,18,1,1,0,0.0,2046.0
14,15,19,2,1,0,0.0,1777.0
14,15,20,0,0,0,0.0,2215.0
14,15,21,3,0,0,0.0,1094.0
14,15,22,0,1,1,1.0,896.0
14,15,23,2,1,0,0.0,2731.0
14,15,24,1,0,1,1.0,2854.0
14,15,25,0,1,1,1.0,935.0
14,15,26,1,0,1,1.0,775.0
14,15,27,3,0,0,0.0,2705.0
14,15,28,0,1,1,1.0,1093.0
14,15,29,3,1,1,1.0,1353.0
14,15,30,2,0,1,1.0,1386.0
14,15,31,2,0,0,1.0,1536.0
14,15,32,2,1,0,0.0,1443.0
14,15,33,3,0,0,0.0,1361.0
14,15,34,0,1,1,1.0,1461.0
14,15,35,3,0,1,0.0,1225.0
14,15,36,1,0,1,1.0,675.0
14,15,37,0,1,1,1.0,687.0
14,15,38,2,0,1,1.0,323.0
14,15,39,1,0,0,1.0,604.0
14,15,40,1,0,1,1.0,659.0
14,15,41,3,0,0,0.0,1428.0
14,15,42,0,1,1,1.0,434.0
14,15,43,2,0,0,1.0,2213.0
14,15,44,1,0,0,1.0,683.0
14,15,45,3,1,1,1.0,753.0
14,15,46,0,1,0,1.0,959.0
14,15,47,2,1,0,0.0,2973.0
14,15,48,3,1,1,1.0,869.0
14,15,49,3,1,1,1.0,704.0
14,15,50,0,0,1,0.0,918.0
14,15,51,2,1,0,0.0,2639.0
14,15,52,2,0,1,1.0,794.0
14,15,53,0,0,0,0.0,1914.0
14,15,54,1,1,0,0.0,728.0
14,15,55,1,0,1,1.0,509.0
14,15,56,3,0,0,0.0,1411.0
14,15,57,2,1,1,0.0,2007.0
14,15,58,0,1,1,1.0,2426.0
14,15,59,3,1,0,1.0,1848.0
14,15,60,1,0,1,1.0,584.0
14,15,61,2,1,0,0.0,1281.0
14,15,62,0,0,0,0.0,1496.0
14,15,63,1,1,0,0.0,1922.0
14,15,64,3,0,0,0.0,1885.0
14,15,65,0,1,1,1.0,1398.0
14,15,66,1,0,1,1.0,566.0
14,15,67,0,1,0,1.0,894.0
14,15,68,1,0,1,1.0,579.0
14,15,69,2,0,1,1.0,1298.0
14,15,70,3,0,0,0.0,927.0
14,15,71,2,0,1,1.0,1159.0
14,15,72,0,1,1,1.0,434.0
14,15,73,1,0,1,1.0,702.0
14,15,74,2,0,1,1.0,1317.0
14,15,75,3,1,1,1.0,463.0
14,15,76,3,1,1,1.0,870.0
14,15,77,1,0,0,1.0,636.0
14,15,78,0,0,0,0.0,2779.0
14,15,79,2,0,0,1.0,1769.0
14,15,80,1,1,1,0.0,1791.0
14,15,81,2,0,1,1.0,1681.0
14,15,82,1,1,0,0.0,1012.0
14,15,83,2,0,1,1.0,723.0
14,15,84,0,1,1,1.0,743.0
14,15,85,3,1,1,1.0,1338.0
14,15,86,0,1,1,1.0,1095.0
14,15,87,3,1,1,1.0,1055.0
14,15,88,0,1,1,1.0,528.0
14,15,89,0,1,1,1.0,572.0
14,15,90,1,0,1,1.0,716.0
14,15,91,2,0,1,1.0,912.0
14,15,92,3,1,0,1.0,611.0
14,15,93,3,1,1,1.0,984.0
14,15,94,1,0,1,1.0,1045.0
14,15,95,2,0,1,1.0,944.0
14,15,96,2,0,1,1.0,804.0
14,15,97,0,1,1,1.0,544.0
14,15,98,0,1,0,1.0,514.0
14,15,99,3,1,1,1.0,987.0
14,15,100,2,1,0,0.0,769.0
14,15,101,1,0,1,1.0,879.0
14,15,102,1,0,1,1.0,618.0
14,15,103,3,1,1,1.0,1133.0
14,15,104,0,1,1,1.0,940.0
14,15,105,3,1,1,1.0,941.0
14,15,106,1,0,0,1.0,705.0
14,15,107,3,1,0,1.0,603.0
14,15,108,2,1,0,0.0,1080.0
14,15,109,2,0,1,1.0,831.0
14,15,110,1,0,1,1.0,694.0
14,15,111,0,1,1,1.0,1275.0
14,15,112,2,0,1,1.0,1148.0
14,15,113,3,1,1,1.0,1176.0
14,15,114,1,0,1,1.0,1346.0
14,15,115,1,0,1,1.0,716.0
14,15,116,2,0,0,1.0,504.0
14,15,117,0,1,0,1.0,1103.0
14,15,118,3,1,1,1.0,909.0
14,15,119,0,1,1,1.0,1825.0
15,16,0,2,0,0,0.0,1804.0
15,16,1,0,1,0,0.0,1646.0
15,16,2,1,0,0,1.0,1240.0
15,16,3,0,1,0,0.0,833.0
15,16,4,3,1,1,1.0,2090.0
15,16,5,2,1,1,1.0,2045.0
15,16,6,3,1,1,1.0,2576.0
15,16,7,1,0,1,1.0,1492.0
15,16,8,0,0,1,1.0,1761.0
15,16,9,1,0,1,1.0,1497.0
15,16,10,3,1,1,1.0,2776.0
15,16,11,0,1,1,0.0,1623.0
15,16,12,1,0,1,1.0,3058.0
15,16,13,3,1,0,1.0,1265.0
15,16,14,2,0,0,0.0,1338.0
15,16,15,2,0,0,0.0,1671.0
15,16,16,0,0,1,1.0,1212.0
15,16,17,0,0,1,1.0,1793.0
15,16,18,1,0,1,1.0,1672.0
15,16,19,3,1,1,1.0,4289.0
15,16,20,2,0,1,0.0,2174.0
15,16,21,2,0,0,0.0,952.0
15,16,22,1,0,1,1.0,1944.0
15,16,23,3,1,1,1.0,1356.0
15,16,24,3,1,0,1.0,757.0
15,16,25,0,0,1,1.0,1691.0
15,16,26,1,0,0,1.0,1778.0
15,16,27,2,0,1,0.0,1305.0
15,16,28,1,0,1,1.0,1673.0
15,16,29,2,0,0,0.0,779.0
15,16,30,3,1,1,1.0,1120.0
15,16,31,0,0,1,1.0,1400.0
15,16,32,0,0,1,1.0,1946.0
15,16,33,3,1,1,1.0,869.0
15,16,34,1,0,1,1.0,884.0
15,16,35,3,1,1,1.0,756.0
15,16,36,2,0,0,0.0,1128.0
15,16,37,2,0,0,0.0,1489.0
15,16,38,0,0,0,1.0,1039.0
15,16,39,1,0,1,1.0,960.0
15,16,40,3,1,1,1.0,632.0
15,16,41,1,0,1,1.0,722.0
15,16,42,1,0,1,1.0,621.0
15,16,43,0,0,1,1.0,1478.0
15,16,44,2,1,0,1.0,1332.0
15,16,45,0,0,1,1.0,1079.0
15,16,46,3,1,1,1.0,965.0
15,16,47,2,0,0,0.0,801.0
15,16,48,1,0,0,1.0,519.0
15,16,49,2,0,0,0.0,623.0
15,16,50,3,1,0,1.0,934.0
15,16,51,1,0,1,1.0,963.0
15,16,52,0,0,1,1.0,910.0
15,16,53,0,0,1,1.0,578.0
15,16,54,3,1,1,1.0,803.0
15,16,55,2,0,0,0.0,832.0
15,16,56,3,1,0,1.0,827.0
15,16,57,0,0,1,1.0,740.0
15,16,58,1,0,1,1.0,1348.0
15,16,59,2,1,1,1.0,1420.0
15,16,60,2,1,1,1.0,727.0
15,16,61,3,1,1,1.0,1690.0
15,16,62,0,0,0,1.0,1491.0
15,16,63,1,0,1,1.0,1054.0
15,16,64,2,1,1,1.0,1014.0
15,16,65,1,0,1,1.0,1121.0
15,16,66,0,0,1,1.0,1043.0
15,16,67,0,0,1,1.0,624.0
15,16,68,3,1,1,1.0,1167.0
15,16,69,2,1,1,1.0,1096.0
15,16,70,1,0,0,1.0,792.0
15,16,71,3,1,1,1.0,1011.0
15,16,72,2,1,0,1.0,1182.0
15,16,73,0,0,1,1.0,984.0
15,16,74,3,1,1,1.0,1042.0
15,16,75,1,0,1,1.0,744.0
15,16,76,1,0,0,1.0,833.0
15,16,77,2,1,1,1.0,1286.0
15,16,78,3,1,0,1.0,850.0
15,16,79,0,0,0,1.0,1451.0
15,16,80,2,1,1,1.0,936.0
15,16,81,0,0,1,1.0,1200.0
15,16,82,2,1,1,1.0,996.0
15,16,83,0,0,1,1.0,1186.0
15,16,84,3,1,1,1.0,739.0
15,16,85,1,0,1,1.0,2152.0
15,16,86,3,1,1,1.0,918.0
15,16,87,1,0,1,1.0,955.0
15,16,88,3,1,1,1.0,597.0
15,16,89,1,0,1,1.0,642.0
15,16,90,0,0,1,1.0,1369.0
15,16,91,0,0,0,1.0,718.0
15,16,92,2,1,0,1.0,900.0
15,16,93,1,0,1,1.0,869.0
15,16,94,2,1,1,1.0,1452.0
15,16,95,3,1,1,1.0,964.0
15,16,96,3,1,1,1.0,522.0
15,16,97,3,1,0,1.0,611.0
15,16,98,0,0,1,1.0,839.0
15,16,99,1,0,1,1.0,1122.0
15,16,100,0,0,1,1.0,574.0
15,16,101,2,1,1,1.0,798.0
15,16,102,1,0,1,1.0,682.0
15,16,103,2,1,1,1.0,893.0
15,16,104,3,1,1,1.0,504.0
15,16,105,0,0,1,1.0,934.0
15,16,106,1,0,1,1.0,744.0
15,16,107,2,1,1,1.0,917.0
15,16,108,0,0,1,1.0,1009.0
15,16,109,2,1,1,1.0,1044.0
15,16,110,3,1,1,1.0,1204.0
15,16,111,1,0,1,1.0,648.0
15,16,112,3,1,1,1.0,703.0
15,16,113,0,0,1,1.0,1175.0
15,16,114,2,1,0,1.0,759.0
15,16,115,0,0,0,1.0,638.0
15,16,116,2,1,1,1.0,1240.0
15,16,117,1,0,0,1.0,733.0
15,16,118,1,0,0,1.0,586.0
15,16,119,3,1,1,1.0,807.0
16,17,0,3,0,1,0.0,1785.0
16,17,1,1,1,0,1.0,737.0
16,17,2,0,1,0,0.0,875.0
16,17,3,0,0,0,1.0,791.0
16,17,4,2,0,0,1.0,1107.0
16,17,5,1,0,1,0.0,1505.0
16,17,6,2,1,0,0.0,1064.0
16,17,7,3,0,0,0.0,1532.0
16,17,8,0,1,0,0.0,791.0
16,17,9,3,0,0,0.0,666.0
16,17,10,3,1,1,1.0,2037.0
16,17,11,0,0,1,1.0,1442.0
16,17,12,1,1,1,1.0,1352.0
16,17,13,1,1,1,1.0,797.0
16,17,14,2,1,0,0.0,1256.0
16,17,15,2,0,1,1.0,506.0
16,17,16,0,1,1,0.0,1101.0
16,17,17,1,1,1,1.0,1161.0
16,17,18,2,1,1,0.0,2081.0
16,17,19,3,0,0,0.0,846.0
16,17,20,0,1,0,0.0,803.0
16,17,21,3,1,1,1.0,2013.0
16,17,22,2,1,0,0.0,1644.0
16,17,23,1,1,1,1.0,1913.0
16,17,24,3,0,0,0.0,8009.0
16,17,25,1,1,1,1.0,735.0
16,17,26,3,1,0,1.0,972.0
16,17,27,2,0,1,1.0,1209.0
16,17,28,0,1,0,0.0,1696.0
16,17,29,0,1,1,0.0,1794.0
16,17,30,1,1,1,1.0,1047.0
16,17,31,2,1,0,0.0,1293.0
16,17,32,3,1,1,1.0,1778.0
16,17,33,2,1,0,0.0,839.0
16,17,34,0,1,0,0.0,1273.0
16,17,35,3,1,1,1.0,947.0
16,17,36,1,1,1,1.0,788.0
16,17,37,1,1,0,1.0,570.0
16,17,38,0,1,0,0.0,749.0
16,17,39,2,0,1,1.0,1298.0
16,17,40,1,1,1,1.0,850.0
16,17,41,0,1,0,0.0,691.0
16,17,42,1,1,1,1.0,722.0
16,17,43,3,1,1,1.0,1330.0
16,17,44,0,1,0,0.0,1282.0
16,17,45,2,0,1,1.0,860.0
16,17,46,2,0,1,1.0,1179.0
16,17,47,3,1,0,1.0,872.0
16,17,48,1,1,0,1.0,805.0
16,17,49,0,1,1,0.0,832.0
16,17,50,2,0,0,1.0,1277.0
16,17,51,1,1,1,1.0,799.0
16,17,52,0,1,0,0.0,1095.0
16,17,53,3,1,1,1.0,983.0
16,17,54,2,0,1,1.0,955.0
16,17,55,3,1,1,1.0,803.0
16,17,56,3,1,1,1.0,604.0
16,17,57,0,1,0,0.0,770.0
16,17,58,1,1,1,1.0,707.0
16,17,59,0,1,0,0.0,864.0
16,17,60,2,0,1,1.0,1302.0
16,17,61,2,0,1,1.0,748.0
16,17,62,3,1,1,1.0,873.0
16,17,63,1,1,1,1.0,945.0
16,17,64,3,1,1,1.0,818.0
16,17,65,0,1,1,0.0,1452.0
16,17,66,1,1,1,1.0,1009.0
16,17,67,1,1,1,1.0,650.0
16,17,68,3,1,0,1.0,611.0
16,17,69,2,1,1,0.0,750.0
16,17,70,2,0,1,1.0,760.0
16,17,71,0,0,1,1.0,3069.0
16,17,72,3,0,0,0.0,683.0
16,17,73,2,0,1,1.0,3153.0
16,17,74,0,0,1,1.0,1852.0
16,17,75,1,0,0,0.0,1637.0
16,17,76,1,0,0,0.0,944.0
16,17,77,3,1,1,1.0,1120.0
16,17,78,0,1,0,0.0,816.0
16,17,79,2,0,1,1.0,898.0
16,17,80,0,1,0,0.0,857.0
16,17,81,0,1,0,0.0,846.0
16,17,82,2,0,0,1.0,815.0
16,17,83,1,1,1,1.0,972.0
16,17,84,1,1,0,1.0,1050.0
16,17,85,2,0,1,1.0,852.0
16,17,86,3,1,1,1.0,847.0
16,17,87,3,1,1,1.0,702.0
16,17,88,3,1,0,1.0,666.0
16,17,89,1,1,1,1.0,815.0
16,17,90,0,1,0,0.0,625.0
16,17,91,0,1,0,0.0,684.0
16,17,92,2,0,1,1.0,780.0
16,17,93,2,1,0,0.0,2125.0
16,17,94,3,1,1,1.0,1650.0
16,17,95,1,1,1,1.0,680.0
16,17,96,0,1,0,0.0,481.0
16,17,97,2,0,0,1.0,503.0
16,17,98,1,1,1,1.0,1470.0
16,17,99,1,1,1,1.0,894.0
16,17,100,2,0,1,1.0,869.0
16,17,101,3,1,1,1.0,958.0
16,17,102,3,1,1,1.0,685.0
16,17,103,0,0,1,1.0,1100.0
16,17,104,2,0,1,1.0,1439.0
16,17,105,3,1,1,1.0,1042.0
16,17,106,1,1,0,1.0,1847.0
16,17,107,3,1,1,1.0,1185.0
16,17,108,2,0,1,1.0,632.0
16,17,109,0,0,0,1.0,610.0
16,17,110,0,0,1,1.0,1582.0
16,17,111,1,1,1,1.0,790.0
16,17,112,2,0,1,1.0,869.0
16,17,113,3,1,1,1.0,972.0
16,17,114,1,1,1,1.0,691.0
16,17,115,0,1,0,0.0,820.0
16,17,116,3,1,0,1.0,1080.0
16,17,117,1,1,1,1.0,735.0
16,17,118,2,0,1,1.0,1090.0
16,17,119,0,1,1,0.0,907.0
17,18,0,1,0,1,1.0,1022.0
17,18,1,2,1,0,0.0,914.0
17,18,2,3,0,1,0.0,1338.0
17,18,3,3,0,0,0.0,1623.0
17,18,4,2,0,1,1.0,2116.0
17,18,5,0,1,0,1.0,1344.0
17,18,6,1,0,1,1.0,1224.0
17,18,7,0,0,0,0.0,1623.0
17,18,8,1,0,0,1.0,1506.0
17,18,9,3,0,0,0.0,1460.0
17,18,10,1,0,1,1.0,1634.0
17,18,11,2,0,1,1.0,2743.0
17,18,12,0,1,1,1.0,1624.0
17,18,13,3,0,0,0.0,1025.0
17,18,14,0,0,0,0.0,2225.0
17,18,15,2,0,1,1.0,1076.0
17,18,16,1,0,1,1.0,2935.0
17,18,17,3,1,0,1.0,2108.0
17,18,18,1,1,0,0.0,1177.0
17,18,19,2,0,0,1.0,2036.0
17,18,20,0,1,1,1.0,1467.0
17,18,21,3,0,0,0.0,2677.0
17,18,22,0,1,1,1.0,1467.0
17,18,23,2,0,1,1.0,1351.0
17,18,24,1,0,1,1.0,1316.0
17,18,25,0,0,0,0.0,2030.0
17,18,26,1,0,1,1.0,1921.0
17,18,27,3,0,1,0.0,924.0
17,18,28,0,1,1,1.0,916.0
17,18,29,3,0,0,0.0,888.0
17,18,30,2,1,0,0.0,736.0
17,18,31,2,1,0,0.0,2058.0
17,18,32,2,0,0,1.0,2127.0
17,18,33,3,0,0,0.0,1555.0
17,18,34,0,0,1,0.0,732.0
17,18,35,3,0,0,0.0,1541.0
17,18,36,1,1,0,0.0,1179.0
17,18,37,0,1,1,1.0,1390.0
17,18,38,2,1,0,0.0,1385.0
17,18,39,1,0,0,1.0,980.0
17,18,40,1,0,1,1.0,858.0
17,18,41,3,0,0,0.0,1024.0
17,18,42,0,1,1,1.0,941.0
17,18,43,2,0,1,1.0,1137.0
17,18,44,1,0,0,1.0,658.0
17,18,45,3,0,0,0.0,2771.0
17,18,46,0,1,1,1.0,1209.0
17,18,47,2,0,1,1.0,1008.0
17,18,48,3,0,1,0.0,1323.0
17,18,49,3,0,0,0.0,1409.0
17,18,50,0,0,0,0.0,1352.0
17,18,51,2,0,1,1.0,2391.0
17,18,52,2,0,1,1.0,1566.0
17,18,53,0,1,0,1.0,3075.0
17,18,54,1,1,0,0.0,1977.0
17,18,55,1,1,0,0.0,2378.0
17,18,56,3,0,0,0.0,1431.0
17,18,57,2,0,0,1.0,1878.0
17,18,58,0,1,1,1.0,1496.0
17,18,59,3,0,0,0.0,1084.0
17,18,60,1,1,1,0.0,1481.0
17,18,61,2,1,0,0.0,2996.0
17,18,62,0,0,0,0.0,4743.0
17,18,63,1,0,1,1.0,1303.0
17,18,64,3,0,1,0.0,843.0
17,18,65,0,1,1,1.0,716.0
17,18,66,1,0,1,1.0,2150.0
17,18,67,0,1,0,1.0,1816.0
17,18,68,1,0,1,1.0,2118.0
17,18,69,2,0,1,1.0,2319.0
17,18,70,3,0,0,0.0,802.0
17,18,71,2,0,1,1.0,2691.0
17,18,72,0,1,1,1.0,3424.0
17,18,73,1,1,0,0.0,901.0
17,18,74,2,0,1,1.0,1938.0
17,18,75,3,0,0,0.0,1344.0
17,18,76,3,1,1,1.0,2855.0
17,18,77,1,0,1,1.0,1090.0
17,18,78,0,1,1,1.0,1856.0
17,18,79,2,0,1,1.0,1159.0
17,18,80,1,0,1,1.0,1220.0
17,18,81,2,0,1,1.0,1969.0
17,18,82,1,1,0,0.0,836.0
17,18,83,2,1,0,0.0,2289.0
17,18,84,0,1,1,1.0,1500.0
17,18,85,3,1,1,1.0,1275.0
17,18,86,0,0,0,0.0,3157.0
17,18,87,3,1,1,1.0,2300.0
17,18,88,0,1,1,1.0,1438.0
17,18,89,0,0,0,0.0,2214.0
17,18,90,1,0,0,1.0,3102.0
17,18,91,2,1,0,0.0,719.0
17,18,92,3,0,0,0.0,1633.0
17,18,93,3,1,1,1.0,2099.0
17,18,94,1,0,1,1.0,1925.0
17,18,95,2,0,1,1.0,1054.0
17,18,96,2,0,1,1.0,1111.0
17,18,97,0,1,1,1.0,960.0
17,18,98,0,1,1,1.0,1451.0
17,18,99,3,1,1,1.0,641.0
17,18,100,2,0,0,1.0,1800.0
17,18,101,1,0,1,1.0,578.0
17,18,102,1,0,1,1.0,2655.0
17,18,103,3,1,1,1.0,2223.0
17,18,104,0,1,0,1.0,1660.0
17,18,105,3,0,1,0.0,1485.0
17,18,106,1,1,0,0.0,3024.0
17,18,107,3,1,0,1.0,1708.0
17,18,108,2,0,1,1.0,1654.0
17,18,109,2,0,0,1.0,2317.0
17,18,110,1,0,1,1.0,2818.0
17,18,111,0,1,1,1.0,2121.0
17,18,112,2,0,1,1.0,2406.0
17,18,113,3,1,1,1.0,1924.0
17,18,114,1,1,0,0.0,2169.0
17,18,115,1,0,0,1.0,1876.0
17,18,116,2,0,1,1.0,2111.0
17,18,117,0,1,1,1.0,2548.0
17,18,118,3,1,1,1.0,1801.0
17,18,119,0,0,1,0.0,1656.0
18,19,0,3,1,1,1.0,2531.0
18,19,1,1,1,0,1.0,1781.0
18,19,2,0,1,0,0.0,963.0
18,19,3,0,1,0,0.0,414.0
18,19,4,2,1,0,0.0,981.0
18,19,5,1,1,1,1.0,900.0
18,19,6,2,0,0,1.0,544.0
18,19,7,3,0,1,0.0,1640.0
18,19,8,0,0,0,1.0,753.0
18,19,9,3,1,1,1.0,1772.0
18,19,10,3,1,0,1.0,1552.0
18,19,11,0,0,1,1.0,4418.0
18,19,12,1,1,1,1.0,3004.0
18,19,13,1,1,1,1.0,2845.0
18,19,14,2,0,1,1.0,2474.0
18,19,15,2,0,1,1.0,1646.0
18,19,16,0,0,1,1.0,3893.0
18,19,17,1,0,1,0.0,6594.0
18,19,18,2,0,1,1.0,1908.0
18,19,19,3,1,1,1.0,1632.0
18,19,20,0,0,1,1.0,2863.0
18,19,21,3,1,1,1.0,2023.0
18,19,22,2,0,1,1.0,1346.0
18,19,23,1,1,1,1.0,2266.0
18,19,24,3,1,1,1.0,2184.0
18,19,25,1,0,0,0.0,1630.0
18,19,26,3,1,0,1.0,1301.0
18,19,27,2,0,1,1.0,3090.0
18,19,28,0,0,1,1.0,1610.0
18,19,29,0,0,0,1.0,773.0
18,19,30,1,1,1,1.0,4144.0
18,19,31,2,0,0,1.0,3269.0
18,19,32,3,1,1,1.0,2474.0
18,19,33,2,0,1,1.0,2542.0
18,19,34,0,0,1,1.0,6370.0
18,19,35,3,0,0,0.0,516.0
18,19,36,1,1,1,1.0,3924.0
18,19,37,1,1,1,1.0,1178.0
18,19,38,0,0,1,1.0,1302.0
18,19,39,2,0,1,1.0,1502.0
18,19,40,1,1,0,1.0,2383.0
18,19,41,0,1,1,0.0,131.0
18,19,42,1,0,0,0.0,1418.0
18,19,43,3,0,0,0.0,155.0
18,19,44,0,1,0,0.0,2433.0
18,19,45,2,0,1,1.0,2915.0
18,19,46,2,0,1,1.0,1967.0
18,19,47,3,1,1,1.0,1704.0
18,19,48,1,1,1,1.0,3825.0
18,19,49,0,0,1,1.0,3240.0
18,19,50,2,1,0,0.0,1659.0
18,19,51,1,1,1,1.0,2311.0
18,19,52,0,0,1,1.0,1608.0
18,19,53,3,1,1,1.0,1552.0
18,19,54,2,0,1,1.0,1787.0
18,19,55,3,1,1,1.0,1367.0
18,19,56,3,1,1,1.0,1622.0
18,19,57,0,0,0,1.0,1776.0
18,19,58,1,1,0,1.0,4293.0
18,19,59,0,1,0,0.0,2956.0
18,19,60,2,0,1,1.0,3320.0
18,19,61,2,0,0,1.0,980.0
18,19,62,3,1,0,1.0,2455.0
18,19,63,1,0,0,0.0,6035.0
18,19,64,3,1,1,1.0,1845.0
18,19,65,0,0,1,1.0,1664.0
18,19,66,1,0,0,0.0,2758.0
18,19,67,1,1,1,1.0,1758.0
18,19,68,3,1,1,1.0,3107.0
18,19,69,2,0,1,1.0,2300.0
18,19,70,2,0,1,1.0,1493.0
18,19,71,0,1,1,0.0,2762.0
18,19,72,3,1,1,1.0,1995.0
18,19,73,2,0,0,1.0,1503.0
18,19,74,0,0,1,1.0,3303.0
18,19,75,1,1,1,1.0,1756.0
18,19,76,1,1,1,1.0,866.0
18,19,77,3,1,0,1.0,2947.0
18,19,78,0,1,0,0.0,3628.0
18,19,79,2,1,1,0.0,2328.0
18,19,80,0,0,1,1.0,4428.0
18,19,81,0,0,0,1.0,1156.0
18,19,82,2,1,0,0.0,2880.0
18,19,83,1,0,1,0.0,2467.0
18,19,84,1,1,1,1.0,1635.0
18,19,85,2,0,1,1.0,3341.0
18,19,86,3,1,1,1.0,6648.0
18,19,87,3,0,0,0.0,1385.0
18,19,88,3,1,1,1.0,1370.0
18,19,89,1,0,0,0.0,1708.0
18,19,90,0,1,0,0.0,4603.0
18,19,91,0,0,1,1.0,1910.0
18,19,92,2,1,0,0.0,3664.0
18,19,93,2,0,1,1.0,1253.0
18,19,94,3,1,1,1.0,3896.0
18,19,95,1,1,1,1.0,3104.0
18,19,96,0,0,1,1.0,1308.0
18,19,97,2,1,0,0.0,1217.0
18,19,98,1,0,0,0.0,1302.0
18,19,99,1,1,1,1.0,857.0
18,19,100,2,0,1,1.0,1856.0
18,19,101,3,1,1,1.0,3482.0
18,19,102,3,1,1,1.0,789.0
18,19,103,0,0,1,1.0,1212.0
18,19,104,2,0,1,1.0,3163.0
18,19,105,3,1,1,1.0,4631.0
18,19,106,1,0,0,0.0,3547.0
18,19,107,3,1,0,1.0,8005.0
18,19,108,2,0,1,1.0,3672.0
18,19,109,0,1,0,0.0,3328.0
18,19,110,0,0,1,1.0,1275.0
18,19,111,1,1,0,1.0,2335.0
18,19,112,2,0,0,1.0,2281.0
18,19,113,3,1,1,1.0,2123.0
18,19,114,1,0,0,0.0,2890.0
18,19,115,0,0,1,1.0,3565.0
18,19,116,3,1,0,1.0,1390.0
18,19,117,1,1,1,1.0,2467.0
18,19,118,2,1,1,0.0,2010.0
18,19,119,0,0,1,1.0,1184.0
19,20,0,0,1,0,0.0,2696.0
19,20,1,1,0,1,0.0,410.0
19,20,2,3,1,0,0.0,1476.0
19,20,3,2,1,1,1.0,1975.0
19,20,4,3,1,0,0.0,1660.0
19,20,5,0,0,1,1.0,1502.0
19,20,6,2,1,1,1.0,1669.0
19,20,7,1,1,0,1.0,1629.0
19,20,8,1,0,0,0.0,779.0
19,20,9,2,0,0,0.0,2217.0
19,20,10,3,1,0,0.0,1244.0
19,20,11,3,1,1,0.0,1095.0
19,20,12,0,0,1,1.0,1926.0
19,20,13,0,0,1,1.0,937.0
19,20,14,2,1,1,1.0,2031.0
19,20,15,1,0,0,0.0,1125.0
19,20,16,2,1,1,1.0,773.0
19,20,17,3,1,0,0.0,1618.0
19,20,18,0,0,1,1.0,927.0
19,20,19,1,0,0,0.0,1980.0
19,20,20,0,1,0,0.0,92.0
19,20,21,3,1,0,0.0,982.0
19,20,22,1,0,0,0.0,1327.0
19,20,23,2,1,1,1.0,1510.0
19,20,24,3,0,1,1.0,2524.0
19,20,25,1,1,1,1.0,1386.0
19,20,26,2,1,1,1.0,934.0
19,20,27,0,0,1,1.0,874.0
19,20,28,1,1,1,1.0,1536.0
19,20,29,0,0,1,1.0,992.0
19,20,30,3,0,1,1.0,816.0
19,20,31,2,1,0,1.0,967.0
19,20,32,2,1,1,1.0,1492.0
19,20,33,3,0,0,1.0,849.0
19,20,34,3,1,0,0.0,549.0
19,20,35,1,1,1,1.0,1813.0
19,20,36,2,1,1,1.0,810.0
19,20,37,0,1,1,0.0,1403.0
19,20,38,1,1,1,1.0,1042.0
19,20,39,0,0,0,1.0,1819.0
19,20,40,1,1,1,1.0,982.0
19,20,41,3,1,0,0.0,1737.0
19,20,42,1,1,1,1.0,1225.0
19,20,43,3,0,1,1.0,775.0
19,20,44,2,0,0,0.0,2197.0
19,20,45,0,1,0,0.0,1028.0
19,20,46,0,0,1,1.0,544.0
19,20,47,2,1,0,1.0,945.0
19,20,48,3,0,1,1.0,1077.0
19,20,49,0,0,1,1.0,1258.0
19,20,50,3,1,1,0.0,1175.0
19,20,51,2,1,1,1.0,1134.0
19,20,52,1,0,1,0.0,2023.0
19,20,53,1,1,1,1.0,517.0
19,20,54,2,1,1,1.0,941.0
19,20,55,0,0,1,1.0,925.0
19,20,56,1,0,0,0.0,1088.0
19,20,57,2,1,1,1.0,309.0
19,20,58,1,0,0,0.0,1340.0
19,20,59,0,1,0,0.0,512.0
19,20,60,2,0,0,0.0,514.0
19,20,61,0,0,1,1.0,1165.0
19,20,62,3,1,0,0.0,1313.0
19,20,63,3,1,0,0.0,1696.0
19,20,64,3,0,1,1.0,606.0
19,20,65,2,1,1,1.0,1471.0
19,20,66,1,1,0,1.0,1507.0
19,20,67,0,0,0,1.0,582.0
19,20,68,1,0,0,0.0,1307.0
19,20,69,2,1,0,1.0,686.0
19,20,70,3,1,0,0.0,1478.0
19,20,71,0,1,0,0.0,923.0
19,20,72,0,0,1,1.0,1135.0
19,20,73,3,1,0,0.0,1196.0
19,20,74,3,1,1,0.0,3221.0
19,20,75,2,1,1,1.0,739.0
19,20,76,1,1,1,1.0,962.0
19,20,77,1,1,1,1.0,1250.0
19,20,78,0,0,1,1.0,607.0
19,20,79,2,1,1,1.0,1114.0
19,20,80,3,1,0,0.0,934.0
19,20,81,1,0,1,0.0,742.0
19,20,82,2,0,1,0.0,826.0
19,20,83,1,0,0,0.0,1652.0
19,20,84,2,1,1,1.0,847.0
19,20,85,0,1,0,0.0,1031.0
19,20,86,3,1,0,0.0,389.0
19,20,87,0,0,1,1.0,937.0
19,20,88,3,1,0,0.0,1681.0
19,20,89,0,0,1,1.0,910.0
19,20,90,1,1,1,1.0,1920.0
19,20,91,3,1,0,0.0,581.0
19,20,92,2,1,1,1.0,653.0
19,20,93,2,1,1,1.0,763.0
19,20,94,1,1,1,1.0,1193.0
19,20,95,0,0,0,1.0,1093.0
19,20,96,0,1,1,0.0,539.0
19,20,97,1,1,0,1.0,873.0
19,20,98,3,0,1,1.0,379.0
19,20,99,1,0,0,0.0,876.0
19,20,100,0,1,0,0.0,466.0
19,20,101,2,0,0,0.0,637.0
19,20,102,2,1,0,1.0,485.0
19,20,103,3,0,0,1.0,355.0
19,20,104,0,1,0,0.0,1330.0
19,20,105,3,0,1,1.0,743.0
19,20,106,2,0,1,0.0,1056.0
19,20,107,1,0,0,0.0,1435.0
19,20,108,1,1,1,1.0,557.0
19,20,109,3,1,1,0.0,915.0
19,20,110,2,1,1,1.0,693.0
19,20,111,0,0,1,1.0,958.0
19,20,112,3,1,0,0.0,1258.0
19,20,113,0,0,1,1.0,590.0
19,20,114,1,1,0,1.0,1607.0
19,20,115,3,0,1,1.0,800.0
19,20,116,2,1,1,1.0,352.0
19,20,117,0,1,1,0.0,713.0
19,20,118,2,1,1,1.0,375.0
19,20,119,1,1,1,1.0,436.0
20,21,0,1,0,1,1.0,1603.0
20,21,1,2,1,0,0.0,1323.0
20,21,2,3,1,0,1.0,1653.0
20,21,3,3,0,1,0.0,962.0
20,21,4,2,1,0,0.0,1194.0
20,21,5,0,1,0,1.0,1024.0
20,21,6,1,0,1,1.0,660.0
20,21,7,0,0,0,0.0,923.0
20,21,8,1,0,0,1.0,687.0
20,21,9,3,0,0,0.0,1149.0
20,21,10,1,0,1,1.0,951.0
20,21,11,2,1,0,0.0,1028.0
20,21,12,0,1,1,1.0,1110.0
20,21,13,3,0,0,0.0,1348.0
20,21,14,0,1,1,1.0,1193.0
20,21,15,2,0,1,1.0,1280.0
20,21,16,1,0,1,1.0,1092.0
20,21,17,3,0,0,0.0,935.0
20,21,18,1,0,1,1.0,933.0
20,21,19,2,0,1,1.0,1078.0
20,21,20,0,1,1,1.0,993.0
20,21,21,3,0,0,0.0,789.0
20,21,22,0,1,1,1.0,780.0
20,21,23,2,0,1,1.0,979.0
20,21,24,1,0,1,1.0,1158.0
20,21,25,0,0,0,0.0,1711.0
20,21,26,1,0,0,1.0,1345.0
20,21,27,3,0,1,0.0,1340.0
20,21,28,0,0,0,0.0,1315.0
20,21,29,3,0,0,0.0,1579.0
20,21,30,2,0,0,1.0,1068.0
20,21,31,2,0,1,1.0,1122.0
20,21,32,2,0,0,1.0,1729.0
20,21,33,3,0,0,0.0,842.0
20,21,34,0,0,1,0.0,1425.0
20,21,35,3,1,1,1.0,1713.0
20,21,36,1,1,0,0.0,972.0
20,21,37,0,1,1,1.0,888.0
20,21,38,2,1,0,0.0,1174.0
20,21,39,1,1,0,0.0,1478.0
20,21,40,1,0,1,1.0,903.0
20,21,41,3,1,1,1.0,1986.0
20,21,42,0,0,0,0.0,1171.0
20,21,43,2,0,1,1.0,1100.0
20,21,44,1,1,0,0.0,2525.0
20,21,45,3,0,0,0.0,878.0
20,21,46,0,1,1,1.0,1079.0
20,21,47,2,1,0,0.0,1156.0
20,21,48,3,0,0,0.0,720.0
20,21,49,3,0,0,0.0,1988.0
20,21,50,0,1,1,1.0,2062.0
20,21,51,2,0,1,1.0,1604.0
20,21,52,2,0,1,1.0,1810.0
20,21,53,0,0,0,0.0,1404.0
20,21,54,1,0,0,1.0,1325.0
20,21,55,1,0,1,1.0,1278.0
20,21,56,3,0,1,0.0,1131.0
20,21,57,2,0,1,1.0,1594.0
20,21,58,0,0,0,0.0,1110.0
20,21,59,3,0,0,0.0,1101.0
20,21,60,1,0,1,1.0,1020.0
20,21,61,2,0,0,1.0,1120.0
20,21,62,0,0,0,0.0,1099.0
20,21,63,1,0,1,1.0,1823.0
20,21,64,3,0,0,0.0,750.0
20,21,65,0,0,1,0.0,817.0
20,21,66,1,0,1,1.0,737.0
20,21,67,0,1,0,1.0,1674.0
20,21,68,1,0,1,1.0,598.0
20,21,69,2,0,1,1.0,991.0
20,21,70,3,0,0,0.0,803.0
20,21,71,2,0,1,1.0,763.0
20,21,72,0,1,1,1.0,880.0
20,21,73,1,0,0,1.0,613.0
20,21,74,2,0,1,1.0,808.0
20,21,75,3,1,1,1.0,1416.0
20,21,76,3,1,1,1.0,871.0
20,21,77,1,0,1,1.0,798.0
20,21,78,0,1,1,1.0,736.0
20,21,79,2,0,1,1.0,1273.0
20,21,80,1,1,0,0.0,1015.0
20,21,81,2,0,1,1.0,869.0
20,21,82,1,0,1,1.0,1029.0
20,21,83,2,0,1,1.0,968.0
20,21,84,0,1,0,1.0,1007.0
20,21,85,3,1,1,1.0,1331.0
20,21,86,0,1,1,1.0,1061.0
20,21,87,3,1,1,1.0,1325.0
20,21,88,0,1,1,1.0,1163.0
20,21,89,0,0,1,0.0,2001.0
20,21,90,1,0,1,1.0,998.0
20,21,91,2,0,1,1.0,1496.0
20,21,92,3,1,0,1.0,1101.0
20,21,93,3,0,1,0.0,1040.0
20,21,94,1,0,1,1.0,3084.0
20,21,95,2,0,0,1.0,768.0
20,21,96,2,0,1,1.0,704.0
20,21,97,0,1,1,1.0,877.0
20,21,98,0,1,1,1.0,586.0
20,21,99,3,1,1,1.0,1432.0
20,21,100,2,0,0,1.0,833.0
20,21,101,1,0,0,1.0,630.0
20,21,102,1,0,1,1.0,535.0
20,21,103,3,0,0,0.0,1042.0
20,21,104,0,1,1,1.0,708.0
20,21,105,3,1,1,1.0,931.0
20,21,106,1,0,1,1.0,923.0
20,21,107,3,1,1,1.0,1548.0
20,21,108,2,0,1,1.0,895.0
20,21,109,2,0,1,1.0,2042.0
20,21,110,1,0,1,1.0,1973.0
20,21,111,0,1,1,1.0,1526.0
20,21,112,2,0,1,1.0,993.0
20,21,113,3,0,0,0.0,1764.0
20,21,114,1,0,1,1.0,726.0
20,21,115,1,0,1,1.0,1689.0
20,21,116,2,0,1,1.0,2011.0
20,21,117,0,1,0,1.0,958.0
20,21,118,3,1,1,1.0,1566.0
20,21,119,0,1,1,1.0,1009.0
21,22,0,3,1,1,1.0,3546.0
21,22,1,1,1,0,1.0,1836.0
21,22,2,0,1,0,0.0,1271.0
21,22,3,0,0,0,1.0,1100.0
21,22,4,2,0,0,1.0,1925.0
21,22,5,1,1,1,1.0,874.0
21,22,6,2,1,0,0.0,2393.0
21,22,7,3,1,1,1.0,1684.0
21,22,8,0,0,1,1.0,2830.0
21,22,9,3,1,0,1.0,1044.0
21,22,10,3,0,1,0.0,1095.0
21,22,11,0,0,1,1.0,766.0
21,22,12,1,1,1,1.0,1999.0
21,22,13,1,1,1,1.0,773.0
21,22,14,2,0,1,1.0,970.0
21,22,15,2,1,0,0.0,1885.0
21,22,16,0,1,0,0.0,1205.0
21,22,17,1,1,1,1.0,1036.0
21,22,18,2,0,1,1.0,957.0
21,22,19,3,1,1,1.0,1146.0
21,22,20,0,0,1,1.0,1458.0
21,22,21,3,1,1,1.0,1313.0
21,22,22,2,0,1,1.0,980.0
21,22,23,1,1,1,1.0,1744.0
21,22,24,3,1,1,1.0,938.0
21,22,25,1,1,1,1.0,1188.0
21,22,26,3,1,0,1.0,941.0
21,22,27,2,0,1,1.0,854.0
21,22,28,0,1,1,0.0,1055.0
21,22,29,0,1,0,0.0,924.0
21,22,30,1,1,1,1.0,936.0
21,22,31,2,0,1,1.0,945.0
21,22,32,3,1,1,1.0,294.0
21,22,33,2,0,0,1.0,823.0
21,22,34,0,1,0,0.0,933.0
21,22,35,3,1,1,1.0,855.0
21,22,36,1,1,0,1.0,1044.0
21,22,37,1,0,1,0.0,867.0
21,22,38,0,0,1,1.0,964.0
21,22,39,2,0,1,1.0,1398.0
21,22,40,1,1,1,1.0,826.0
21,22,41,0,1,1,0.0,1018.0
21,22,42,1,1,1,1.0,1550.0
21,22,43,3,1,1,1.0,763.0
21,22,44,0,0,0,1.0,908.0
21,22,45,2,0,1,1.0,1409.0
21,22,46,2,0,1,1.0,987.0
21,22,47,3,1,1,1.0,680.0
21,22,48,1,1,0,1.0,935.0
21,22,49,0,0,1,1.0,323.0
21,22,50,2,1,1,0.0,822.0
21,22,51,1,1,1,1.0,654.0
21,22,52,0,0,1,1.0,784.0
21,22,53,3,1,1,1.0,335.0
21,22,54,2,0,1,1.0,1172.0
21,22,55,3,1,0,1.0,1331.0
21,22,56,3,1,1,1.0,1188.0
21,22,57,0,0,1,1.0,515.0
21,22,58,1,1,1,1.0,1673.0
21,22,59,0,0,1,1.0,1748.0
21,22,60,2,0,1,1.0,1313.0
21,22,61,2,0,1,1.0,738.0
21,22,62,3,1,1,1.0,700.0
21,22,63,1,1,1,1.0,1965.0
21,22,64,3,1,1,1.0,862.0
21,22,65,0,0,0,1.0,735.0
21,22,66,1,1,1,1.0,822.0
21,22,67,1,1,1,1.0,1010.0
21,22,68,3,1,0,1.0,936.0
21,22,69,2,0,0,1.0,1265.0
21,22,70,2,0,1,1.0,1748.0
21,22,71,0,0,1,1.0,1414.0
21,22,72,3,1,1,1.0,1704.0
21,22,73,2,0,1,1.0,1390.0
21,22,74,0,0,1,1.0,2232.0
21,22,75,1,1,1,1.0,1528.0
21,22,76,1,1,0,1.0,3003.0
21,22,77,3,1,1,1.0,1331.0
21,22,78,0,0,1,1.0,731.0
21,22,79,2,0,0,1.0,2004.0
21,22,80,0,0,0,1.0,2185.0
21,22,81,0,1,0,0.0,1554.0
21,22,82,2,0,1,1.0,1024.0
21,22,83,1,1,1,1.0,1554.0
21,22,84,1,1,1,1.0,1387.0
21,22,85,2,1,0,0.0,1322.0
21,22,86,3,1,1,1.0,1122.0
21,22,87,3,1,1,1.0,1068.0
21,22,88,3,1,1,1.0,1025.0
21,22,89,1,1,1,1.0,2423.0
21,22,90,0,0,1,1.0,1102.0
21,22,91,0,0,1,1.0,2228.0
21,22,92,2,0,1,1.0,1030.0
21,22,93,2,0,1,1.0,3041.0
21,22,94,3,1,1,1.0,1309.0
21,22,95,1,1,1,1.0,855.0
21,22,96,0,0,1,1.0,643.0
21,22,97,2,0,1,1.0,869.0
21,22,98,1,1,0,1.0,1029.0
21,22,99,1,1,1,1.0,2217.0
21,22,100,2,0,1,1.0,818.0
21,22,101,3,1,0,1.0,900.0
21,22,102,3,1,1,1.0,448.0
21,22,103,0,0,1,1.0,759.0
21,22,104,2,0,0,1.0,757.0
21,22,105,3,0,0,0.0,1386.0
21,22,106,1,1,1,1.0,859.0
21,22,107,3,1,0,1.0,898.0
21,22,108,2,1,0,0.0,1058.0
21,22,109,0,0,1,1.0,732.0
21,22,110,0,1,0,0.0,1354.0
21,22,111,1,1,1,1.0,825.0
21,22,112,2,0,1,1.0,2315.0
21,22,113,3,1,1,1.0,1984.0
21,22,114,1,1,0,1.0,818.0
21,22,115,0,0,1,1.0,1403.0
21,22,116,3,1,1,1.0,1145.0
21,22,117,1,0,0,0.0,946.0
21,22,118,2,1,0,0.0,651.0
21,22,119,0,0,0,1.0,949.0
22,23,0,2,0,0,0.0,1738.0
22,23,1,0,0,1,1.0,1134.0
22,23,2,1,1,0,0.0,2545.0
22,23,3,0,1,0,0.0,2606.0
22,23,4,3,0,0,0.0,896.0
22,23,5,2,1,1,1.0,617.0
22,23,6,3,1,1,1.0,851.0
22,23,7,1,0,0,1.0,1899.0
22,23,8,0,1,0,0.0,1306.0
22,23,9,1,0,1,1.0,1626.0
22,23,10,3,0,0,0.0,2370.0
22,23,11,0,0,1,1.0,1544.0
22,23,12,1,1,0,0.0,936.0
22,23,13,3,0,0,0.0,861.0
22,23,14,2,1,0,1.0,3055.0
22,23,15,2,1,1,1.0,1383.0
22,23,16,0,0,1,1.0,2728.0
22,23,17,0,1,1,0.0,1872.0
22,23,18,1,0,1,1.0,1932.0
22,23,19,3,1,1,1.0,1980.0
22,23,20,2,1,1,1.0,2526.0
22,23,21,2,1,1,1.0,3375.0
22,23,22,1,0,1,1.0,1503.0
22,23,23,3,0,1,0.0,2978.0
22,23,24,3,0,0,0.0,1099.0
22,23,25,0,1,0,0.0,1678.0
22,23,26,1,0,1,1.0,1050.0
22,23,27,2,1,1,1.0,4150.0
22,23,28,1,0,1,1.0,1325.0
22,23,29,2,0,0,0.0,4312.0
22,23,30,3,0,0,0.0,2364.0
22,23,31,0,1,1,0.0,1788.0
22,23,32,0,0,1,1.0,2607.0
22,23,33,3,1,1,1.0,1025.0
22,23,34,1,0,0,1.0,1034.0
22,23,35,3,1,0,1.0,2743.0
22,23,36,2,1,0,1.0,1276.0
22,23,37,2,1,1,1.0,1123.0
22,23,38,0,0,1,1.0,1854.0
22,23,39,1,0,1,1.0,908.0
22,23,40,3,0,0,0.0,1562.0
22,23,41,1,0,1,1.0,1453.0
22,23,42,1,0,1,1.0,875.0
22,23,43,0,0,1,1.0,635.0
22,23,44,2,1,1,1.0,835.0
22,23,45,0,0,0,1.0,1058.0
22,23,46,3,0,1,0.0,2179.0
22,23,47,2,1,1,1.0,1221.0
22,23,48,1,0,1,1.0,703.0
22,23,49,2,1,0,1.0,1088.0
22,23,50,3,0,0,0.0,2858.0
22,23,51,1,0,1,1.0,1090.0
22,23,52,0,0,1,1.0,846.0
22,23,53,0,0,1,1.0,944.0
22,23,54,3,1,1,1.0,1783.0
22,23,55,2,1,1,1.0,905.0
22,23,56,3,0,0,0.0,845.0
22,23,57,0,0,1,1.0,671.0
22,23,58,1,0,0,1.0,844.0
22,23,59,2,1,1,1.0,811.0
22,23,60,2,0,0,0.0,1654.0
22,23,61,3,1,1,1.0,1531.0
22,23,62,0,0,1,1.0,1213.0
22,23,63,1,1,0,0.0,1816.0
22,23,64,2,1,1,1.0,1295.0
22,23,65,1,0,1,1.0,763.0
22,23,66,0,0,1,1.0,855.0
22,23,67,0,0,0,1.0,781.0
22,23,68,3,1,0,1.0,1284.0
22,23,69,2,1,1,1.0,900.0
22,23,70,1,0,1,1.0,602.0
22,23,71,3,1,1,1.0,1391.0
22,23,72,2,1,1,1.0,1735.0
22,23,73,0,0,1,1.0,1311.0
22,23,74,3,1,1,1.0,1326.0
22,23,75,1,0,1,1.0,1277.0
22,23,76,1,0,1,1.0,1436.0
22,23,77,2,1,0,1.0,786.0
22,23,78,3,1,1,1.0,1095.0
22,23,79,0,0,1,1.0,863.0
22,23,80,2,1,1,1.0,1888.0
22,23,81,0,0,1,1.0,1424.0
22,23,82,2,1,1,1.0,759.0
22,23,83,0,0,0,1.0,797.0
22,23,84,3,1,1,1.0,1069.0
22,23,85,1,0,0,1.0,955.0
22,23,86,3,1,1,1.0,892.0
22,23,87,1,0,1,1.0,542.0
22,23,88,3,1,0,1.0,1244.0
22,23,89,1,0,0,1.0,923.0
22,23,90,0,0,1,1.0,594.0
22,23,91,0,0,1,1.0,992.0
22,23,92,2,1,1,1.0,1030.0
22,23,93,1,0,1,1.0,901.0
22,23,94,2,1,1,1.0,1887.0
22,23,95,3,0,1,0.0,1568.0
22,23,96,3,0,0,0.0,754.0
22,23,97,3,0,0,0.0,758.0
22,23,98,0,0,1,1.0,767.0
22,23,99,1,0,1,1.0,819.0
22,23,100,0,0,0,1.0,777.0
22,23,101,2,1,1,1.0,853.0
22,23,102,1,0,1,1.0,836.0
22,23,103,2,1,0,1.0,1069.0
22,23,104,3,1,1,1.0,1470.0
22,23,105,0,0,1,1.0,1123.0
22,23,106,1,0,1,1.0,2821.0
22,23,107,2,1,1,1.0,1717.0
22,23,108,0,0,1,1.0,982.0
22,23,109,2,1,1,1.0,1846.0
22,23,110,3,0,0,0.0,582.0
22,23,111,1,0,1,1.0,2102.0
22,23,112,3,1,0,1.0,2290.0
22,23,113,0,0,1,1.0,764.0
22,23,114,2,1,1,1.0,2153.0
22,23,115,0,0,1,1.0,1227.0
22,23,116,2,1,1,1.0,1768.0
22,23,117,1,0,1,1.0,1846.0
22,23,118,1,0,1,1.0,1507.0
22,23,119,3,1,1,1.0,1360.0
23,24,0,3,0,1,0.0,2369.0
23,24,1,1,1,0,1.0,1387.0
23,24,2,0,1,0,0.0,1177.0
23,24,3,0,0,0,1.0,1005.0
23,24,4,2,0,0,1.0,847.0
23,24,5,1,0,1,0.0,1164.0
23,24,6,2,1,0,0.0,953.0
23,24,7,3,1,1,1.0,1058.0
23,24,8,0,1,0,0.0,1329.0
23,24,9,3,0,0,0.0,1058.0
23,24,10,3,1,1,1.0,1083.0
23,24,11,0,1,1,0.0,1301.0
23,24,12,1,1,1,1.0,1158.0
23,24,13,1,1,1,1.0,719.0
23,24,14,2,0,1,1.0,1013.0
23,24,15,2,0,1,1.0,770.0
23,24,16,0,1,0,0.0,966.0
23,24,17,1,1,1,1.0,1055.0
23,24,18,2,0,1,1.0,931.0
23,24,19,3,1,0,1.0,1103.0
23,24,20,0,0,1,1.0,992.0
23,24,21,3,0,0,0.0,1369.0
23,24,22,2,0,1,1.0,780.0
23,24,23,1,1,1,1.0,869.0
23,24,24,3,1,1,1.0,849.0
23,24,25,1,0,0,0.0,1013.0
23,24,26,3,1,1,1.0,977.0
23,24,27,2,0,1,1.0,782.0
23,24,28,0,1,0,0.0,1341.0
23,24,29,0,0,1,1.0,897.0
23,24,30,1,0,0,0.0,1150.0
23,24,31,2,0,0,1.0,900.0
23,24,32,3,1,1,1.0,1234.0
23,24,33,2,0,1,1.0,414.0
23,24,34,0,0,1,1.0,581.0
23,24,35,3,1,0,1.0,695.0
23,24,36,1,1,1,1.0,652.0
23,24,37,1,0,0,0.0,1101.0
23,24,38,0,1,1,0.0,1585.0
23,24,39,2,0,1,1.0,832.0
23,24,40,1,1,1,1.0,967.0
23,24,41,0,0,1,1.0,1249.0
23,24,42,1,1,1,1.0,1543.0
23,24,43,3,1,1,1.0,838.0
23,24,44,0,0,0,1.0,1043.0
23,24,45,2,0,1,1.0,892.0
23,24,46,2,0,1,1.0,785.0
23,24,47,3,1,1,1.0,893.0
23,24,48,1,0,0,0.0,1118.0
23,24,49,0,0,1,1.0,856.0
23,24,50,2,0,1,1.0,824.0
23,24,51,1,0,1,0.0,599.0
23,24,52,0,0,1,1.0,906.0
23,24,53,3,0,0,0.0,1091.0
23,24,54,2,0,1,1.0,481.0
23,24,55,3,1,1,1.0,716.0
23,24,56,3,1,1,1.0,663.0
23,24,57,0,0,1,1.0,1159.0
23,24,58,1,1,0,1.0,1419.0
23,24,59,0,0,1,1.0,1007.0
23,24,60,2,0,0,1.0,808.0
23,24,61,2,1,0,0.0,759.0
23,24,62,3,1,1,1.0,964.0
23,24,63,1,0,0,0.0,1313.0
23,24,64,3,1,0,1.0,893.0
23,24,65,0,0,0,1.0,793.0
23,24,66,1,1,1,1.0,1127.0
23,24,67,1,0,0,0.0,867.0
23,24,68,3,1,1,1.0,1284.0
23,24,69,2,0,1,1.0,826.0
23,24,70,2,0,1,1.0,1120.0
23,24,71,0,0,1,1.0,981.0
23,24,72,3,1,1,1.0,754.0
23,24,73,2,0,0,1.0,922.0
23,24,74,0,0,1,1.0,1618.0
23,24,75,1,1,1,1.0,1249.0
23,24,76,1,1,0,1.0,1043.0
23,24,77,3,1,1,1.0,923.0
23,24,78,0,0,1,1.0,896.0
23,24,79,2,0,1,1.0,917.0
23,24,80,0,0,0,1.0,518.0
23,24,81,0,0,1,1.0,709.0
23,24,82,2,0,1,1.0,807.0
23,24,83,1,1,1,1.0,1231.0
23,24,84,1,1,1,1.0,895.0
23,24,85,2,0,1,1.0,675.0
23,24,86,3,1,0,1.0,1165.0
23,24,87,3,1,1,1.0,1001.0
23,24,88,3,1,1,1.0,791.0
23,24,89,1,0,0,0.0,1303.0
23,24,90,0,0,1,1.0,1937.0
23,24,91,0,1,0,0.0,1220.0
23,24,92,2,0,1,1.0,854.0
23,24,93,2,0,1,1.0,614.0
23,24,94,3,1,1,1.0,2268.0
23,24,95,1,1,1,1.0,1540.0
23,24,96,0,0,1,1.0,998.0
23,24,97,2,0,0,1.0,802.0
23,24,98,1,0,0,0.0,1287.0
23,24,99,1,1,1,1.0,1112.0
23,24,100,2,0,1,1.0,1678.0
23,24,101,3,1,1,1.0,842.0
23,24,102,3,1,1,1.0,809.0
23,24,103,0,0,1,1.0,1705.0
23,24,104,2,0,0,1.0,949.0
23,24,105,3,1,1,1.0,938.0
23,24,106,1,1,1,1.0,819.0
23,24,107,3,1,0,1.0,1995.0
23,24,108,2,0,1,1.0,713.0
23,24,109,0,0,1,1.0,986.0
23,24,110,0,0,1,1.0,632.0
23,24,111,1,1,1,1.0,869.0
23,24,112,2,0,1,1.0,727.0
23,24,113,3,1,1,1.0,955.0
23,24,114,1,1,0,1.0,825.0
23,24,115,0,0,0,1.0,2379.0
23,24,116,3,1,0,1.0,1153.0
23,24,117,1,1,1,1.0,951.0
23,24,118,2,0,1,1.0,1006.0
23,24,119,0,0,1,1.0,1134.0
24,25,0,0,1,0,0.0,1592.0
24,25,1,1,1,0,1.0,1046.0
24,25,2,3,1,0,0.0,862.0
24,25,3,2,1,1,1.0,691.0
24,25,4,3,1,0,0.0,1089.0
24,25,5,0,1,0,0.0,969.0
24,25,6,2,1,1,1.0,833.0
24,25,7,1,0,1,0.0,1309.0
24,25,8,1,0,0,0.0,852.0
24,25,9,2,1,1,1.0,733.0
24,25,10,3,0,1,1.0,1192.0
24,25,11,3,0,1,1.0,566.0
24,25,12,0,0,1,1.0,1037.0
24,25,13,0,0,1,1.0,808.0
24,25,14,2,1,1,1.0,961.0
24,25,15,1,1,1,1.0,1012.0
24,25,16,2,1,1,1.0,600.0
24,25,17,3,0,0,1.0,741.0
24,25,18,0,0,1,1.0,737.0
24,25,19,1,1,1,1.0,975.0
24,25,20,0,0,1,1.0,696.0
24,25,21,3,1,0,0.0,740.0
24,25,22,1,1,1,1.0,779.0
24,25,23,2,1,1,1.0,616.0
24,25,24,3,0,1,1.0,900.0
24,25,25,1,1,1,1.0,909.0
24,25,26,2,1,0,1.0,843.0
24,25,27,0,0,1,1.0,1008.0
24,25,28,1,1,1,1.0,938.0
24,25,29,0,0,1,1.0,1054.0
24,25,30,3,1,1,0.0,853.0
24,25,31,2,1,1,1.0,486.0
24,25,32,2,1,1,1.0,1490.0
24,25,33,3,1,0,0.0,853.0
24,25,34,3,1,0,0.0,905.0
24,25,35,1,1,1,1.0,1347.0
24,25,36,2,1,0,1.0,858.0
24,25,37,0,0,0,1.0,734.0
24,25,38,1,1,1,1.0,2009.0
24,25,39,0,1,1,0.0,1824.0
24,25,40,1,1,0,1.0,856.0
24,25,41,3,1,0,0.0,2314.0
24,25,42,1,0,0,0.0,1082.0
24,25,43,3,0,1,1.0,996.0
24,25,44,2,1,1,1.0,998.0
24,25,45,0,1,0,0.0,556.0
24,25,46,0,1,0,0.0,616.0
24,25,47,2,1,1,1.0,937.0
24,25,48,3,0,1,1.0,1089.0
24,25,49,0,0,1,1.0,519.0
24,25,50,3,0,1,1.0,1017.0
24,25,51,2,1,1,1.0,1411.0
24,25,52,1,0,0,0.0,528.0
24,25,53,1,1,1,1.0,648.0
24,25,54,2,1,1,1.0,1191.0
24,25,55,0,0,1,1.0,733.0
24,25,56,1,1,1,1.0,1181.0
24,25,57,2,1,0,1.0,583.0
24,25,58,1,1,1,1.0,957.0
24,25,59,0,0,1,1.0,1029.0
24,25,60,2,1,1,1.0,694.0
24,25,61,0,0,1,1.0,920.0
24,25,62,3,0,0,1.0,1075.0
24,25,63,3,0,1,1.0,1377.0
24,25,64,3,0,1,1.0,496.0
24,25,65,2,1,1,1.0,845.0
24,25,66,1,1,1,1.0,1087.0
24,25,67,0,0,0,1.0,741.0
24,25,68,1,1,0,1.0,873.0
24,25,69,2,1,1,1.0,1004.0
24,25,70,3,0,0,1.0,659.0
24,25,71,0,0,1,1.0,842.0
24,25,72,0,0,1,1.0,709.0
24,25,73,3,0,1,1.0,625.0
24,25,74,3,0,1,1.0,595.0
24,25,75,2,1,1,1.0,941.0
24,25,76,1,1,1,1.0,518.0
24,25,77,1,1,0,1.0,564.0
24,25,78,0,0,1,1.0,917.0
24,25,79,2,1,1,1.0,956.0
24,25,80,3,0,1,1.0,906.0
24,25,81,1,1,1,1.0,1011.0
24,25,82,2,1,0,1.0,856.0
24,25,83,1,1,1,1.0,881.0
24,25,84,2,1,1,1.0,1028.0
24,25,85,0,0,1,1.0,1009.0
24,25,86,3,0,1,1.0,1808.0
24,25,87,0,0,0,1.0,1320.0
24,25,88,3,0,1,1.0,718.0
24,25,89,0,0,1,1.0,802.0
24,25,90,1,1,1,1.0,578.0
24,25,91,3,0,0,1.0,1334.0
24,25,92,2,1,1,1.0,940.0
24,25,93,2,1,1,1.0,641.0
24,25,94,1,1,1,1.0,1055.0
24,25,95,0,0,1,1.0,1940.0
24,25,96,0,0,1,1.0,769.0
24,25,97,1,1,1,1.0,1070.0
24,25,98,3,0,1,1.0,847.0
24,25,99,1,1,1,1.0,720.0
24,25,100,0,0,1,1.0,591.0
24,25,101,2,1,1,1.0,1108.0
24,25,102,2,1,1,1.0,962.0
24,25,103,3,0,1,1.0,715.0
24,25,104,0,0,1,1.0,990.0
24,25,105,3,0,1,1.0,677.0
24,25,106,2,1,0,1.0,646.0
24,25,107,1,1,0,1.0,719.0
24,25,108,1,1,1,1.0,577.0
24,25,109,3,0,1,1.0,963.0
24,25,110,2,1,1,1.0,955.0
24,25,111,0,0,1,1.0,678.0
24,25,112,3,0,1,1.0,704.0
24,25,113,0,0,0,1.0,766.0
24,25,114,1,1,1,1.0,1035.0
24,25,115,3,0,1,1.0,685.0
24,25,116,2,1,1,1.0,1034.0
24,25,117,0,0,0,1.0,1053.0
24,25,118,2,1,0,1.0,639.0
24,25,119,1,1,1,1.0,561.0
25,26,0,2,0,0,0.0,1859.0
25,26,1,0,1,0,0.0,2363.0
25,26,2,1,0,0,1.0,1385.0
25,26,3,0,1,0,0.0,2168.0
25,26,4,3,1,1,1.0,1203.0
25,26,5,2,0,0,0.0,958.0
25,26,6,3,1,1,1.0,2114.0
25,26,7,1,0,1,1.0,1157.0
25,26,8,0,0,1,1.0,806.0
25,26,9,1,0,1,1.0,1633.0
25,26,10,3,1,1,1.0,2745.0
25,26,11,0,0,1,1.0,1302.0
25,26,12,1,0,1,1.0,932.0
25,26,13,3,1,0,1.0,944.0
25,26,14,2,0,0,0.0,1143.0
25,26,15,2,1,1,1.0,955.0
25,26,16,0,1,1,0.0,1140.0
25,26,17,0,1,0,0.0,650.0
25,26,18,1,0,1,1.0,870.0
25,26,19,3,1,1,1.0,809.0
25,26,20,2,0,1,0.0,1204.0
25,26,21,2,1,0,1.0,1005.0
25,26,22,1,0,1,1.0,945.0
25,26,23,3,1,1,1.0,1112.0
25,26,24,3,1,0,1.0,815.0
25,26,25,0,0,1,1.0,1227.0
25,26,26,1,0,0,1.0,1114.0
25,26,27,2,0,0,0.0,2869.0
25,26,28,1,1,0,0.0,1386.0
25,26,29,2,0,1,0.0,943.0
25,26,30,3,0,0,0.0,903.0
25,26,31,0,1,1,0.0,634.0
25,26,32,0,0,1,1.0,1787.0
25,26,33,3,1,1,1.0,1814.0
25,26,34,1,0,1,1.0,881.0
25,26,35,3,1,1,1.0,868.0
25,26,36,2,0,0,0.0,967.0
25,26,37,2,1,1,1.0,578.0
25,26,38,0,1,0,0.0,1027.0
25,26,39,1,0,1,1.0,846.0
25,26,40,3,1,1,1.0,731.0
25,26,41,1,0,1,1.0,830.0
25,26,42,1,0,1,1.0,791.0
25,26,43,0,0,1,1.0,1645.0
25,26,44,2,1,1,1.0,1020.0
25,26,45,0,0,1,1.0,809.0
25,26,46,3,1,1,1.0,1093.0
25,26,47,2,1,1,1.0,922.0
25,26,48,1,0,1,1.0,820.0
25,26,49,2,1,1,1.0,748.0
25,26,50,3,1,1,1.0,752.0
25,26,51,1,0,0,1.0,869.0
25,26,52,0,1,0,0.0,776.0
25,26,53,0,0,0,1.0,814.0
25,26,54,3,1,0,1.0,1030.0
25,26,55,2,0,0,0.0,986.0
25,26,56,3,0,0,0.0,1084.0
25,26,57,0,0,1,1.0,1443.0
25,26,58,1,1,0,0.0,1231.0
25,26,59,2,0,0,0.0,1030.0
25,26,60,2,1,0,1.0,1156.0
25,26,61,3,0,0,0.0,875.0
25,26,62,0,0,1,1.0,792.0
26,27,0,0,0,1,1.0,2336.0
26,27,1,1,0,1,0.0,2854.0
26,27,2,3,1,0,0.0,2919.0
26,27,3,2,1,1,1.0,1250.0
26,27,4,3,0,1,1.0,1012.0
26,27,5,0,0,1,1.0,1441.0
26,27,6,2,1,1,1.0,821.0
26,27,7,1,0,0,0.0,1463.0
26,27,8,1,1,0,1.0,885.0
26,27,9,2,1,1,1.0,1060.0
26,27,10,3,0,1,1.0,1667.0
26,27,11,3,0,0,1.0,1339.0
26,27,12,0,0,1,1.0,1467.0
26,27,13,0,0,1,1.0,1232.0
26,27,14,2,0,0,0.0,3037.0
26,27,15,1,1,1,1.0,2071.0
26,27,16,2,1,1,1.0,1019.0
26,27,17,3,0,1,1.0,1396.0
26,27,18,0,0,1,1.0,2424.0
26,27,19,1,1,1,1.0,2684.0
26,27,20,0,0,1,1.0,1823.0
26,27,21,3,0,1,1.0,2596.0
26,27,22,1,0,0,0.0,2599.0
26,27,23,2,0,0,0.0,2027.0
26,27,24,3,0,1,1.0,1118.0
26,27,25,1,0,0,0.0,1788.0
26,27,26,2,0,0,0.0,1248.0
26,27,27,0,0,0,1.0,1070.0
26,27,28,1,0,0,0.0,1869.0
26,27,29,0,1,0,0.0,853.0
26,27,30,3,0,1,1.0,2305.0
26,27,31,2,0,1,0.0,2861.0
26,27,32,2,1,1,1.0,6124.0
26,27,33,3,0,0,1.0,1350.0
26,27,34,3,1,0,0.0,1013.0
26,27,35,1,0,1,0.0,3516.0
26,27,36,2,1,1,1.0,1307.0
26,27,37,0,1,0,0.0,1467.0
26,27,38,1,1,1,1.0,1579.0
26,27,39,0,0,1,1.0,993.0
26,27,40,1,1,1,1.0,1181.0
26,27,41,3,0,1,1.0,1423.0
26,27,42,1,1,1,1.0,1384.0
26,27,43,3,0,1,1.0,1708.0
26,27,44,2,1,0,1.0,2928.0
26,27,45,0,0,1,1.0,2237.0
26,27,46,0,1,1,0.0,1802.0
26,27,47,2,1,1,1.0,1257.0
26,27,48,3,0,0,1.0,919.0
26,27,49,0,0,1,1.0,1819.0
26,27,50,3,0,1,1.0,1152.0
26,27,51,2,1,1,1.0,5345.0
26,27,52,1,0,0,0.0,4250.0
26,27,53,1,1,1,1.0,1455.0
26,27,54,2,1,0,1.0,3227.0
26,27,55,0,0,1,1.0,1344.0
26,27,56,1,1,1,1.0,1327.0
26,27,57,2,1,1,1.0,3575.0
26,27,58,1,0,0,0.0,2388.0
26,27,59,0,1,0,0.0,1332.0
26,27,60,2,1,1,1.0,1822.0
26,27,61,0,0,0,1.0,1297.0
26,27,62,3,0,1,1.0,1384.0
26,27,63,3,0,1,1.0,4784.0
26,27,64,3,0,1,1.0,1268.0
26,27,65,2,1,1,1.0,3849.0
26,27,66,1,1,0,1.0,4708.0
26,27,67,0,0,1,1.0,2798.0
26,27,68,1,0,0,0.0,1616.0
26,27,69,2,1,1,1.0,8508.0
26,27,70,3,0,1,1.0,1889.0
26,27,71,0,0,1,1.0,2632.0
26,27,72,0,0,1,1.0,1510.0
26,27,73,3,0,0,1.0,1782.0
26,27,74,3,0,1,1.0,2999.0
26,27,75,2,1,0,1.0,2642.0
26,27,76,1,1,1,1.0,2158.0
26,27,77,1,1,1,1.0,1052.0
26,27,78,0,0,1,1.0,1227.0
26,27,79,2,1,1,1.0,2902.0
26,27,80,3,0,1,1.0,2238.0
26,27,81,1,1,1,1.0,6473.0
26,27,82,2,1,1,1.0,1017.0
26,27,83,1,1,1,1.0,2195.0
26,27,84,2,1,1,1.0,1544.0
26,27,85,0,0,0,1.0,1707.0
26,27,86,3,0,1,1.0,1385.0
26,27,87,0,0,1,1.0,2474.0
26,27,88,3,0,1,1.0,861.0
26,27,89,0,0,1,1.0,1659.0
26,27,90,1,1,0,1.0,1769.0
26,27,91,3,0,1,1.0,734.0
26,27,92,2,1,1,1.0,1564.0
26,27,93,2,1,1,1.0,816.0
26,27,94,1,1,1,1.0,2172.0
26,27,95,0,0,1,1.0,2754.0
26,27,96,0,0,1,1.0,5360.0
26,27,97,1,1,0,1.0,2680.0
26,27,98,3,0,1,1.0,844.0
26,27,99,1,1,1,1.0,1695.0
26,27,100,0,0,1,1.0,1473.0
26,27,101,2,1,0,1.0,1760.0
26,27,102,2,1,1,1.0,1294.0
26,27,103,3,0,0,1.0,1198.0
26,27,104,0,0,1,1.0,1498.0
26,27,105,3,0,1,1.0,1553.0
26,27,106,2,1,1,1.0,1743.0
26,27,107,1,1,1,1.0,1739.0
26,27,108,1,1,1,1.0,1553.0
26,27,109,3,0,0,1.0,1019.0
26,27,110,2,1,1,1.0,1258.0
26,27,111,0,0,0,1.0,1433.0
26,27,112,3,0,1,1.0,776.0
26,27,113,0,0,0,1.0,1310.0
26,27,114,1,1,1,1.0,1232.0
26,27,115,3,0,1,1.0,767.0
26,27,116,2,1,1,1.0,856.0
26,27,117,0,0,1,1.0,1822.0
26,27,118,2,1,1,1.0,739.0
26,27,119,1,1,1,1.0,760.0
27,28,0,1,0,1,1.0,3066.0
27,28,1,2,0,1,1.0,2807.0
27,28,2,3,1,0,1.0,2550.0
27,28,3,3,0,1,0.0,1716.0
27,28,4,2,0,1,1.0,1483.0
27,28,5,0,1,0,1.0,1091.0
27,28,6,1,0,1,1.0,1460.0
27,28,7,0,0,0,0.0,1182.0
27,28,8,1,0,0,1.0,1158.0
27,28,9,3,0,0,0.0,1326.0
27,28,10,1,0,1,1.0,980.0
27,28,11,2,0,1,1.0,925.0
27,28,12,0,1,1,1.0,1851.0
27,28,13,3,1,1,1.0,1168.0
27,28,14,0,1,1,1.0,1369.0
27,28,15,2,0,0,1.0,1774.0
27,28,16,1,0,1,1.0,842.0
27,28,17,3,1,1,1.0,847.0
27,28,18,1,0,1,1.0,1138.0
27,28,19,2,0,1,1.0,815.0
27,28,20,0,1,1,1.0,975.0
27,28,21,3,1,1,1.0,1090.0
27,28,22,0,1,1,1.0,1254.0
27,28,23,2,0,0,1.0,1224.0
27,28,24,1,0,1,1.0,505.0
27,28,25,0,1,1,1.0,1257.0
27,28,26,1,0,0,1.0,1120.0
27,28,27,3,1,1,1.0,1008.0
27,28,28,0,1,1,1.0,1096.0
27,28,29,3,1,1,1.0,802.0
27,28,30,2,0,1,1.0,1089.0
27,28,31,2,0,1,1.0,876.0
27,28,32,2,0,1,1.0,2927.0
27,28,33,3,1,1,1.0,1005.0
27,28,34,0,1,1,1.0,1001.0
27,28,35,3,1,0,1.0,880.0
27,28,36,1,0,1,1.0,816.0
27,28,37,0,1,0,1.0,1082.0
27,28,38,2,0,1,1.0,1162.0
27,28,39,1,0,0,1.0,892.0
27,28,40,1,0,1,1.0,854.0
27,28,41,3,1,1,1.0,904.0
27,28,42,0,1,1,1.0,845.0
27,28,43,2,0,0,1.0,1199.0
27,28,44,1,0,1,1.0,1034.0
27,28,45,3,1,1,1.0,848.0
27,28,46,0,1,1,1.0,718.0
27,28,47,2,1,0,0.0,558.0
27,28,48,3,1,1,1.0,845.0
27,28,49,3,1,1,1.0,852.0
27,28,50,0,1,0,1.0,1087.0
27,28,51,2,0,1,1.0,1482.0
27,28,52,2,1,0,0.0,1586.0
27,28,53,0,1,1,1.0,867.0
27,28,54,1,0,1,1.0,1077.0
27,28,55,1,0,1,1.0,882.0
27,28,56,3,1,0,1.0,948.0
27,28,57,2,0,1,1.0,1134.0
27,28,58,0,1,1,1.0,846.0
27,28,59,3,1,1,1.0,1338.0
27,28,60,1,0,1,1.0,974.0
27,28,61,2,0,1,1.0,1544.0
27,28,62,0,1,1,1.0,1113.0
27,28,63,1,0,0,1.0,1397.0
27,28,64,3,1,1,1.0,749.0
27,28,65,0,1,1,1.0,707.0
27,28,66,1,0,1,1.0,633.0
27,28,67,0,1,1,1.0,919.0
27,28,68,1,0,1,1.0,732.0
27,28,69,2,0,1,1.0,544.0
27,28,70,3,1,1,1.0,808.0
27,28,71,2,0,1,1.0,795.0
27,28,72,0,1,1,1.0,946.0
27,28,73,1,0,1,1.0,690.0
27,28,74,2,0,1,1.0,859.0
27,28,75,3,1,1,1.0,917.0
27,28,76,3,1,0,1.0,780.0
27,28,77,1,0,1,1.0,1006.0
27,28,78,0,1,0,1.0,1147.0
27,28,79,2,0,1,1.0,1046.0
27,28,80,1,0,0,1.0,1131.0
27,28,81,2,0,0,1.0,1402.0
27,28,82,1,0,1,1.0,1602.0
27,28,83,2,0,1,1.0,941.0
27,28,84,0,1,1,1.0,1172.0
27,28,85,3,1,1,1.0,861.0
27,28,86,0,1,1,1.0,1043.0
27,28,87,3,1,1,1.0,746.0
27,28,88,0,1,0,1.0,637.0
27,28,89,0,1,1,1.0,734.0
27,28,90,1,0,1,1.0,1026.0
27,28,91,2,0,0,1.0,844.0
27,28,92,3,1,1,1.0,941.0
27,28,93,3,1,1,1.0,737.0
27,28,94,1,0,1,1.0,1334.0
27,28,95,2,0,1,1.0,861.0
27,28,96,2,0,1,1.0,803.0
27,28,97,0,1,1,1.0,1098.0
27,28,98,0,1,0,1.0,703.0
27,28,99,3,1,1,1.0,1226.0
27,28,100,2,0,1,1.0,894.0
27,28,101,1,0,1,1.0,600.0
27,28,102,1,0,1,1.0,722.0
27,28,103,3,1,0,1.0,1082.0
27,28,104,0,1,1,1.0,862.0
27,28,105,3,1,0,1.0,954.0
27,28,106,1,0,1,1.0,1078.0
27,28,107,3,1,1,1.0,1148.0
27,28,108,2,0,1,1.0,1155.0
27,28,109,2,0,1,1.0,750.0
27,28,110,1,0,1,1.0,668.0
27,28,111,0,1,1,1.0,869.0
27,28,112,2,0,1,1.0,834.0
27,28,113,3,1,1,1.0,797.0
27,28,114,1,0,0,1.0,633.0
27,28,115,1,0,1,1.0,539.0
27,28,116,2,0,1,1.0,810.0
27,28,117,0,1,1,1.0,902.0
27,28,118,3,1,1,1.0,612.0
27,28,119,0,1,1,1.0,787.0
28,29,0,2,1,1,1.0,2974.0
28,29,1,0,0,1,1.0,1280.0
28,29,2,1,0,0,1.0,1115.0
28,29,3,0,1,0,0.0,7326.0
28,29,4,3,0,0,0.0,680.0
28,29,5,2,0,0,0.0,737.0
28,29,6,3,0,0,0.0,463.0
28,29,7,1,1,0,0.0,937.0
28,29,8,0,1,0,0.0,1884.0
28,29,9,1,1,0,0.0,1124.0
28,29,10,3,0,0,0.0,1140.0
28,29,11,0,0,1,1.0,1831.0
28,29,12,1,1,0,0.0,1290.0
28,29,13,3,1,1,1.0,1237.0
28,29,14,2,0,0,0.0,1362.0
28,29,15,2,1,0,1.0,2800.0
28,29,16,0,0,1,1.0,3682.0
28,29,17,0,0,1,1.0,1872.0
28,29,18,1,1,1,0.0,1642.0
28,29,19,3,1,1,1.0,5522.0
28,29,20,2,0,0,0.0,1812.0
28,29,21,2,1,1,1.0,2348.0
28,29,22,1,0,1,1.0,3608.0
28,29,23,3,1,1,1.0,7942.0
28,29,24,3,1,0,1.0,667.0
28,29,25,0,0,1,1.0,5621.0
28,29,26,1,0,1,1.0,1011.0
28,29,27,2,1,1,1.0,1005.0
28,29,28,1,0,1,1.0,969.0
28,29,29,2,1,1,1.0,830.0
28,29,30,3,0,1,0.0,4570.0
28,29,31,0,0,1,1.0,1021.0
28,29,32,0,0,0,1.0,2789.0
28,29,33,3,1,1,1.0,1265.0
28,29,34,1,1,1,0.0,955.0
28,29,35,3,1,1,1.0,1453.0
28,29,36,2,1,1,1.0,1587.0
28,29,37,2,1,0,1.0,1118.0
28,29,38,0,1,1,0.0,1230.0
28,29,39,1,0,1,1.0,5682.0
28,29,40,3,1,0,1.0,1163.0
28,29,41,1,0,1,1.0,1588.0
28,29,42,1,1,0,0.0,2089.0
28,29,43,0,0,1,1.0,657.0
28,29,44,2,1,1,1.0,1103.0
28,29,45,0,1,0,0.0,943.0
28,29,46,3,0,0,0.0,1698.0
28,29,47,2,1,1,1.0,857.0
28,29,48,1,0,0,1.0,2959.0
28,29,49,2,1,1,1.0,855.0
28,29,50,3,1,1,1.0,2029.0
28,29,51,1,0,1,1.0,4777.0
28,29,52,0,0,1,1.0,1284.0
28,29,53,0,0,1,1.0,1387.0
28,29,54,3,1,1,1.0,864.0
28,29,55,2,1,0,1.0,1155.0
28,29,56,3,1,1,1.0,1404.0
28,29,57,0,0,1,1.0,1616.0
28,29,58,1,0,1,1.0,1756.0
28,29,60,2,0,1,0.0,1300.0
28,29,61,3,1,1,1.0,1252.0
28,29,62,0,0,1,1.0,1244.0
28,29,63,1,0,1,1.0,4135.0
28,29,64,2,1,1,1.0,1119.0
28,29,65,1,0,1,1.0,2051.0
28,29,66,0,0,0,1.0,825.0
28,29,68,3,1,1,1.0,1340.0
28,29,69,2,1,1,1.0,1064.0
28,29,70,1,0,1,1.0,1555.0
28,29,71,3,1,0,1.0,2982.0
28,29,72,2,1,1,1.0,1167.0
28,29,73,0,1,1,0.0,3641.0
28,29,74,3,0,0,0.0,1037.0
28,29,75,1,0,0,1.0,1280.0
28,29,76,1,1,0,0.0,1111.0
28,29,77,2,1,1,1.0,1578.0
28,29,78,3,1,1,1.0,1102.0
28,29,79,0,0,1,1.0,1021.0
28,29,80,2,0,0,0.0,5006.0
28,29,81,0,0,1,1.0,1050.0
28,29,82,2,1,1,1.0,4390.0
28,29,83,0,0,1,1.0,2656.0
28,29,84,3,0,0,0.0,2264.0
28,29,85,1,0,1,1.0,5981.0
28,29,86,3,1,0,1.0,1469.0
28,29,87,1,0,1,1.0,1875.0
28,29,88,3,1,1,1.0,1671.0
28,29,89,1,0,1,1.0,705.0
28,29,90,0,1,0,0.0,1704.0
28,29,91,0,0,0,1.0,1478.0
28,29,92,2,1,0,1.0,2024.0
28,29,93,1,1,0,0.0,1607.0
28,29,94,2,1,1,1.0,2487.0
28,29,95,3,0,1,0.0,769.0
28,29,96,3,1,1,1.0,2372.0
28,29,97,3,0,0,0.0,1472.0
28,29,98,0,0,1,1.0,1734.0
28,29,99,1,0,1,1.0,2813.0
28,29,100,0,0,1,1.0,1174.0
28,29,101,2,1,1,1.0,2561.0
28,29,102,1,0,0,1.0,1076.0
28,29,103,2,1,1,1.0,2122.0
28,29,104,3,0,0,0.0,1641.0
28,29,105,0,0,1,1.0,1805.0
28,29,106,1,1,0,0.0,1822.0
28,29,107,2,0,1,0.0,728.0
28,29,108,0,0,0,1.0,898.0
28,29,109,2,1,1,1.0,937.0
28,29,110,3,0,1,0.0,427.0
28,29,111,1,1,0,0.0,742.0
28,29,112,3,0,0,0.0,1821.0
28,29,113,0,0,1,1.0,1867.0
28,29,114,2,1,1,1.0,2648.0
28,29,115,0,0,1,1.0,1646.0
28,29,116,2,1,0,1.0,2006.0
28,29,117,1,0,1,1.0,812.0
28,29,118,1,0,0,1.0,415.0
28,29,119,3,1,1,1.0,1179.0
29,30,0,0,0,1,1.0,2267.0
29,30,1,1,0,1,0.0,2413.0
29,30,2,3,1,0,0.0,2021.0
29,30,3,2,1,1,1.0,1371.0
29,30,4,3,0,1,1.0,1052.0
29,30,5,0,0,1,1.0,897.0
29,30,6,2,1,1,1.0,1573.0
29,30,7,1,1,0,1.0,2206.0
29,30,8,1,0,0,0.0,937.0
29,30,9,2,1,1,1.0,1532.0
29,30,10,3,1,0,0.0,1032.0
29,30,11,3,0,1,1.0,2482.0
29,30,12,0,0,1,1.0,1663.0
29,30,13,0,0,1,1.0,1087.0
29,30,14,2,1,1,1.0,1379.0
29,30,15,1,1,1,1.0,2543.0
29,30,16,2,1,1,1.0,2807.0
29,30,17,3,0,0,1.0,750.0
29,30,18,0,1,0,0.0,818.0
29,30,19,1,1,1,1.0,1444.0
29,30,20,0,0,1,1.0,1191.0
29,30,21,3,0,1,1.0,1029.0
29,30,22,1,1,1,1.0,816.0
29,30,23,2,1,1,1.0,1075.0
29,30,24,3,0,1,1.0,2472.0
29,30,25,1,1,1,1.0,1066.0
29,30,26,2,1,0,1.0,1629.0
29,30,27,0,0,1,1.0,1527.0
29,30,28,1,1,1,1.0,1300.0
29,30,29,0,0,0,1.0,1798.0
29,30,30,3,0,1,1.0,1093.0
29,30,31,2,1,1,1.0,1554.0
29,30,32,2,1,1,1.0,1231.0
29,30,33,3,1,0,0.0,763.0
29,30,34,3,0,1,1.0,846.0
29,30,35,1,1,1,1.0,986.0
29,30,36,2,1,0,1.0,1406.0
29,30,37,0,0,1,1.0,1243.0
29,30,38,1,1,1,1.0,1624.0
29,30,39,0,1,0,0.0,1438.0
29,30,40,1,1,0,1.0,1244.0
29,30,41,3,0,0,1.0,1357.0
29,30,42,1,1,1,1.0,856.0
29,30,43,3,1,1,0.0,340.0
29,30,44,2,1,1,1.0,741.0
29,30,45,0,1,1,0.0,1514.0
29,30,46,0,1,0,0.0,1018.0
29,30,47,2,1,1,1.0,575.0
29,30,48,3,1,0,0.0,354.0
29,30,49,0,1,0,0.0,814.0
29,30,50,3,0,1,1.0,508.0
29,30,51,2,1,1,1.0,631.0
29,30,52,1,1,1,1.0,1053.0
29,30,53,1,1,1,1.0,2442.0
29,30,54,2,1,1,1.0,647.0
29,30,55,0,0,1,1.0,1307.0
29,30,56,1,1,1,1.0,870.0
29,30,57,2,0,0,0.0,742.0
29,30,58,1,1,0,1.0,904.0
29,30,59,0,0,1,1.0,1134.0
29,30,60,2,1,0,1.0,1303.0
29,30,61,0,0,1,1.0,1085.0
29,30,62,3,0,1,1.0,530.0
29,30,63,3,0,0,1.0,1578.0
29,30,64,3,1,0,0.0,569.0
29,30,65,2,1,1,1.0,1143.0
29,30,66,1,1,1,1.0,701.0
29,30,67,0,1,0,0.0,667.0
29,30,68,1,1,0,1.0,1108.0
29,30,69,2,1,1,1.0,510.0
29,30,70,3,0,1,1.0,753.0
29,30,71,0,0,0,1.0,881.0
29,30,72,0,0,1,1.0,887.0
29,30,73,3,0,1,1.0,1660.0
29,30,74,3,0,1,1.0,816.0
29,30,75,2,1,1,1.0,3285.0
29,30,76,1,0,0,0.0,553.0
29,30,77,1,1,1,1.0,1167.0
29,30,78,0,0,1,1.0,2251.0
29,30,79,2,1,1,1.0,1066.0
29,30,80,3,0,1,1.0,910.0
29,30,81,1,1,1,1.0,3539.0
29,30,82,2,0,0,0.0,2319.0
29,30,83,1,1,1,1.0,819.0
29,30,84,2,0,0,0.0,547.0
29,30,85,0,1,0,0.0,718.0
29,30,86,3,0,1,1.0,610.0
29,30,87,0,0,1,1.0,576.0
29,30,88,3,0,0,1.0,521.0
29,30,89,0,0,1,1.0,730.0
29,30,90,1,1,1,1.0,1472.0
29,30,91,3,0,1,1.0,941.0
29,30,92,2,1,1,1.0,1072.0
29,30,93,2,1,0,1.0,903.0
29,30,94,1,1,1,1.0,945.0
29,30,95,0,1,1,0.0,586.0
29,30,96,0,1,0,0.0,637.0
29,30,97,1,1,1,1.0,490.0
29,30,98,3,1,0,0.0,489.0
29,30,99,1,1,0,1.0,162.0
29,30,100,0,1,0,0.0,433.0
29,30,101,2,1,1,1.0,447.0
29,30,102,2,1,1,1.0,381.0
29,30,103,3,0,1,1.0,2378.0
29,30,104,0,1,1,0.0,1114.0
29,30,105,3,0,1,1.0,1439.0
29,30,106,2,1,1,1.0,857.0
29,30,107,1,0,0,0.0,785.0
29,30,108,1,0,0,0.0,1112.0
29,30,109,3,0,1,1.0,2260.0
29,30,110,2,0,1,0.0,787.0
29,30,111,0,0,0,1.0,488.0
29,30,112,3,1,0,0.0,859.0
29,30,113,0,0,1,1.0,954.0
29,30,114,1,0,1,0.0,1581.0
29,30,115,3,1,1,0.0,1035.0
29,30,116,2,1,1,1.0,967.0
29,30,117,0,0,1,1.0,1208.0
29,30,118,2,1,1,1.0,1237.0
29,30,119,1,0,0,0.0,1419.0
30,31,0,1,0,1,1.0,2054.0
30,31,1,2,1,0,0.0,995.0
30,31,2,3,1,0,1.0,1282.0
30,31,3,3,0,1,0.0,1906.0
30,31,4,2,0,1,1.0,1463.0
30,31,5,0,0,0,0.0,1900.0
30,31,6,1,0,1,1.0,2316.0
30,31,7,0,1,0,1.0,801.0
30,31,8,1,0,0,1.0,972.0
30,31,9,3,1,1,1.0,2077.0
30,31,10,1,0,1,1.0,1499.0
30,31,11,2,0,1,1.0,1751.0
30,31,12,0,0,0,0.0,2417.0
30,31,13,3,1,1,1.0,1847.0
30,31,14,0,1,1,1.0,1523.0
30,31,15,2,0,1,1.0,1283.0
30,31,16,1,0,1,1.0,1960.0
30,31,17,3,1,1,1.0,2018.0
30,31,18,1,0,1,1.0,1398.0
30,31,19,2,0,0,1.0,1483.0
30,31,20,0,1,1,1.0,1545.0
30,31,21,3,1,1,1.0,2178.0
30,31,22,0,0,0,0.0,2113.0
30,31,23,2,0,1,1.0,2193.0
30,31,24,1,0,1,1.0,945.0
30,31,25,0,1,1,1.0,2890.0
30,31,26,1,0,0,1.0,1012.0
30,31,27,3,1,1,1.0,4022.0
30,31,28,0,1,1,1.0,4004.0
30,31,29,3,1,1,1.0,2087.0
30,31,30,2,0,0,1.0,1365.0
30,31,31,2,1,0,0.0,2245.0
30,31,32,2,0,1,1.0,2935.0
30,31,33,3,0,0,0.0,2008.0
30,31,34,0,1,1,1.0,1772.0
30,31,35,3,1,0,1.0,2726.0
30,31,36,1,0,1,1.0,3087.0
30,31,37,0,1,1,1.0,4349.0
30,31,38,2,0,1,1.0,1638.0
30,31,39,1,0,0,1.0,1234.0
30,31,40,1,0,1,1.0,1542.0
30,31,41,3,1,1,1.0,3045.0
30,31,42,0,1,1,1.0,3172.0
30,31,43,2,0,1,1.0,1088.0
30,31,44,1,0,1,1.0,789.0
30,31,45,3,1,1,1.0,1525.0
30,31,46,0,1,0,1.0,2128.0
30,31,47,2,0,1,1.0,2862.0
30,31,48,3,1,1,1.0,2096.0
30,31,49,3,1,1,1.0,2046.0
30,31,50,0,1,1,1.0,1413.0
30,31,51,2,0,0,1.0,1596.0
30,31,52,2,1,0,0.0,1459.0
30,31,53,0,1,1,1.0,1156.0
30,31,54,1,0,1,1.0,843.0
30,31,55,1,0,1,1.0,765.0
30,31,56,3,1,0,1.0,2993.0
30,31,57,2,0,1,1.0,1090.0
30,31,58,0,1,0,1.0,1629.0
30,31,59,3,1,1,1.0,3677.0
30,31,60,1,0,1,1.0,808.0
30,31,61,2,0,1,1.0,1770.0
30,31,62,0,1,1,1.0,2907.0
30,31,63,1,0,0,1.0,975.0
30,31,64,3,0,0,0.0,2686.0
30,31,65,0,0,1,0.0,1176.0
30,31,66,1,1,0,0.0,1168.0
30,31,67,0,1,1,1.0,1490.0
30,31,68,1,0,1,1.0,971.0
30,31,69,2,0,1,1.0,1617.0
30,31,70,3,1,1,1.0,1548.0
30,31,71,2,0,1,1.0,1361.0
30,31,72,0,1,1,1.0,2396.0
30,31,73,1,0,1,1.0,761.0
30,31,74,2,0,1,1.0,1835.0
30,31,75,3,1,1,1.0,2703.0
30,31,76,3,1,1,1.0,5812.0
30,31,77,1,0,1,1.0,1608.0
30,31,78,0,1,1,1.0,2052.0
30,31,79,2,0,1,1.0,1582.0
30,31,80,1,0,1,1.0,995.0
30,31,81,2,0,1,1.0,2355.0
30,31,82,1,0,0,1.0,913.0
30,31,83,2,0,0,1.0,1326.0
30,31,84,0,1,1,1.0,1242.0
30,31,85,3,1,0,1.0,1137.0
30,31,86,0,1,1,1.0,1665.0
30,31,87,3,1,1,1.0,2143.0
30,31,88,0,1,0,1.0,1293.0
30,31,89,0,0,0,0.0,1290.0
30,31,90,1,0,1,1.0,721.0
30,31,91,2,0,1,1.0,1498.0
30,31,92,3,1,1,1.0,3407.0
30,31,93,3,1,1,1.0,1554.0
30,31,94,1,0,1,1.0,1030.0
30,31,95,2,0,0,1.0,1555.0
30,31,96,2,0,1,1.0,1576.0
30,31,97,0,1,1,1.0,1166.0
30,31,98,0,1,1,1.0,922.0
30,31,99,3,0,0,0.0,2713.0
30,31,100,2,0,1,1.0,1152.0
30,31,101,1,0,1,1.0,732.0
30,31,102,1,1,0,0.0,1398.0
30,31,103,3,1,1,1.0,1759.0
30,31,104,0,1,0,1.0,3554.0
30,31,105,3,1,1,1.0,3493.0
30,31,106,1,0,1,1.0,1167.0
30,31,107,3,1,0,1.0,2217.0
30,31,108,2,0,1,1.0,2904.0
30,31,109,2,0,1,1.0,2479.0
30,31,110,1,0,1,1.0,3798.0
30,31,111,0,1,1,1.0,1363.0
30,31,112,2,0,1,1.0,2003.0
30,31,113,3,0,0,0.0,1668.0
30,31,114,1,0,1,1.0,694.0
30,31,115,1,0,1,1.0,792.0
30,31,116,2,1,0,0.0,858.0
30,31,117,0,0,0,0.0,1170.0
30,31,118,3,1,0,1.0,2363.0
30,31,119,0,1,1,1.0,1463.0
31,32,0,3,1,1,1.0,227.0
31,32,1,1,0,1,0.0,4007.0
31,32,2,0,1,0,0.0,1799.0
31,32,3,0,0,0,1.0,908.0
31,32,4,2,1,0,0.0,8778.0
31,32,5,1,0,0,0.0,2281.0
31,32,6,2,1,0,0.0,815.0
31,32,7,3,0,1,0.0,855.0
31,32,8,0,1,0,0.0,791.0
31,32,9,3,1,1,1.0,745.0
31,32,10,3,1,0,1.0,2238.0
31,32,11,0,0,1,1.0,1243.0
31,32,12,1,0,0,0.0,3530.0
31,32,13,1,1,0,1.0,1134.0
31,32,14,2,0,0,1.0,3129.0
31,32,15,2,1,1,0.0,871.0
31,32,16,0,0,1,1.0,739.0
31,32,17,1,1,1,1.0,4279.0
31,32,18,2,0,1,1.0,4575.0
31,32,19,3,1,1,1.0,1407.0
31,32,20,0,0,1,1.0,1135.0
31,32,21,3,0,0,0.0,1650.0
31,32,22,2,0,1,1.0,2201.0
31,32,23,1,1,1,1.0,1101.0
31,32,24,3,0,0,0.0,2153.0
31,32,25,1,1,1,1.0,1311.0
31,32,26,3,0,0,0.0,4160.0
31,32,27,2,1,0,0.0,1421.0
31,32,28,0,0,1,1.0,1267.0
31,32,29,0,0,0,1.0,837.0
31,32,30,1,1,1,1.0,230.0
31,32,31,2,0,1,1.0,5761.0
31,32,32,3,1,1,1.0,1945.0
31,32,33,2,0,1,1.0,457.0
31,32,34,0,0,1,1.0,1037.0
31,32,35,3,1,1,1.0,1386.0
31,32,36,1,0,0,0.0,700.0
31,32,37,1,1,1,1.0,653.0
31,32,38,0,1,1,0.0,997.0
31,32,39,2,0,1,1.0,1163.0
31,32,40,1,1,1,1.0,5163.0
31,32,41,0,0,1,1.0,1478.0
31,32,42,1,1,1,1.0,716.0
31,32,43,3,0,0,0.0,701.0
31,32,44,0,1,0,0.0,727.0
31,32,45,2,0,0,1.0,521.0
31,32,46,2,0,1,1.0,541.0
31,32,47,3,0,0,0.0,1232.0
31,32,48,1,1,0,1.0,637.0
31,32,49,0,0,1,1.0,803.0
31,32,50,2,1,0,0.0,461.0
31,32,51,1,1,1,1.0,2566.0
31,32,52,0,1,0,0.0,1245.0
31,32,53,3,0,1,0.0,2543.0
31,32,54,2,0,1,1.0,3393.0
31,32,55,3,1,0,1.0,3579.0
31,32,56,3,0,0,0.0,1906.0
31,32,57,0,1,1,0.0,847.0
31,32,58,1,0,0,0.0,3155.0
31,32,59,0,1,0,0.0,96.0
31,32,60,2,1,0,0.0,1191.0
31,32,61,2,1,1,0.0,1719.0
31,32,62,3,1,1,1.0,910.0
31,32,63,1,1,1,1.0,1079.0
31,32,64,3,1,1,1.0,325.0
31,32,65,0,0,1,1.0,514.0
31,32,66,1,1,0,1.0,681.0
31,32,67,1,0,1,0.0,430.0
31,32,68,3,1,1,1.0,889.0
31,32,69,2,0,1,1.0,1554.0
31,32,70,2,1,0,0.0,421.0
31,32,71,0,0,0,1.0,205.0
31,32,72,3,1,1,1.0,551.0
31,32,73,2,0,1,1.0,434.0
31,32,74,0,0,1,1.0,675.0
31,32,75,1,0,0,0.0,4178.0
31,32,76,1,1,1,1.0,444.0
31,32,77,3,0,0,0.0,320.0
31,32,78,0,1,0,0.0,3425.0
31,32,79,2,0,1,1.0,405.0
31,32,80,0,0,1,1.0,1158.0
31,32,81,0,0,1,1.0,1572.0
31,32,82,2,1,0,0.0,1021.0
31,32,83,1,1,1,1.0,2010.0
31,32,84,1,0,0,0.0,413.0
31,32,85,2,1,0,0.0,2340.0
31,32,86,3,1,1,1.0,2422.0
31,32,87,3,0,0,0.0,1572.0
31,32,88,3,1,0,1.0,475.0
31,32,89,1,0,0,0.0,27.0
31,32,90,0,0,0,1.0,127.0
31,32,91,0,0,1,1.0,227.0
31,32,92,2,0,1,1.0,192.0
31,32,93,2,0,0,1.0,120.0
31,32,94,3,0,0,0.0,1434.0
31,32,95,1,1,1,1.0,558.0
31,32,96,0,1,0,0.0,2855.0
31,32,97,2,1,0,0.0,3065.0
31,32,98,1,1,1,1.0,1941.0
31,32,99,1,0,0,0.0,148.0
31,32,100,2,0,1,1.0,737.0
31,32,101,3,1,1,1.0,108.0
31,32,102,3,0,0,0.0,557.0
31,32,103,0,0,1,1.0,1512.0
31,32,104,2,0,1,1.0,388.0
31,32,105,3,1,1,1.0,200.0
31,32,106,1,0,0,0.0,912.0
31,32,107,3,0,0,0.0,574.0
31,32,108,2,1,0,0.0,1683.0
31,32,109,0,0,1,1.0,180.0
31,32,110,0,0,1,1.0,87.0
31,32,111,1,1,1,1.0,286.0
31,32,112,2,1,1,0.0,131.0
31,32,113,3,0,1,0.0,28.0
31,32,114,1,0,0,0.0,225.0
31,32,115,0,1,0,0.0,818.0
31,32,116,3,0,0,0.0,147.0
31,32,117,1,1,1,1.0,334.0
31,32,118,2,0,0,1.0,679.0
31,32,119,0,1,1,0.0,482.0
32,33,0,0,1,0,0.0,3735.0
32,33,1,1,1,0,1.0,1623.0
32,33,2,3,1,0,0.0,921.0
32,33,3,2,1,1,1.0,762.0
32,33,4,3,1,0,0.0,940.0
32,33,5,0,0,1,1.0,2622.0
32,33,6,2,1,1,1.0,970.0
32,33,7,1,0,1,0.0,1779.0
32,33,8,1,0,0,0.0,1729.0
32,33,9,2,1,1,1.0,1348.0
32,33,10,3,0,1,1.0,1893.0
32,33,11,3,0,1,1.0,1061.0
32,33,12,0,0,1,1.0,3042.0
32,33,13,0,0,1,1.0,1373.0
32,33,14,2,1,1,1.0,1199.0
32,33,15,1,0,0,0.0,2093.0
32,33,16,2,1,1,1.0,1177.0
32,33,17,3,0,0,1.0,2877.0
32,33,18,0,0,1,1.0,2102.0
32,33,19,1,0,0,0.0,1004.0
32,33,20,0,0,1,1.0,953.0
32,33,21,3,0,1,1.0,1358.0
32,33,22,1,0,0,0.0,1944.0
32,33,23,2,1,1,1.0,788.0
32,33,24,3,0,1,1.0,1344.0
32,33,25,1,0,1,0.0,1584.0
32,33,26,2,1,0,1.0,2016.0
32,33,27,0,0,1,1.0,2621.0
32,33,28,1,0,0,0.0,1348.0
32,33,29,0,0,0,1.0,1197.0
32,33,30,3,0,1,1.0,865.0
32,33,31,2,1,1,1.0,1188.0
32,33,32,2,1,1,1.0,3144.0
32,33,33,3,0,1,1.0,650.0
32,33,34,3,0,0,1.0,1844.0
32,33,35,1,0,0,0.0,1045.0
32,33,36,2,1,0,1.0,1021.0
32,33,37,0,0,1,1.0,1098.0
32,33,38,1,0,0,0.0,939.0
32,33,39,0,0,1,1.0,1589.0
32,33,40,1,0,1,0.0,868.0
32,33,41,3,0,1,1.0,788.0
32,33,42,1,0,0,0.0,1404.0
32,33,43,3,0,1,1.0,863.0
32,33,44,2,1,1,1.0,1939.0
32,33,45,0,0,1,1.0,2252.0
32,33,46,0,0,1,1.0,4267.0
32,33,47,2,0,0,0.0,4041.0
32,33,48,3,0,0,1.0,1949.0
32,33,49,0,0,0,1.0,652.0
32,33,50,3,0,1,1.0,1203.0
32,33,51,2,1,1,1.0,1211.0
32,33,52,1,0,0,0.0,1058.0
32,33,53,1,0,0,0.0,930.0
32,33,54,2,1,1,1.0,1437.0
32,33,55,0,0,1,1.0,736.0
32,33,56,1,0,0,0.0,1253.0
32,33,57,2,1,1,1.0,1000.0
32,33,58,1,1,1,1.0,766.0
32,33,59,0,0,1,1.0,847.0
32,33,60,2,1,0,1.0,1430.0
32,33,61,0,0,1,1.0,1887.0
32,33,62,3,0,1,1.0,1287.0
32,33,63,3,0,1,1.0,4028.0
32,33,64,3,0,1,1.0,2019.0
32,33,65,2,1,1,1.0,2129.0
32,33,66,1,1,1,1.0,1248.0
32,33,67,0,0,1,1.0,1014.0
32,33,68,1,1,1,1.0,1208.0
32,33,69,2,1,1,1.0,1854.0
32,33,70,3,0,1,1.0,1071.0
32,33,71,0,0,0,1.0,1646.0
32,33,72,0,0,1,1.0,2186.0
32,33,73,3,0,0,1.0,4357.0
32,33,74,3,1,0,0.0,3634.0
32,33,75,2,1,1,1.0,1001.0
32,33,76,1,1,1,1.0,769.0
32,33,77,1,1,1,1.0,2710.0
32,33,78,0,0,1,1.0,1902.0
32,33,79,2,1,1,1.0,7439.0
32,33,80,3,0,1,1.0,1772.0
32,33,81,1,1,1,1.0,2134.0
32,33,82,2,1,1,1.0,2012.0
32,33,83,1,1,1,1.0,1212.0
32,33,84,2,1,0,1.0,1605.0
32,33,85,0,0,1,1.0,1517.0
32,33,86,3,0,1,1.0,3007.0
32,33,87,0,0,1,1.0,973.0
32,33,88,3,0,1,1.0,2865.0
32,33,89,0,0,1,1.0,2428.0
32,33,90,1,1,0,1.0,1551.0
32,33,91,3,0,1,1.0,1240.0
32,33,92,2,1,1,1.0,2514.0
32,33,93,2,1,1,1.0,2049.0
32,33,94,1,1,1,1.0,5399.0
32,33,95,0,0,1,1.0,1945.0
32,33,96,0,0,0,1.0,1768.0
32,33,97,1,1,1,1.0,2094.0
32,33,98,3,0,1,1.0,8803.0
32,33,99,1,1,1,1.0,1645.0
32,33,100,0,0,0,1.0,1443.0
32,33,101,2,1,1,1.0,4852.0
32,33,102,2,1,1,1.0,5553.0
32,33,103,3,0,1,1.0,3754.0
32,33,104,0,0,1,1.0,1097.0
32,33,105,3,0,0,1.0,3558.0
32,33,106,2,1,1,1.0,1155.0
32,33,107,1,1,1,1.0,2435.0
32,33,108,1,1,0,1.0,1406.0
32,33,109,3,0,1,1.0,1463.0
32,33,110,2,1,0,1.0,3368.0
32,33,111,0,0,1,1.0,1574.0
32,33,112,3,0,0,1.0,1458.0
32,33,113,0,0,1,1.0,2153.0
32,33,114,1,1,1,1.0,1237.0
32,33,115,3,0,1,1.0,2905.0
32,33,116,2,1,1,1.0,1280.0
32,33,117,0,0,1,1.0,1173.0
32,33,118,2,1,1,1.0,1858.0
32,33,119,1,1,0,1.0,1757.0
33,34,0,1,0,1,1.0,4963.0
33,34,1,2,1,0,0.0,1338.0
33,34,2,3,0,1,0.0,1441.0
33,34,3,3,0,0,0.0,915.0
33,34,4,2,1,0,0.0,1475.0
33,34,5,0,0,0,0.0,1178.0
33,34,6,1,0,1,1.0,1164.0
33,34,7,0,0,0,0.0,845.0
33,34,8,1,0,0,1.0,1119.0
33,34,9,3,1,0,1.0,1034.0
33,34,10,1,1,0,0.0,697.0
33,34,11,2,0,1,1.0,806.0
33,34,12,0,1,0,1.0,497.0
33,34,13,3,0,0,0.0,653.0
33,34,14,0,1,1,1.0,520.0
33,34,15,2,1,0,0.0,572.0
33,34,16,1,0,1,1.0,1518.0
33,34,17,3,1,1,1.0,913.0
33,34,18,1,1,0,0.0,979.0
33,34,19,2,0,1,1.0,2078.0
33,34,20,0,1,1,1.0,1455.0
33,34,21,3,1,1,1.0,1176.0
33,34,22,0,1,1,1.0,904.0
33,34,23,2,0,1,1.0,1552.0
33,34,24,1,0,1,1.0,1078.0
33,34,25,0,1,1,1.0,1111.0
33,34,26,1,0,1,1.0,961.0
33,34,27,3,0,0,0.0,857.0
33,34,28,0,1,1,1.0,1250.0
33,34,29,3,1,1,1.0,2078.0
33,34,30,2,0,0,1.0,1021.0
33,34,31,2,1,0,0.0,1230.0
33,34,32,2,0,1,1.0,3447.0
33,34,33,3,1,1,1.0,2020.0
33,34,34,0,1,1,1.0,1137.0
33,34,35,3,1,1,1.0,2672.0
33,34,36,1,0,1,1.0,761.0
33,34,37,0,1,1,1.0,947.0
33,34,38,2,0,0,1.0,1129.0
33,34,39,1,0,0,1.0,1355.0
33,34,40,1,0,1,1.0,1993.0
33,34,41,3,1,1,1.0,1695.0
33,34,42,0,0,0,0.0,1456.0
33,34,43,2,0,1,1.0,1164.0
33,34,44,1,0,0,1.0,653.0
33,34,45,3,1,0,1.0,1494.0
33,34,46,0,1,0,1.0,713.0
33,34,47,2,1,0,0.0,953.0
33,34,48,3,1,1,1.0,1009.0
33,34,49,3,1,1,1.0,1643.0
33,34,50,0,1,1,1.0,1337.0
33,34,51,2,0,1,1.0,779.0
33,34,52,2,0,1,1.0,1513.0
33,34,53,0,1,1,1.0,1020.0
33,34,54,1,0,1,1.0,1119.0
33,34,55,1,0,1,1.0,1143.0
33,34,56,3,1,1,1.0,648.0
33,34,57,2,0,1,1.0,847.0
33,34,58,0,1,0,1.0,766.0
33,34,59,3,1,1,1.0,1053.0
33,34,60,1,0,1,1.0,793.0
33,34,61,2,0,0,1.0,942.0
33,34,62,0,1,1,1.0,948.0
33,34,63,1,0,1,1.0,8549.0
33,34,64,3,1,0,1.0,770.0
33,34,65,0,1,1,1.0,666.0
33,34,66,1,0,1,1.0,952.0
33,34,67,0,1,1,1.0,818.0
33,34,68,1,0,0,1.0,829.0
33,34,69,2,0,1,1.0,847.0
33,34,70,3,1,1,1.0,777.0
33,34,71,2,0,1,1.0,845.0
33,34,72,0,1,1,1.0,1080.0
33,34,73,1,0,1,1.0,1625.0
33,34,74,2,0,1,1.0,1137.0
33,34,75,3,1,1,1.0,825.0
33,34,76,3,1,1,1.0,1580.0
33,34,77,1,0,1,1.0,1089.0
33,34,78,0,1,1,1.0,1817.0
33,34,79,2,0,1,1.0,1355.0
33,34,80,1,0,1,1.0,1364.0
33,34,81,2,0,1,1.0,1168.0
33,34,82,1,0,1,1.0,1077.0
33,34,83,2,0,1,1.0,964.0
33,34,84,0,1,1,1.0,1606.0
33,34,85,3,1,1,1.0,1772.0
33,34,86,0,1,0,1.0,1010.0
33,34,87,3,1,0,1.0,1029.0
33,34,88,0,1,1,1.0,857.0
33,34,89,0,1,1,1.0,813.0
33,34,90,1,0,0,1.0,738.0
33,34,91,2,0,1,1.0,1200.0
33,34,92,3,1,1,1.0,1098.0
33,34,93,3,1,1,1.0,774.0
33,34,94,1,0,1,1.0,2197.0
33,34,95,2,0,0,1.0,1025.0
33,34,96,2,0,1,1.0,1024.0
33,34,97,0,1,0,1.0,823.0
33,34,98,0,1,1,1.0,827.0
33,34,99,3,1,1,1.0,1066.0
33,34,100,2,0,0,1.0,939.0
33,34,101,1,0,1,1.0,704.0
33,34,102,1,0,1,1.0,913.0
33,34,103,3,1,1,1.0,1032.0
33,34,104,0,1,1,1.0,913.0
33,34,105,3,1,1,1.0,1228.0
33,34,106,1,0,1,1.0,695.0
33,34,107,3,1,0,1.0,636.0
33,34,108,2,0,1,1.0,931.0
33,34,109,2,0,1,1.0,1198.0
33,34,110,1,0,1,1.0,1584.0
33,34,111,0,1,0,1.0,1151.0
33,34,112,2,0,1,1.0,1025.0
33,34,113,3,1,0,1.0,712.0
33,34,114,1,0,1,1.0,820.0
33,34,115,1,0,1,1.0,766.0
33,34,116,2,0,1,1.0,1277.0
33,34,117,0,1,1,1.0,1147.0
33,34,118,3,1,1,1.0,529.0
33,34,119,0,1,1,1.0,923.0
34,35,0,3,0,1,0.0,3242.0
34,35,1,1,1,0,1.0,2059.0
34,35,2,0,1,0,0.0,1295.0
34,35,3,0,0,0,1.0,1207.0
34,35,4,2,1,0,0.0,2060.0
34,35,5,1,0,1,0.0,2614.0
34,35,6,2,0,0,1.0,2117.0
34,35,7,3,0,0,0.0,632.0
34,35,8,0,1,0,0.0,1104.0
34,35,9,3,1,1,1.0,615.0
34,35,10,3,1,1,1.0,2415.0
34,35,11,0,1,1,0.0,2475.0
34,35,12,1,1,1,1.0,1686.0
34,35,13,1,0,0,0.0,827.0
34,35,14,2,1,0,0.0,638.0
34,35,15,2,1,1,0.0,384.0
34,35,16,0,1,0,0.0,786.0
34,35,17,1,1,1,1.0,889.0
34,35,18,2,1,0,0.0,2251.0
34,35,19,3,1,0,1.0,312.0
34,35,20,0,1,0,0.0,421.0
34,35,21,3,1,1,1.0,1100.0
34,35,22,2,0,1,1.0,944.0
34,35,23,1,0,0,0.0,776.0
34,35,24,3,0,0,0.0,325.0
34,35,25,1,0,0,0.0,613.0
34,35,26,3,0,0,0.0,770.0
34,35,27,2,0,1,1.0,939.0
34,35,28,0,0,1,1.0,376.0
34,35,29,0,0,1,1.0,345.0
34,35,30,1,0,0,0.0,329.0
34,35,31,2,1,0,0.0,330.0
34,35,32,3,1,1,1.0,1520.0
34,35,33,2,0,1,1.0,931.0
34,35,34,0,0,1,1.0,490.0
34,35,35,3,0,0,0.0,380.0
34,35,36,1,0,1,0.0,562.0
34,35,37,1,1,1,1.0,380.0
34,35,38,0,0,1,1.0,968.0
34,35,39,2,0,1,1.0,1063.0
34,35,40,1,0,0,0.0,621.0
34,35,41,0,0,0,1.0,412.0
34,35,42,1,0,0,0.0,1134.0
34,35,43,3,0,0,0.0,2075.0
34,35,44,0,0,1,1.0,342.0
34,35,45,2,1,0,0.0,686.0
34,35,46,2,1,1,0.0,465.0
34,35,47,3,0,1,0.0,1353.0
34,35,48,1,0,0,0.0,1396.0
34,35,49,0,1,1,0.0,2639.0
34,35,50,2,0,1,1.0,934.0
34,35,51,1,0,0,0.0,1297.0
34,35,52,0,0,1,1.0,2230.0
34,35,53,3,1,1,1.0,1108.0
34,35,54,2,0,0,1.0,823.0
34,35,55,3,1,0,1.0,715.0
34,35,56,3,0,0,0.0,281.0
34,35,57,0,0,1,1.0,334.0
34,35,58,1,0,0,0.0,1629.0
34,35,59,0,1,0,0.0,940.0
34,35,60,2,0,1,1.0,329.0
34,35,61,2,0,1,1.0,305.0
34,35,62,3,1,1,1.0,969.0
34,35,63,1,0,0,0.0,2251.0
34,35,64,3,0,0,0.0,1897.0
34,35,65,0,0,1,1.0,589.0
34,35,66,1,0,0,0.0,1021.0
34,35,67,1,0,1,0.0,1746.0
34,35,68,3,1,1,1.0,1806.0
34,35,69,2,1,0,0.0,526.0
34,35,70,2,0,1,1.0,452.0
34,35,71,0,1,0,0.0,899.0
34,35,72,3,1,1,1.0,1173.0
34,35,73,2,0,1,1.0,599.0
34,35,74,0,1,0,0.0,8059.0
34,35,75,1,0,0,0.0,693.0
34,35,76,1,1,1,1.0,605.0
34,35,77,3,1,1,1.0,93.0
34,35,78,0,0,0,1.0,260.0
34,35,79,2,1,0,0.0,435.0
34,35,80,0,1,0,0.0,221.0
34,35,81,0,1,1,0.0,727.0
34,35,82,2,0,1,1.0,571.0
34,35,83,1,0,0,0.0,777.0
34,35,84,1,1,1,1.0,943.0
34,35,85,2,1,0,0.0,247.0
34,35,86,3,0,0,0.0,1029.0
34,35,87,3,0,0,0.0,738.0
34,35,88,3,1,1,1.0,1714.0
34,35,89,1,1,1,1.0,678.0
34,35,90,0,0,1,1.0,1102.0
34,35,91,0,0,1,1.0,727.0
34,35,92,2,0,1,1.0,581.0
34,35,93,2,0,0,1.0,982.0
34,35,94,3,1,0,1.0,1371.0
34,35,95,1,1,1,1.0,1357.0
34,35,96,0,0,1,1.0,1022.0
34,35,97,2,0,1,1.0,1101.0
34,35,98,1,1,0,1.0,1219.0
34,35,99,1,1,1,1.0,1915.0
34,35,100,2,0,1,1.0,1261.0
34,35,101,3,0,0,0.0,2289.0
34,35,102,3,0,0,0.0,3229.0
34,35,103,0,1,0,0.0,1346.0
34,35,104,2,0,0,1.0,1052.0
34,35,105,3,1,1,1.0,1194.0
34,35,106,1,1,1,1.0,1490.0
34,35,107,3,1,1,1.0,1790.0
34,35,108,2,0,1,1.0,857.0
34,35,109,0,0,0,1.0,1493.0
34,35,110,0,0,1,1.0,1021.0
34,35,111,1,1,0,1.0,850.0
34,35,112,2,0,1,1.0,1018.0
34,35,113,3,1,1,1.0,3375.0
34,35,114,1,0,0,0.0,651.0
34,35,115,0,0,1,1.0,1789.0
34,35,116,3,1,0,1.0,1863.0
34,35,117,1,1,1,1.0,937.0
34,35,118,2,0,1,1.0,1301.0
34,35,119,0,0,1,1.0,2430.0
35,36,0,0,0,1,1.0,3573.0
35,36,1,1,1,0,1.0,2294.0
35,36,2,3,1,0,0.0,2069.0
35,36,3,2,1,1,1.0,1252.0
35,36,4,3,0,1,1.0,1437.0
35,36,5,0,0,1,1.0,1278.0
35,36,6,2,1,1,1.0,1321.0
35,36,7,1,0,1,0.0,1498.0
35,36,8,1,0,0,0.0,1792.0
35,36,9,2,1,1,1.0,743.0
35,36,10,3,0,1,1.0,525.0
35,36,11,3,0,0,1.0,992.0
35,36,12,0,0,1,1.0,917.0
35,36,13,0,1,0,0.0,583.0
35,36,14,2,1,1,1.0,1001.0
35,36,15,1,0,0,0.0,730.0
35,36,16,2,1,1,1.0,1209.0
35,36,17,3,0,1,1.0,733.0
35,36,18,0,0,1,1.0,1974.0
35,36,19,1,0,0,0.0,924.0
35,36,20,0,0,1,1.0,2266.0
35,36,21,3,0,1,1.0,1086.0
35,36,22,1,0,0,0.0,1230.0
35,36,23,2,1,1,1.0,708.0
35,36,24,3,0,1,1.0,870.0
35,36,25,1,0,1,0.0,710.0
35,36,26,2,1,0,1.0,804.0
35,36,27,0,0,1,1.0,781.0
35,36,28,1,0,0,0.0,820.0
35,36,29,0,0,0,1.0,522.0
35,36,30,3,0,1,1.0,668.0
35,36,31,2,1,1,1.0,1001.0
35,36,32,2,1,1,1.0,2265.0
35,36,33,3,0,0,1.0,625.0
35,36,34,3,0,1,1.0,694.0
35,36,35,1,0,0,0.0,633.0
35,36,36,2,1,0,1.0,855.0
35,36,37,0,0,1,1.0,1916.0
35,36,38,1,1,1,1.0,842.0
35,36,39,0,0,1,1.0,770.0
35,36,40,1,1,1,1.0,2849.0
35,36,41,3,0,1,1.0,750.0
35,36,42,1,1,1,1.0,1018.0
35,36,43,3,0,0,1.0,831.0
35,36,44,2,1,1,1.0,1297.0
35,36,45,0,0,1,1.0,4324.0
35,36,46,0,0,1,1.0,516.0
35,36,47,2,1,1,1.0,1805.0
35,36,48,3,0,1,1.0,645.0
35,36,49,0,0,0,1.0,1235.0
35,36,50,3,0,1,1.0,1200.0
35,36,51,2,1,1,1.0,1084.0
35,36,52,1,1,1,1.0,1376.0
35,36,53,1,1,1,1.0,1324.0
35,36,54,2,1,1,1.0,2529.0
35,36,55,0,0,1,1.0,2160.0
35,36,56,1,1,1,1.0,2712.0
35,36,57,2,1,0,1.0,924.0
35,36,58,1,1,1,1.0,788.0
35,36,59,0,0,1,1.0,1367.0
35,36,60,2,1,1,1.0,1110.0
35,36,61,0,0,1,1.0,917.0
35,36,62,3,0,1,1.0,843.0
35,36,63,3,0,1,1.0,1976.0
35,36,64,3,0,1,1.0,1959.0
35,36,65,2,0,0,0.0,1664.0
35,36,66,1,1,0,1.0,1518.0
35,36,67,0,1,0,0.0,1682.0
35,36,68,1,0,0,0.0,864.0
35,36,69,2,1,1,1.0,2807.0
35,36,70,3,0,0,1.0,694.0
35,36,71,0,0,1,1.0,2394.0
35,36,72,0,0,0,1.0,1683.0
35,36,73,3,0,1,1.0,1304.0
35,36,74,3,0,1,1.0,1107.0
35,36,75,2,1,1,1.0,2935.0
35,36,76,1,0,1,0.0,2224.0
35,36,77,1,1,1,1.0,2305.0
35,36,78,0,0,1,1.0,3193.0
35,36,79,2,1,1,1.0,1133.0
35,36,80,3,0,1,1.0,1283.0
35,36,81,1,0,0,0.0,2998.0
35,36,82,2,1,1,1.0,880.0
35,36,83,1,0,0,0.0,974.0
35,36,84,2,1,0,1.0,784.0
35,36,85,0,0,1,1.0,795.0
35,36,86,3,0,1,1.0,2175.0
35,36,87,0,0,1,1.0,770.0
35,36,88,3,0,1,1.0,690.0
35,36,89,0,0,1,1.0,846.0
35,36,90,1,1,1,1.0,1113.0
35,36,91,3,0,1,1.0,746.0
35,36,92,2,1,1,1.0,680.0
35,36,93,2,1,1,1.0,1727.0
35,36,94,1,1,1,1.0,3706.0
35,36,95,0,0,1,1.0,1739.0
35,36,96,0,0,1,1.0,1357.0
35,36,97,1,1,1,1.0,1147.0
35,36,98,3,0,0,1.0,1389.0
35,36,99,1,1,0,1.0,1922.0
35,36,100,0,0,0,1.0,1186.0
35,36,101,2,1,1,1.0,1655.0
35,36,102,2,1,1,1.0,1740.0
35,36,103,3,1,0,0.0,1060.0
35,36,104,0,1,1,0.0,1678.0
35,36,105,3,0,1,1.0,1641.0
35,36,106,2,1,1,1.0,1522.0
35,36,107,1,1,1,1.0,857.0
35,36,108,1,1,0,1.0,820.0
35,36,109,3,0,0,1.0,5069.0
35,36,110,2,1,0,1.0,809.0
35,36,111,0,1,0,0.0,973.0
35,36,112,3,1,0,0.0,1290.0
35,36,113,0,1,0,0.0,1331.0
35,36,114,1,1,1,1.0,855.0
35,36,115,3,0,1,1.0,1568.0
35,36,116,2,1,1,1.0,1256.0
35,36,117,0,0,0,1.0,1537.0
35,36,118,2,1,1,1.0,730.0
35,36,119,1,1,1,1.0,1102.0
36,37,0,1,1,0,0.0,2020.0
36,37,1,2,1,0,0.0,3657.0
36,37,2,3,0,1,0.0,688.0
36,37,3,3,0,0,0.0,2612.0
36,37,4,2,1,0,0.0,1628.0
36,37,5,0,0,0,0.0,2271.0
36,37,6,1,1,0,0.0,1682.0
36,37,7,0,0,0,0.0,620.0
36,37,8,1,1,0,0.0,1162.0
36,37,9,3,1,0,1.0,1345.0
36,37,10,1,0,1,1.0,1883.0
36,37,11,2,0,1,1.0,2012.0
36,37,12,0,1,0,1.0,1127.0
36,37,13,3,0,0,0.0,831.0
36,37,14,0,1,1,1.0,1359.0
36,37,15,2,0,1,1.0,1808.0
36,37,16,1,1,0,0.0,1650.0
36,37,17,3,1,1,1.0,2014.0
36,37,18,1,0,1,1.0,1704.0
36,37,19,2,1,0,0.0,1699.0
36,37,20,0,1,1,1.0,1479.0
36,37,21,3,0,0,0.0,1526.0
36,37,22,0,1,1,1.0,1753.0
36,37,23,2,1,0,0.0,2065.0
36,37,24,1,0,0,1.0,1059.0
36,37,25,0,1,1,1.0,2112.0
36,37,26,1,1,1,0.0,1603.0
36,37,27,3,0,0,0.0,1170.0
36,37,28,0,1,1,1.0,1212.0
36,37,29,3,0,1,0.0,906.0
36,37,30,2,1,0,0.0,935.0
36,37,31,2,0,1,1.0,984.0
36,37,32,2,1,0,0.0,1626.0
36,37,33,3,1,1,1.0,1664.0
36,37,34,0,1,1,1.0,1252.0
36,37,35,3,1,1,1.0,1238.0
36,37,36,1,1,0,0.0,1281.0
36,37,37,0,1,1,1.0,1126.0
36,37,38,2,0,0,1.0,991.0
36,37,39,1,1,0,0.0,1807.0
36,37,40,1,0,1,1.0,1081.0
36,37,41,3,1,1,1.0,953.0
36,37,42,0,1,0,1.0,1012.0
36,37,43,2,0,1,1.0,1437.0
36,37,44,1,1,0,0.0,2410.0
36,37,45,3,1,1,1.0,951.0
36,37,46,0,1,1,1.0,1578.0
36,37,47,2,0,0,1.0,1044.0
36,37,48,3,1,1,1.0,1715.0
36,37,49,3,1,0,1.0,928.0
36,37,50,0,1,1,1.0,3034.0
36,37,51,2,0,1,1.0,1476.0
36,37,52,2,1,0,0.0,1099.0
36,37,53,0,0,0,0.0,1682.0
36,37,54,1,0,1,1.0,1452.0
36,37,55,1,0,1,1.0,2600.0
36,37,56,3,1,1,1.0,977.0
36,37,57,2,0,1,1.0,1296.0
36,37,58,0,1,0,1.0,1778.0
36,37,59,3,1,1,1.0,897.0
36,37,60,1,0,1,1.0,1723.0
36,37,61,2,0,1,1.0,1234.0
36,37,62,0,1,1,1.0,1084.0
36,37,63,1,0,0,1.0,3896.0
36,37,64,3,1,1,1.0,1434.0
36,37,65,0,1,1,1.0,2409.0
36,37,66,1,0,1,1.0,1166.0
36,37,67,0,1,1,1.0,769.0
36,37,68,1,0,0,1.0,872.0
36,37,69,2,0,1,1.0,1357.0
36,37,70,3,1,1,1.0,951.0
36,37,71,2,0,0,1.0,894.0
36,37,72,0,1,1,1.0,925.0
36,37,73,1,0,1,1.0,1114.0
36,37,74,2,0,1,1.0,991.0
36,37,75,3,1,0,1.0,1239.0
36,37,76,3,1,1,1.0,1641.0
36,37,77,1,0,1,1.0,3610.0
36,37,78,0,1,1,1.0,1305.0
36,37,79,2,0,1,1.0,1259.0
36,37,80,1,0,1,1.0,1753.0
36,37,81,2,0,1,1.0,1543.0
36,37,82,1,0,1,1.0,2291.0
36,37,83,2,0,1,1.0,1435.0
36,37,84,0,1,1,1.0,903.0
36,37,85,3,1,1,1.0,2298.0
36,37,86,0,1,0,1.0,802.0
36,37,87,3,1,1,1.0,1291.0
36,37,88,0,1,1,1.0,1545.0
36,37,89,0,1,1,1.0,1208.0
36,37,90,1,0,1,1.0,2011.0
36,37,91,2,0,1,1.0,1404.0
36,37,92,3,1,1,1.0,919.0
36,37,93,3,1,0,1.0,832.0
36,37,94,1,0,0,1.0,1873.0
36,37,95,2,1,1,0.0,747.0
36,37,96,2,0,1,1.0,1742.0
36,37,97,0,1,0,1.0,965.0
36,37,98,0,1,1,1.0,1371.0
36,37,99,3,1,1,1.0,1097.0
36,37,100,2,0,1,1.0,1499.0
36,37,101,1,0,1,1.0,1054.0
36,37,102,1,0,1,1.0,1053.0
36,37,103,3,1,1,1.0,1485.0
36,37,104,0,1,1,1.0,1279.0
36,37,105,3,1,1,1.0,1091.0
36,37,106,1,0,1,1.0,1302.0
36,37,107,3,1,1,1.0,931.0
36,37,108,2,0,0,1.0,1310.0
36,37,109,2,0,1,1.0,1874.0
36,37,110,1,0,1,1.0,754.0
36,37,111,0,1,0,1.0,1200.0
36,37,112,2,0,0,1.0,3868.0
36,37,113,3,1,1,1.0,2502.0
36,37,114,1,0,0,1.0,1200.0
36,37,115,1,0,1,1.0,2538.0
36,37,116,2,0,1,1.0,1878.0
36,37,117,0,1,1,1.0,1482.0
36,37,118,3,1,0,1.0,1974.0
36,37,119,0,1,1,1.0,996.0
37,38,0,2,0,0,0.0,5870.0
37,38,1,0,1,0,0.0,2065.0
37,38,2,1,0,0,1.0,2305.0
37,38,3,0,1,0,0.0,1690.0
37,38,4,3,1,1,1.0,1348.0
37,38,5,2,0,0,0.0,2030.0
37,38,6,3,1,1,1.0,1059.0
37,38,7,1,0,1,1.0,2832.0
37,38,8,0,1,1,0.0,3553.0
37,38,9,1,0,1,1.0,1083.0
37,38,10,3,1,1,1.0,2017.0
37,38,11,0,1,0,0.0,2131.0
37,38,12,1,0,1,1.0,1632.0
37,38,13,3,1,0,1.0,1294.0
37,38,14,2,0,0,0.0,1829.0
37,38,15,2,0,1,0.0,895.0
37,38,16,0,1,1,0.0,1819.0
37,38,17,0,1,0,0.0,1222.0
37,38,18,1,0,1,1.0,967.0
37,38,19,3,1,1,1.0,1930.0
37,38,20,2,0,0,0.0,1109.0
37,38,21,2,1,1,1.0,828.0
37,38,22,1,0,1,1.0,875.0
37,38,23,3,1,1,1.0,724.0
37,38,24,3,1,0,1.0,825.0
37,38,25,0,1,0,0.0,1424.0
37,38,26,1,0,0,1.0,1257.0
37,38,27,2,0,1,0.0,1486.0
37,38,28,1,0,1,1.0,1201.0
37,38,29,2,0,0,0.0,1386.0
37,38,30,3,1,1,1.0,1540.0
37,38,31,0,1,0,0.0,1609.0
37,38,32,0,0,1,1.0,8712.0
37,38,33,3,1,1,1.0,1331.0
37,38,34,1,0,1,1.0,1041.0
37,38,35,3,1,1,1.0,1545.0
37,38,36,2,0,0,0.0,853.0
37,38,37,2,0,0,0.0,1430.0
37,38,38,0,1,0,0.0,2208.0
37,38,39,1,0,1,1.0,1521.0
37,38,40,3,1,1,1.0,1827.0
37,38,41,1,0,1,1.0,887.0
37,38,42,1,0,1,1.0,1708.0
37,38,43,0,1,0,0.0,1090.0
37,38,44,2,1,0,1.0,896.0
37,38,45,0,1,0,0.0,1625.0
37,38,46,3,1,1,1.0,1251.0
37,38,47,2,1,1,1.0,1707.0
37,38,48,1,0,0,1.0,909.0
37,38,49,2,1,1,1.0,1137.0
37,38,50,3,1,0,1.0,1172.0
37,38,51,1,0,1,1.0,902.0
37,38,52,0,1,0,0.0,927.0
37,38,53,0,1,1,0.0,1197.0
37,38,54,3,1,1,1.0,1134.0
37,38,55,2,1,1,1.0,1073.0
37,38,56,3,1,0,1.0,827.0
37,38,57,0,1,0,0.0,936.0
37,38,58,1,0,1,1.0,1039.0
37,38,59,2,0,0,0.0,1532.0
37,38,60,2,1,1,1.0,1921.0
37,38,61,3,1,1,1.0,1710.0
37,38,62,0,1,0,0.0,1117.0
37,38,63,1,0,1,1.0,2548.0
37,38,64,2,1,0,1.0,1187.0
37,38,65,1,0,1,1.0,1659.0
37,38,66,0,1,1,0.0,1325.0
37,38,67,0,1,0,0.0,1002.0
37,38,68,3,1,1,1.0,1650.0
37,38,69,2,1,1,1.0,1510.0
37,38,70,1,0,0,1.0,978.0
37,38,71,3,1,1,1.0,846.0
37,38,72,2,1,1,1.0,977.0
37,38,73,0,1,0,0.0,1681.0
37,38,74,3,1,1,1.0,1708.0
37,38,75,1,0,1,1.0,1220.0
37,38,76,1,0,0,1.0,1046.0
37,38,77,2,1,1,1.0,1230.0
37,38,78,3,1,0,1.0,1450.0
37,38,79,0,1,0,0.0,1026.0
37,38,80,2,1,0,1.0,2531.0
37,38,81,0,1,0,0.0,2478.0
37,38,82,2,1,1,1.0,850.0
37,38,83,0,1,1,0.0,1169.0
37,38,84,3,1,1,1.0,1985.0
37,38,85,1,0,1,1.0,1577.0
37,38,86,3,1,1,1.0,1908.0
37,38,87,1,0,1,1.0,7851.0
37,38,88,3,1,1,1.0,1039.0
37,38,89,1,0,1,1.0,1210.0
37,38,90,0,1,0,0.0,1534.0
37,38,91,0,1,0,0.0,1143.0
37,38,92,2,1,1,1.0,1039.0
37,38,93,1,0,1,1.0,2149.0
37,38,94,2,1,1,1.0,3013.0
37,38,95,3,1,1,1.0,1323.0
37,38,96,3,1,1,1.0,738.0
37,38,97,3,1,0,1.0,1163.0
37,38,98,0,1,0,0.0,850.0
37,38,99,1,0,1,1.0,1406.0
37,38,100,0,1,0,0.0,1231.0
37,38,101,2,1,1,1.0,3208.0
37,38,102,1,0,1,1.0,2686.0
37,38,103,2,1,1,1.0,1162.0
37,38,104,3,1,1,1.0,2136.0
37,38,105,0,1,0,0.0,984.0
37,38,106,1,0,1,1.0,1855.0
37,38,107,2,1,0,1.0,2317.0
37,38,108,0,1,1,0.0,1737.0
37,38,109,2,1,1,1.0,2365.0
37,38,110,3,1,1,1.0,2444.0
37,38,111,1,1,0,0.0,4723.0
37,38,112,3,1,1,1.0,1113.0
37,38,113,0,1,0,0.0,3404.0
37,38,114,2,1,1,1.0,3233.0
37,38,115,0,1,0,0.0,1235.0
37,38,116,2,1,1,1.0,1074.0
37,38,117,1,0,1,1.0,1437.0
37,38,118,1,0,0,1.0,998.0
37,38,119,3,1,1,1.0,909.0
38,39,0,3,1,1,1.0,1126.0
38,39,1,1,0,1,0.0,781.0
38,39,2,0,1,0,0.0,1055.0
38,39,3,0,0,0,1.0,958.0
38,39,4,2,0,0,1.0,1309.0
38,39,5,1,1,0,1.0,983.0
38,39,6,2,1,0,0.0,776.0
38,39,7,3,0,1,0.0,651.0
38,39,8,0,0,1,1.0,742.0
38,39,9,3,1,1,1.0,1296.0
38,39,10,3,1,0,1.0,622.0
38,39,11,0,0,1,1.0,818.0
38,39,12,1,1,1,1.0,1039.0
38,39,13,1,1,1,1.0,2342.0
38,39,14,2,0,1,1.0,1609.0
38,39,15,2,0,1,1.0,1129.0
38,39,16,0,1,0,0.0,1342.0
38,39,17,1,1,1,1.0,1010.0
38,39,18,2,1,0,0.0,1903.0
38,39,19,3,0,0,0.0,1368.0
38,39,20,0,0,1,1.0,1122.0
38,39,21,3,1,1,1.0,1366.0
38,39,22,2,0,1,1.0,1934.0
38,39,23,1,1,1,1.0,1970.0
38,39,24,3,0,0,0.0,1817.0
38,39,25,1,1,1,1.0,1509.0
38,39,26,3,0,0,0.0,1765.0
38,39,27,2,0,1,1.0,1803.0
38,39,28,0,0,1,1.0,817.0
38,39,29,0,1,1,0.0,691.0
38,39,30,1,1,1,1.0,1011.0
38,39,31,2,0,1,1.0,978.0
38,39,32,3,1,1,1.0,2030.0
38,39,33,2,0,0,1.0,437.0
38,39,34,0,0,0,1.0,896.0
38,39,35,3,0,0,0.0,1101.0
38,39,36,1,0,0,0.0,405.0
38,39,37,1,1,1,1.0,1174.0
38,39,38,0,0,1,1.0,1331.0
38,39,39,2,1,1,0.0,1824.0
38,39,40,1,1,0,1.0,1178.0
38,39,41,0,0,1,1.0,693.0
38,39,42,1,1,1,1.0,955.0
38,39,43,3,1,1,1.0,1454.0
38,39,44,0,0,1,1.0,1106.0
38,39,45,2,1,0,0.0,1020.0
38,39,46,2,0,1,1.0,1093.0
38,39,47,3,1,0,1.0,1744.0
38,39,48,1,1,1,1.0,936.0
38,39,49,0,0,1,1.0,815.0
38,39,50,2,0,1,1.0,2028.0
38,39,51,1,1,0,1.0,836.0
38,39,52,0,0,0,1.0,1042.0
38,39,53,3,0,0,0.0,492.0
38,39,54,2,0,1,1.0,1140.0
38,39,55,3,0,1,0.0,689.0
38,39,56,3,1,1,1.0,571.0
38,39,57,0,0,1,1.0,961.0
38,39,58,1,1,1,1.0,1256.0
38,39,59,0,0,1,1.0,825.0
38,39,60,2,1,0,0.0,870.0
38,39,61,2,0,1,1.0,538.0
38,39,62,3,0,0,0.0,870.0
38,39,63,1,1,1,1.0,1611.0
38,39,64,3,0,0,0.0,1403.0
38,39,65,0,0,1,1.0,654.0
38,39,66,1,1,1,1.0,1144.0
38,39,67,1,1,1,1.0,843.0
38,39,68,3,1,1,1.0,1472.0
38,39,69,2,0,1,1.0,1390.0
38,39,70,2,0,1,1.0,913.0
38,39,71,0,0,0,1.0,897.0
38,39,72,3,0,0,0.0,2136.0
38,39,73,2,0,0,1.0,1274.0
38,39,74,0,0,1,1.0,1328.0
38,39,75,1,1,1,1.0,863.0
38,39,76,1,0,0,0.0,656.0
38,39,77,3,0,0,0.0,1339.0
38,39,78,0,0,1,1.0,909.0
38,39,79,2,0,1,1.0,1336.0
38,39,80,0,0,1,1.0,888.0
38,39,81,0,0,1,1.0,1067.0
38,39,82,2,0,1,1.0,2321.0
38,39,83,1,1,1,1.0,1043.0
38,39,84,1,1,0,1.0,1025.0
38,39,85,2,0,0,1.0,1514.0
38,39,86,3,1,1,1.0,1294.0
38,39,87,3,1,1,1.0,821.0
38,39,88,3,1,1,1.0,802.0
38,39,89,1,1,1,1.0,798.0
38,39,90,0,0,1,1.0,806.0
38,39,91,0,0,1,1.0,670.0
38,39,92,2,0,1,1.0,680.0
38,39,93,2,0,1,1.0,856.0
38,39,94,3,1,0,1.0,1823.0
38,39,95,1,1,1,1.0,773.0
38,39,96,0,0,0,1.0,1004.0
38,39,97,2,0,1,1.0,1320.0
38,39,98,1,1,1,1.0,1151.0
38,39,99,1,1,1,1.0,1009.0
38,39,100,2,0,1,1.0,894.0
38,39,101,3,1,1,1.0,1627.0
38,39,102,3,1,1,1.0,1140.0
38,39,103,0,0,1,1.0,891.0
38,39,104,2,0,1,1.0,1624.0
38,39,105,3,1,1,1.0,1382.0
38,39,106,1,1,0,1.0,1021.0
38,39,107,3,1,0,1.0,1204.0
38,39,108,2,0,0,1.0,903.0
38,39,109,0,0,1,1.0,940.0
38,39,110,0,0,1,1.0,786.0
38,39,111,1,1,1,1.0,1025.0
38,39,112,2,0,1,1.0,1523.0
38,39,113,3,1,1,1.0,1130.0
38,39,114,1,1,1,1.0,838.0
38,39,115,0,0,1,1.0,672.0
38,39,116,3,1,1,1.0,746.0
38,39,117,1,1,1,1.0,849.0
38,39,118,2,0,0,1.0,1289.0
38,39,119,0,0,1,1.0,702.0
39,40,0,1,0,1,1.0,3831.0
39,40,1,2,1,0,0.0,3517.0
39,40,2,3,1,0,1.0,2153.0
39,40,3,3,1,1,1.0,863.0
39,40,4,2,1,0,0.0,1001.0
39,40,5,0,0,0,0.0,215.0
39,40,6,1,1,0,0.0,948.0
39,40,7,0,0,0,0.0,892.0
39,40,8,1,1,0,0.0,678.0
39,40,9,3,0,1,0.0,1577.0
39,40,10,1,0,1,1.0,4641.0
39,40,11,2,1,0,0.0,841.0
39,40,12,0,0,0,0.0,313.0
39,40,13,3,1,1,1.0,489.0
39,40,14,0,0,1,0.0,303.0
39,40,15,2,1,0,0.0,445.0
39,40,16,1,0,0,1.0,303.0
39,40,17,3,1,1,1.0,879.0
39,40,18,1,1,0,0.0,676.0
39,40,19,2,0,1,1.0,677.0
39,40,20,0,1,0,1.0,2932.0
39,40,21,3,0,0,0.0,1381.0
39,40,22,0,1,1,1.0,441.0
39,40,23,2,1,0,0.0,487.0
39,40,24,1,1,0,0.0,349.0
39,40,25,0,1,1,1.0,597.0
39,40,26,1,1,1,0.0,2951.0
39,40,27,3,0,0,0.0,2991.0
39,40,28,0,0,0,0.0,790.0
39,40,29,3,1,1,1.0,364.0
39,40,30,2,1,0,0.0,540.0
39,40,31,2,0,1,1.0,603.0
39,40,32,2,1,0,0.0,2870.0
39,40,33,3,0,0,0.0,563.0
39,40,34,0,0,0,0.0,375.0
39,40,35,3,0,0,0.0,2615.0
39,40,36,1,0,1,1.0,854.0
39,40,37,0,1,1,1.0,802.0
39,40,38,2,1,1,0.0,2064.0
39,40,39,1,0,1,1.0,5121.0
39,40,40,1,0,1,1.0,3492.0
39,40,41,3,0,1,0.0,3201.0
39,40,42,0,1,1,1.0,2171.0
39,40,43,2,0,1,1.0,3327.0
39,40,44,1,1,0,0.0,2439.0
39,40,45,3,0,0,0.0,1196.0
39,40,46,0,0,0,0.0,473.0
39,40,47,2,0,0,1.0,2418.0
39,40,48,3,0,0,0.0,1950.0
39,40,49,3,0,0,0.0,672.0
39,40,50,0,1,1,1.0,1016.0
39,40,51,2,1,0,0.0,1484.0
39,40,52,2,0,1,1.0,383.0
39,40,53,0,1,1,1.0,1403.0
39,40,54,1,1,0,0.0,1266.0
39,40,55,1,1,0,0.0,965.0
39,40,56,3,1,1,1.0,1412.0
39,40,57,2,0,0,1.0,3894.0
39,40,58,0,1,1,1.0,2510.0
39,40,59,3,0,0,0.0,2167.0
39,40,60,1,1,0,0.0,773.0
39,40,61,2,0,1,1.0,4704.0
39,40,62,0,1,0,1.0,4448.0
39,40,63,1,1,0,0.0,4621.0
39,40,64,3,1,1,1.0,940.0
39,40,65,0,1,1,1.0,1512.0
39,40,66,1,0,1,1.0,1565.0
39,40,67,0,1,1,1.0,1687.0
39,40,68,1,0,0,1.0,1730.0
39,40,69,2,0,1,1.0,3462.0
39,40,70,3,1,0,1.0,2016.0
39,40,71,2,1,0,0.0,959.0
39,40,72,0,1,0,1.0,790.0
39,40,73,1,0,1,1.0,1685.0
39,40,74,2,0,1,1.0,1442.0
39,40,75,3,0,0,0.0,1683.0
39,40,76,3,1,1,1.0,1719.0
39,40,77,1,0,0,1.0,2436.0
39,40,78,0,1,1,1.0,2010.0
39,40,79,2,0,1,1.0,1885.0
39,40,80,1,1,1,0.0,1977.0
39,40,81,2,0,0,1.0,1772.0
39,40,82,1,0,1,1.0,1244.0
39,40,83,2,0,1,1.0,3683.0
39,40,84,0,1,1,1.0,1786.0
39,40,85,3,1,1,1.0,1972.0
39,40,86,0,1,1,1.0,1236.0
39,40,87,3,1,1,1.0,4570.0
39,40,88,0,1,1,1.0,1215.0
39,40,89,0,1,1,1.0,1001.0
39,40,90,1,0,1,1.0,1135.0
39,40,91,2,1,0,0.0,3452.0
39,40,92,3,0,1,0.0,1849.0
39,40,93,3,1,1,1.0,2373.0
39,40,94,1,1,0,0.0,3709.0
39,40,95,2,0,1,1.0,2061.0
39,40,96,2,1,0,0.0,1276.0
39,40,97,0,1,1,1.0,2464.0
39,40,98,0,1,0,1.0,1683.0
39,40,99,3,1,0,1.0,1279.0
39,40,100,2,1,0,0.0,2707.0
39,40,101,1,0,1,1.0,2012.0
39,40,102,1,0,1,1.0,1533.0
39,40,103,3,1,1,1.0,1596.0
39,40,104,0,1,1,1.0,1328.0
39,40,105,3,1,1,1.0,2145.0
39,40,106,1,0,1,1.0,1271.0
39,40,107,3,1,1,1.0,1437.0
39,40,108,2,0,1,1.0,1537.0
39,40,109,2,0,1,1.0,2139.0
39,40,110,1,1,0,0.0,8750.0
39,40,111,0,1,1,1.0,1145.0
39,40,112,2,0,1,1.0,1476.0
39,40,113,3,1,1,1.0,1256.0
39,40,114,1,0,0,1.0,1832.0
39,40,115,1,0,1,1.0,1757.0
39,40,116,2,0,1,1.0,1498.0
39,40,117,0,1,0,1.0,1426.0
39,40,118,3,1,0,1.0,1047.0
39,40,119,0,1,1,1.0,1029.0
40,41,0,2,1,1,1.0,2392.0
40,41,1,0,1,0,0.0,1920.0
40,41,2,1,0,0,1.0,1461.0
40,41,3,0,1,0,0.0,1029.0
40,41,4,3,1,1,1.0,1779.0
40,41,5,2,0,0,0.0,1753.0
40,41,6,3,1,1,1.0,2552.0
40,41,7,1,0,1,1.0,1493.0
40,41,8,0,0,1,1.0,1782.0
40,41,9,1,0,1,1.0,1224.0
40,41,10,3,1,1,1.0,1583.0
40,41,11,0,0,1,1.0,1706.0
40,41,12,1,0,1,1.0,1230.0
40,41,13,3,1,0,1.0,1548.0
40,41,14,2,0,0,0.0,987.0
40,41,15,2,0,0,0.0,2057.0
40,41,16,0,0,1,1.0,1820.0
40,41,17,0,0,1,1.0,1413.0
40,41,18,1,0,1,1.0,1342.0
40,41,19,3,1,1,1.0,1073.0
40,41,20,2,0,1,0.0,1081.0
40,41,21,2,0,0,0.0,1131.0
40,41,22,1,0,1,1.0,1024.0
40,41,23,3,1,1,1.0,1503.0
40,41,24,3,1,0,1.0,1080.0
40,41,25,0,0,1,1.0,2760.0
40,41,26,1,0,0,1.0,1156.0
40,41,27,2,1,0,1.0,1334.0
40,41,28,1,0,1,1.0,1865.0
40,41,29,2,1,1,1.0,1545.0
40,41,30,3,1,1,1.0,1094.0
40,41,31,0,0,1,1.0,1213.0
40,41,32,0,0,0,1.0,1649.0
40,41,33,3,1,1,1.0,1358.0
40,41,34,1,0,1,1.0,1132.0
40,41,35,3,1,1,1.0,1013.0
40,41,36,2,1,1,1.0,1616.0
40,41,37,2,1,1,1.0,1336.0
40,41,38,0,0,1,1.0,1092.0
40,41,39,1,0,1,1.0,2929.0
40,41,40,3,1,1,1.0,913.0
40,41,41,1,0,1,1.0,1333.0
40,41,42,1,0,1,1.0,2154.0
40,41,43,0,0,1,1.0,1096.0
40,41,44,2,1,1,1.0,1747.0
40,41,45,0,0,1,1.0,1869.0
40,41,46,3,1,1,1.0,1358.0
40,41,47,2,0,1,0.0,2191.0
40,41,48,1,0,0,1.0,1324.0
40,41,49,2,1,0,1.0,1644.0
40,41,50,3,1,0,1.0,1224.0
40,41,51,1,0,1,1.0,864.0
40,41,52,0,0,1,1.0,1015.0
40,41,53,0,0,1,1.0,889.0
40,41,54,3,1,1,1.0,1154.0
40,41,55,2,1,1,1.0,1304.0
40,41,56,3,1,0,1.0,1140.0
40,41,57,0,1,1,0.0,1151.0
40,41,58,1,0,1,1.0,1172.0
40,41,59,2,1,1,1.0,1103.0
40,41,60,2,1,1,1.0,1144.0
40,41,61,3,1,1,1.0,1521.0
40,41,62,0,0,0,1.0,1056.0
40,41,63,1,0,1,1.0,1411.0
40,41,64,2,1,0,1.0,2187.0
40,41,65,1,0,1,1.0,907.0
40,41,66,0,0,1,1.0,884.0
40,41,67,0,0,1,1.0,1064.0
40,41,68,3,1,1,1.0,1269.0
40,41,69,2,1,1,1.0,1994.0
40,41,70,1,0,0,1.0,1051.0
40,41,71,3,1,1,1.0,842.0
40,41,72,2,1,1,1.0,1169.0
40,41,73,0,0,1,1.0,1998.0
40,41,74,3,1,1,1.0,911.0
40,41,75,1,0,1,1.0,1529.0
40,41,76,1,0,0,1.0,1387.0
40,41,77,2,1,1,1.0,1950.0
40,41,78,3,1,0,1.0,1013.0
40,41,79,0,0,0,1.0,1093.0
40,41,80,2,1,1,1.0,1894.0
40,41,81,0,0,1,1.0,1054.0
40,41,82,2,1,1,1.0,1288.0
40,41,83,0,0,1,1.0,1313.0
40,41,84,3,1,1,1.0,3454.0
40,41,85,1,0,1,1.0,2756.0
40,41,86,3,1,1,1.0,2152.0
40,41,87,1,0,1,1.0,987.0
40,41,88,3,1,1,1.0,614.0
40,41,89,1,0,1,1.0,933.0
40,41,90,0,0,1,1.0,902.0
40,41,91,0,0,0,1.0,819.0
40,41,92,2,1,0,1.0,2310.0
40,41,93,1,0,1,1.0,1312.0
40,41,94,2,1,1,1.0,1202.0
40,41,95,3,1,1,1.0,1169.0
40,41,96,3,1,1,1.0,1000.0
40,41,97,3,1,0,1.0,941.0
40,41,98,0,0,1,1.0,1222.0
40,41,99,1,0,1,1.0,995.0
40,41,100,0,0,1,1.0,1182.0
40,41,101,2,1,1,1.0,1148.0
40,41,102,1,0,1,1.0,1854.0
40,41,103,2,1,1,1.0,1746.0
40,41,104,3,1,1,1.0,1104.0
40,41,105,0,0,1,1.0,1840.0
40,41,106,1,0,1,1.0,1197.0
40,41,107,2,1,1,1.0,1307.0
40,41,108,0,0,1,1.0,2679.0
40,41,109,2,1,1,1.0,3211.0
40,41,110,3,1,1,1.0,2956.0
40,41,111,1,0,1,1.0,1293.0
40,41,112,3,1,1,1.0,1472.0
40,41,113,0,0,1,1.0,1027.0
40,41,114,2,1,0,1.0,1599.0
40,41,115,0,0,0,1.0,1538.0
40,41,116,2,1,1,1.0,934.0
40,41,117,1,0,0,1.0,1128.0
40,41,118,1,0,0,1.0,3933.0
40,41,119,3,1,1,1.0,1063.0
41,42,0,3,1,1,1.0,1917.0
41,42,1,1,0,1,0.0,4656.0
41,42,2,0,1,0,0.0,1143.0
41,42,3,0,0,0,1.0,969.0
41,42,4,2,1,0,0.0,1193.0
41,42,5,1,1,0,1.0,157.0
41,42,6,2,1,0,0.0,276.0
41,42,7,3,0,1,0.0,61.0
41,42,8,0,0,1,1.0,162.0
41,42,9,3,0,0,0.0,211.0
41,42,10,3,0,0,0.0,197.0
41,42,11,0,0,1,1.0,386.0
41,42,12,1,0,0,0.0,505.0
41,42,13,1,0,0,0.0,716.0
41,42,14,2,0,0,1.0,861.0
41,42,15,2,1,1,0.0,621.0
41,42,16,0,0,1,1.0,927.0
41,42,17,1,1,1,1.0,1728.0
41,42,18,2,1,0,0.0,688.0
41,42,19,3,1,1,1.0,3144.0
41,42,20,0,0,1,1.0,1426.0
41,42,21,3,1,0,1.0,2415.0
41,42,22,2,1,0,0.0,1537.0
41,42,23,1,1,1,1.0,709.0
41,42,24,3,1,1,1.0,1246.0
41,42,25,1,1,1,1.0,1578.0
41,42,26,3,1,1,1.0,1539.0
41,42,27,2,0,1,1.0,2471.0
41,42,28,0,0,0,1.0,480.0
41,42,29,0,0,1,1.0,690.0
41,42,30,1,1,1,1.0,1247.0
41,42,31,2,0,1,1.0,1530.0
41,42,32,3,1,1,1.0,1259.0
41,42,33,2,0,1,1.0,985.0
41,42,34,0,0,1,1.0,654.0
41,42,35,3,1,0,1.0,859.0
41,42,36,1,1,1,1.0,475.0
41,42,37,1,1,1,1.0,704.0
41,42,38,0,0,1,1.0,1114.0
41,42,39,2,0,1,1.0,634.0
41,42,40,1,1,1,1.0,677.0
41,42,41,0,0,1,1.0,709.0
41,42,42,1,1,0,1.0,2070.0
41,42,43,3,1,1,1.0,753.0
41,42,44,0,0,0,1.0,1123.0
41,42,45,2,0,1,1.0,1629.0
41,42,46,2,0,0,1.0,756.0
41,42,47,3,1,1,1.0,823.0
41,42,48,1,1,1,1.0,1032.0
41,42,49,0,0,1,1.0,697.0
41,42,50,2,0,1,1.0,750.0
41,42,51,1,1,1,1.0,512.0
41,42,52,0,0,1,1.0,1069.0
41,42,53,3,1,1,1.0,727.0
41,42,54,2,0,1,1.0,753.0
41,42,55,3,0,0,0.0,1506.0
41,42,56,3,1,1,1.0,987.0
41,42,57,0,0,1,1.0,883.0
41,42,58,1,1,0,1.0,1161.0
41,42,59,0,0,0,1.0,1220.0
41,42,60,2,0,1,1.0,1543.0
41,42,61,2,0,1,1.0,871.0
41,42,62,3,1,1,1.0,698.0
41,42,63,1,1,1,1.0,3003.0
41,42,64,3,1,0,1.0,730.0
41,42,65,0,0,1,1.0,593.0
41,42,66,1,1,1,1.0,695.0
41,42,67,1,0,0,0.0,1055.0
41,42,68,3,1,1,1.0,734.0
41,42,69,2,0,1,1.0,1039.0
41,42,70,2,0,1,1.0,1740.0
41,42,71,0,0,1,1.0,1404.0
41,42,72,3,1,1,1.0,756.0
41,42,73,2,0,0,1.0,1318.0
41,42,74,0,0,1,1.0,1265.0
41,42,75,1,1,1,1.0,856.0
41,42,76,1,1,1,1.0,903.0
41,42,77,3,1,1,1.0,571.0
41,42,78,0,0,1,1.0,988.0
41,42,79,2,0,1,1.0,307.0
41,42,80,0,0,1,1.0,525.0
41,42,81,0,0,1,1.0,560.0
41,42,82,2,0,1,1.0,608.0
41,42,83,1,1,1,1.0,756.0
41,42,84,1,1,1,1.0,514.0
41,42,85,2,0,0,1.0,618.0
41,42,86,3,1,0,1.0,1303.0
41,42,87,3,1,1,1.0,1208.0
41,42,88,3,1,1,1.0,747.0
41,42,89,1,1,0,1.0,1048.0
41,42,90,0,0,0,1.0,682.0
41,42,91,0,0,1,1.0,873.0
41,42,92,2,0,1,1.0,1044.0
41,42,93,2,0,1,1.0,760.0
41,42,94,3,1,1,1.0,2988.0
41,42,95,1,1,1,1.0,1681.0
41,42,96,0,0,1,1.0,567.0
41,42,97,2,0,1,1.0,937.0
41,42,98,1,1,1,1.0,585.0
41,42,99,1,1,1,1.0,839.0
41,42,100,2,0,1,1.0,1674.0
41,42,101,3,1,1,1.0,922.0
41,42,102,3,1,1,1.0,685.0
41,42,103,0,0,1,1.0,884.0
41,42,104,2,0,1,1.0,1152.0
41,42,105,3,1,1,1.0,1155.0
41,42,106,1,1,1,1.0,643.0
41,42,107,3,1,0,1.0,692.0
41,42,108,2,0,0,1.0,1049.0
41,42,109,0,0,1,1.0,1148.0
41,42,110,0,0,1,1.0,758.0
41,42,111,1,1,0,1.0,1053.0
41,42,112,2,0,1,1.0,1260.0
41,42,113,3,1,1,1.0,856.0
41,42,114,1,1,1,1.0,684.0
41,42,115,0,0,1,1.0,1334.0
41,42,116,3,1,0,1.0,1162.0
41,42,117,1,1,1,1.0,681.0
41,42,118,2,0,0,1.0,730.0
41,42,119,0,0,0,1.0,372.0
42,43,0,1,0,1,1.0,3803.0
42,43,1,2,1,0,0.0,1171.0
42,43,2,3,0,1,0.0,1188.0
42,43,3,3,0,0,0.0,708.0
42,43,4,2,0,1,1.0,746.0
42,43,5,0,0,0,0.0,1620.0
42,43,6,1,0,1,1.0,1819.0
42,43,7,0,1,0,1.0,1760.0
42,43,8,1,0,0,1.0,1361.0
42,43,9,3,0,0,0.0,891.0
42,43,10,1,1,0,0.0,3589.0
42,43,11,2,0,1,1.0,1910.0
42,43,12,0,0,0,0.0,3200.0
42,43,13,3,1,0,1.0,1878.0
42,43,14,0,0,0,0.0,872.0
42,43,15,2,0,1,1.0,968.0
42,43,16,1,0,1,1.0,1154.0
42,43,17,3,1,1,1.0,2224.0
42,43,18,1,0,1,1.0,555.0
42,43,19,2,0,0,1.0,995.0
42,43,20,0,1,1,1.0,1177.0
42,43,21,3,1,1,1.0,2898.0
42,43,22,0,1,1,1.0,862.0
42,43,23,2,0,1,1.0,1754.0
42,43,24,1,0,1,1.0,670.0
42,43,25,0,1,1,1.0,708.0
42,43,26,1,0,1,1.0,1173.0
42,43,27,3,1,1,1.0,771.0
42,43,28,0,1,1,1.0,696.0
42,43,29,3,1,1,1.0,673.0
42,43,30,2,1,0,0.0,1079.0
42,43,31,2,0,0,1.0,879.0
42,43,32,2,0,1,1.0,1756.0
42,43,33,3,1,1,1.0,7816.0
42,43,34,0,1,1,1.0,1237.0
42,43,35,3,1,1,1.0,635.0
42,43,36,1,0,0,1.0,988.0
42,43,37,0,1,1,1.0,757.0
42,43,38,2,1,0,0.0,2138.0
42,43,39,1,0,1,1.0,2325.0
42,43,40,1,0,0,1.0,1054.0
42,43,41,3,1,0,1.0,1932.0
42,43,42,0,1,1,1.0,2528.0
42,43,43,2,0,1,1.0,2537.0
42,43,44,1,1,0,0.0,1822.0
42,43,45,3,1,1,1.0,2408.0
42,43,46,0,1,0,1.0,1267.0
42,43,47,2,0,1,1.0,1840.0
42,43,48,3,1,1,1.0,1537.0
42,43,49,3,1,1,1.0,804.0
42,43,50,0,1,1,1.0,2395.0
42,43,51,2,0,1,1.0,3902.0
42,43,52,2,0,0,1.0,732.0
42,43,53,0,1,1,1.0,5267.0
42,43,54,1,0,1,1.0,749.0
42,43,55,1,0,1,1.0,1208.0
42,43,56,3,1,1,1.0,1079.0
42,43,57,2,0,1,1.0,815.0
42,43,58,0,1,0,1.0,1911.0
42,43,59,3,1,0,1.0,1967.0
42,43,60,1,0,1,1.0,4472.0
42,43,61,2,1,0,0.0,1224.0
42,43,62,0,1,1,1.0,2347.0
42,43,63,1,0,1,1.0,3418.0
42,43,64,3,1,1,1.0,2128.0
42,43,65,0,1,1,1.0,2795.0
42,43,66,1,1,0,0.0,1441.0
42,43,67,0,1,1,1.0,4510.0
42,43,68,1,1,0,0.0,1771.0
42,43,69,2,0,1,1.0,1193.0
42,43,70,3,1,1,1.0,1644.0
42,43,71,2,0,1,1.0,1185.0
42,43,72,0,1,1,1.0,773.0
42,43,73,1,0,1,1.0,1923.0
42,43,74,2,0,1,1.0,1255.0
42,43,75,3,1,1,1.0,1344.0
42,43,76,3,1,1,1.0,1351.0
42,43,77,1,0,0,1.0,2577.0
42,43,78,0,1,1,1.0,2877.0
42,43,79,2,0,1,1.0,888.0
42,43,80,1,0,1,1.0,1607.0
42,43,81,2,1,0,0.0,1083.0
42,43,82,1,0,1,1.0,1174.0
42,43,83,2,0,1,1.0,1600.0
42,43,84,0,1,1,1.0,821.0
42,43,85,3,1,0,1.0,1245.0
42,43,86,0,1,0,1.0,3037.0
42,43,87,3,1,1,1.0,2014.0
42,43,88,0,1,1,1.0,1691.0
42,43,89,0,1,1,1.0,904.0
42,43,90,1,0,1,1.0,1204.0
42,43,91,2,0,1,1.0,3927.0
42,43,92,3,1,1,1.0,1584.0
42,43,93,3,1,1,1.0,1093.0
42,43,94,1,1,1,0.0,2027.0
42,43,95,2,0,0,1.0,2163.0
42,43,96,2,0,1,1.0,1071.0
42,43,97,0,1,0,1.0,719.0
42,43,98,0,1,1,1.0,775.0
42,43,99,3,0,0,0.0,1347.0
42,43,100,2,0,0,1.0,2323.0
42,43,101,1,0,1,1.0,1280.0
42,43,102,1,0,0,1.0,1896.0
42,43,103,3,1,1,1.0,1900.0
42,43,104,0,1,1,1.0,2230.0
42,43,105,3,1,1,1.0,1372.0
42,43,106,1,0,1,1.0,1958.0
42,43,107,3,1,0,1.0,864.0
42,43,108,2,0,1,1.0,4408.0
42,43,109,2,0,1,1.0,1503.0
42,43,110,1,0,1,1.0,1793.0
42,43,111,0,1,0,1.0,619.0
42,43,112,2,1,0,0.0,1627.0
42,43,113,3,1,0,1.0,805.0
42,43,114,1,0,1,1.0,853.0
42,43,115,1,0,1,1.0,736.0
42,43,116,2,1,0,0.0,3012.0
42,43,117,0,1,1,1.0,759.0
42,43,118,3,0,0,0.0,1415.0
42,43,119,0,1,1,1.0,4600.0
43,44,0,2,0,0,0.0,2465.0
43,44,1,0,0,1,1.0,1502.0
43,44,2,1,1,0,0.0,1216.0
43,44,3,0,0,1,1.0,1289.0
43,44,4,3,1,1,1.0,1098.0
43,44,5,2,1,1,1.0,992.0
43,44,6,3,1,1,1.0,682.0
43,44,7,1,0,0,1.0,3649.0
43,44,8,0,0,1,1.0,6703.0
43,44,9,1,0,1,1.0,942.0
43,44,10,3,1,1,1.0,928.0
43,44,11,0,0,1,1.0,1121.0
43,44,12,1,0,1,1.0,1287.0
43,44,13,3,1,0,1.0,734.0
43,44,14,2,1,0,1.0,745.0
43,44,15,2,1,1,1.0,1630.0
43,44,16,0,0,1,1.0,1300.0
43,44,17,0,0,1,1.0,491.0
43,44,18,1,0,1,1.0,727.0
43,44,19,3,0,0,0.0,912.0
43,44,20,2,1,1,1.0,1075.0
43,44,21,2,1,1,1.0,793.0
43,44,22,1,0,1,1.0,799.0
43,44,23,3,1,1,1.0,893.0
43,44,24,3,1,1,1.0,762.0
43,44,25,0,0,0,1.0,978.0
43,44,26,1,0,1,1.0,911.0
43,44,27,2,1,1,1.0,985.0
43,44,28,1,0,0,1.0,569.0
43,44,29,2,1,0,1.0,855.0
43,44,30,3,1,0,1.0,746.0
43,44,31,0,0,1,1.0,1000.0
43,44,32,0,0,1,1.0,2259.0
43,44,33,3,1,1,1.0,765.0
43,44,34,1,0,1,1.0,1095.0
43,44,35,3,1,1,1.0,682.0
43,44,36,2,1,1,1.0,794.0
43,44,37,2,0,0,0.0,840.0
43,44,38,0,0,1,1.0,1135.0
43,44,39,1,0,1,1.0,961.0
43,44,40,3,1,1,1.0,1258.0
43,44,41,1,0,1,1.0,755.0
43,44,42,1,0,1,1.0,946.0
43,44,43,0,0,1,1.0,1326.0
43,44,44,2,1,1,1.0,1132.0
43,44,45,0,0,1,1.0,1221.0
43,44,46,3,1,1,1.0,795.0
43,44,47,2,1,1,1.0,1636.0
43,44,48,1,0,1,1.0,1411.0
43,44,49,2,1,0,1.0,1318.0
43,44,50,3,1,1,1.0,833.0
43,44,51,1,0,0,1.0,1111.0
43,44,52,0,0,0,1.0,1050.0
43,44,53,0,0,1,1.0,845.0
43,44,54,3,1,0,1.0,855.0
43,44,55,2,1,1,1.0,1874.0
43,44,56,3,1,1,1.0,840.0
43,44,57,0,0,1,1.0,591.0
43,44,58,1,0,1,1.0,614.0
43,44,59,2,1,1,1.0,624.0
43,44,60,2,0,0,0.0,914.0
43,44,61,3,1,0,1.0,819.0
43,44,62,0,0,1,1.0,859.0
43,44,63,1,0,1,1.0,1152.0
43,44,64,2,1,1,1.0,864.0
43,44,65,1,0,1,1.0,872.0
43,44,66,0,0,0,1.0,1236.0
43,44,67,0,0,1,1.0,763.0
43,44,68,3,1,1,1.0,964.0
43,44,69,2,1,1,1.0,990.0
43,44,70,1,0,1,1.0,862.0
43,44,71,3,1,1,1.0,752.0
43,44,72,2,1,1,1.0,1018.0
43,44,73,0,0,1,1.0,902.0
43,44,74,3,1,1,1.0,829.0
43,44,75,1,0,0,1.0,847.0
43,44,76,1,0,1,1.0,724.0
43,44,77,2,1,0,1.0,807.0
43,44,78,3,1,1,1.0,950.0
43,44,79,0,0,1,1.0,979.0
43,44,80,2,1,1,1.0,567.0
43,44,81,0,0,0,1.0,712.0
43,44,82,2,1,1,1.0,1839.0
43,44,83,0,0,1,1.0,1279.0
43,44,84,3,1,0,1.0,796.0
43,44,85,1,0,0,1.0,878.0
43,44,86,3,1,1,1.0,1134.0
43,44,87,1,1,0,0.0,902.0
43,44,88,3,1,1,1.0,1012.0
43,44,89,1,0,1,1.0,813.0
43,44,90,0,0,1,1.0,933.0
43,44,91,0,1,0,0.0,971.0
43,44,92,2,1,1,1.0,1022.0
43,44,93,1,0,1,1.0,1309.0
43,44,94,2,0,1,0.0,1856.0
43,44,95,3,1,1,1.0,784.0
43,44,96,3,1,1,1.0,899.0
43,44,97,3,0,0,0.0,1395.0
43,44,98,0,0,1,1.0,827.0
43,44,99,1,0,1,1.0,1056.0
43,44,100,0,0,1,1.0,1032.0
43,44,101,2,1,1,1.0,1299.0
43,44,102,1,0,1,1.0,1235.0
43,44,103,2,1,1,1.0,1638.0
43,44,104,3,1,1,1.0,1109.0
43,44,105,0,0,1,1.0,1004.0
43,44,106,1,0,1,1.0,1461.0
43,44,107,2,1,0,1.0,1029.0
43,44,108,0,0,0,1.0,847.0
43,44,109,2,1,1,1.0,1340.0
43,44,110,3,1,0,1.0,1003.0
43,44,111,1,0,1,1.0,806.0
43,44,112,3,1,1,1.0,640.0
43,44,113,0,0,1,1.0,989.0
43,44,114,2,1,1,1.0,1169.0
43,44,115,0,0,1,1.0,1041.0
43,44,116,2,1,1,1.0,1629.0
43,44,117,1,0,1,1.0,915.0
43,44,118,1,0,1,1.0,1356.0
43,44,119,3,1,1,1.0,837.0
44,45,0,3,1,1,1.0,3192.0
44,45,1,1,1,0,1.0,1712.0
44,45,2,0,1,0,0.0,1409.0
44,45,3,0,1,0,0.0,1990.0
44,45,4,2,0,0,1.0,1399.0
44,45,5,1,1,1,1.0,1582.0
44,45,6,2,0,1,1.0,1576.0
44,45,7,3,1,1,1.0,1635.0
44,45,8,0,1,1,0.0,1545.0
44,45,9,3,1,0,1.0,1799.0
44,45,10,3,1,1,1.0,1034.0
44,45,11,0,0,0,1.0,992.0
44,45,12,1,1,1,1.0,2185.0
44,45,13,1,1,1,1.0,807.0
44,45,14,2,0,1,1.0,790.0
44,45,15,2,0,1,1.0,561.0
44,45,16,0,1,0,0.0,1121.0
44,45,17,1,1,1,1.0,1287.0
44,45,18,2,0,1,1.0,760.0
44,45,19,3,0,1,0.0,911.0
44,45,20,0,0,1,1.0,2880.0
44,45,21,3,0,0,0.0,2289.0
44,45,22,2,0,1,1.0,696.0
44,45,23,1,1,1,1.0,835.0
44,45,24,3,0,0,0.0,1177.0
44,45,25,1,1,1,1.0,1946.0
44,45,26,3,1,1,1.0,4290.0
44,45,27,2,0,0,1.0,696.0
44,45,28,0,0,1,1.0,2319.0
44,45,29,0,0,1,1.0,864.0
44,45,30,1,1,1,1.0,1338.0
44,45,31,2,0,1,1.0,913.0
44,45,32,3,0,0,0.0,4447.0
44,45,33,2,0,1,1.0,5724.0
44,45,34,0,0,1,1.0,1596.0
44,45,35,3,1,1,1.0,1962.0
44,45,36,1,1,0,1.0,571.0
44,45,37,1,1,1,1.0,1537.0
44,45,38,0,0,0,1.0,1817.0
44,45,39,2,0,1,1.0,983.0
44,45,40,1,1,1,1.0,1306.0
44,45,41,0,1,0,0.0,2559.0
44,45,42,1,1,0,1.0,859.0
44,45,43,3,1,0,1.0,818.0
44,45,44,0,0,1,1.0,1305.0
44,45,45,2,0,1,1.0,626.0
44,45,46,2,0,1,1.0,754.0
44,45,47,3,1,1,1.0,1344.0
44,45,48,1,1,1,1.0,780.0
44,45,49,0,0,1,1.0,915.0
44,45,50,2,0,1,1.0,1261.0
44,45,51,1,1,1,1.0,1345.0
44,45,52,0,0,1,1.0,2024.0
44,45,53,3,1,1,1.0,744.0
44,45,54,2,0,0,1.0,858.0
44,45,55,3,0,0,0.0,2302.0
44,45,56,3,1,1,1.0,621.0
44,45,57,0,0,1,1.0,1779.0
44,45,58,1,1,1,1.0,645.0
44,45,59,0,0,0,1.0,1690.0
44,45,60,2,0,1,1.0,730.0
44,45,61,2,0,1,1.0,623.0
44,45,62,3,1,1,1.0,2610.0
44,45,63,1,1,1,1.0,1585.0
44,45,64,3,1,1,1.0,1389.0
44,45,65,0,0,1,1.0,851.0
44,45,66,1,1,1,1.0,2304.0
44,45,67,1,1,1,1.0,603.0
44,45,68,3,1,0,1.0,1498.0
44,45,69,2,0,0,1.0,786.0
44,45,70,2,0,1,1.0,573.0
44,45,71,0,0,1,1.0,1223.0
44,45,72,3,1,1,1.0,1123.0
44,45,73,2,0,1,1.0,1603.0
44,45,74,0,0,1,1.0,1555.0
44,45,75,1,1,0,1.0,679.0
44,45,76,1,1,1,1.0,840.0
44,45,77,3,0,0,0.0,1311.0
44,45,78,0,1,1,0.0,2258.0
44,45,79,2,0,1,1.0,911.0
44,45,80,0,0,0,1.0,1299.0
44,45,81,0,0,1,1.0,1046.0
44,45,82,2,0,1,1.0,487.0
44,45,83,1,1,1,1.0,839.0
44,45,84,1,1,1,1.0,707.0
44,45,85,2,0,1,1.0,867.0
44,45,86,3,1,1,1.0,2213.0
44,45,87,3,1,1,1.0,615.0
44,45,88,3,1,0,1.0,657.0
44,45,89,1,1,1,1.0,1528.0
44,45,90,0,0,1,1.0,1302.0
44,45,91,0,0,1,1.0,606.0
44,45,92,2,0,0,1.0,586.0
44,45,93,2,0,1,1.0,557.0
44,45,94,3,0,1,0.0,3365.0
44,45,95,1,1,0,1.0,1762.0
44,45,96,0,0,1,1.0,2000.0
44,45,97,2,0,0,1.0,482.0
44,45,98,1,1,1,1.0,610.0
44,45,99,1,1,1,1.0,723.0
44,45,100,2,0,1,1.0,1227.0
44,45,101,3,0,0,0.0,1182.0
44,45,102,3,1,1,1.0,750.0
44,45,103,0,0,1,1.0,1170.0
44,45,104,2,0,1,1.0,587.0
44,45,105,3,1,1,1.0,1134.0
44,45,106,1,1,1,1.0,1628.0
44,45,107,3,1,1,1.0,1544.0
44,45,108,2,0,1,1.0,804.0
44,45,109,0,0,1,1.0,2122.0
44,45,110,0,0,0,1.0,657.0
44,45,111,1,1,0,1.0,757.0
44,45,112,2,0,1,1.0,1347.0
44,45,113,3,1,1,1.0,2516.0
44,45,114,1,1,1,1.0,1468.0
44,45,115,0,0,1,1.0,4259.0
44,45,116,3,1,1,1.0,1228.0
44,45,117,1,1,1,1.0,2199.0
44,45,118,2,0,1,1.0,3578.0
44,45,119,0,0,1,1.0,3164.0
45,46,0,0,0,1,1.0,1848.0
45,46,1,1,1,0,1.0,1406.0
45,46,2,3,0,1,1.0,1618.0
45,46,3,2,1,1,1.0,1038.0
45,46,4,3,0,1,1.0,1260.0
45,46,5,0,0,1,1.0,1409.0
45,46,6,2,1,1,1.0,1108.0
45,46,7,1,1,1,1.0,665.0
45,46,8,1,1,1,1.0,1345.0
45,46,9,2,0,0,0.0,961.0
45,46,10,3,0,0,1.0,1362.0
45,46,11,3,0,1,1.0,1001.0
45,46,12,0,0,1,1.0,505.0
45,46,13,0,0,1,1.0,1104.0
45,46,14,2,1,1,1.0,599.0
45,46,15,1,1,1,1.0,1356.0
45,46,16,2,1,1,1.0,1293.0
45,46,17,3,0,1,1.0,1336.0
45,46,18,0,0,1,1.0,780.0
45,46,19,1,1,1,1.0,1005.0
45,46,20,0,0,1,1.0,926.0
45,46,21,3,0,1,1.0,1727.0
45,46,22,1,1,1,1.0,1550.0
45,46,23,2,0,0,0.0,1149.0
45,46,24,3,1,0,0.0,1160.0
45,46,25,1,0,1,0.0,585.0
45,46,26,2,1,1,1.0,730.0
45,46,27,0,0,0,1.0,865.0
45,46,28,1,1,1,1.0,1434.0
45,46,29,0,0,1,1.0,913.0
45,46,30,3,1,0,0.0,1065.0
45,46,31,2,1,1,1.0,901.0
45,46,32,2,1,0,1.0,2851.0
45,46,33,3,0,1,1.0,978.0
45,46,34,3,0,0,1.0,907.0
45,46,35,1,1,1,1.0,875.0
45,46,36,2,0,0,0.0,917.0
45,46,37,0,1,0,0.0,1026.0
45,46,38,1,0,0,0.0,1424.0
45,46,39,0,1,0,0.0,416.0
45,46,40,1,0,0,0.0,927.0
45,46,41,3,0,1,1.0,589.0
45,46,42,1,1,0,1.0,1175.0
45,46,43,3,0,1,1.0,1106.0
45,46,44,2,1,1,1.0,1245.0
45,46,45,0,0,1,1.0,1206.0
45,46,46,0,1,1,0.0,1044.0
45,46,47,2,1,1,1.0,739.0
45,46,48,3,0,0,1.0,797.0
45,46,49,0,0,1,1.0,887.0
45,46,50,3,1,0,0.0,917.0
45,46,51,2,1,0,1.0,888.0
45,46,52,1,0,0,0.0,1061.0
45,46,53,1,1,1,1.0,404.0
45,46,54,2,1,1,1.0,586.0
45,46,55,0,0,1,1.0,924.0
45,46,56,1,1,1,1.0,1411.0
45,46,57,2,0,1,0.0,2516.0
45,46,58,1,0,0,0.0,545.0
45,46,59,0,0,0,1.0,681.0
45,46,60,2,0,0,0.0,922.0
45,46,61,0,0,1,1.0,1038.0
45,46,62,3,0,1,1.0,1066.0
45,46,63,3,1,1,0.0,1974.0
45,46,64,3,1,0,0.0,1452.0
45,46,65,2,0,1,0.0,898.0
45,46,66,1,0,1,0.0,735.0
45,46,67,0,1,0,0.0,1306.0
45,46,68,1,1,1,1.0,954.0
45,46,69,2,1,1,1.0,1177.0
45,46,70,3,0,1,1.0,930.0
45,46,71,0,1,0,0.0,970.0
45,46,72,0,0,1,1.0,1353.0
45,46,73,3,0,1,1.0,394.0
45,46,74,3,0,1,1.0,1627.0
45,46,75,2,1,1,1.0,382.0
45,46,76,1,1,1,1.0,442.0
45,46,77,1,1,0,1.0,516.0
45,46,78,0,1,0,0.0,947.0
45,46,79,2,1,1,1.0,1010.0
45,46,80,3,0,1,1.0,801.0
45,46,81,1,0,0,0.0,521.0
45,46,82,2,1,0,1.0,708.0
45,46,83,1,1,1,1.0,340.0
45,46,84,2,0,0,0.0,885.0
45,46,85,0,1,0,0.0,781.0
45,46,86,3,0,0,1.0,741.0
45,46,87,0,1,1,0.0,1256.0
45,46,88,3,0,1,1.0,995.0
45,46,89,0,1,0,0.0,415.0
45,46,90,1,0,0,0.0,1205.0
45,46,91,3,1,0,0.0,800.0
45,46,92,2,0,0,0.0,450.0
45,46,93,2,0,0,0.0,370.0
45,46,94,1,0,0,0.0,1646.0
45,46,95,0,0,1,1.0,632.0
45,46,96,0,0,1,1.0,1075.0
45,46,97,1,1,0,1.0,408.0
45,46,98,3,0,1,1.0,1309.0
45,46,99,1,0,1,0.0,625.0
45,46,100,0,0,0,1.0,445.0
45,46,101,2,1,1,1.0,1022.0
45,46,102,2,1,1,1.0,784.0
45,46,103,3,0,1,1.0,476.0
45,46,104,0,0,1,1.0,495.0
45,46,105,3,0,1,1.0,499.0
45,46,106,2,1,1,1.0,888.0
45,46,107,1,0,0,0.0,416.0
45,46,108,1,0,0,0.0,438.0
45,46,109,3,0,1,1.0,836.0
45,46,110,2,1,1,1.0,778.0
45,46,111,0,0,1,1.0,641.0
45,46,112,3,0,1,1.0,887.0
45,46,113,0,0,1,1.0,1043.0
45,46,114,1,1,1,1.0,642.0
45,46,115,3,0,0,1.0,498.0
45,46,116,2,1,1,1.0,535.0
45,46,117,0,0,1,1.0,1579.0
45,46,118,2,1,0,1.0,772.0
45,46,119,1,1,1,1.0,630.0
46,47,0,2,0,0,0.0,2154.0
46,47,1,0,1,0,0.0,1555.0
46,47,2,1,1,0,0.0,1178.0
46,47,3,0,0,1,1.0,2272.0
46,47,4,3,1,1,1.0,1478.0
46,47,5,2,1,1,1.0,2139.0
46,47,6,3,1,1,1.0,1920.0
46,47,7,1,1,0,0.0,2475.0
46,47,8,0,1,0,0.0,2097.0
46,47,9,1,0,0,1.0,2947.0
46,47,10,3,1,1,1.0,1254.0
46,47,11,0,1,1,0.0,2458.0
46,47,12,1,0,1,1.0,1951.0
46,47,13,3,1,0,1.0,976.0
46,47,14,2,1,0,1.0,1676.0
46,47,15,2,1,1,1.0,1648.0
46,47,16,0,1,0,0.0,3799.0
46,47,17,0,0,1,1.0,946.0
46,47,18,1,0,1,1.0,2550.0
46,47,19,3,1,1,1.0,891.0
46,47,20,2,1,1,1.0,1293.0
46,47,21,2,1,1,1.0,1096.0
46,47,22,1,0,1,1.0,1934.0
46,47,23,3,1,1,1.0,2410.0
46,47,24,3,1,0,1.0,1102.0
46,47,25,0,1,1,0.0,2956.0
46,47,26,1,0,1,1.0,2008.0
46,47,27,2,1,1,1.0,1377.0
46,47,28,1,0,1,1.0,1799.0
46,47,29,2,1,0,1.0,1435.0
46,47,30,3,1,1,1.0,1486.0
46,47,31,0,0,1,1.0,1577.0
46,47,32,0,1,0,0.0,1776.0
46,47,33,3,1,1,1.0,1068.0
46,47,34,1,0,0,1.0,1459.0
46,47,35,3,1,1,1.0,776.0
46,47,36,2,1,1,1.0,1038.0
46,47,37,2,1,1,1.0,828.0
46,47,38,0,0,1,1.0,2915.0
46,47,39,1,0,1,1.0,3592.0
46,47,40,3,1,1,1.0,2461.0
46,47,41,1,0,1,1.0,1779.0
46,47,42,1,0,1,1.0,4338.0
46,47,43,0,1,0,0.0,1432.0
46,47,44,2,1,1,1.0,1157.0
46,47,45,0,1,0,0.0,2132.0
46,47,46,3,1,1,1.0,955.0
46,47,47,2,1,0,1.0,888.0
46,47,48,1,0,1,1.0,2808.0
46,47,49,2,1,1,1.0,897.0
46,47,50,3,1,0,1.0,970.0
46,47,51,1,0,1,1.0,2297.0
46,47,52,0,0,1,1.0,886.0
46,47,53,0,0,1,1.0,1529.0
46,47,54,3,1,1,1.0,939.0
46,47,55,2,1,1,1.0,2149.0
46,47,56,3,1,0,1.0,1893.0
46,47,57,0,1,0,0.0,1732.0
46,47,58,1,0,0,1.0,1400.0
46,47,59,2,1,1,1.0,1714.0
46,47,60,2,1,1,1.0,973.0
46,47,61,3,1,1,1.0,924.0
46,47,62,0,0,0,1.0,4132.0
46,47,63,1,0,1,1.0,1737.0
46,47,64,2,1,1,1.0,2197.0
46,47,65,1,0,1,1.0,2131.0
46,47,66,0,1,0,0.0,1515.0
46,47,67,0,0,1,1.0,1062.0
46,47,68,3,1,1,1.0,1349.0
46,47,69,2,1,0,1.0,3486.0
46,47,70,1,0,1,1.0,1347.0
46,47,71,3,1,1,1.0,1235.0
46,47,72,2,1,1,1.0,988.0
46,47,73,0,0,1,1.0,1240.0
46,47,74,3,1,1,1.0,896.0
46,47,75,1,0,1,1.0,487.0
46,47,76,1,0,0,1.0,979.0
46,47,77,2,1,1,1.0,1060.0
46,47,78,3,1,0,1.0,2039.0
46,47,79,0,0,1,1.0,1094.0
46,47,80,2,1,1,1.0,1186.0
46,47,81,0,0,1,1.0,1616.0
46,47,82,2,1,1,1.0,922.0
46,47,83,0,0,1,1.0,3495.0
46,47,84,3,1,1,1.0,895.0
46,47,85,1,0,1,1.0,1643.0
46,47,86,3,1,1,1.0,1479.0
46,47,87,1,0,0,1.0,1794.0
46,47,88,3,1,1,1.0,872.0
46,47,89,1,0,1,1.0,2939.0
46,47,90,0,0,0,1.0,1393.0
46,47,91,0,0,1,1.0,963.0
46,47,92,2,1,1,1.0,1631.0
46,47,93,1,0,1,1.0,3106.0
46,47,94,2,1,0,1.0,2888.0
46,47,95,3,1,1,1.0,4588.0
46,47,96,3,1,1,1.0,1126.0
46,47,97,3,1,0,1.0,1124.0
46,47,98,0,0,1,1.0,1143.0
46,47,99,1,0,1,1.0,1031.0
46,47,100,0,0,1,1.0,1693.0
46,47,101,2,1,1,1.0,939.0
46,47,102,1,0,1,1.0,2207.0
46,47,103,2,1,1,1.0,1266.0
46,47,104,3,1,1,1.0,3309.0
46,47,105,0,0,0,1.0,1235.0
46,47,106,1,0,1,1.0,3410.0
46,47,107,2,1,1,1.0,1006.0
46,47,108,0,0,1,1.0,1765.0
46,47,109,2,1,1,1.0,984.0
46,47,110,3,1,1,1.0,838.0
46,47,111,1,0,1,1.0,2020.0
46,47,112,3,1,1,1.0,1353.0
46,47,113,0,0,1,1.0,1412.0
46,47,114,2,1,0,1.0,2076.0
46,47,115,0,0,1,1.0,1257.0
46,47,116,2,1,1,1.0,1371.0
46,47,117,1,0,1,1.0,1691.0
46,47,118,1,0,1,1.0,1043.0
46,47,119,3,1,1,1.0,1209.0
47,48,0,3,0,1,0.0,2764.0
47,48,1,1,1,0,1.0,1014.0
47,48,2,0,0,0,1.0,1697.0
47,48,3,0,1,0,0.0,2478.0
47,48,4,2,0,0,1.0,985.0
47,48,5,1,1,1,1.0,326.0
47,48,6,2,0,1,1.0,4265.0
47,48,7,3,1,1,1.0,1995.0
47,48,8,0,0,1,1.0,1272.0
47,48,9,3,0,0,0.0,53.0
47,48,10,3,1,1,1.0,822.0
47,48,11,0,1,0,0.0,474.0
47,48,12,1,0,1,0.0,184.0
47,48,13,1,0,0,0.0,725.0
47,48,14,2,1,0,0.0,634.0
47,48,15,2,1,0,0.0,574.0
47,48,16,0,0,1,1.0,615.0
47,48,17,1,1,1,1.0,376.0
47,48,18,2,0,1,1.0,556.0
47,48,19,3,1,0,1.0,491.0
47,48,20,0,1,1,0.0,715.0
47,48,21,3,0,0,0.0,428.0
47,48,22,2,0,1,1.0,331.0
47,48,23,1,1,1,1.0,562.0
47,48,24,3,0,0,0.0,542.0
47,48,25,1,0,0,0.0,547.0
47,48,26,3,0,0,0.0,547.0
47,48,27,2,0,1,1.0,1028.0
47,48,28,0,0,1,1.0,989.0
47,48,29,0,0,1,1.0,1367.0
47,48,30,1,1,1,1.0,1381.0
47,48,31,2,0,1,1.0,1412.0
47,48,32,3,0,0,0.0,1828.0
47,48,33,2,0,0,1.0,698.0
47,48,34,0,0,0,1.0,1096.0
47,48,35,3,0,1,0.0,931.0
47,48,36,1,1,1,1.0,452.0
47,48,37,1,0,0,0.0,711.0
47,48,38,0,0,1,1.0,603.0
47,48,39,2,1,1,0.0,479.0
47,48,40,1,0,0,0.0,583.0
47,48,41,0,0,1,1.0,469.0
47,48,42,1,1,1,1.0,316.0
47,48,43,3,0,0,0.0,347.0
47,48,44,0,1,0,0.0,712.0
47,48,45,2,1,0,0.0,427.0
47,48,46,2,1,0,0.0,332.0
47,48,47,3,1,1,1.0,467.0
47,48,48,1,0,1,0.0,1322.0
47,48,49,0,1,0,0.0,438.0
47,48,50,2,1,0,0.0,568.0
47,48,51,1,1,1,1.0,3307.0
47,48,52,0,1,1,0.0,979.0
47,48,53,3,1,1,1.0,1009.0
47,48,54,2,0,1,1.0,652.0
47,48,55,3,1,1,1.0,511.0
47,48,56,3,1,0,1.0,591.0
47,48,57,0,1,0,0.0,631.0
47,48,58,1,0,0,0.0,1099.0
47,48,59,0,1,0,0.0,717.0
47,48,60,2,0,1,1.0,2536.0
47,48,61,2,0,1,1.0,1980.0
47,48,62,3,0,0,0.0,1520.0
47,48,63,1,0,0,0.0,7774.0
47,48,64,3,0,0,0.0,1371.0
47,48,65,0,0,1,1.0,1401.0
47,48,66,1,0,0,0.0,2226.0
47,48,67,1,1,0,1.0,1884.0
47,48,68,3,1,1,1.0,2273.0
47,48,69,2,0,1,1.0,1558.0
47,48,70,2,1,1,0.0,442.0
47,48,71,0,0,1,1.0,4406.0
47,48,72,3,0,0,0.0,1234.0
47,48,73,2,0,1,1.0,2210.0
47,48,74,0,1,0,0.0,4679.0
47,48,75,1,0,0,0.0,1016.0
47,48,76,1,1,1,1.0,343.0
47,48,77,3,0,0,0.0,633.0
47,48,78,0,1,0,0.0,72.0
47,48,79,2,0,1,1.0,1172.0
47,48,80,0,0,0,1.0,859.0
47,48,81,0,0,1,1.0,1470.0
47,48,82,2,0,0,1.0,1070.0
47,48,83,1,0,0,0.0,1204.0
47,48,84,1,0,0,0.0,899.0
47,48,85,2,0,1,1.0,1234.0
47,48,86,3,1,1,1.0,1930.0
47,48,87,3,1,1,1.0,3548.0
47,48,88,3,1,1,1.0,1843.0
47,48,89,1,0,0,0.0,2635.0
47,48,90,0,0,1,1.0,1497.0
47,48,91,0,0,1,1.0,869.0
47,48,92,2,1,0,0.0,390.0
47,48,93,2,0,1,1.0,1301.0
47,48,94,3,1,1,1.0,2141.0
47,48,95,1,1,1,1.0,1556.0
47,48,96,0,1,1,0.0,1892.0
47,48,97,2,0,0,1.0,1299.0
47,48,98,1,1,0,1.0,2010.0
47,48,99,1,0,1,0.0,27.0
47,48,100,2,0,1,1.0,59.0
47,48,101,3,0,0,0.0,116.0
47,48,102,3,1,0,1.0,584.0
47,48,103,0,0,0,1.0,931.0
47,48,104,2,0,1,1.0,1342.0
47,48,105,3,1,1,1.0,1468.0
47,48,106,1,1,1,1.0,3950.0
47,48,107,3,1,1,1.0,4059.0
47,48,108,2,1,0,0.0,1758.0
47,48,109,0,1,0,0.0,2154.0
47,48,110,0,0,1,1.0,573.0
47,48,111,1,0,0,0.0,381.0
47,48,112,2,1,0,0.0,483.0
47,48,113,3,1,1,1.0,1440.0
47,48,114,1,0,0,0.0,489.0
47,48,115,0,1,0,0.0,616.0
47,48,116,3,0,1,0.0,393.0
47,48,117,1,1,1,1.0,587.0
47,48,118,2,0,1,1.0,194.0
47,48,119,0,1,0,0.0,494.0
48,49,0,0,1,0,0.0,6734.0
48,49,1,1,1,0,1.0,2272.0
48,49,2,3,1,0,0.0,1674.0
48,49,3,2,1,1,1.0,703.0
48,49,4,3,1,0,0.0,2143.0
48,49,5,0,0,1,1.0,570.0
48,49,6,2,1,1,1.0,1209.0
48,49,7,1,0,1,0.0,806.0
48,49,8,1,0,0,0.0,1001.0
48,49,9,2,1,1,1.0,821.0
48,49,10,3,0,1,1.0,2093.0
48,49,11,3,0,1,1.0,734.0
48,49,12,0,0,1,1.0,1919.0
48,49,13,0,0,1,1.0,1031.0
48,49,14,2,1,1,1.0,831.0
48,49,15,1,0,0,0.0,1419.0
48,49,16,2,1,1,1.0,721.0
48,49,17,3,0,0,1.0,906.0
48,49,18,0,0,1,1.0,1093.0
48,49,19,1,1,1,1.0,2151.0
48,49,20,0,0,1,1.0,2020.0
48,49,21,3,1,0,0.0,3291.0
48,49,22,1,1,1,1.0,2569.0
48,49,23,2,1,1,1.0,728.0
48,49,24,3,1,1,0.0,2710.0
48,49,25,1,1,1,1.0,2955.0
48,49,26,2,1,0,1.0,967.0
48,49,27,0,1,0,0.0,2461.0
48,49,28,1,1,1,1.0,1495.0
48,49,29,0,0,1,1.0,1186.0
48,49,30,3,1,0,0.0,946.0
48,49,31,2,1,1,1.0,751.0
48,49,32,2,1,1,1.0,5553.0
48,49,33,3,0,1,1.0,1189.0
48,49,34,3,0,1,1.0,662.0
48,49,35,1,1,1,1.0,741.0
48,49,36,2,1,0,1.0,539.0
48,49,37,0,1,1,0.0,736.0
48,49,38,1,1,1,1.0,1604.0
48,49,39,0,0,0,1.0,937.0
48,49,40,1,1,1,1.0,629.0
48,49,41,3,0,1,1.0,1188.0
48,49,42,1,1,0,1.0,875.0
48,49,43,3,0,1,1.0,2261.0
48,49,44,2,1,1,1.0,781.0
48,49,45,0,0,1,1.0,2149.0
48,49,46,0,0,1,1.0,663.0
48,49,47,2,1,1,1.0,1009.0
48,49,48,3,0,0,1.0,1115.0
48,49,49,0,0,1,1.0,1052.0
48,49,50,3,0,1,1.0,870.0
48,49,51,2,1,1,1.0,791.0
48,49,52,1,0,0,0.0,1063.0
48,49,53,1,1,1,1.0,765.0
48,49,54,2,1,1,1.0,547.0
48,49,55,0,0,1,1.0,976.0
48,49,56,1,1,1,1.0,1454.0
48,49,57,2,1,0,1.0,638.0
48,49,58,1,1,1,1.0,1222.0
48,49,59,0,0,0,1.0,1829.0
48,49,60,2,1,1,1.0,512.0
48,49,61,0,1,0,0.0,1024.0
48,49,62,3,0,1,1.0,1426.0
48,49,63,3,0,0,1.0,1473.0
48,49,64,3,1,0,0.0,1176.0
48,49,65,2,1,1,1.0,996.0
48,49,66,1,1,1,1.0,1796.0
48,49,67,0,0,1,1.0,1046.0
48,49,68,1,0,0,0.0,1447.0
48,49,69,2,1,1,1.0,628.0
48,49,70,3,0,1,1.0,1346.0
48,49,71,0,0,1,1.0,1039.0
48,49,72,0,0,1,1.0,890.0
48,49,73,3,0,1,1.0,840.0
48,49,74,3,0,1,1.0,800.0
48,49,75,2,1,1,1.0,731.0
48,49,76,1,1,0,1.0,2636.0
48,49,77,1,0,1,0.0,635.0
48,49,78,0,0,1,1.0,2390.0
48,49,79,2,1,1,1.0,794.0
48,49,80,3,0,1,1.0,1273.0
48,49,81,1,0,0,0.0,1407.0
48,49,82,2,1,0,1.0,698.0
48,49,83,1,1,1,1.0,1436.0
48,49,84,2,1,1,1.0,726.0
48,49,85,0,0,0,1.0,1895.0
48,49,86,3,0,1,1.0,1047.0
48,49,87,0,0,1,1.0,1804.0
48,49,88,3,0,0,1.0,1053.0
48,49,89,0,0,1,1.0,911.0
48,49,90,1,1,0,1.0,1691.0
48,49,91,3,0,1,1.0,871.0
48,49,92,2,1,1,1.0,995.0
48,49,93,2,1,1,1.0,789.0
48,49,94,1,0,0,0.0,1934.0
48,49,95,0,1,0,0.0,1896.0
48,49,96,0,0,1,1.0,1122.0
48,49,97,1,1,1,1.0,1345.0
48,49,98,3,0,1,1.0,863.0
48,49,99,1,1,1,1.0,1484.0
48,49,100,0,1,0,0.0,1029.0
48,49,101,2,1,1,1.0,840.0
48,49,102,2,1,1,1.0,1012.0
48,49,103,3,0,1,1.0,1339.0
48,49,104,0,1,0,0.0,1636.0
48,49,105,3,0,1,1.0,627.0
48,49,106,2,1,0,1.0,864.0
48,49,107,1,1,1,1.0,1121.0
48,49,108,1,1,1,1.0,691.0
48,49,109,3,0,1,1.0,759.0
48,49,110,2,1,1,1.0,619.0
48,49,111,0,0,1,1.0,573.0
48,49,112,3,0,1,1.0,805.0
48,49,113,0,0,1,1.0,1153.0
48,49,114,1,1,1,1.0,765.0
48,49,115,3,0,0,1.0,535.0
48,49,116,2,1,1,1.0,697.0
48,49,117,0,0,1,1.0,1066.0
48,49,118,2,1,0,1.0,900.0
48,49,119,1,0,0,0.0,995.0
49,50,0,3,1,0,0.0,1862.0
49,50,1,1,0,1,0.0,1147.0
49,50,2,0,1,0,0.0,1130.0
49,50,3,0,1,1,1.0,1280.0
49,50,4,2,0,1,1.0,813.0
49,50,5,1,1,0,0.0,1135.0
49,50,6,2,1,1,1.0,1142.0
49,50,7,3,0,0,0.0,2313.0
49,50,8,0,1,0,1.0,729.0
49,50,9,3,1,1,1.0,953.0
49,50,10,3,0,1,1.0,676.0
49,50,11,0,0,0,1.0,945.0
49,50,12,1,0,1,1.0,1670.0
49,50,13,1,0,1,1.0,893.0
49,50,14,2,1,1,1.0,1256.0
49,50,15,2,0,0,0.0,1019.0
49,50,16,0,1,1,1.0,1075.0
49,50,17,1,0,1,1.0,861.0
49,50,18,2,0,1,1.0,1103.0
49,50,19,3,0,0,0.0,1071.0
49,50,20,0,0,1,1.0,1182.0
49,50,21,3,0,1,1.0,980.0
49,50,22,2,1,1,1.0,1359.0
49,50,23,1,1,1,1.0,846.0
49,50,24,3,0,1,1.0,1702.0
49,50,25,1,1,1,1.0,1019.0
49,50,26,3,1,0,1.0,843.0
49,50,27,2,0,1,1.0,858.0
49,50,28,0,1,1,1.0,1414.0
49,50,29,0,0,1,1.0,785.0
49,50,30,1,0,1,1.0,913.0
49,50,31,2,1,1,1.0,827.0
49,50,32,3,1,1,1.0,2862.0
49,50,33,2,0,0,1.0,1102.0
49,50,34,0,0,1,1.0,687.0
49,50,35,3,0,0,0.0,846.0
49,50,36,1,1,0,1.0,842.0
49,50,37,1,0,0,1.0,1179.0
49,50,38,0,1,1,1.0,763.0
49,50,39,2,0,1,1.0,1111.0
49,50,40,1,1,1,1.0,1283.0
49,50,41,0,0,1,1.0,989.0
49,50,42,1,1,1,1.0,1104.0
49,50,43,3,0,0,1.0,971.0
49,50,44,0,1,1,1.0,1025.0
49,50,45,2,0,1,1.0,1303.0
49,50,46,2,0,1,1.0,1012.0
49,50,47,3,1,1,1.0,935.0
49,50,48,1,0,1,1.0,1222.0
49,50,49,0,0,1,1.0,1225.0
49,50,50,2,0,1,1.0,1053.0
49,50,51,1,1,1,1.0,940.0
49,50,52,0,1,1,1.0,884.0
49,50,53,3,1,0,1.0,813.0
49,50,54,2,1,1,1.0,1012.0
49,50,55,3,0,0,1.0,941.0
49,50,56,3,1,1,1.0,1199.0
49,50,57,0,1,0,1.0,976.0
49,50,58,1,1,1,1.0,2081.0
49,50,59,0,0,1,1.0,1011.0
49,50,60,2,1,1,1.0,1340.0
49,50,61,2,0,1,1.0,1094.0
49,50,62,3,0,1,1.0,1667.0
49,50,63,1,1,0,0.0,2364.0
49,50,64,3,1,0,0.0,606.0
49,50,65,0,1,1,1.0,1417.0
49,50,66,1,1,1,1.0,1757.0
49,50,67,1,0,1,1.0,2448.0
49,50,68,3,1,1,1.0,1286.0
49,50,69,2,1,1,1.0,1068.0
49,50,70,2,0,1,1.0,1655.0
49,50,71,0,0,1,1.0,1958.0
49,50,72,3,0,0,1.0,1178.0
49,50,73,2,0,1,1.0,3459.0
49,50,74,0,0,0,1.0,1392.0
49,50,75,1,1,1,1.0,1261.0
49,50,76,1,1,0,1.0,1627.0
49,50,77,3,1,1,1.0,1092.0
49,50,78,0,0,1,1.0,1841.0
49,50,79,2,1,1,1.0,1285.0
49,50,80,0,0,1,1.0,987.0
49,50,81,0,1,0,1.0,1141.0
49,50,82,2,1,0,1.0,1280.0
49,50,83,1,0,1,0.0,919.0
49,50,84,1,1,1,1.0,1096.0
49,50,85,2,0,1,1.0,990.0
49,50,86,3,0,1,1.0,1555.0
49,50,87,3,0,1,1.0,1588.0
49,50,88,3,0,1,1.0,1105.0
49,50,89,1,0,1,1.0,1418.0
49,50,90,0,1,1,1.0,1573.0
49,50,91,0,0,1,1.0,994.0
49,50,92,2,1,1,1.0,1469.0
49,50,93,2,0,0,0.0,1884.0
49,50,95,1,0,1,1.0,1597.0
49,50,96,0,0,1,1.0,1469.0
49,50,97,2,1,1,1.0,1575.0
49,50,98,1,0,1,1.0,1708.0
49,50,99,1,1,1,1.0,2096.0
49,50,100,2,0,0,1.0,1281.0
49,50,101,3,1,1,1.0,848.0
49,50,102,3,1,1,1.0,1056.0
49,50,103,0,0,1,1.0,1023.0
49,50,104,2,0,0,1.0,1677.0
49,50,105,3,0,0,1.0,2193.0
49,50,106,1,1,1,1.0,1490.0
49,50,107,3,1,1,1.0,4004.0
49,50,108,2,1,1,1.0,1358.0
49,50,109,0,0,1,1.0,1652.0
49,50,110,0,1,0,1.0,1008.0
49,50,111,1,0,1,1.0,1294.0
49,50,112,2,0,0,1.0,1341.0
49,50,113,3,0,1,1.0,1820.0
49,50,114,1,1,1,1.0,1501.0
49,50,115,0,0,1,1.0,4848.0
49,50,116,3,1,1,1.0,1551.0
49,50,117,1,0,1,1.0,2829.0
49,50,118,2,1,1,1.0,1019.0
49,50,119,0,0,0,0.0,2601.0
50,51,1,1,1,0,1.0,3115.0
50,51,2,3,1,0,0.0,591.0
50,51,3,2,0,0,0.0,575.0
50,51,4,3,0,1,1.0,460.0
50,51,5,0,1,0,0.0,473.0
50,51,6,2,0,0,0.0,440.0
50,51,7,1,0,1,0.0,418.0
50,51,8,1,0,0,0.0,520.0
50,51,9,2,1,1,1.0,483.0
50,51,10,3,0,1,1.0,926.0
50,51,11,3,0,0,1.0,688.0
50,51,12,0,1,1,0.0,331.0
50,51,13,0,0,1,1.0,593.0
50,51,14,2,1,1,1.0,511.0
50,51,15,1,0,0,0.0,595.0
50,51,16,2,1,1,1.0,480.0
50,51,17,3,0,1,1.0,453.0
50,51,18,0,1,0,0.0,566.0
50,51,19,1,0,0,0.0,418.0
50,51,20,0,0,1,1.0,297.0
50,51,21,3,0,1,1.0,382.0
50,51,22,1,0,0,0.0,491.0
50,51,23,2,1,1,1.0,1050.0
50,51,24,3,0,1,1.0,639.0
50,51,25,1,1,1,1.0,526.0
50,51,26,2,1,1,1.0,343.0
50,51,27,0,1,0,0.0,402.0
50,51,28,1,0,1,0.0,383.0
50,51,29,0,1,0,0.0,1167.0
50,51,30,3,0,1,1.0,365.0
50,51,31,2,0,0,0.0,479.0
50,51,32,2,1,1,1.0,1137.0
50,51,33,3,0,0,1.0,360.0
50,51,34,3,1,0,0.0,631.0
50,51,35,1,0,0,0.0,499.0
50,51,36,2,1,0,1.0,634.0
50,51,37,0,0,1,1.0,70.0
50,51,38,1,1,1,1.0,655.0
50,51,39,0,0,1,1.0,484.0
50,51,40,1,1,1,1.0,265.0
50,51,41,3,0,1,1.0,490.0
50,51,42,1,1,1,1.0,391.0
50,51,43,3,0,1,1.0,513.0
50,51,44,2,1,1,1.0,605.0
50,51,45,0,0,1,1.0,321.0
50,51,46,0,1,0,0.0,352.0
50,51,47,2,0,1,0.0,441.0
50,51,48,3,1,0,0.0,719.0
50,51,49,0,0,1,1.0,1018.0
50,51,50,3,1,1,0.0,372.0
50,51,51,2,0,0,0.0,657.0
50,51,52,1,1,1,1.0,542.0
50,51,53,1,0,0,0.0,257.0
50,51,54,2,1,1,1.0,288.0
50,51,55,0,0,0,1.0,441.0
50,51,56,1,1,1,1.0,1690.0
50,51,57,2,0,1,0.0,64.0
50,51,58,1,1,1,1.0,522.0
50,51,59,0,0,1,1.0,919.0
50,51,60,2,1,0,1.0,652.0
50,51,61,0,0,1,1.0,444.0
50,51,62,3,1,0,0.0,431.0
50,51,63,3,0,0,1.0,1834.0
50,51,64,3,1,0,0.0,824.0
50,51,65,2,0,0,0.0,510.0
50,51,66,1,1,0,1.0,621.0
50,51,67,0,0,1,1.0,392.0
50,51,68,1,0,0,0.0,1186.0
50,51,69,2,0,0,0.0,502.0
50,51,70,3,1,0,0.0,533.0
50,51,71,0,0,1,1.0,584.0
50,51,72,0,1,1,0.0,719.0
50,51,73,3,0,1,1.0,622.0
50,51,74,3,1,0,0.0,412.0
50,51,75,2,1,1,1.0,588.0
50,51,76,1,1,1,1.0,633.0
50,51,77,1,1,1,1.0,814.0
50,51,78,0,0,0,1.0,459.0
50,51,79,2,1,1,1.0,431.0
50,51,80,3,1,1,0.0,434.0
50,51,81,1,0,1,0.0,946.0
50,51,82,2,1,1,1.0,520.0
50,51,83,1,1,1,1.0,752.0
50,51,84,2,0,0,0.0,547.0
50,51,85,0,1,0,0.0,690.0
50,51,86,3,1,0,0.0,518.0
50,51,87,0,0,1,1.0,574.0
50,51,88,3,1,0,0.0,527.0
50,51,89,0,0,1,1.0,634.0
50,51,90,1,1,1,1.0,675.0
50,51,91,3,0,1,1.0,764.0
50,51,92,2,0,0,0.0,937.0
50,51,93,2,1,1,1.0,411.0
50,51,94,1,1,0,1.0,1587.0
50,51,95,0,0,1,1.0,424.0
50,51,96,0,0,1,1.0,524.0
50,51,97,1,0,0,0.0,642.0
50,51,98,3,1,0,0.0,1134.0
50,51,99,1,0,0,0.0,1657.0
50,51,100,0,1,0,0.0,721.0
50,51,101,2,1,0,1.0,799.0
50,51,102,2,0,0,0.0,44.0
50,51,103,3,1,0,0.0,605.0
50,51,104,0,0,0,1.0,657.0
50,51,105,3,1,1,0.0,1296.0
50,51,106,2,0,1,0.0,756.0
50,51,107,1,1,1,1.0,1019.0
50,51,108,1,0,0,0.0,755.0
50,51,109,3,0,1,1.0,944.0
50,51,110,2,1,1,1.0,920.0
50,51,111,0,1,1,0.0,376.0
50,51,112,3,1,0,0.0,335.0
50,51,113,0,0,1,1.0,440.0
50,51,114,1,0,0,0.0,513.0
50,51,115,3,1,0,0.0,1212.0
50,51,116,2,1,1,1.0,1868.0
50,51,117,0,0,1,1.0,751.0
50,51,118,2,1,1,1.0,568.0
50,51,119,1,1,0,1.0,464.0
51,52,0,1,0,1,1.0,2347.0
51,52,1,2,0,1,1.0,2097.0
51,52,2,3,1,0,1.0,2217.0
51,52,3,3,0,1,0.0,1336.0
51,52,4,2,0,1,1.0,1702.0
51,52,5,0,1,0,1.0,1708.0
51,52,6,1,0,1,1.0,1171.0
51,52,7,0,0,0,0.0,889.0
51,52,8,1,0,0,1.0,1263.0
51,52,9,3,1,1,1.0,2079.0
51,52,10,1,0,1,1.0,1092.0
51,52,11,2,0,1,1.0,1979.0
51,52,12,0,1,1,1.0,1006.0
51,52,13,3,0,0,0.0,1177.0
51,52,14,0,0,0,0.0,938.0
51,52,15,2,1,0,0.0,282.0
51,52,16,1,0,1,1.0,651.0
51,52,17,3,1,1,1.0,1182.0
51,52,18,1,1,0,0.0,1020.0
51,52,19,2,0,0,1.0,606.0
51,52,20,0,1,1,1.0,980.0
51,52,21,3,0,0,0.0,1127.0
51,52,22,0,1,1,1.0,924.0
51,52,23,2,0,1,1.0,1378.0
51,52,24,1,0,1,1.0,2232.0
51,52,25,0,1,1,1.0,1877.0
51,52,26,1,0,1,1.0,1939.0
51,52,27,3,0,0,0.0,2326.0
51,52,28,0,1,1,1.0,684.0
51,52,29,3,0,0,0.0,735.0
51,52,30,2,0,0,1.0,862.0
51,52,31,2,1,0,0.0,1261.0
51,52,32,2,1,0,0.0,3409.0
51,52,33,3,0,1,0.0,1995.0
51,52,34,0,1,1,1.0,1260.0
51,52,35,3,1,1,1.0,1330.0
51,52,36,1,0,0,1.0,1144.0
51,52,37,0,1,1,1.0,619.0
51,52,38,2,1,0,0.0,1225.0
51,52,39,1,0,1,1.0,1263.0
51,52,40,1,0,0,1.0,808.0
51,52,41,3,1,1,1.0,1229.0
51,52,42,0,1,0,1.0,4491.0
51,52,43,2,0,1,1.0,1187.0
51,52,44,1,1,0,0.0,1260.0
51,52,45,3,0,0,0.0,2131.0
51,52,46,0,0,0,0.0,1951.0
51,52,47,2,0,1,1.0,446.0
51,52,48,3,1,1,1.0,1166.0
51,52,49,3,1,1,1.0,1132.0
51,52,50,0,0,1,0.0,1266.0
51,52,51,2,0,1,1.0,2396.0
51,52,52,2,1,0,0.0,2081.0
51,52,53,0,1,1,1.0,2024.0
51,52,54,1,0,1,1.0,1416.0
51,52,55,1,0,1,1.0,876.0
51,52,56,3,1,0,1.0,1757.0
51,52,57,2,0,1,1.0,518.0
51,52,58,0,1,1,1.0,1231.0
51,52,59,3,0,0,0.0,1097.0
51,52,60,1,1,0,0.0,2312.0
51,52,61,2,0,0,1.0,1576.0
51,52,62,0,1,0,1.0,1301.0
51,52,63,1,1,0,0.0,1311.0
51,52,64,3,1,1,1.0,1710.0
51,52,65,0,0,0,0.0,3522.0
51,52,66,1,0,1,1.0,2902.0
51,52,67,0,0,0,0.0,2851.0
51,52,68,1,0,1,1.0,2309.0
51,52,69,2,0,1,1.0,5551.0
51,52,70,3,0,0,0.0,1706.0
51,52,71,2,1,0,0.0,2034.0
51,52,72,0,1,1,1.0,2681.0
51,52,73,1,0,1,1.0,1982.0
51,52,74,2,0,1,1.0,5942.0
51,52,75,3,0,0,0.0,7744.0
51,52,76,3,0,0,0.0,801.0
51,52,77,1,0,0,1.0,1061.0
51,52,78,0,0,0,0.0,1633.0
51,52,79,2,0,1,1.0,2192.0
51,52,80,1,1,1,0.0,822.0
51,52,81,2,0,1,1.0,426.0
51,52,82,1,1,0,0.0,739.0
51,52,83,2,0,1,1.0,444.0
51,52,84,0,0,0,0.0,910.0
51,52,85,3,1,1,1.0,660.0
51,52,86,0,0,1,0.0,409.0
51,52,87,3,0,1,0.0,385.0
51,52,88,0,1,1,1.0,1633.0
51,52,89,0,1,1,1.0,1010.0
51,52,90,1,0,1,1.0,1459.0
51,52,91,2,1,0,0.0,778.0
51,52,92,3,0,0,0.0,97.0
51,52,93,3,1,1,1.0,295.0
51,52,94,1,1,0,0.0,1562.0
51,52,95,2,0,1,1.0,751.0
51,52,96,2,1,1,0.0,1127.0
51,52,97,0,0,1,0.0,325.0
51,52,98,0,0,0,0.0,780.0
51,52,99,3,1,1,1.0,467.0
51,52,100,2,1,0,0.0,1187.0
51,52,101,1,0,1,1.0,1346.0
51,52,102,1,0,1,1.0,936.0
51,52,103,3,1,0,1.0,1468.0
51,52,104,0,0,0,0.0,1339.0
51,52,105,3,1,1,1.0,854.0
51,52,106,1,0,1,1.0,726.0
51,52,107,3,1,1,1.0,565.0
51,52,108,2,0,1,1.0,701.0
51,52,109,2,1,0,0.0,293.0
51,52,110,1,0,0,1.0,464.0
51,52,111,0,1,1,1.0,643.0
51,52,112,2,0,0,1.0,732.0
51,52,113,3,1,1,1.0,1065.0
51,52,114,1,0,1,1.0,802.0
51,52,115,1,1,0,0.0,665.0
51,52,116,2,0,1,1.0,730.0
51,52,117,0,0,0,0.0,1097.0
51,52,118,3,0,0,0.0,1342.0
51,52,119,0,1,1,1.0,899.0
52,53,0,2,0,0,0.0,1911.0
52,53,1,0,1,0,0.0,1485.0
52,53,2,1,0,0,1.0,1782.0
52,53,3,0,1,0,0.0,797.0
52,53,4,3,1,1,1.0,2799.0
52,53,5,2,0,0,0.0,1510.0
52,53,6,3,1,1,1.0,2474.0
52,53,7,1,0,1,1.0,3421.0
52,53,8,0,1,1,0.0,2364.0
52,53,9,1,0,1,1.0,1355.0
52,53,10,3,0,0,0.0,2089.0
52,53,11,0,1,0,0.0,1524.0
52,53,12,1,0,1,1.0,1861.0
52,53,13,3,1,1,1.0,3099.0
52,53,14,2,1,1,1.0,2062.0
52,53,15,2,1,0,1.0,3513.0
52,53,16,0,0,1,1.0,1851.0
52,53,17,0,0,1,1.0,1204.0
52,53,18,1,0,1,1.0,1697.0
52,53,19,3,1,0,1.0,2703.0
52,53,20,2,0,0,0.0,1745.0
52,53,21,2,1,1,1.0,1345.0
52,53,22,1,0,1,1.0,1158.0
52,53,23,3,1,1,1.0,4053.0
52,53,24,3,1,1,1.0,2037.0
52,53,25,0,1,1,0.0,4508.0
52,53,26,1,0,0,1.0,2323.0
52,53,27,2,1,1,1.0,3839.0
52,53,28,1,0,1,1.0,2350.0
52,53,29,2,1,1,1.0,5029.0
52,53,30,3,1,0,1.0,1777.0
52,53,31,0,0,1,1.0,1873.0
52,53,32,0,0,1,1.0,2307.0
52,53,33,3,0,0,0.0,5865.0
52,53,34,1,0,1,1.0,519.0
52,53,35,3,1,1,1.0,985.0
52,53,36,2,1,1,1.0,1314.0
52,53,37,2,0,1,0.0,350.0
52,53,38,0,1,0,0.0,1428.0
52,53,39,1,0,1,1.0,1570.0
52,53,40,3,1,1,1.0,1385.0
52,53,41,1,0,1,1.0,1865.0
52,53,42,1,0,1,1.0,1678.0
52,53,43,0,1,0,0.0,1894.0
52,53,44,2,0,0,0.0,881.0
52,53,45,0,0,1,1.0,2837.0
52,53,46,3,0,0,0.0,434.0
52,53,47,2,1,0,1.0,782.0
52,53,48,1,1,0,0.0,861.0
52,53,49,2,0,1,0.0,112.0
52,53,50,3,1,1,1.0,1299.0
52,53,51,1,0,0,1.0,1237.0
52,53,52,0,1,0,0.0,2234.0
52,53,53,0,0,1,1.0,1625.0
52,53,54,3,1,1,1.0,2347.0
52,53,55,2,1,1,1.0,1384.0
52,53,56,3,1,1,1.0,1310.0
52,53,57,0,1,0,0.0,1950.0
52,53,58,1,0,1,1.0,1822.0
52,53,59,2,1,1,1.0,1548.0
53,54,0,3,0,1,0.0,4058.0
53,54,1,1,1,0,1.0,1737.0
53,54,2,0,1,0,0.0,1359.0
53,54,3,0,0,0,1.0,1966.0
53,54,4,2,1,0,0.0,2940.0
53,54,5,1,1,1,1.0,464.0
53,54,6,2,1,0,0.0,1733.0
53,54,7,3,0,0,0.0,261.0
53,54,8,0,0,1,1.0,557.0
53,54,9,3,0,0,0.0,1254.0
53,54,10,3,0,0,0.0,1389.0
53,54,11,0,0,1,1.0,1242.0
53,54,12,1,1,1,1.0,1698.0
53,54,13,1,1,1,1.0,1009.0
53,54,14,2,0,0,1.0,1783.0
53,54,15,2,1,1,0.0,1540.0
53,54,16,0,0,1,1.0,2926.0
53,54,17,1,1,1,1.0,914.0
53,54,18,2,1,0,0.0,1048.0
53,54,19,3,0,0,0.0,922.0
53,54,20,0,0,1,1.0,1273.0
53,54,21,3,1,1,1.0,1635.0
53,54,22,2,1,0,0.0,549.0
53,54,23,1,0,1,0.0,931.0
53,54,24,3,1,1,1.0,1240.0
53,54,25,1,1,1,1.0,2010.0
53,54,26,3,0,0,0.0,2243.0
53,54,27,2,1,0,0.0,1121.0
53,54,28,0,0,0,1.0,495.0
53,54,29,0,1,0,0.0,815.0
53,54,30,1,1,1,1.0,1804.0
53,54,31,2,0,1,1.0,956.0
53,54,32,3,1,0,1.0,3255.0
53,54,33,2,1,1,0.0,1041.0
53,54,34,0,0,1,1.0,919.0
53,54,35,3,0,1,0.0,2114.0
53,54,36,1,1,1,1.0,1137.0
53,54,37,1,0,0,0.0,1333.0
53,54,38,0,0,1,1.0,1639.0
53,54,39,2,1,0,0.0,803.0
53,54,40,1,0,0,0.0,707.0
53,54,41,0,1,1,0.0,510.0
53,54,42,1,1,0,1.0,992.0
53,54,43,3,0,0,0.0,677.0
53,54,44,0,1,0,0.0,463.0
53,54,45,2,1,0,0.0,1497.0
53,54,46,2,1,0,0.0,543.0
53,54,47,3,0,0,0.0,1735.0
53,54,48,1,1,1,1.0,488.0
53,54,49,0,0,1,1.0,1334.0
53,54,50,2,1,0,0.0,585.0
53,54,51,1,0,0,0.0,655.0
53,54,52,0,1,0,0.0,580.0
53,54,53,3,0,0,0.0,2738.0
53,54,54,2,1,0,0.0,344.0
53,54,55,3,1,1,1.0,2417.0
53,54,56,3,0,0,0.0,2289.0
53,54,57,0,1,1,0.0,5090.0
53,54,58,1,0,0,0.0,1233.0
53,54,59,0,1,0,0.0,210.0
53,54,60,2,1,1,0.0,61.0
53,54,61,2,1,0,0.0,944.0
53,54,62,3,1,1,1.0,1690.0
53,54,63,1,0,1,0.0,1411.0
53,54,64,3,1,1,1.0,408.0
53,54,65,0,1,0,0.0,239.0
53,54,66,1,0,0,0.0,1016.0
53,54,67,1,0,0,0.0,528.0
53,54,68,3,1,0,1.0,776.0
53,54,69,2,0,1,1.0,1065.0
53,54,70,2,0,1,1.0,681.0
53,54,71,0,1,0,0.0,276.0
53,54,72,3,1,1,1.0,357.0
53,54,73,2,1,0,0.0,718.0
53,54,74,0,0,1,1.0,378.0
53,54,75,1,1,1,1.0,918.0
53,54,76,1,1,0,1.0,1104.0
53,54,77,3,0,0,0.0,1672.0
53,54,78,0,1,0,0.0,469.0
53,54,79,2,1,0,0.0,300.0
53,54,80,0,0,0,1.0,381.0
53,54,81,0,0,1,1.0,343.0
53,54,82,2,0,1,1.0,423.0
53,54,83,1,1,1,1.0,240.0
53,54,84,1,1,1,1.0,730.0
53,54,85,2,0,1,1.0,2222.0
53,54,86,3,0,0,0.0,1774.0
53,54,87,3,0,1,0.0,813.0
53,54,88,3,1,1,1.0,1268.0
53,54,89,1,1,1,1.0,2189.0
53,54,90,0,1,1,0.0,1395.0
53,54,91,0,0,1,1.0,552.0
53,54,92,2,1,1,0.0,855.0
53,54,93,2,1,0,0.0,1337.0
53,54,94,3,0,0,0.0,915.0
53,54,95,1,1,1,1.0,455.0
53,54,96,0,0,1,1.0,2845.0
53,54,97,2,1,0,0.0,3325.0
53,54,98,1,0,0,0.0,507.0
53,54,99,1,1,1,1.0,327.0
53,54,100,2,0,0,1.0,354.0
53,54,102,3,1,1,1.0,325.0
53,54,103,0,0,0,1.0,396.0
53,54,104,2,1,0,0.0,746.0
53,54,105,3,1,1,1.0,999.0
53,54,106,1,1,1,1.0,356.0
53,54,107,3,0,0,0.0,653.0
53,54,108,2,1,0,0.0,895.0
53,54,109,0,0,1,1.0,790.0
53,54,110,0,0,1,1.0,596.0
53,54,111,1,1,0,1.0,6237.0
53,54,112,2,0,1,1.0,7447.0
53,54,113,3,0,0,0.0,1304.0
53,54,114,1,1,1,1.0,1331.0
53,54,115,0,0,1,1.0,1038.0
53,54,116,3,1,1,1.0,1001.0
53,54,117,1,1,1,1.0,2109.0
53,54,118,2,0,1,1.0,1889.0
53,54,119,0,0,1,1.0,2394.0
54,55,0,0,0,1,1.0,8458.0
54,55,1,1,0,1,0.0,3820.0
54,55,2,3,1,0,0.0,1928.0
54,55,3,2,1,1,1.0,1628.0
54,55,4,3,0,1,1.0,692.0
54,55,5,0,1,0,0.0,1292.0
54,55,6,2,1,1,1.0,1856.0
54,55,7,1,1,0,1.0,1582.0
54,55,8,1,0,0,0.0,1036.0
54,55,9,2,1,1,1.0,1802.0
54,55,10,3,0,1,1.0,1211.0
54,55,11,3,0,0,1.0,7725.0
54,55,12,0,0,1,1.0,637.0
54,55,13,0,0,1,1.0,1070.0
54,55,14,2,1,1,1.0,1418.0
54,55,15,1,0,0,0.0,5527.0
54,55,16,2,1,1,1.0,893.0
54,55,17,3,0,1,1.0,1296.0
54,55,18,0,0,1,1.0,1538.0
54,55,19,1,0,0,0.0,3024.0
54,55,20,0,0,1,1.0,1487.0
54,55,21,3,0,1,1.0,3179.0
54,55,22,1,0,0,0.0,1633.0
54,55,23,2,1,1,1.0,1076.0
54,55,24,3,0,1,1.0,1418.0
54,55,25,1,1,1,1.0,1161.0
54,55,26,2,1,0,1.0,838.0
54,55,27,0,0,1,1.0,4928.0
54,55,28,1,1,1,1.0,1784.0
54,55,29,0,0,0,1.0,935.0
54,55,30,3,0,1,1.0,1084.0
54,55,31,2,0,0,0.0,1637.0
54,55,32,2,1,1,1.0,5821.0
54,55,33,3,0,0,1.0,890.0
54,55,34,3,1,0,0.0,921.0
54,55,35,1,0,1,0.0,1046.0
54,55,36,2,1,1,1.0,2976.0
54,55,37,0,0,1,1.0,1276.0
54,55,38,1,0,0,0.0,3477.0
54,55,39,0,0,1,1.0,1260.0
54,55,40,1,1,1,1.0,2030.0
54,55,41,3,0,1,1.0,985.0
54,55,42,1,1,1,1.0,4087.0
54,55,43,3,0,1,1.0,1010.0
54,55,44,2,0,0,0.0,1871.0
54,55,45,0,0,1,1.0,931.0
54,55,46,0,0,1,1.0,783.0
54,55,47,2,1,0,1.0,1577.0
54,55,48,3,0,0,1.0,1455.0
54,55,49,0,0,0,1.0,1629.0
54,55,50,3,0,1,1.0,1014.0
54,55,51,2,1,1,1.0,2880.0
54,55,52,1,1,1,1.0,3120.0
54,55,53,1,1,1,1.0,3121.0
54,55,54,2,0,0,0.0,4270.0
54,55,55,0,0,1,1.0,1406.0
54,55,56,1,1,1,1.0,1432.0
54,55,57,2,1,1,1.0,1633.0
54,55,58,1,1,0,1.0,1678.0
54,55,59,0,0,1,1.0,1368.0
54,55,60,2,1,1,1.0,2258.0
54,55,61,0,0,1,1.0,1934.0
54,55,62,3,0,1,1.0,1146.0
54,55,63,3,0,1,1.0,2036.0
54,55,64,3,0,1,1.0,595.0
54,55,65,2,1,1,1.0,1158.0
54,55,66,1,1,1,1.0,1560.0
54,55,67,0,0,1,1.0,797.0
54,55,68,1,1,1,1.0,1269.0
54,55,69,2,1,0,1.0,1147.0
54,55,70,3,0,1,1.0,1127.0
54,55,71,0,0,0,1.0,2226.0
54,55,72,0,1,0,0.0,1213.0
54,55,73,3,0,0,1.0,934.0
54,55,74,3,1,0,0.0,1478.0
54,55,75,2,1,1,1.0,1256.0
54,55,76,1,1,1,1.0,2292.0
54,55,77,1,1,1,1.0,1290.0
54,55,78,0,0,1,1.0,2108.0
54,55,79,2,1,1,1.0,2378.0
54,55,80,3,0,1,1.0,1618.0
54,55,81,1,1,0,1.0,3083.0
54,55,82,2,1,1,1.0,1650.0
54,55,83,1,0,0,0.0,1714.0
54,55,84,2,1,1,1.0,1035.0
54,55,85,0,0,1,1.0,1117.0
54,55,86,3,0,1,1.0,1152.0
54,55,87,0,0,1,1.0,7259.0
54,55,88,3,0,1,1.0,3213.0
54,55,89,0,0,1,1.0,1117.0
54,55,90,1,0,0,0.0,1742.0
54,55,91,3,0,1,1.0,1000.0
54,55,92,2,1,1,1.0,1525.0
54,55,93,2,1,0,1.0,558.0
54,55,94,1,0,1,0.0,2421.0
54,55,95,0,0,1,1.0,1777.0
54,55,96,0,0,1,1.0,1128.0
54,55,97,1,0,0,0.0,1060.0
54,55,98,3,0,1,1.0,915.0
54,55,99,1,1,1,1.0,2408.0
54,55,100,0,0,0,1.0,2271.0
54,55,101,2,1,1,1.0,1973.0
54,55,102,2,1,1,1.0,834.0
54,55,103,3,0,1,1.0,4450.0
54,55,104,0,0,0,1.0,1466.0
54,55,105,3,0,0,1.0,2038.0
54,55,106,2,1,1,1.0,1031.0
54,55,107,1,1,0,1.0,1232.0
54,55,108,1,0,0,0.0,1082.0
54,55,109,3,1,1,0.0,1408.0
54,55,110,2,1,1,1.0,810.0
54,55,111,0,1,1,0.0,626.0
54,55,112,3,1,0,0.0,1353.0
54,55,113,0,0,1,1.0,824.0
54,55,114,1,1,1,1.0,1585.0
54,55,115,3,0,1,1.0,674.0
54,55,116,2,1,1,1.0,1726.0
54,55,117,0,0,1,1.0,794.0
54,55,118,2,1,0,1.0,1154.0
54,55,119,1,0,0,0.0,931.0
55,56,0,1,0,1,1.0,2062.0
55,56,1,2,1,0,0.0,1825.0
55,56,2,3,1,0,1.0,991.0
55,56,3,3,1,1,1.0,1571.0
55,56,4,2,0,1,1.0,2522.0
55,56,5,0,1,0,1.0,1492.0
55,56,6,1,0,1,1.0,1670.0
55,56,7,0,0,0,0.0,1780.0
55,56,8,1,0,0,1.0,2132.0
55,56,9,3,0,1,0.0,1382.0
55,56,10,1,0,1,1.0,1594.0
55,56,11,2,1,0,0.0,1945.0
55,56,12,0,1,1,1.0,2824.0
55,56,13,3,1,1,1.0,2263.0
55,56,14,0,0,0,0.0,1858.0
55,56,15,2,0,1,1.0,2224.0
55,56,16,1,0,1,1.0,1386.0
55,56,17,3,1,1,1.0,1697.0
55,56,18,1,0,1,1.0,1654.0
55,56,19,2,0,1,1.0,1706.0
55,56,20,0,1,1,1.0,1625.0
55,56,21,3,1,1,1.0,1715.0
55,56,22,0,0,0,0.0,1482.0
55,56,23,2,0,0,1.0,1179.0
55,56,24,1,0,1,1.0,1594.0
55,56,25,0,1,1,1.0,1388.0
55,56,26,1,0,0,1.0,849.0
55,56,27,3,1,1,1.0,1543.0
55,56,28,0,0,1,0.0,1728.0
55,56,29,3,1,1,1.0,2354.0
55,56,30,2,0,1,1.0,1869.0
55,56,31,2,0,0,1.0,1158.0
55,56,32,2,0,1,1.0,2950.0
55,56,33,3,1,0,1.0,1048.0
55,56,34,0,1,1,1.0,1813.0
55,56,35,3,1,1,1.0,1235.0
55,56,36,1,0,1,1.0,858.0
55,56,37,0,1,1,1.0,1168.0
55,56,38,2,0,1,1.0,1872.0
55,56,39,1,0,0,1.0,1996.0
55,56,40,1,0,1,1.0,1168.0
55,56,41,3,1,1,1.0,1001.0
55,56,42,0,1,1,1.0,1184.0
55,56,43,2,0,1,1.0,994.0
55,56,44,1,0,1,1.0,1234.0
55,56,45,3,1,1,1.0,2035.0
55,56,46,0,1,1,1.0,2110.0
55,56,47,2,0,1,1.0,1347.0
55,56,48,3,1,1,1.0,950.0
55,56,49,3,1,0,1.0,933.0
55,56,50,0,1,0,1.0,2160.0
55,56,51,2,0,0,1.0,1455.0
55,56,52,2,0,1,1.0,2127.0
55,56,53,0,1,1,1.0,1333.0
55,56,54,1,0,1,1.0,2341.0
55,56,55,1,1,0,0.0,1182.0
55,56,56,3,1,1,1.0,1548.0
55,56,57,2,0,1,1.0,1645.0
55,56,58,0,1,1,1.0,1263.0
55,56,59,3,1,1,1.0,2296.0
55,56,60,1,0,1,1.0,988.0
55,56,61,2,1,0,0.0,1373.0
55,56,62,0,1,0,1.0,1213.0
55,56,63,1,0,1,1.0,1902.0
55,56,64,3,1,1,1.0,863.0
55,56,65,0,1,1,1.0,906.0
55,56,66,1,0,0,1.0,527.0
55,56,67,0,1,1,1.0,1336.0
55,56,68,1,0,1,1.0,901.0
55,56,69,2,0,1,1.0,1517.0
55,56,70,3,1,1,1.0,1551.0
55,56,71,2,0,1,1.0,3171.0
55,56,72,0,1,1,1.0,1642.0
55,56,73,1,0,1,1.0,955.0
55,56,74,2,0,1,1.0,2310.0
55,56,75,3,1,0,1.0,1553.0
55,56,76,3,1,1,1.0,1899.0
55,56,77,1,0,1,1.0,851.0
55,56,78,0,1,1,1.0,2701.0
55,56,79,2,0,1,1.0,1389.0
55,56,80,1,0,1,1.0,2709.0
55,56,81,2,0,1,1.0,1822.0
55,56,82,1,0,0,1.0,1186.0
55,56,83,2,1,0,0.0,1630.0
55,56,84,0,1,1,1.0,1015.0
55,56,85,3,1,1,1.0,1742.0
55,56,86,0,1,1,1.0,1994.0
55,56,87,3,1,1,1.0,687.0
55,56,88,0,1,0,1.0,1968.0
55,56,89,0,1,1,1.0,1326.0
55,56,90,1,0,1,1.0,650.0
55,56,91,2,0,0,1.0,2964.0
55,56,92,3,1,1,1.0,663.0
55,56,93,3,1,1,1.0,802.0
55,56,94,1,0,1,1.0,1148.0
55,56,95,2,0,1,1.0,727.0
55,56,96,2,0,0,1.0,862.0
55,56,97,0,1,1,1.0,1303.0
55,56,98,0,1,0,1.0,937.0
55,56,99,3,1,0,1.0,2464.0
55,56,100,2,0,1,1.0,899.0
55,56,101,1,0,1,1.0,1425.0
55,56,102,1,0,1,1.0,2480.0
55,56,103,3,1,0,1.0,1099.0
55,56,104,0,1,1,1.0,2189.0
55,56,105,3,1,1,1.0,1429.0
55,56,106,1,0,1,1.0,940.0
55,56,107,3,1,1,1.0,1224.0
55,56,108,2,0,1,1.0,1180.0
55,56,109,2,0,1,1.0,1191.0
55,56,110,1,0,1,1.0,891.0
55,56,111,0,1,1,1.0,1345.0
55,56,112,2,0,1,1.0,818.0
55,56,113,3,1,1,1.0,1389.0
55,56,114,1,0,1,1.0,907.0
55,56,115,1,0,0,1.0,655.0
55,56,116,2,1,0,0.0,907.0
55,56,117,0,1,0,1.0,891.0
55,56,118,3,1,1,1.0,991.0
55,56,119,0,1,1,1.0,964.0
56,57,0,2,0,0,0.0,1635.0
56,57,1,0,0,1,1.0,569.0
56,57,2,1,0,0,1.0,853.0
56,57,3,0,0,1,1.0,2606.0
56,57,4,3,0,0,0.0,825.0
56,57,5,2,1,1,1.0,688.0
56,57,6,3,1,1,1.0,941.0
56,57,7,1,0,1,1.0,1528.0
56,57,8,0,0,1,1.0,777.0
56,57,9,1,0,1,1.0,1054.0
56,57,10,3,1,1,1.0,822.0
56,57,11,0,0,1,1.0,784.0
56,57,12,1,0,1,1.0,1267.0
56,57,13,3,1,1,1.0,895.0
56,57,14,2,1,0,1.0,641.0
56,57,15,2,0,0,0.0,617.0
56,57,16,0,0,1,1.0,3063.0
56,57,17,0,0,1,1.0,782.0
56,57,18,1,0,1,1.0,687.0
56,57,19,3,1,0,1.0,811.0
56,57,20,2,1,1,1.0,1390.0
56,57,21,2,0,0,0.0,1228.0
56,57,22,1,0,1,1.0,745.0
56,57,23,3,1,1,1.0,1085.0
56,57,24,3,1,1,1.0,981.0
56,57,25,0,0,0,1.0,685.0
56,57,26,1,1,0,0.0,2385.0
56,57,27,2,1,1,1.0,1095.0
56,57,28,1,0,0,1.0,653.0
56,57,29,2,1,1,1.0,1940.0
56,57,30,3,1,0,1.0,1001.0
56,57,31,0,0,1,1.0,875.0
56,57,32,0,0,1,1.0,1794.0
56,57,33,3,1,1,1.0,1052.0
56,57,34,1,0,1,1.0,810.0
56,57,35,3,1,1,1.0,704.0
56,57,36,2,1,1,1.0,2699.0
56,57,37,2,1,0,1.0,902.0
56,57,38,0,0,1,1.0,1938.0
56,57,39,1,0,1,1.0,1038.0
56,57,40,3,1,1,1.0,1113.0
56,57,41,1,0,1,1.0,1162.0
56,57,42,1,0,1,1.0,1258.0
56,57,43,0,0,1,1.0,1165.0
56,57,44,2,1,1,1.0,1304.0
56,57,45,0,0,1,1.0,1054.0
56,57,46,3,1,1,1.0,1227.0
56,57,47,2,0,1,0.0,1028.0
56,57,48,1,0,1,1.0,759.0
56,57,49,2,1,1,1.0,929.0
56,57,50,3,1,1,1.0,1533.0
56,57,51,1,0,0,1.0,826.0
56,57,52,0,0,0,1.0,2003.0
56,57,53,0,0,1,1.0,1751.0
56,57,54,3,1,0,1.0,1327.0
56,57,55,2,1,1,1.0,2293.0
56,57,56,3,1,1,1.0,1990.0
56,57,57,0,0,1,1.0,938.0
56,57,58,1,0,1,1.0,850.0
56,57,59,2,0,0,0.0,1436.0
56,57,60,2,0,1,0.0,1671.0
56,57,61,3,1,0,1.0,1164.0
56,57,62,0,0,1,1.0,1155.0
56,57,63,1,0,1,1.0,2829.0
56,57,64,2,1,0,1.0,1060.0
56,57,65,1,0,1,1.0,1554.0
56,57,66,0,0,0,1.0,1430.0
56,57,67,0,0,1,1.0,813.0
56,57,68,3,1,1,1.0,1541.0
56,57,69,2,0,0,0.0,2340.0
56,57,70,1,0,1,1.0,4226.0
56,57,71,3,1,1,1.0,1624.0
56,57,72,2,0,0,0.0,1749.0
56,57,73,0,0,1,1.0,1866.0
56,57,74,3,1,1,1.0,1231.0
56,57,75,1,0,0,1.0,853.0
56,57,76,1,0,1,1.0,1215.0
56,57,77,2,1,1,1.0,2606.0
56,57,78,3,1,1,1.0,2888.0
56,57,79,0,0,1,1.0,2430.0
56,57,80,2,1,1,1.0,2118.0
56,57,81,0,0,0,1.0,1442.0
56,57,82,2,1,1,1.0,2313.0
56,57,83,0,0,1,1.0,1644.0
56,57,84,3,1,0,1.0,2779.0
56,57,85,1,0,0,1.0,1860.0
56,57,86,3,1,1,1.0,1353.0
56,57,87,1,0,1,1.0,1415.0
56,57,88,3,1,1,1.0,2277.0
56,57,89,1,0,1,1.0,2657.0
56,57,90,0,0,1,1.0,3063.0
56,57,91,0,0,1,1.0,1990.0
56,57,92,2,1,1,1.0,1580.0
56,57,93,1,0,1,1.0,1701.0
56,57,94,2,1,1,1.0,1326.0
56,57,95,3,1,1,1.0,2189.0
56,57,96,3,1,1,1.0,1074.0
56,57,97,3,1,1,1.0,855.0
56,57,98,0,0,1,1.0,2388.0
56,57,99,1,1,0,0.0,1551.0
56,57,100,0,0,1,1.0,1267.0
56,57,101,2,1,0,1.0,945.0
56,57,102,1,0,1,1.0,970.0
56,57,103,2,0,0,0.0,4364.0
56,57,104,3,1,0,1.0,2966.0
56,57,105,0,0,0,1.0,611.0
56,57,106,1,0,1,1.0,815.0
56,57,107,2,1,1,1.0,1425.0
56,57,108,0,0,1,1.0,2401.0
56,57,109,2,1,1,1.0,8132.0
56,57,110,3,1,1,1.0,2310.0
56,57,111,1,0,1,1.0,1299.0
56,57,112,3,1,1,1.0,1136.0
56,57,113,0,0,1,1.0,2065.0
56,57,114,2,1,1,1.0,2705.0
56,57,115,0,0,0,1.0,818.0
56,57,116,2,1,1,1.0,1164.0
56,57,117,1,0,1,1.0,1580.0
56,57,118,1,0,1,1.0,6858.0
56,57,119,3,0,0,0.0,1869.0
57,58,0,3,1,1,1.0,2216.0
57,58,1,1,1,0,1.0,761.0
57,58,2,0,0,0,1.0,598.0
57,58,3,0,0,1,1.0,373.0
57,58,4,2,1,0,0.0,431.0
57,58,5,1,0,1,0.0,447.0
57,58,6,2,0,0,1.0,2326.0
57,58,7,3,1,1,1.0,675.0
57,58,8,0,1,0,0.0,1084.0
57,58,9,3,0,1,0.0,912.0
57,58,10,3,1,0,1.0,907.0
57,58,11,0,1,0,0.0,578.0
57,58,12,1,1,1,1.0,828.0
57,58,13,1,0,0,0.0,624.0
57,58,14,2,0,1,1.0,633.0
57,58,15,2,0,1,1.0,566.0
57,58,16,0,0,1,1.0,406.0
57,58,17,1,0,0,0.0,332.0
57,58,18,2,0,1,1.0,980.0
57,58,19,3,1,1,1.0,1303.0
57,58,20,0,0,1,1.0,428.0
57,58,21,3,0,0,0.0,1000.0
57,58,22,2,1,0,0.0,342.0
57,58,23,1,0,0,0.0,509.0
57,58,24,3,1,1,1.0,350.0
57,58,25,1,0,0,0.0,2205.0
57,58,26,3,1,1,1.0,1085.0
57,58,27,2,0,1,1.0,332.0
57,58,28,0,1,1,0.0,1115.0
57,58,29,0,0,1,1.0,718.0
57,58,30,1,1,1,1.0,401.0
57,58,31,2,0,1,1.0,418.0
57,58,32,3,1,0,1.0,1614.0
57,58,33,2,0,0,1.0,332.0
57,58,34,0,0,0,1.0,992.0
57,58,35,3,1,1,1.0,362.0
57,58,36,1,1,1,1.0,482.0
57,58,37,1,1,1,1.0,590.0
57,58,38,0,1,0,0.0,301.0
57,58,39,2,0,1,1.0,396.0
57,58,40,1,0,1,0.0,393.0
57,58,41,0,0,1,1.0,509.0
57,58,42,1,0,0,0.0,510.0
57,58,43,3,1,1,1.0,422.0
57,58,44,0,1,0,0.0,386.0
57,58,45,2,0,1,1.0,581.0
57,58,46,2,0,1,1.0,401.0
57,58,47,3,0,0,0.0,449.0
57,58,48,1,1,1,1.0,371.0
57,58,49,0,1,1,0.0,332.0
57,58,50,2,1,1,0.0,403.0
57,58,51,1,1,1,1.0,338.0
57,58,52,0,1,0,0.0,319.0
57,58,53,3,0,0,0.0,320.0
57,58,54,2,1,0,0.0,395.0
57,58,55,3,0,0,0.0,378.0
57,58,56,3,0,0,0.0,1171.0
57,58,57,0,1,0,0.0,432.0
57,58,58,1,1,1,1.0,524.0
57,58,59,0,1,0,0.0,568.0
57,58,60,2,0,1,1.0,302.0
57,58,61,2,0,1,1.0,532.0
57,58,62,3,0,1,0.0,417.0
57,58,63,1,0,0,0.0,1581.0
57,58,64,3,1,1,1.0,407.0
57,58,65,0,1,0,0.0,463.0
57,58,66,1,0,0,0.0,448.0
57,58,67,1,1,0,1.0,431.0
57,58,68,3,1,1,1.0,528.0
57,58,69,2,1,0,0.0,403.0
57,58,70,2,0,1,1.0,305.0
57,58,71,0,0,1,1.0,349.0
57,58,72,3,0,0,0.0,320.0
57,58,73,2,1,0,0.0,690.0
57,58,74,0,1,1,0.0,432.0
57,58,75,1,1,1,1.0,501.0
57,58,76,1,1,1,1.0,337.0
57,58,77,3,1,1,1.0,384.0
57,58,78,0,1,0,0.0,409.0
57,58,79,2,0,0,1.0,494.0
57,58,80,0,0,1,1.0,348.0
57,58,81,0,0,1,1.0,438.0
57,58,82,2,0,1,1.0,391.0
57,58,83,1,0,0,0.0,488.0
57,58,84,1,1,0,1.0,505.0
57,58,85,2,1,1,0.0,326.0
57,58,86,3,1,0,1.0,368.0
57,58,87,3,0,0,0.0,353.0
57,58,88,3,1,1,1.0,440.0
57,58,89,1,1,1,1.0,370.0
57,58,90,0,1,0,0.0,635.0
57,58,91,0,0,0,1.0,986.0
57,58,92,2,1,0,0.0,759.0
57,58,93,2,1,0,0.0,343.0
57,58,94,3,1,1,1.0,715.0
57,58,95,1,1,1,1.0,440.0
57,58,96,0,1,0,0.0,590.0
57,58,97,2,0,1,1.0,484.0
57,58,98,1,0,0,0.0,459.0
57,58,99,1,1,1,1.0,447.0
57,58,100,2,1,0,0.0,706.0
57,58,101,3,0,0,0.0,1969.0
57,58,102,3,1,1,1.0,640.0
57,58,103,0,1,1,0.0,535.0
57,58,104,2,1,0,0.0,381.0
57,58,105,3,0,0,0.0,452.0
57,58,106,1,1,1,1.0,496.0
57,58,107,3,1,0,1.0,1714.0
57,58,108,2,0,0,1.0,847.0
57,58,109,0,0,1,1.0,370.0
57,58,110,0,0,1,1.0,570.0
57,58,111,1,0,0,0.0,78.0
57,58,112,2,1,0,0.0,588.0
57,58,113,3,1,1,1.0,432.0
57,58,114,1,1,1,1.0,462.0
57,58,115,0,1,0,0.0,504.0
57,58,116,3,0,0,0.0,2261.0
57,58,117,1,0,0,0.0,2206.0
57,58,118,2,0,1,1.0,1063.0
57,58,119,0,0,1,1.0,534.0
58,59,0,0,1,0,0.0,1211.0
58,59,1,1,0,1,0.0,1427.0
58,59,2,3,1,0,0.0,1090.0
58,59,3,2,0,0,0.0,879.0
58,59,4,3,0,1,1.0,928.0
58,59,5,0,0,1,1.0,601.0
58,59,6,2,1,1,1.0,529.0
58,59,7,1,0,0,0.0,461.0
58,59,8,1,0,0,0.0,1160.0
58,59,9,2,1,1,1.0,757.0
58,59,10,3,0,1,1.0,515.0
58,59,11,3,0,0,1.0,664.0
58,59,12,0,0,1,1.0,748.0
58,59,13,0,0,1,1.0,805.0
58,59,14,2,1,1,1.0,550.0
58,59,15,1,1,0,1.0,468.0
58,59,16,2,1,1,1.0,825.0
58,59,17,3,0,1,1.0,741.0
58,59,18,0,0,1,1.0,917.0
58,59,19,1,1,1,1.0,866.0
58,59,20,0,0,1,1.0,669.0
58,59,21,3,0,1,1.0,693.0
58,59,22,1,1,1,1.0,1131.0
58,59,23,2,1,1,1.0,850.0
58,59,24,3,0,1,1.0,746.0
58,59,25,1,1,1,1.0,1194.0
58,59,26,2,1,1,1.0,910.0
58,59,27,0,0,1,1.0,776.0
58,59,28,1,1,1,1.0,878.0
58,59,29,0,0,0,1.0,823.0
58,59,30,3,0,1,1.0,653.0
58,59,31,2,1,0,1.0,914.0
58,59,32,2,1,1,1.0,1043.0
58,59,33,3,0,0,1.0,709.0
58,59,34,3,0,1,1.0,578.0
58,59,35,1,1,1,1.0,613.0
58,59,36,2,1,1,1.0,583.0
58,59,37,0,0,1,1.0,639.0
58,59,38,1,1,1,1.0,370.0
58,59,39,0,0,1,1.0,504.0
58,59,40,1,1,1,1.0,589.0
58,59,41,3,0,1,1.0,702.0
58,59,42,1,1,0,1.0,551.0
58,59,43,3,0,0,1.0,682.0
58,59,44,2,1,0,1.0,520.0
58,59,45,0,0,1,1.0,948.0
58,59,46,0,0,1,1.0,576.0
58,59,47,2,1,1,1.0,418.0
58,59,48,3,0,1,1.0,544.0
58,59,49,0,0,0,1.0,865.0
58,59,50,3,0,1,1.0,824.0
58,59,51,2,1,1,1.0,347.0
58,59,52,1,1,1,1.0,830.0
58,59,53,1,1,1,1.0,717.0
58,59,54,2,1,1,1.0,813.0
58,59,55,0,0,1,1.0,513.0
58,59,56,1,1,1,1.0,1040.0
58,59,57,2,1,1,1.0,640.0
58,59,58,1,1,1,1.0,1068.0
58,59,59,0,1,0,0.0,837.0
58,59,60,2,1,0,1.0,739.0
58,59,61,0,0,1,1.0,823.0
58,59,62,3,0,1,1.0,912.0
58,59,63,3,0,1,1.0,855.0
58,59,64,3,0,1,1.0,629.0
58,59,65,2,1,1,1.0,633.0
58,59,66,1,1,0,1.0,634.0
58,59,67,0,0,1,1.0,571.0
58,59,68,1,1,1,1.0,619.0
58,59,69,2,1,1,1.0,590.0
58,59,70,3,0,0,1.0,796.0
58,59,71,0,0,1,1.0,799.0
58,59,72,0,0,0,1.0,719.0
58,59,73,3,0,1,1.0,921.0
58,59,74,3,0,1,1.0,3398.0
58,59,75,2,1,1,1.0,669.0
58,59,76,1,1,0,1.0,572.0
58,59,77,1,1,1,1.0,846.0
58,59,78,0,0,1,1.0,911.0
58,59,79,2,1,1,1.0,684.0
58,59,80,3,0,1,1.0,808.0
58,59,81,1,1,1,1.0,1077.0
58,59,82,2,1,1,1.0,545.0
58,59,83,1,1,1,1.0,671.0
58,59,84,2,1,0,1.0,529.0
58,59,85,0,0,1,1.0,640.0
58,59,86,3,0,1,1.0,571.0
58,59,87,0,0,1,1.0,621.0
58,59,88,3,0,1,1.0,1656.0
58,59,89,0,0,1,1.0,568.0
58,59,90,1,1,1,1.0,734.0
58,59,91,3,0,1,1.0,703.0
58,59,92,2,1,1,1.0,606.0
58,59,93,2,1,1,1.0,533.0
58,59,94,1,1,1,1.0,598.0
58,59,95,0,0,1,1.0,974.0
58,59,96,0,0,1,1.0,513.0
58,59,97,1,1,1,1.0,525.0
58,59,98,3,0,0,1.0,692.0
58,59,99,1,1,0,1.0,555.0
58,59,100,0,0,0,1.0,496.0
58,59,101,2,0,0,0.0,450.0
58,59,102,2,1,1,1.0,615.0
58,59,103,3,0,1,1.0,483.0
58,59,104,0,0,0,1.0,871.0
58,59,105,3,0,0,1.0,664.0
58,59,106,2,1,1,1.0,455.0
58,59,107,1,1,1,1.0,637.0
58,59,108,1,1,1,1.0,608.0
58,59,109,3,0,1,1.0,680.0
58,59,110,2,1,1,1.0,627.0
58,59,111,0,0,1,1.0,591.0
58,59,112,3,0,1,1.0,665.0
58,59,113,0,0,1,1.0,790.0
58,59,114,1,1,1,1.0,805.0
58,59,115,3,0,1,1.0,501.0
58,59,116,2,1,0,1.0,928.0
58,59,117,0,0,1,1.0,908.0
58,59,118,2,1,1,1.0,913.0
58,59,119,1,1,1,1.0,1052.0
59,60,0,1,0,1,1.0,3868.0
59,60,1,2,1,0,0.0,1619.0
59,60,2,3,1,0,1.0,1427.0
59,60,3,3,0,1,0.0,1853.0
59,60,4,2,0,1,1.0,1172.0
59,60,5,0,0,0,0.0,1468.0
59,60,6,1,1,0,0.0,2177.0
59,60,7,0,1,0,1.0,1788.0
59,60,8,1,0,1,1.0,2164.0
59,60,9,3,0,0,0.0,1987.0
59,60,10,1,0,0,1.0,1680.0
59,60,11,2,0,1,1.0,1657.0
59,60,12,0,0,0,0.0,2626.0
59,60,13,3,0,0,0.0,3394.0
59,60,14,0,0,0,0.0,1208.0
59,60,15,2,1,0,0.0,1350.0
59,60,16,1,1,0,0.0,910.0
59,60,17,3,1,1,1.0,541.0
59,60,18,1,0,1,1.0,1297.0
59,60,19,2,0,1,1.0,1362.0
59,60,20,0,1,1,1.0,2022.0
59,60,21,3,0,0,0.0,1507.0
59,60,22,0,1,1,1.0,1731.0
59,60,23,2,0,0,1.0,2626.0
59,60,24,1,0,1,1.0,2231.0
59,60,25,0,1,1,1.0,1902.0
59,60,26,1,0,1,1.0,4428.0
59,60,27,3,1,1,1.0,1372.0
59,60,28,0,1,1,1.0,1311.0
59,60,29,3,1,1,1.0,2126.0
59,60,30,2,0,1,1.0,1061.0
59,60,31,2,0,0,1.0,2776.0
59,60,32,2,0,1,1.0,1825.0
59,60,33,3,1,1,1.0,1279.0
59,60,34,0,1,1,1.0,1051.0
59,60,35,3,1,1,1.0,1171.0
59,60,36,1,0,1,1.0,942.0
59,60,37,0,1,1,1.0,2227.0
59,60,38,2,0,1,1.0,1152.0
59,60,39,1,0,0,1.0,979.0
59,60,40,1,0,1,1.0,1360.0
59,60,41,3,0,0,0.0,1274.0
59,60,42,0,1,1,1.0,639.0
59,60,43,2,0,1,1.0,1133.0
59,60,44,1,0,0,1.0,1752.0
59,60,45,3,1,1,1.0,1174.0
59,60,46,0,1,0,1.0,840.0
59,60,47,2,0,1,1.0,1099.0
59,60,48,3,1,0,1.0,1154.0
59,60,49,3,1,1,1.0,989.0
59,60,50,0,1,1,1.0,1662.0
59,60,51,2,0,0,1.0,967.0
59,60,52,2,0,1,1.0,1194.0
59,60,53,0,1,1,1.0,1534.0
59,60,54,1,0,1,1.0,1043.0
59,60,55,1,0,1,1.0,1481.0
59,60,56,3,1,1,1.0,738.0
59,60,57,2,0,1,1.0,1609.0
59,60,58,0,1,0,1.0,683.0
59,60,59,3,1,1,1.0,1013.0
59,60,60,1,0,1,1.0,1400.0
59,60,61,2,1,0,0.0,1154.0
59,60,62,0,1,1,1.0,1215.0
59,60,63,1,0,1,1.0,1541.0
59,60,64,3,1,1,1.0,712.0
59,60,65,0,1,1,1.0,868.0
59,60,66,1,0,1,1.0,1066.0
59,60,67,0,1,1,1.0,828.0
59,60,68,1,0,0,1.0,556.0
59,60,69,2,0,1,1.0,1298.0
59,60,70,3,1,0,1.0,1440.0
59,60,71,2,0,1,1.0,1457.0
59,60,72,0,1,1,1.0,1339.0
59,60,73,1,0,1,1.0,1177.0
59,60,74,2,0,1,1.0,1528.0
59,60,75,3,1,1,1.0,809.0
59,60,76,3,1,1,1.0,1467.0
59,60,77,1,0,1,1.0,700.0
59,60,78,0,1,1,1.0,1226.0
59,60,79,2,0,1,1.0,1167.0
59,60,80,1,0,1,1.0,1099.0
59,60,81,2,0,1,1.0,1550.0
59,60,82,1,0,1,1.0,844.0
59,60,83,2,0,0,1.0,1913.0
59,60,84,0,1,1,1.0,1709.0
59,60,85,3,1,1,1.0,1477.0
59,60,86,0,1,0,1.0,1283.0
59,60,87,3,1,1,1.0,858.0
59,60,88,0,1,1,1.0,1040.0
59,60,89,0,1,1,1.0,771.0
59,60,90,1,0,0,1.0,786.0
59,60,91,2,0,1,1.0,1948.0
59,60,92,3,1,0,1.0,971.0
59,60,93,3,1,1,1.0,1184.0
59,60,94,1,0,1,1.0,1648.0
59,60,95,2,0,0,1.0,2330.0
59,60,96,2,0,1,1.0,683.0
59,60,97,0,1,0,1.0,718.0
59,60,98,0,1,1,1.0,523.0
59,60,99,3,1,1,1.0,1020.0
59,60,100,2,0,1,1.0,1018.0
59,60,101,1,0,1,1.0,802.0
59,60,102,1,0,1,1.0,1067.0
59,60,103,3,1,1,1.0,725.0
59,60,104,0,1,1,1.0,892.0
59,60,105,3,1,1,1.0,782.0
59,60,106,1,0,1,1.0,748.0
59,60,107,3,1,1,1.0,680.0
59,60,108,2,0,1,1.0,701.0
59,60,109,2,0,1,1.0,613.0
59,60,110,1,0,1,1.0,782.0
59,60,111,0,1,0,1.0,721.0
59,60,112,2,0,1,1.0,765.0
59,60,113,3,1,0,1.0,652.0
59,60,114,1,0,1,1.0,921.0
59,60,115,1,0,1,1.0,751.0
59,60,116,2,1,0,0.0,633.0
59,60,117,0,1,1,1.0,1472.0
59,60,118,3,1,0,1.0,882.0
59,60,119,0,1,1,1.0,934.0
60,61,0,2,0,0,0.0,2183.0
60,61,1,0,1,0,0.0,1765.0
60,61,2,1,0,0,1.0,2132.0
60,61,3,0,0,1,1.0,2105.0
60,61,4,3,1,1,1.0,1649.0
60,61,5,2,0,0,0.0,2052.0
60,61,6,3,0,0,0.0,1563.0
60,61,7,1,1,0,0.0,1473.0
60,61,8,0,0,1,1.0,1677.0
60,61,9,1,1,0,0.0,2068.0
60,61,10,3,1,1,1.0,2454.0
60,61,11,0,0,1,1.0,1180.0
60,61,12,1,0,1,1.0,1632.0
60,61,13,3,1,1,1.0,947.0
60,61,14,2,1,1,1.0,1392.0
60,61,15,2,1,0,1.0,1270.0
60,61,16,0,0,1,1.0,548.0
60,61,17,0,0,1,1.0,1396.0
60,61,18,1,0,1,1.0,2478.0
60,61,19,3,1,0,1.0,1903.0
60,61,20,2,0,0,0.0,792.0
60,61,21,2,1,1,1.0,1459.0
60,61,22,1,1,0,0.0,1260.0
60,61,23,3,1,1,1.0,1296.0
60,61,24,3,1,1,1.0,1555.0
60,61,25,0,0,1,1.0,1048.0
60,61,26,1,1,1,0.0,1156.0
60,61,27,2,1,1,1.0,1368.0
60,61,28,1,1,1,0.0,1237.0
60,61,29,2,1,1,1.0,1608.0
60,61,30,3,1,0,1.0,1376.0
60,61,31,0,1,0,0.0,1054.0
60,61,33,3,0,0,0.0,1633.0
60,61,34,1,0,1,1.0,2854.0
60,61,35,3,1,1,1.0,1841.0
60,61,36,2,0,1,0.0,1790.0
60,61,37,2,0,0,0.0,2887.0
60,61,38,0,0,0,1.0,2089.0
60,61,39,1,1,0,0.0,506.0
60,61,40,3,1,1,1.0,767.0
60,61,41,1,1,0,0.0,993.0
60,61,42,1,1,0,0.0,654.0
60,61,43,0,0,1,1.0,3031.0
60,61,44,2,1,1,1.0,924.0
60,61,45,0,1,1,0.0,1123.0
60,61,46,3,0,0,0.0,2633.0
60,61,47,2,1,0,1.0,919.0
60,61,48,1,1,0,0.0,1746.0
60,61,49,2,0,1,0.0,1192.0
60,61,50,3,1,1,1.0,4382.0
60,61,51,1,1,0,0.0,1468.0
60,61,52,0,0,1,1.0,3040.0
60,61,53,0,0,1,1.0,2141.0
60,61,54,3,0,1,0.0,800.0
60,61,55,2,1,1,1.0,650.0
60,61,56,3,0,0,0.0,1198.0
60,61,57,0,1,0,0.0,633.0
60,61,58,1,1,0,0.0,396.0
60,61,59,2,0,0,0.0,427.0
60,61,60,2,1,1,1.0,545.0
60,61,61,3,1,1,1.0,597.0
60,61,62,0,1,1,0.0,1032.0
60,61,63,1,0,1,1.0,7183.0
60,61,64,2,1,1,1.0,779.0
60,61,65,1,0,1,1.0,593.0
60,61,66,0,1,0,0.0,549.0
60,61,67,0,1,0,0.0,437.0
60,61,68,3,0,0,0.0,246.0
60,61,69,2,1,0,1.0,945.0
60,61,70,1,1,0,0.0,361.0
60,61,71,3,1,1,1.0,403.0
60,61,72,2,1,1,1.0,582.0
60,61,73,0,0,1,1.0,1761.0
60,61,74,3,1,0,1.0,1640.0
60,61,75,1,0,0,1.0,1674.0
60,61,76,1,1,1,0.0,2671.0
60,61,77,2,1,1,1.0,1992.0
60,61,78,3,0,0,0.0,2089.0
60,61,79,0,1,0,0.0,3869.0
60,61,80,2,1,1,1.0,2539.0
60,61,81,0,0,1,1.0,1386.0
60,61,82,2,0,0,0.0,1410.0
60,61,83,0,0,0,1.0,3018.0
60,61,84,3,1,1,1.0,2132.0
60,61,85,1,1,0,0.0,224.0
60,61,86,3,1,0,1.0,342.0
60,61,87,1,0,1,1.0,926.0
60,61,88,3,0,1,0.0,232.0
60,61,89,1,1,1,0.0,218.0
60,61,90,0,1,0,0.0,398.0
60,61,91,0,1,0,0.0,317.0
60,61,92,2,1,1,1.0,455.0
60,61,93,1,0,1,1.0,280.0
60,61,94,2,1,1,1.0,5686.0
60,61,95,3,1,1,1.0,72.0
60,61,96,3,1,1,1.0,1114.0
60,61,97,3,1,1,1.0,999.0
60,61,98,0,0,1,1.0,361.0
60,61,99,1,1,0,0.0,620.0
60,61,100,0,1,0,0.0,667.0
60,61,101,2,1,0,1.0,541.0
60,61,102,1,1,0,0.0,409.0
60,61,103,2,1,1,1.0,1028.0
60,61,104,3,1,1,1.0,1379.0
60,61,105,0,0,1,1.0,729.0
60,61,106,1,1,0,0.0,1158.0
60,61,107,2,0,0,0.0,1484.0
60,61,108,0,0,1,1.0,1089.0
60,61,109,2,1,1,1.0,1343.0
60,61,110,3,0,0,0.0,1191.0
60,61,111,1,0,1,1.0,4487.0
60,61,112,3,1,0,1.0,3901.0
60,61,113,0,0,0,1.0,650.0
60,61,114,2,1,1,1.0,11.0
60,61,115,0,1,0,0.0,440.0
60,61,116,2,0,0,0.0,1053.0
60,61,117,1,1,0,0.0,2273.0
60,61,118,1,1,1,0.0,1412.0
60,61,119,3,1,1,1.0,1227.0
61,62,0,1,0,1,1.0,2465.0
61,62,1,2,1,0,0.0,1315.0
61,62,2,3,1,0,1.0,1745.0
61,62,3,3,1,1,1.0,911.0
61,62,4,2,1,0,0.0,986.0
61,62,5,0,0,0,0.0,1691.0
61,62,6,1,0,1,1.0,1392.0
61,62,7,0,0,0,0.0,1286.0
61,62,8,1,0,0,1.0,1084.0
61,62,9,3,1,1,1.0,1431.0
61,62,10,1,0,1,1.0,1245.0
61,62,11,2,1,0,0.0,1030.0
61,62,12,0,1,0,1.0,1782.0
61,62,13,3,0,1,0.0,1377.0
61,62,14,0,1,1,1.0,1084.0
61,62,15,2,1,0,0.0,1532.0
61,62,16,1,0,1,1.0,1035.0
61,62,17,3,1,1,1.0,849.0
61,62,18,1,0,1,1.0,715.0
61,62,19,2,0,1,1.0,1293.0
61,62,20,0,0,0,0.0,1047.0
61,62,21,3,1,1,1.0,1730.0
61,62,22,0,0,1,0.0,1058.0
61,62,23,2,0,1,1.0,684.0
61,62,24,1,0,1,1.0,631.0
61,62,25,0,0,0,0.0,1377.0
61,62,26,1,0,0,1.0,1003.0
61,62,27,3,1,1,1.0,1180.0
61,62,28,0,0,0,0.0,1588.0
61,62,29,3,1,1,1.0,1005.0
61,62,30,2,0,1,1.0,1163.0
61,62,31,2,0,0,1.0,1260.0
61,62,32,2,0,1,1.0,3201.0
61,62,33,3,1,0,1.0,1486.0
61,62,34,0,1,1,1.0,1364.0
61,62,35,3,1,1,1.0,3073.0
61,62,36,1,0,1,1.0,1858.0
61,62,37,0,1,1,1.0,3351.0
61,62,38,2,0,0,1.0,4126.0
61,62,39,1,0,0,1.0,765.0
61,62,40,1,0,1,1.0,722.0
61,62,41,3,1,1,1.0,773.0
61,62,42,0,1,1,1.0,604.0
61,62,43,2,0,1,1.0,854.0
61,62,44,1,0,1,1.0,759.0
61,62,45,3,1,1,1.0,988.0
61,62,46,0,1,1,1.0,1141.0
61,62,47,2,0,1,1.0,1089.0
61,62,48,3,1,1,1.0,2220.0
61,62,49,3,1,0,1.0,1033.0
61,62,50,0,1,1,1.0,1935.0
61,62,51,2,0,1,1.0,881.0
61,62,52,2,0,1,1.0,969.0
61,62,53,0,1,1,1.0,1464.0
61,62,54,1,0,1,1.0,1447.0
61,62,55,1,0,1,1.0,1093.0
61,62,56,3,1,1,1.0,3450.0
61,62,57,2,0,0,1.0,1083.0
61,62,58,0,1,0,1.0,861.0
61,62,59,3,1,1,1.0,1038.0
61,62,60,1,0,1,1.0,1826.0
61,62,61,2,0,1,1.0,521.0
61,62,62,0,1,1,1.0,1054.0
61,62,63,1,0,0,1.0,1520.0
61,62,64,3,0,0,0.0,5756.0
61,62,65,0,1,1,1.0,3062.0
61,62,66,1,0,1,1.0,959.0
61,62,67,0,1,0,1.0,2551.0
61,62,68,1,0,1,1.0,763.0
61,62,69,2,0,1,1.0,1029.0
61,62,70,3,1,1,1.0,1163.0
61,62,71,2,1,0,0.0,5235.0
61,62,72,0,1,1,1.0,2524.0
61,62,73,1,1,0,0.0,775.0
61,62,74,2,0,1,1.0,1381.0
61,62,75,3,1,1,1.0,1286.0
61,62,76,3,1,0,1.0,719.0
61,62,77,1,0,1,1.0,1177.0
61,62,78,0,1,1,1.0,1134.0
61,62,79,2,0,1,1.0,1181.0
61,62,80,1,0,1,1.0,515.0
61,62,81,2,0,1,1.0,822.0
61,62,82,1,0,0,1.0,1120.0
61,62,83,2,1,0,0.0,1584.0
61,62,84,0,1,1,1.0,958.0
61,62,85,3,1,1,1.0,916.0
61,62,86,0,1,1,1.0,851.0
61,62,87,3,1,1,1.0,1214.0
61,62,88,0,1,1,1.0,774.0
61,62,89,0,1,1,1.0,959.0
61,62,90,1,0,1,1.0,958.0
61,62,91,2,0,1,1.0,888.0
61,62,92,3,1,1,1.0,785.0
61,62,93,3,1,1,1.0,852.0
61,62,94,1,0,1,1.0,1534.0
61,62,95,2,0,1,1.0,2184.0
61,62,96,2,0,0,1.0,1021.0
61,62,97,0,0,0,0.0,1757.0
61,62,98,0,1,0,1.0,622.0
61,62,99,3,1,1,1.0,932.0
61,62,100,2,0,1,1.0,1248.0
61,62,101,1,0,1,1.0,915.0
61,62,102,1,0,1,1.0,484.0
61,62,103,3,1,0,1.0,983.0
61,62,104,0,1,1,1.0,1154.0
61,62,105,3,1,0,1.0,2223.0
61,62,106,1,0,1,1.0,964.0
61,62,107,3,1,1,1.0,1049.0
61,62,108,2,0,0,1.0,2085.0
61,62,109,2,0,1,1.0,805.0
61,62,110,1,0,1,1.0,964.0
61,62,111,0,1,1,1.0,1142.0
61,62,112,2,0,1,1.0,873.0
61,62,113,3,1,1,1.0,2386.0
61,62,114,1,0,1,1.0,750.0
61,62,115,1,0,0,1.0,675.0
61,62,116,2,0,1,1.0,729.0
61,62,117,0,1,0,1.0,3009.0
61,62,118,3,1,1,1.0,2086.0
61,62,119,0,1,1,1.0,884.0
62,63,0,2,0,0,0.0,2026.0
62,63,1,0,0,1,1.0,982.0
62,63,2,1,0,0,1.0,1401.0
62,63,3,0,1,0,0.0,2878.0
62,63,4,3,0,0,0.0,1630.0
62,63,5,2,0,0,0.0,2778.0
62,63,6,3,0,0,0.0,534.0
62,63,7,1,1,0,0.0,567.0
62,63,8,0,1,0,0.0,1160.0
62,63,9,1,1,0,0.0,453.0
62,63,10,3,1,1,1.0,1590.0
62,63,11,0,1,1,0.0,1717.0
62,63,12,1,1,0,0.0,1567.0
62,63,13,3,1,1,1.0,1216.0
62,63,14,2,1,1,1.0,1773.0
62,63,15,2,1,0,1.0,1351.0
62,63,16,0,1,0,0.0,949.0
62,63,17,0,1,1,0.0,645.0
62,63,18,1,0,1,1.0,1506.0
62,63,19,3,1,1,1.0,1219.0
62,63,20,2,1,1,1.0,1154.0
62,63,21,2,1,1,1.0,591.0
62,63,22,1,0,1,1.0,1189.0
62,63,23,3,1,0,1.0,634.0
62,63,24,3,1,1,1.0,755.0
62,63,25,0,1,0,0.0,1155.0
62,63,26,1,0,1,1.0,992.0
62,63,27,2,1,1,1.0,1065.0
62,63,28,1,0,1,1.0,876.0
62,63,29,2,1,1,1.0,932.0
62,63,30,3,1,1,1.0,1185.0
62,63,31,0,1,0,0.0,895.0
62,63,32,0,1,0,0.0,1178.0
62,63,33,3,1,0,1.0,564.0
62,63,34,1,1,1,0.0,1188.0
62,63,35,3,0,0,0.0,394.0
62,63,36,2,0,0,0.0,503.0
62,63,37,2,1,0,1.0,1399.0
62,63,38,0,1,0,0.0,2181.0
62,63,39,1,1,1,0.0,1942.0
62,63,40,3,0,1,0.0,1132.0
62,63,41,1,1,0,0.0,981.0
62,63,42,1,1,0,0.0,652.0
62,63,43,0,1,0,0.0,1535.0
62,63,44,2,1,1,1.0,1408.0
62,63,45,0,0,1,1.0,1433.0
62,63,46,3,0,0,0.0,1585.0
62,63,47,2,1,1,1.0,1216.0
62,63,48,1,1,0,0.0,678.0
62,63,49,2,1,1,1.0,650.0
62,63,50,3,0,0,0.0,1129.0
62,63,51,1,1,0,0.0,596.0
62,63,52,0,1,0,0.0,1462.0
62,63,53,0,0,1,1.0,955.0
62,63,54,3,1,1,1.0,728.0
62,63,55,2,1,0,1.0,455.0
62,63,56,3,1,1,1.0,901.0
62,63,57,0,0,1,1.0,1289.0
62,63,58,1,1,0,0.0,769.0
62,63,59,2,1,1,1.0,2235.0
62,63,60,2,1,1,1.0,734.0
62,63,61,3,1,1,1.0,724.0
62,63,62,0,0,1,1.0,1269.0
62,63,63,1,1,0,0.0,1970.0
62,63,64,2,1,1,1.0,1154.0
62,63,65,1,1,0,0.0,933.0
62,63,66,0,1,0,0.0,1519.0
62,63,67,0,0,1,1.0,1185.0
62,63,68,3,1,1,1.0,1110.0
62,63,69,2,1,1,1.0,1567.0
62,63,70,1,1,1,0.0,771.0
62,63,71,3,1,1,1.0,1656.0
62,63,72,2,1,1,1.0,967.0
62,63,73,0,0,0,1.0,998.0
62,63,74,3,1,0,1.0,1860.0
62,63,75,1,1,0,0.0,633.0
62,63,76,1,1,1,0.0,688.0
62,63,77,2,1,0,1.0,775.0
62,63,78,3,1,1,1.0,839.0
62,63,79,0,0,1,1.0,974.0
62,63,80,2,1,1,1.0,1370.0
62,63,81,0,0,1,1.0,2955.0
62,63,82,2,1,1,1.0,1007.0
62,63,83,0,0,1,1.0,1831.0
62,63,84,3,1,0,1.0,824.0
62,63,85,1,1,0,0.0,824.0
62,63,86,3,1,1,1.0,2608.0
62,63,87,1,1,0,0.0,1002.0
62,63,88,3,1,1,1.0,1377.0
62,63,89,1,1,0,0.0,1462.0
62,63,90,0,0,1,1.0,1999.0
62,63,91,0,0,1,1.0,3267.0
62,63,92,2,1,1,1.0,1840.0
62,63,93,1,1,0,0.0,955.0
62,63,94,2,1,1,1.0,2162.0
62,63,95,3,1,1,1.0,618.0
62,63,96,3,1,1,1.0,655.0
62,63,97,3,1,0,1.0,509.0
62,63,98,0,0,0,1.0,729.0
62,63,99,1,1,1,0.0,817.0
62,63,100,0,0,1,1.0,613.0
62,63,101,2,1,1,1.0,562.0
62,63,102,1,1,0,0.0,550.0
62,63,103,2,1,0,1.0,811.0
62,63,104,3,1,1,1.0,574.0
62,63,105,0,0,1,1.0,1328.0
62,63,106,1,1,0,0.0,1076.0
62,63,107,2,1,1,1.0,811.0
62,63,108,0,0,1,1.0,1098.0
62,63,109,2,1,1,1.0,1139.0
62,63,110,3,1,1,1.0,688.0
62,63,111,1,1,0,0.0,805.0
62,63,112,3,1,1,1.0,724.0
62,63,113,0,1,1,0.0,945.0
62,63,114,2,1,1,1.0,597.0
62,63,115,0,1,0,0.0,832.0
62,63,116,2,1,1,1.0,503.0
62,63,117,1,1,0,0.0,425.0
62,63,118,1,1,0,0.0,603.0
62,63,119,3,1,1,1.0,644.0
63,64,0,3,0,1,0.0,3066.0
63,64,1,1,1,0,1.0,1197.0
63,64,2,0,1,0,0.0,1797.0
63,64,3,0,0,0,1.0,846.0
63,64,4,2,0,0,1.0,777.0
63,64,5,1,1,1,1.0,2201.0
63,64,6,2,0,1,1.0,891.0
63,64,7,3,0,0,0.0,1178.0
63,64,8,0,0,1,1.0,1703.0
63,64,9,3,1,1,1.0,2435.0
63,64,10,3,1,1,1.0,790.0
63,64,11,0,0,1,1.0,895.0
63,64,12,1,0,1,0.0,1468.0
63,64,13,1,1,1,1.0,1543.0
63,64,14,2,0,1,1.0,1072.0
63,64,15,2,0,1,1.0,2104.0
63,64,16,0,1,0,0.0,1653.0
63,64,17,1,1,1,1.0,2017.0
63,64,18,2,0,1,1.0,767.0
63,64,19,3,1,0,1.0,2123.0
63,64,20,0,0,1,1.0,1198.0
63,64,21,3,1,1,1.0,2205.0
63,64,22,2,0,1,1.0,1199.0
63,64,23,1,0,0,0.0,1468.0
63,64,24,3,1,1,1.0,1525.0
63,64,25,1,0,0,0.0,1500.0
63,64,26,3,1,1,1.0,990.0
63,64,27,2,0,0,1.0,591.0
63,64,28,0,1,1,0.0,1067.0
63,64,29,0,0,1,1.0,484.0
63,64,30,1,1,1,1.0,1314.0
63,64,31,2,0,1,1.0,1500.0
63,64,32,3,1,0,1.0,1556.0
63,64,33,2,0,1,1.0,1454.0
63,64,34,0,0,0,1.0,725.0
63,64,35,3,1,1,1.0,690.0
63,64,36,1,0,0,0.0,869.0
63,64,37,1,1,1,1.0,2750.0
63,64,38,0,1,0,0.0,1455.0
63,64,39,2,0,1,1.0,844.0
63,64,40,1,0,0,0.0,1280.0
63,64,41,0,1,0,0.0,1238.0
63,64,42,1,0,1,0.0,2889.0
63,64,43,3,0,0,0.0,620.0
63,64,44,0,0,1,1.0,1462.0
63,64,45,2,0,1,1.0,1121.0
63,64,46,2,0,1,1.0,959.0
63,64,47,3,1,1,1.0,601.0
63,64,48,1,1,1,1.0,915.0
63,64,49,0,0,1,1.0,772.0
63,64,50,2,0,1,1.0,726.0
63,64,51,1,1,1,1.0,1133.0
63,64,52,0,1,1,0.0,1052.0
63,64,53,3,1,1,1.0,928.0
63,64,54,2,0,0,1.0,725.0
63,64,55,3,1,1,1.0,761.0
63,64,56,3,1,1,1.0,735.0
63,64,57,0,0,1,1.0,650.0
63,64,58,1,1,0,1.0,637.0
63,64,59,0,1,0,0.0,880.0
63,64,60,2,0,1,1.0,1122.0
63,64,61,2,1,0,0.0,1120.0
63,64,62,3,1,0,1.0,695.0
63,64,63,1,0,0,0.0,3585.0
63,64,64,3,1,1,1.0,621.0
63,64,65,0,1,0,0.0,1671.0
63,64,66,1,0,0,0.0,624.0
63,64,67,1,1,1,1.0,510.0
63,64,68,3,1,1,1.0,1452.0
63,64,69,2,0,1,1.0,1611.0
63,64,70,2,0,0,1.0,1317.0
63,64,71,0,1,0,0.0,881.0
63,64,72,3,1,1,1.0,2541.0
63,64,73,2,0,1,1.0,781.0
63,64,74,0,1,0,0.0,1457.0
63,64,75,1,1,1,1.0,4239.0
63,64,76,1,0,0,0.0,2192.0
63,64,77,3,1,0,1.0,1526.0
63,64,78,0,0,1,1.0,3578.0
63,64,79,2,0,1,1.0,4691.0
63,64,80,0,0,0,1.0,3465.0
63,64,81,0,1,1,0.0,8545.0
63,64,82,2,0,1,1.0,1406.0
63,64,83,1,1,0,1.0,578.0
63,64,84,1,1,1,1.0,2984.0
63,64,85,2,0,1,1.0,908.0
64,65,0,2,0,0,0.0,4726.0
64,65,1,0,1,0,0.0,2143.0
64,65,2,1,0,0,1.0,1202.0
64,65,3,0,1,0,0.0,730.0
64,65,4,3,1,1,1.0,1169.0
64,65,5,2,0,0,0.0,831.0
64,65,6,3,0,0,0.0,957.0
64,65,7,1,0,1,1.0,29.0
64,65,8,0,0,1,1.0,825.0
64,65,9,1,1,0,0.0,1435.0
64,65,10,3,0,0,0.0,429.0
64,65,11,0,0,1,1.0,1068.0
64,65,12,1,0,1,1.0,939.0
64,65,13,3,0,0,0.0,771.0
64,65,14,2,0,0,0.0,1167.0
64,65,15,2,1,1,1.0,1065.0
64,65,16,0,0,1,1.0,1690.0
64,65,17,0,1,1,0.0,2248.0
64,65,18,1,0,1,1.0,1396.0
64,65,19,3,1,1,1.0,1374.0
64,65,20,2,0,1,0.0,472.0
64,65,21,2,1,0,1.0,402.0
64,65,22,1,0,1,1.0,1140.0
64,65,23,3,1,1,1.0,667.0
64,65,24,3,0,1,0.0,724.0
64,65,25,0,1,0,0.0,896.0
64,65,26,1,0,1,1.0,501.0
64,65,27,2,1,1,1.0,497.0
64,65,28,1,0,0,1.0,361.0
64,65,29,2,1,1,1.0,775.0
64,65,30,3,0,0,0.0,739.0
64,65,31,0,1,1,0.0,432.0
64,65,32,0,0,1,1.0,3229.0
64,65,33,3,1,0,1.0,1070.0
64,65,34,1,0,1,1.0,658.0
64,65,35,3,1,1,1.0,330.0
64,65,36,2,1,1,1.0,376.0
64,65,37,2,0,0,0.0,738.0
64,65,38,0,1,0,0.0,970.0
64,65,39,1,0,1,1.0,871.0
64,65,40,3,1,1,1.0,504.0
64,65,41,1,1,0,0.0,1208.0
64,65,42,1,0,1,1.0,1564.0
64,65,43,0,0,1,1.0,2789.0
64,65,44,2,1,1,1.0,1857.0
64,65,45,0,0,1,1.0,665.0
64,65,46,3,1,0,1.0,1417.0
64,65,47,2,0,1,0.0,518.0
64,65,48,1,0,1,1.0,1048.0
64,65,49,2,1,0,1.0,832.0
64,65,50,3,1,1,1.0,736.0
64,65,51,1,0,1,1.0,1470.0
64,65,52,0,0,0,1.0,439.0
64,65,53,0,1,0,0.0,176.0
64,65,54,3,1,1,1.0,305.0
64,65,55,2,0,0,0.0,20.0
64,65,56,3,1,1,1.0,462.0
64,65,57,0,0,1,1.0,481.0
64,65,58,1,0,0,1.0,2234.0
64,65,59,2,0,0,0.0,2704.0
64,65,60,2,1,1,1.0,1736.0
64,65,61,3,1,1,1.0,2097.0
64,65,62,0,1,0,0.0,1341.0
64,65,63,1,0,1,1.0,3482.0
64,65,64,2,0,0,0.0,567.0
64,65,65,1,0,1,1.0,292.0
64,65,66,0,0,1,1.0,1470.0
64,65,67,0,0,1,1.0,1422.0
64,65,68,3,1,1,1.0,1209.0
64,65,69,2,1,1,1.0,1013.0
64,65,70,1,0,1,1.0,1600.0
64,65,71,3,1,0,1.0,1681.0
64,65,72,2,0,0,0.0,2796.0
64,65,73,0,1,0,0.0,2328.0
64,65,74,3,1,1,1.0,2251.0
64,65,75,1,0,1,1.0,1932.0
64,65,76,1,1,0,0.0,1998.0
64,65,77,2,1,1,1.0,1797.0
64,65,78,3,1,0,1.0,501.0
64,65,79,0,0,1,1.0,1142.0
64,65,80,2,1,0,1.0,1600.0
64,65,81,0,1,0,0.0,2689.0
64,65,82,2,0,0,0.0,4106.0
64,65,83,0,0,1,1.0,1369.0
64,65,84,3,1,1,1.0,1653.0
64,65,85,1,1,1,0.0,1841.0
64,65,86,3,0,0,0.0,2778.0
64,65,87,1,1,1,0.0,1381.0
64,65,88,3,1,1,1.0,948.0
64,65,89,1,0,0,1.0,910.0
64,65,90,0,1,0,0.0,1866.0
64,65,91,0,1,0,0.0,3701.0
64,65,92,2,0,0,0.0,708.0
64,65,93,1,0,1,1.0,1019.0
64,65,94,2,0,0,0.0,1499.0
64,65,95,3,1,1,1.0,451.0
64,65,96,3,1,1,1.0,1950.0
64,65,97,3,1,0,1.0,3440.0
64,65,98,0,0,0,1.0,2018.0
64,65,99,1,0,0,1.0,1205.0
64,65,100,0,0,1,1.0,1751.0
64,65,101,2,0,1,0.0,2005.0
64,65,102,1,0,1,1.0,1096.0
64,65,103,2,1,1,1.0,955.0
64,65,104,3,1,1,1.0,3370.0
64,65,105,0,0,1,1.0,2438.0
64,65,106,1,0,1,1.0,1903.0
64,65,107,2,0,1,0.0,2731.0
64,65,108,0,0,1,1.0,896.0
64,65,109,2,1,1,1.0,1226.0
64,65,110,3,0,0,0.0,1599.0
64,65,111,1,1,0,0.0,949.0
64,65,112,3,1,1,1.0,1513.0
64,65,113,0,1,1,0.0,811.0
64,65,114,2,0,0,0.0,833.0
64,65,115,0,0,0,1.0,1717.0
64,65,116,2,0,0,0.0,737.0
64,65,117,1,0,1,1.0,780.0
64,65,118,1,1,0,0.0,951.0
64,65,119,3,0,1,0.0,1658.0
65,66,0,3,1,1,1.0,2281.0
65,66,1,1,0,1,0.0,498.0
65,66,2,0,1,0,0.0,368.0
65,66,3,0,0,0,1.0,3973.0
65,66,4,2,1,0,0.0,751.0
65,66,5,1,0,0,0.0,339.0
65,66,6,2,0,0,1.0,263.0
65,66,7,3,0,1,0.0,443.0
65,66,8,0,1,0,0.0,594.0
65,66,9,3,1,1,1.0,290.0
65,66,10,3,0,0,0.0,704.0
65,66,11,0,1,1,0.0,419.0
65,66,12,1,1,0,1.0,334.0
65,66,13,1,0,0,0.0,284.0
65,66,14,2,1,0,0.0,247.0
65,66,15,2,0,1,1.0,310.0
65,66,16,0,0,1,1.0,266.0
65,66,17,1,1,1,1.0,415.0
65,66,18,2,0,1,1.0,389.0
65,66,19,3,0,0,0.0,493.0
65,66,20,0,0,1,1.0,366.0
65,66,21,3,1,0,1.0,512.0
65,66,22,2,0,1,1.0,571.0
65,66,23,1,0,0,0.0,424.0
65,66,24,3,1,1,1.0,405.0
65,66,25,1,0,0,0.0,588.0
65,66,26,3,1,1,1.0,426.0
65,66,27,2,0,1,1.0,304.0
65,66,28,0,0,1,1.0,496.0
65,66,29,0,1,0,0.0,55.0
65,66,30,1,1,1,1.0,794.0
65,66,31,2,0,1,1.0,469.0
65,66,32,3,0,0,0.0,1462.0
65,66,33,2,1,1,0.0,1146.0
65,66,34,0,0,1,1.0,782.0
65,66,35,3,1,1,1.0,941.0
65,66,36,1,1,1,1.0,436.0
65,66,37,1,0,1,0.0,7.0
65,66,38,0,1,0,0.0,309.0
65,66,39,2,0,0,1.0,221.0
65,66,40,1,1,1,1.0,289.0
65,66,41,0,0,0,1.0,484.0
65,66,42,1,1,1,1.0,318.0
65,66,43,3,1,0,1.0,601.0
65,66,44,0,0,1,1.0,1024.0
65,66,45,2,1,0,0.0,431.0
65,66,46,2,1,0,0.0,264.0
65,66,47,3,0,0,0.0,9.0
65,66,48,1,1,1,1.0,344.0
65,66,49,0,0,1,1.0,1412.0
65,66,50,2,1,0,0.0,465.0
65,66,51,1,0,0,0.0,249.0
65,66,52,0,0,1,1.0,319.0
65,66,53,3,1,1,1.0,694.0
65,66,54,2,1,1,0.0,472.0
65,66,55,3,0,0,0.0,277.0
65,66,56,3,1,1,1.0,371.0
65,66,57,0,0,1,1.0,1004.0
65,66,58,1,1,1,1.0,799.0
65,66,59,0,0,0,1.0,985.0
65,66,60,2,1,0,0.0,1104.0
65,66,61,2,0,1,1.0,1764.0
65,66,62,3,1,1,1.0,939.0
65,66,63,1,0,0,0.0,1870.0
65,66,64,3,1,1,1.0,556.0
65,66,65,0,1,1,0.0,325.0
65,66,66,1,1,0,1.0,2991.0
65,66,67,1,0,0,0.0,1644.0
65,66,68,3,1,1,1.0,923.0
65,66,69,2,1,0,0.0,1144.0
65,66,70,2,0,1,1.0,1132.0
65,66,71,0,1,0,0.0,2208.0
65,66,72,3,0,1,0.0,422.0
65,66,73,2,0,1,1.0,643.0
65,66,74,0,1,0,0.0,523.0
65,66,75,1,0,0,0.0,509.0
65,66,76,1,1,1,1.0,1777.0
65,66,77,3,0,0,0.0,527.0
65,66,78,0,0,1,1.0,4240.0
65,66,79,2,0,1,1.0,4573.0
65,66,80,0,0,1,1.0,1030.0
65,66,81,0,0,1,1.0,566.0
65,66,82,2,1,0,0.0,2295.0
65,66,83,1,0,0,0.0,394.0
65,66,84,1,0,0,0.0,1324.0
65,66,85,2,0,1,1.0,448.0
65,66,86,3,0,0,0.0,1020.0
65,66,87,3,0,0,0.0,750.0
65,66,88,3,1,0,1.0,361.0
65,66,89,1,0,0,0.0,428.0
65,66,90,0,0,0,1.0,400.0
65,66,91,0,0,1,1.0,400.0
65,66,92,2,1,0,0.0,397.0
65,66,93,2,1,0,0.0,796.0
65,66,94,3,0,0,0.0,1556.0
65,66,95,1,1,1,1.0,621.0
65,66,96,0,1,0,0.0,1077.0
65,66,97,2,1,1,0.0,958.0
65,66,98,1,0,1,0.0,573.0
65,66,99,1,0,0,0.0,560.0
65,66,100,2,1,0,0.0,726.0
65,66,101,3,0,0,0.0,465.0
65,66,102,3,1,1,1.0,1574.0
65,66,103,0,1,0,0.0,396.0
65,66,104,2,0,1,1.0,684.0
65,66,105,3,0,0,0.0,392.0
65,66,106,1,1,0,1.0,496.0
65,66,107,3,0,1,0.0,322.0
65,66,108,2,0,0,1.0,550.0
65,66,109,0,0,1,1.0,364.0
65,66,110,0,1,1,0.0,1034.0
65,66,111,1,1,1,1.0,1604.0
65,66,112,2,0,1,1.0,1691.0
65,66,113,3,0,0,0.0,1665.0
65,66,114,1,1,1,1.0,563.0
65,66,115,0,1,0,0.0,1151.0
65,66,116,3,0,1,0.0,877.0
65,66,117,1,1,1,1.0,1012.0
65,66,118,2,0,1,1.0,1388.0
65,66,119,0,1,0,0.0,1344.0
66,67,0,0,0,1,1.0,1253.0
66,67,1,1,0,1,0.0,1576.0
66,67,2,3,1,0,0.0,1696.0
66,67,3,2,1,1,1.0,913.0
66,67,4,3,1,0,0.0,1050.0
66,67,5,0,0,1,1.0,874.0
66,67,6,2,1,1,1.0,850.0
66,67,7,1,0,0,0.0,932.0
66,67,8,1,0,0,0.0,1487.0
66,67,9,2,1,1,1.0,690.0
66,67,10,3,1,0,0.0,1597.0
66,67,11,3,0,1,1.0,963.0
66,67,12,0,0,1,1.0,748.0
66,67,13,0,0,1,1.0,606.0
66,67,14,2,1,1,1.0,756.0
66,67,15,1,1,0,1.0,1723.0
66,67,16,2,1,1,1.0,697.0
66,67,17,3,0,1,1.0,1418.0
66,67,18,0,0,1,1.0,980.0
66,67,19,1,0,0,0.0,972.0
66,67,20,0,0,1,1.0,843.0
66,67,21,3,0,0,1.0,1296.0
66,67,22,1,0,0,0.0,815.0
66,67,23,2,0,0,0.0,644.0
66,67,24,3,0,1,1.0,915.0
66,67,25,1,0,1,0.0,648.0
66,67,26,2,1,1,1.0,522.0
66,67,27,0,0,0,1.0,819.0
66,67,28,1,0,0,0.0,759.0
66,67,29,0,0,1,1.0,731.0
66,67,30,3,0,1,1.0,910.0
66,67,31,2,1,0,1.0,643.0
66,67,32,2,1,1,1.0,1456.0
66,67,33,3,0,1,1.0,664.0
66,67,34,3,0,1,1.0,581.0
66,67,35,1,0,0,0.0,896.0
66,67,36,2,1,1,1.0,478.0
66,67,37,0,0,1,1.0,598.0
66,67,38,1,0,0,0.0,747.0
66,67,39,0,0,1,1.0,663.0
66,67,40,1,0,1,0.0,754.0
66,67,41,3,0,0,1.0,626.0
66,67,42,1,0,0,0.0,636.0
66,67,43,3,0,1,1.0,1395.0
66,67,44,2,1,0,1.0,414.0
66,67,45,0,0,1,1.0,796.0
66,67,46,0,1,0,0.0,1291.0
66,67,47,2,1,1,1.0,724.0
66,67,48,3,0,1,1.0,555.0
66,67,49,0,0,0,1.0,609.0
66,67,50,3,0,0,1.0,648.0
66,67,51,2,1,1,1.0,633.0
66,67,52,1,0,0,0.0,678.0
66,67,53,1,0,0,0.0,638.0
66,67,54,2,1,1,1.0,476.0
66,67,55,0,0,1,1.0,569.0
66,67,56,1,0,0,0.0,1105.0
66,67,57,2,1,1,1.0,600.0
66,67,58,1,1,1,1.0,500.0
66,67,59,0,0,1,1.0,1527.0
66,67,60,2,1,0,1.0,621.0
66,67,61,0,0,1,1.0,1198.0
66,67,62,3,0,1,1.0,949.0
66,67,63,3,0,1,1.0,738.0
66,67,64,3,0,1,1.0,974.0
66,67,65,2,1,1,1.0,664.0
66,67,66,1,1,1,1.0,990.0
66,67,67,0,0,1,1.0,702.0
66,67,68,1,1,1,1.0,429.0
66,67,69,2,1,1,1.0,611.0
66,67,70,3,0,1,1.0,776.0
66,67,71,0,0,0,1.0,717.0
66,67,72,0,0,1,1.0,1024.0
66,67,73,3,0,1,1.0,857.0
66,67,74,3,0,0,1.0,1369.0
66,67,75,2,1,1,1.0,589.0
66,67,76,1,1,1,1.0,988.0
66,67,77,1,1,1,1.0,836.0
66,67,78,0,0,1,1.0,623.0
66,67,79,2,1,1,1.0,500.0
66,67,80,3,0,1,1.0,956.0
66,67,81,1,1,1,1.0,957.0
66,67,82,2,1,1,1.0,745.0
66,67,83,1,1,1,1.0,962.0
66,67,84,2,1,0,1.0,647.0
66,67,85,0,0,1,1.0,853.0
66,67,86,3,0,1,1.0,1056.0
66,67,87,0,0,1,1.0,993.0
66,67,88,3,0,1,1.0,740.0
66,67,89,0,0,1,1.0,747.0
66,67,90,1,1,0,1.0,834.0
66,67,91,3,0,1,1.0,775.0
66,67,92,2,1,1,1.0,615.0
66,67,93,2,1,1,1.0,615.0
66,67,94,1,1,1,1.0,1108.0
66,67,95,0,0,1,1.0,563.0
66,67,96,0,0,0,1.0,1273.0
66,67,97,1,1,1,1.0,756.0
66,67,98,3,0,1,1.0,994.0
66,67,99,1,1,1,1.0,998.0
66,67,100,0,0,0,1.0,689.0
66,67,101,2,1,1,1.0,397.0
66,67,102,2,1,1,1.0,651.0
66,67,103,3,0,1,1.0,766.0
66,67,104,0,0,1,1.0,854.0
66,67,105,3,0,0,1.0,669.0
66,67,106,2,1,1,1.0,718.0
66,67,107,1,0,0,0.0,632.0
66,67,108,1,1,1,1.0,492.0
66,67,109,3,0,1,1.0,547.0
66,67,110,2,1,0,1.0,774.0
66,67,111,0,0,1,1.0,660.0
66,67,112,3,0,0,1.0,552.0
66,67,113,0,0,1,1.0,914.0
66,67,114,1,1,0,1.0,756.0
66,67,115,3,0,1,1.0,915.0
66,67,116,2,1,1,1.0,580.0
66,67,117,0,0,1,1.0,620.0
66,67,118,2,1,1,1.0,598.0
66,67,119,1,1,1,1.0,848.0
67,68,0,1,1,0,0.0,3828.0
67,68,1,2,1,0,0.0,2078.0
67,68,2,3,0,1,0.0,1207.0
67,68,3,3,0,0,0.0,1603.0
67,68,4,2,1,0,0.0,1096.0
67,68,5,0,1,0,1.0,1340.0
67,68,6,1,0,1,1.0,585.0
67,68,7,0,1,1,1.0,1158.0
67,68,8,1,0,1,1.0,1560.0
67,68,9,3,0,0,0.0,3379.0
67,68,10,1,0,0,1.0,2050.0
67,68,11,2,1,0,0.0,1026.0
67,68,12,0,0,0,0.0,796.0
67,68,13,3,0,0,0.0,416.0
67,68,14,0,0,0,0.0,532.0
67,68,15,2,0,1,1.0,217.0
67,68,16,1,0,1,1.0,352.0
67,68,17,3,0,0,0.0,578.0
67,68,18,1,1,0,0.0,291.0
67,68,19,2,1,0,0.0,996.0
67,68,20,0,0,0,0.0,1668.0
67,68,21,3,1,0,1.0,587.0
67,68,22,0,0,1,0.0,540.0
67,68,23,2,0,1,1.0,575.0
67,68,24,1,0,1,1.0,2167.0
67,68,25,0,1,1,1.0,1079.0
67,68,26,1,0,1,1.0,743.0
67,68,27,3,1,1,1.0,1782.0
67,68,28,0,0,0,0.0,941.0
67,68,29,3,1,1,1.0,572.0
67,68,30,2,0,1,1.0,1468.0
67,68,31,2,0,0,1.0,1195.0
67,68,32,2,0,1,1.0,2979.0
67,68,33,3,1,1,1.0,882.0
67,68,34,0,1,1,1.0,2487.0
67,68,35,3,0,1,0.0,987.0
67,68,36,1,0,1,1.0,3123.0
67,68,37,0,1,1,1.0,629.0
67,68,38,2,0,0,1.0,700.0
67,68,39,1,1,0,0.0,413.0
67,68,40,1,0,0,1.0,334.0
67,68,41,3,0,0,0.0,90.0
67,68,42,0,0,0,0.0,332.0
67,68,43,2,0,1,1.0,279.0
67,68,44,1,1,0,0.0,670.0
67,68,45,3,0,0,0.0,365.0
67,68,46,0,0,0,0.0,3092.0
67,68,47,2,1,0,0.0,339.0
67,68,48,3,1,1,1.0,991.0
67,68,49,3,1,1,1.0,355.0
67,68,50,0,1,1,1.0,372.0
67,68,51,2,1,0,0.0,292.0
67,68,52,2,0,1,1.0,309.0
67,68,53,0,1,1,1.0,405.0
67,68,54,1,1,1,0.0,389.0
67,68,55,1,0,1,1.0,333.0
67,68,56,3,1,1,1.0,191.0
67,68,57,2,0,1,1.0,189.0
67,68,58,0,1,1,1.0,485.0
67,68,59,3,0,0,0.0,2.0
67,68,60,1,1,0,0.0,413.0
67,68,61,2,1,0,0.0,281.0
67,68,62,0,0,0,0.0,445.0
67,68,63,1,1,0,0.0,1206.0
67,68,64,3,0,0,0.0,284.0
67,68,65,0,0,1,0.0,191.0
67,68,66,1,1,0,0.0,405.0
67,68,67,0,1,0,1.0,287.0
67,68,68,1,0,0,1.0,487.0
67,68,69,2,0,1,1.0,326.0
67,68,70,3,1,0,1.0,558.0
67,68,71,2,1,1,0.0,444.0
67,68,72,0,0,1,0.0,477.0
67,68,73,1,0,1,1.0,350.0
67,68,74,2,1,0,0.0,538.0
67,68,75,3,0,0,0.0,1373.0
67,68,76,3,0,1,0.0,767.0
67,68,77,1,0,1,1.0,694.0
67,68,78,0,1,1,1.0,402.0
67,68,79,2,0,0,1.0,404.0
67,68,80,1,0,1,1.0,489.0
67,68,81,2,1,0,0.0,685.0
67,68,82,1,1,0,0.0,429.0
67,68,83,2,0,1,1.0,527.0
67,68,84,0,0,0,0.0,802.0
67,68,85,3,1,1,1.0,243.0
67,68,86,0,0,0,0.0,364.0
67,68,87,3,1,1,1.0,770.0
67,68,88,0,0,0,0.0,194.0
67,68,89,0,0,0,0.0,483.0
67,68,90,1,1,0,0.0,687.0
67,68,91,2,1,0,0.0,450.0
67,68,92,3,1,1,1.0,1484.0
67,68,93,3,0,0,0.0,374.0
67,68,94,1,1,1,0.0,826.0
67,68,95,2,0,1,1.0,561.0
67,68,96,2,0,1,1.0,1005.0
67,68,97,0,1,1,1.0,313.0
67,68,98,0,1,0,1.0,1302.0
67,68,99,3,0,0,0.0,80.0
67,68,100,2,1,0,0.0,557.0
67,68,101,1,0,1,1.0,483.0
67,68,102,1,1,0,0.0,560.0
67,68,103,3,0,0,0.0,237.0
67,68,104,0,0,0,0.0,237.0
67,68,105,3,0,1,0.0,291.0
67,68,106,1,0,1,1.0,803.0
67,68,107,3,0,0,0.0,327.0
67,68,108,2,1,0,0.0,484.0
67,68,109,2,0,1,1.0,974.0
67,68,110,1,1,0,0.0,397.0
67,68,111,0,1,1,1.0,522.0
67,68,112,2,0,1,1.0,362.0
67,68,113,3,1,1,1.0,429.0
67,68,114,1,0,0,1.0,642.0
67,68,115,1,1,0,0.0,291.0
67,68,116,2,0,1,1.0,638.0
67,68,117,0,1,1,1.0,608.0
67,68,118,3,0,0,0.0,599.0
67,68,119,0,1,1,1.0,691.0
68,69,0,2,1,1,1.0,2123.0
68,69,1,0,1,0,0.0,1332.0
68,69,2,1,0,0,1.0,1200.0
68,69,3,0,1,0,0.0,995.0
68,69,4,3,1,1,1.0,1261.0
68,69,5,2,0,0,0.0,1003.0
68,69,6,3,1,1,1.0,681.0
68,69,7,1,1,0,0.0,1138.0
68,69,8,0,1,1,0.0,1030.0
68,69,9,1,1,0,0.0,888.0
68,69,10,3,1,1,1.0,1202.0
68,69,11,0,1,0,0.0,494.0
68,69,12,1,1,0,0.0,1002.0
68,69,13,3,0,0,0.0,838.0
68,69,14,2,1,0,1.0,723.0
68,69,15,2,0,0,0.0,311.0
68,69,16,0,1,1,0.0,564.0
68,69,17,0,1,0,0.0,838.0
68,69,18,1,1,1,0.0,1112.0
68,69,19,3,1,0,1.0,1115.0
68,69,20,2,0,0,0.0,595.0
68,69,21,2,1,1,1.0,605.0
68,69,22,1,1,1,0.0,865.0
68,69,23,3,0,0,0.0,924.0
68,69,24,3,1,1,1.0,613.0
68,69,25,0,1,0,0.0,830.0
68,69,26,1,0,1,1.0,451.0
68,69,27,2,1,1,1.0,1422.0
68,69,28,1,0,1,1.0,836.0
68,69,29,2,1,1,1.0,986.0
68,69,30,3,1,1,1.0,711.0
68,69,31,0,0,1,1.0,638.0
68,69,32,0,1,0,0.0,903.0
68,69,33,3,0,0,0.0,387.0
68,69,34,1,1,0,0.0,358.0
68,69,35,3,1,0,1.0,419.0
68,69,36,2,0,1,0.0,275.0
68,69,37,2,1,1,1.0,522.0
68,69,38,0,0,1,1.0,381.0
68,69,39,1,1,0,0.0,349.0
68,69,40,3,0,1,0.0,282.0
68,69,41,1,1,0,0.0,480.0
68,69,42,1,0,1,1.0,792.0
68,69,43,0,1,0,0.0,469.0
68,69,44,2,0,0,0.0,595.0
68,69,45,0,1,0,0.0,274.0
68,69,46,3,1,1,1.0,424.0
68,69,47,2,1,0,1.0,598.0
68,69,48,1,1,0,0.0,2498.0
68,69,49,2,0,1,0.0,404.0
68,69,50,3,1,1,1.0,1262.0
68,69,51,1,1,0,0.0,925.0
68,69,52,0,1,0,0.0,1158.0
68,69,53,0,1,0,0.0,1852.0
68,69,54,3,1,1,1.0,549.0
68,69,55,2,0,0,0.0,1654.0
68,69,56,3,1,1,1.0,662.0
68,69,57,0,1,1,0.0,1289.0
68,69,58,1,1,0,0.0,682.0
68,69,59,2,1,1,1.0,648.0
68,69,60,2,0,0,0.0,24.0
68,69,61,3,1,1,1.0,596.0
68,69,62,0,1,0,0.0,599.0
68,69,63,1,1,0,0.0,1526.0
68,69,64,2,0,0,0.0,224.0
68,69,65,1,1,1,0.0,255.0
68,69,66,0,1,0,0.0,306.0
68,69,67,0,1,1,0.0,423.0
68,69,68,3,0,0,0.0,313.0
68,69,69,2,1,1,1.0,378.0
68,69,70,1,1,0,0.0,685.0
68,69,71,3,1,0,1.0,308.0
68,69,72,2,0,0,0.0,512.0
68,69,73,0,1,0,0.0,514.0
68,69,74,3,0,0,0.0,636.0
68,69,75,1,0,1,1.0,240.0
68,69,76,1,1,1,0.0,435.0
68,69,77,2,0,0,0.0,595.0
68,69,78,3,1,1,1.0,303.0
68,69,79,0,1,0,0.0,417.0
68,69,80,2,0,0,0.0,597.0
68,69,81,0,1,0,0.0,357.0
68,69,82,2,1,1,1.0,306.0
68,69,83,0,0,1,1.0,314.0
68,69,84,3,1,0,1.0,251.0
68,69,85,1,0,1,1.0,276.0
68,69,86,3,1,1,1.0,694.0
68,69,87,1,0,0,1.0,473.0
68,69,88,3,1,1,1.0,595.0
68,69,89,1,1,0,0.0,508.0
68,69,90,0,0,1,1.0,759.0
68,69,91,0,1,0,0.0,582.0
68,69,92,2,0,0,0.0,349.0
68,69,93,1,1,0,0.0,273.0
68,69,94,2,1,0,1.0,1225.0
68,69,95,3,1,1,1.0,785.0
68,69,96,3,1,1,1.0,495.0
68,69,97,3,0,0,0.0,547.0
68,69,98,0,1,1,0.0,469.0
68,69,99,1,1,0,0.0,600.0
68,69,100,0,1,0,0.0,574.0
68,69,101,2,0,1,0.0,521.0
68,69,102,1,1,0,0.0,696.0
68,69,103,2,0,1,0.0,729.0
68,69,104,3,1,0,1.0,435.0
68,69,105,0,0,1,1.0,263.0
68,69,106,1,1,1,0.0,457.0
68,69,107,2,0,0,0.0,919.0
68,69,108,0,1,0,0.0,677.0
68,69,109,2,0,0,0.0,463.0
68,69,110,3,1,1,1.0,553.0
68,69,111,1,1,0,0.0,777.0
68,69,112,3,1,1,1.0,716.0
68,69,113,0,1,0,0.0,717.0
68,69,114,2,0,0,0.0,627.0
68,69,115,0,1,0,0.0,306.0
68,69,116,2,0,0,0.0,118.0
68,69,117,1,1,0,0.0,379.0
68,69,118,1,0,1,1.0,472.0
68,69,119,3,1,1,1.0,356.0
69,70,0,0,1,0,0.0,1941.0
69,70,1,1,1,0,1.0,2369.0
69,70,2,3,0,1,1.0,707.0
69,70,3,2,0,0,0.0,1006.0
69,70,4,3,0,1,1.0,1699.0
69,70,5,0,1,0,0.0,1211.0
69,70,6,2,0,0,0.0,1294.0
69,70,7,1,1,1,1.0,627.0
69,70,8,1,1,1,1.0,1211.0
69,70,9,2,1,1,1.0,1082.0
69,70,10,3,1,0,0.0,673.0
69,70,11,3,1,0,0.0,812.0
69,70,12,0,0,1,1.0,443.0
69,70,13,0,0,1,1.0,633.0
69,70,14,2,0,0,0.0,441.0
69,70,15,1,1,1,1.0,643.0
69,70,16,2,1,1,1.0,520.0
69,70,17,3,0,0,1.0,567.0
69,70,18,0,0,1,1.0,1132.0
69,70,19,1,0,1,0.0,536.0
69,70,20,0,1,1,0.0,552.0
69,70,21,3,1,0,0.0,396.0
69,70,22,1,0,0,0.0,527.0
69,70,23,2,1,1,1.0,1176.0
69,70,24,3,0,1,1.0,2059.0
69,70,25,1,1,1,1.0,619.0
69,70,26,2,0,1,0.0,407.0
69,70,27,0,1,0,0.0,566.0
69,70,28,1,1,1,1.0,727.0
69,70,29,0,0,1,1.0,1240.0
69,70,30,3,0,1,1.0,1103.0
69,70,31,2,0,0,0.0,503.0
69,70,32,2,0,1,0.0,3845.0
69,70,33,3,1,1,0.0,1312.0
69,70,34,3,0,1,1.0,645.0
69,70,35,1,1,1,1.0,1213.0
69,70,36,2,0,0,0.0,745.0
69,70,37,0,0,1,1.0,423.0
69,70,38,1,1,1,1.0,526.0
69,70,39,0,1,0,0.0,484.0
69,70,40,1,1,0,1.0,917.0
69,70,41,3,0,1,1.0,846.0
69,70,42,1,0,0,0.0,403.0
69,70,43,3,1,0,0.0,380.0
69,70,44,2,0,0,0.0,322.0
69,70,45,0,1,0,0.0,539.0
69,70,46,0,0,1,1.0,680.0
69,70,47,2,0,0,0.0,701.0
69,70,48,3,0,0,1.0,817.0
69,70,49,0,1,0,0.0,431.0
69,70,50,3,1,0,0.0,869.0
69,70,51,2,0,0,0.0,590.0
69,70,52,1,1,1,1.0,626.0
69,70,53,1,0,0,0.0,993.0
69,70,54,2,0,0,0.0,726.0
69,70,55,0,1,1,0.0,231.0
69,70,56,1,0,0,0.0,984.0
69,70,57,2,1,1,1.0,1027.0
69,70,58,1,1,1,1.0,1503.0
69,70,59,0,0,0,1.0,595.0
69,70,60,2,0,1,0.0,417.0
69,70,61,0,1,0,0.0,1108.0
69,70,62,3,0,1,1.0,3742.0
69,70,63,3,0,1,1.0,3392.0
69,70,64,3,0,0,1.0,613.0
69,70,65,2,0,0,0.0,651.0
69,70,66,1,0,1,0.0,453.0
69,70,67,0,0,1,1.0,464.0
69,70,68,1,0,0,0.0,558.0
69,70,69,2,0,0,0.0,382.0
69,70,70,3,1,0,0.0,641.0
69,70,71,0,1,0,0.0,445.0
69,70,72,0,1,1,0.0,516.0
69,70,73,3,0,1,1.0,482.0
69,70,74,3,1,0,0.0,475.0
69,70,75,2,0,0,0.0,436.0
69,70,76,1,0,0,0.0,420.0
69,70,77,1,1,1,1.0,418.0
69,70,78,0,0,1,1.0,550.0
69,70,79,2,1,1,1.0,470.0
69,70,80,3,1,1,0.0,372.0
69,70,81,1,0,0,0.0,491.0
69,70,82,2,1,1,1.0,358.0
69,70,83,1,1,1,1.0,551.0
69,70,84,2,1,0,1.0,342.0
69,70,85,0,0,1,1.0,405.0
69,70,86,3,0,1,1.0,426.0
69,70,87,0,0,1,1.0,414.0
69,70,88,3,0,1,1.0,839.0
69,70,89,0,0,0,1.0,647.0
69,70,90,1,1,0,1.0,538.0
69,70,91,3,1,0,0.0,495.0
69,70,92,2,0,0,0.0,714.0
69,70,93,2,0,0,0.0,391.0
69,70,94,1,0,1,0.0,2066.0
69,70,95,0,1,0,0.0,432.0
69,70,96,0,0,1,1.0,813.0
69,70,97,1,0,0,0.0,608.0
69,70,98,3,1,0,0.0,450.0
69,70,99,1,0,0,0.0,570.0
69,70,100,0,1,0,0.0,674.0
69,70,101,2,0,1,0.0,461.0
69,70,102,2,0,0,0.0,163.0
69,70,103,3,1,0,0.0,1176.0
69,70,104,0,1,0,0.0,498.0
69,70,105,3,0,1,1.0,304.0
69,70,106,2,0,0,0.0,421.0
69,70,107,1,1,1,1.0,394.0
69,70,108,1,0,0,0.0,1019.0
69,70,109,3,1,0,0.0,706.0
69,70,110,2,0,0,0.0,424.0
69,70,111,0,0,1,1.0,738.0
69,70,112,3,0,1,1.0,457.0
69,70,113,0,1,0,0.0,1319.0
69,70,114,1,0,0,0.0,703.0
69,70,115,3,1,1,0.0,351.0
69,70,116,2,1,1,1.0,512.0
69,70,117,0,0,1,1.0,736.0
69,70,118,2,0,0,0.0,1122.0
69,70,119,1,1,0,1.0,442.0
70,71,0,2,1,1,1.0,3700.0
70,71,1,0,1,0,0.0,326.0
70,71,2,1,1,0,0.0,1038.0
70,71,3,0,0,1,1.0,297.0
70,71,4,3,0,0,0.0,396.0
70,71,5,2,1,0,1.0,238.0
70,71,6,3,0,0,0.0,2166.0
70,71,7,1,0,0,1.0,362.0
70,71,8,0,0,1,1.0,506.0
70,71,9,1,1,0,0.0,357.0
70,71,10,3,1,1,1.0,324.0
70,71,11,0,1,0,0.0,397.0
70,71,12,1,0,1,1.0,114.0
70,71,13,3,0,0,0.0,600.0
70,71,14,2,0,0,0.0,1318.0
70,71,15,2,1,1,1.0,561.0
70,71,16,0,0,1,1.0,466.0
70,71,17,0,1,1,0.0,1200.0
70,71,18,1,0,1,1.0,565.0
70,71,19,3,0,1,0.0,139.0
70,71,20,2,0,0,0.0,136.0
70,71,21,2,1,1,1.0,530.0
70,71,22,1,1,0,0.0,634.0
70,71,23,3,0,0,0.0,221.0
70,71,24,3,1,1,1.0,576.0
70,71,25,0,1,0,0.0,1269.0
70,71,26,1,0,1,1.0,1903.0
70,71,27,2,0,0,0.0,381.0
70,71,28,1,0,1,1.0,190.0
70,71,29,2,0,1,0.0,274.0
70,71,30,3,0,0,0.0,316.0
70,71,31,0,0,1,1.0,371.0
70,71,32,0,1,1,0.0,1293.0
70,71,33,3,1,1,1.0,495.0
70,71,34,1,1,1,0.0,33.0
70,71,35,3,1,0,1.0,335.0
70,71,36,2,1,1,1.0,290.0
70,71,37,2,1,1,1.0,328.0
70,71,38,0,1,0,0.0,366.0
70,71,39,1,1,1,0.0,623.0
70,71,40,3,1,1,1.0,640.0
70,71,41,1,1,0,0.0,573.0
70,71,42,1,1,0,0.0,545.0
70,71,43,0,1,0,0.0,601.0
70,71,44,2,0,0,0.0,350.0
70,71,45,0,1,0,0.0,386.0
70,71,46,3,1,1,1.0,318.0
70,71,47,2,0,1,0.0,385.0
70,71,48,1,1,0,0.0,310.0
70,71,49,2,0,0,0.0,493.0
70,71,50,3,0,0,0.0,831.0
70,71,51,1,1,0,0.0,750.0
70,71,52,0,1,0,0.0,753.0
70,71,53,0,1,0,0.0,559.0
70,71,54,3,0,1,0.0,301.0
70,71,55,2,1,0,1.0,387.0
70,71,56,3,0,0,0.0,1011.0
70,71,57,0,1,0,0.0,1029.0
70,71,58,1,1,0,0.0,1000.0
70,71,59,2,1,1,1.0,5787.0
70,71,60,2,1,1,1.0,814.0
70,71,61,3,1,0,1.0,345.0
70,71,62,0,1,0,0.0,1086.0
70,71,63,1,1,0,0.0,4095.0
70,71,64,2,1,1,1.0,680.0
70,71,65,1,1,0,0.0,355.0
70,71,66,0,0,1,1.0,340.0
70,71,67,0,0,1,1.0,280.0
70,71,68,3,1,1,1.0,592.0
70,71,69,2,0,0,0.0,3352.0
70,71,70,1,1,1,0.0,345.0
70,71,71,3,1,1,1.0,353.0
70,71,72,2,1,0,1.0,805.0
70,71,73,0,0,0,1.0,652.0
70,71,74,3,0,0,0.0,2230.0
70,71,75,1,1,0,0.0,875.0
70,71,76,1,1,1,0.0,361.0
70,71,77,2,0,0,0.0,1289.0
70,71,78,3,1,1,1.0,820.0
70,71,79,0,0,1,1.0,1186.0
70,71,80,2,0,0,0.0,1507.0
70,71,81,0,1,1,0.0,1069.0
70,71,82,2,1,1,1.0,1824.0
70,71,83,0,1,0,0.0,1314.0
70,71,84,3,0,1,0.0,703.0
70,71,85,1,1,0,0.0,686.0
70,71,86,3,1,1,1.0,676.0
70,71,87,1,0,1,1.0,460.0
70,71,88,3,0,0,0.0,362.0
70,71,89,1,1,0,0.0,395.0
70,71,90,0,0,1,1.0,1849.0
70,71,91,0,1,0,0.0,380.0
70,71,92,2,1,1,1.0,698.0
70,71,93,1,1,0,0.0,399.0
70,71,94,2,1,1,1.0,3314.0
70,71,95,3,0,0,0.0,503.0
70,71,96,3,1,1,1.0,343.0
70,71,97,3,1,0,1.0,363.0
70,71,98,0,1,1,0.0,408.0
70,71,99,1,0,0,1.0,353.0
70,71,100,0,1,0,0.0,533.0
70,71,101,2,1,1,1.0,457.0
70,71,102,1,1,0,0.0,674.0
70,71,103,2,1,1,1.0,735.0
70,71,104,3,0,0,0.0,946.0
70,71,105,0,1,0,0.0,222.0
70,71,106,1,1,1,0.0,684.0
70,71,107,2,1,0,1.0,669.0
70,71,108,0,1,0,0.0,419.0
70,71,109,2,1,1,1.0,1117.0
70,71,110,3,1,1,1.0,2143.0
70,71,111,1,1,0,0.0,442.0
70,71,112,3,1,0,1.0,3538.0
70,71,113,0,0,1,1.0,2899.0
70,71,114,2,1,1,1.0,2239.0
70,71,115,0,0,1,1.0,1578.0
70,71,116,2,1,1,1.0,1204.0
70,71,117,1,1,0,0.0,424.0
70,71,118,1,0,1,1.0,447.0
70,71,119,3,0,0,0.0,1078.0
71,72,1,1,0,1,0.0,1578.0
71,72,2,0,1,0,0.0,573.0
71,72,3,0,0,0,1.0,1110.0
71,72,4,2,0,0,1.0,564.0
71,72,5,1,0,0,0.0,1402.0
71,72,6,2,0,1,1.0,3195.0
71,72,7,3,0,0,0.0,2187.0
71,72,8,0,1,0,0.0,1545.0
71,72,9,3,1,1,1.0,1548.0
71,72,10,3,1,1,1.0,8341.0
71,72,11,0,0,1,1.0,1222.0
71,72,12,1,0,0,0.0,1891.0
71,72,13,1,1,0,1.0,1241.0
71,72,14,2,1,0,0.0,2235.0
71,72,15,2,0,1,1.0,892.0
71,72,16,0,1,1,0.0,1521.0
71,72,17,1,1,1,1.0,984.0
71,72,18,2,0,1,1.0,1035.0
71,72,19,3,1,0,1.0,975.0
71,72,20,0,0,1,1.0,615.0
71,72,21,3,0,0,0.0,1713.0
71,72,22,2,0,1,1.0,2533.0
71,72,23,1,1,1,1.0,1429.0
71,72,24,3,1,1,1.0,929.0
71,72,25,1,0,0,0.0,1519.0
71,72,26,3,0,0,0.0,1371.0
71,72,27,2,1,0,0.0,677.0
71,72,28,0,0,1,1.0,3459.0
71,72,29,0,1,0,0.0,750.0
71,72,30,1,0,0,0.0,670.0
71,72,31,2,1,1,0.0,697.0
71,72,32,3,0,0,0.0,1300.0
71,72,33,2,1,0,0.0,526.0
71,72,34,0,0,1,1.0,1276.0
71,72,35,3,1,1,1.0,1604.0
71,72,36,1,1,1,1.0,2143.0
71,72,37,1,1,1,1.0,917.0
71,72,38,0,0,0,1.0,682.0
71,72,39,2,1,0,0.0,1361.0
71,72,40,1,0,1,0.0,345.0
71,72,41,0,1,0,0.0,1029.0
71,72,42,1,0,0,0.0,2383.0
71,72,43,3,0,0,0.0,1225.0
71,72,44,0,1,1,0.0,1757.0
71,72,45,2,0,1,1.0,1206.0
71,72,46,2,0,0,1.0,1031.0
71,72,47,3,1,1,1.0,2325.0
71,72,48,1,0,0,0.0,2928.0
71,72,49,0,1,0,0.0,1904.0
71,72,50,2,0,1,1.0,706.0
71,72,51,1,1,1,1.0,1255.0
71,72,52,0,0,1,1.0,1349.0
71,72,53,3,0,1,0.0,724.0
71,72,54,2,1,0,0.0,1455.0
71,72,55,3,0,0,0.0,1871.0
71,72,56,3,1,0,1.0,1158.0
71,72,57,0,0,1,1.0,1095.0
71,72,58,1,1,1,1.0,1649.0
71,72,59,0,0,1,1.0,1584.0
71,72,60,2,0,1,1.0,1188.0
71,72,61,2,0,1,1.0,991.0
71,72,62,3,0,0,0.0,1938.0
71,72,63,1,1,1,1.0,2329.0
71,72,64,3,0,0,0.0,769.0
71,72,65,0,1,0,0.0,887.0
71,72,66,1,1,0,1.0,866.0
71,72,67,1,0,0,0.0,466.0
71,72,68,3,1,1,1.0,1357.0
71,72,69,2,0,1,1.0,1056.0
71,72,70,2,0,1,1.0,1292.0
71,72,71,0,0,1,1.0,1370.0
71,72,72,3,1,1,1.0,2282.0
71,72,73,2,0,1,1.0,1198.0
71,72,74,0,0,0,1.0,1179.0
71,72,75,1,1,1,1.0,1371.0
71,72,76,1,1,1,1.0,1166.0
71,72,77,3,0,0,0.0,1659.0
71,72,78,0,0,1,1.0,1403.0
71,72,79,2,1,1,0.0,1017.0
71,72,80,0,1,0,0.0,1052.0
71,72,81,0,0,1,1.0,980.0
71,72,82,2,1,0,0.0,853.0
71,72,83,1,1,0,1.0,1022.0
71,72,84,1,1,1,1.0,937.0
71,72,85,2,0,0,1.0,1232.0
71,72,86,3,1,1,1.0,2040.0
71,72,87,3,1,1,1.0,1500.0
71,72,88,3,1,1,1.0,932.0
71,72,89,1,1,1,1.0,938.0
71,72,90,0,0,1,1.0,2276.0
71,72,91,0,0,0,1.0,1473.0
71,72,92,2,0,1,1.0,2822.0
71,72,93,2,0,1,1.0,1290.0
71,72,94,3,1,0,1.0,2428.0
71,72,95,1,1,1,1.0,1013.0
71,72,96,0,0,1,1.0,1984.0
71,72,97,2,0,0,1.0,969.0
71,72,98,1,1,1,1.0,1080.0
71,72,99,1,1,1,1.0,995.0
71,72,100,2,1,0,0.0,1638.0
71,72,101,3,1,1,1.0,2317.0
71,72,102,3,1,1,1.0,2363.0
71,72,103,0,0,1,1.0,1833.0
71,72,104,2,1,0,0.0,1599.0
71,72,105,3,1,1,1.0,1413.0
71,72,106,1,1,1,1.0,1272.0
71,72,107,3,1,0,1.0,1310.0
71,72,108,2,0,1,1.0,2005.0
71,72,109,0,0,1,1.0,2837.0
71,72,110,0,0,1,1.0,1502.0
71,72,111,1,1,0,1.0,751.0
71,72,112,2,0,1,1.0,1119.0
71,72,113,3,1,1,1.0,1349.0
71,72,114,1,1,1,1.0,951.0
71,72,115,0,0,1,1.0,1169.0
71,72,116,3,1,1,1.0,1138.0
71,72,117,1,1,1,1.0,800.0
71,72,118,2,0,1,1.0,1336.0
71,72,119,0,0,1,1.0,1646.0
72,73,0,0,0,1,1.0,8141.0
72,73,1,1,0,1,0.0,792.0
72,73,2,3,0,1,1.0,937.0
72,73,3,2,0,0,0.0,1598.0
72,73,4,3,0,1,1.0,1160.0
72,73,5,0,1,0,0.0,1637.0
72,73,6,2,1,1,1.0,1518.0
72,73,7,1,0,0,0.0,1874.0
72,73,8,1,0,0,0.0,1477.0
72,73,9,2,1,1,1.0,2081.0
72,73,10,3,0,0,1.0,1846.0
72,73,11,3,0,1,1.0,993.0
72,73,12,0,0,1,1.0,4293.0
72,73,13,0,0,1,1.0,1441.0
72,73,14,2,0,0,0.0,1332.0
72,73,15,1,0,0,0.0,1257.0
72,73,16,2,1,1,1.0,1318.0
72,73,17,3,0,1,1.0,2207.0
72,73,18,0,0,1,1.0,1852.0
72,73,19,1,0,0,0.0,2923.0
72,73,20,0,1,0,0.0,1769.0
72,73,21,3,0,1,1.0,1313.0
72,73,22,1,1,0,1.0,1266.0
72,73,23,2,0,0,0.0,1599.0
72,73,24,3,0,1,1.0,940.0
72,73,25,1,1,1,1.0,1524.0
72,73,26,2,0,1,0.0,2697.0
72,73,27,0,0,1,1.0,4277.0
72,73,28,1,1,1,1.0,1407.0
72,73,29,0,0,1,1.0,2090.0
72,73,30,3,0,0,1.0,996.0
72,73,31,2,0,0,0.0,1129.0
72,73,32,2,0,1,0.0,4459.0
72,73,33,3,0,1,1.0,908.0
72,73,34,3,0,1,1.0,698.0
72,73,35,1,1,1,1.0,1209.0
72,73,36,2,0,0,0.0,1311.0
72,73,37,0,0,0,1.0,1079.0
72,73,38,1,1,1,1.0,1098.0
72,73,39,0,1,1,0.0,1272.0
72,73,40,1,1,1,1.0,1182.0
72,73,41,3,0,0,1.0,966.0
72,73,42,1,1,1,1.0,1286.0
72,73,43,3,0,1,1.0,1031.0
72,73,44,2,1,1,1.0,1691.0
72,73,45,0,1,0,0.0,1605.0
72,73,46,0,0,1,1.0,1314.0
72,73,47,2,0,0,0.0,5531.0
72,73,48,3,0,1,1.0,989.0
72,73,49,0,1,0,0.0,1024.0
72,73,50,3,0,1,1.0,820.0
72,73,51,2,0,0,0.0,1023.0
72,73,52,1,1,1,1.0,948.0
72,73,53,1,1,0,1.0,836.0
72,73,54,2,0,0,0.0,1288.0
72,73,55,0,1,0,0.0,1093.0
72,73,56,1,0,1,0.0,907.0
72,73,57,2,1,1,1.0,1137.0
72,73,58,1,1,1,1.0,1020.0
72,73,59,0,1,0,0.0,1284.0
72,73,60,2,0,0,0.0,1174.0
72,73,61,0,1,1,0.0,1661.0
72,73,62,3,0,1,1.0,821.0
72,73,63,3,0,1,1.0,2237.0
72,73,64,3,0,0,1.0,804.0
72,73,65,2,1,1,1.0,835.0
72,73,66,1,1,1,1.0,1060.0
72,73,67,0,0,1,1.0,1222.0
72,73,68,1,1,1,1.0,927.0
72,73,69,2,1,0,1.0,2129.0
72,73,70,3,0,1,1.0,878.0
72,73,71,0,0,1,1.0,935.0
72,73,72,0,0,1,1.0,2014.0
72,73,73,3,0,1,1.0,978.0
72,73,74,3,0,1,1.0,1145.0
72,73,75,2,1,1,1.0,1591.0
72,73,76,1,0,0,0.0,3433.0
72,73,77,1,1,1,1.0,1315.0
72,73,78,0,0,0,1.0,1564.0
72,73,79,2,1,1,1.0,1296.0
72,73,80,3,0,1,1.0,743.0
72,73,81,1,1,0,1.0,1435.0
72,73,82,2,0,1,0.0,706.0
72,73,83,1,1,1,1.0,982.0
72,73,84,2,0,0,0.0,2759.0
72,73,85,0,1,0,0.0,1817.0
72,73,86,3,0,1,1.0,1484.0
72,73,87,0,0,1,1.0,1324.0
72,73,88,3,0,1,1.0,787.0
72,73,89,0,0,1,1.0,1545.0
72,73,90,1,1,0,1.0,1430.0
72,73,91,3,0,0,1.0,1561.0
72,73,92,2,1,0,1.0,1152.0
72,73,93,2,0,0,0.0,1271.0
72,73,94,1,0,0,0.0,3272.0
72,73,95,0,0,1,1.0,3038.0
72,73,96,0,0,1,1.0,3809.0
72,73,97,1,1,1,1.0,1675.0
72,73,98,3,0,1,1.0,1321.0
72,73,99,1,1,1,1.0,1146.0
72,73,100,0,0,0,1.0,946.0
72,73,101,2,1,1,1.0,1646.0
72,73,102,2,1,1,1.0,1095.0
72,73,103,3,0,0,1.0,1063.0
72,73,104,0,1,0,0.0,922.0
72,73,105,3,0,1,1.0,962.0
72,73,106,2,1,1,1.0,1701.0
72,73,107,1,1,1,1.0,985.0
72,73,108,1,0,0,0.0,2331.0
72,73,109,3,0,1,1.0,1672.0
72,73,110,2,1,1,1.0,2199.0
72,73,111,0,0,1,1.0,1571.0
72,73,112,3,0,1,1.0,3367.0
72,73,113,0,0,1,1.0,1259.0
72,73,114,1,1,1,1.0,4159.0
72,73,115,3,0,1,1.0,1779.0
72,73,116,2,1,0,1.0,971.0
72,73,117,0,0,1,1.0,1709.0
72,73,118,2,0,0,0.0,1911.0
72,73,119,1,1,1,1.0,1510.0
73,74,0,1,1,0,0.0,3231.0
73,74,1,2,1,0,0.0,2724.0
73,74,2,3,1,0,1.0,396.0
73,74,3,3,0,1,0.0,2880.0
73,74,4,2,0,1,1.0,755.0
73,74,5,0,0,0,0.0,419.0
73,74,6,1,1,0,0.0,402.0
73,74,7,0,1,0,1.0,1902.0
73,74,8,1,1,0,0.0,5192.0
73,74,9,3,1,1,1.0,4153.0
73,74,10,1,0,1,1.0,1488.0
73,74,11,2,0,1,1.0,4308.0
73,74,12,0,1,1,1.0,5398.0
73,74,13,3,1,1,1.0,6373.0
73,74,14,0,1,1,1.0,5036.0
73,74,15,2,0,1,1.0,2455.0
73,74,16,1,1,0,0.0,2919.0
73,74,17,3,1,1,1.0,2688.0
73,74,18,1,0,1,1.0,1511.0
73,74,19,2,1,0,0.0,5255.0
73,74,20,0,1,1,1.0,817.0
73,74,21,3,1,1,1.0,1194.0
73,74,22,0,1,1,1.0,1024.0
73,74,23,2,0,0,1.0,946.0
73,74,24,1,0,0,1.0,1500.0
73,74,25,0,1,1,1.0,1514.0
73,74,26,1,1,1,0.0,643.0
73,74,27,3,1,1,1.0,796.0
73,74,28,0,1,1,1.0,1134.0
73,74,29,3,1,1,1.0,596.0
73,74,30,2,1,0,0.0,215.0
73,74,31,2,0,1,1.0,2248.0
73,74,32,2,0,0,1.0,2682.0
73,74,33,3,1,0,1.0,310.0
73,74,34,0,0,0,0.0,477.0
73,74,35,3,1,1,1.0,2169.0
73,74,36,1,0,1,1.0,1158.0
73,74,37,0,0,0,0.0,369.0
73,74,38,2,0,1,1.0,1874.0
73,74,39,1,1,0,0.0,1845.0
73,74,40,1,0,1,1.0,961.0
73,74,41,3,1,1,1.0,328.0
73,74,42,0,1,1,1.0,661.0
73,74,43,2,0,1,1.0,2334.0
73,74,44,1,0,1,1.0,1000.0
73,74,45,3,0,0,0.0,683.0
73,74,46,0,1,0,1.0,572.0
73,74,47,2,0,1,1.0,1453.0
73,74,48,3,1,1,1.0,930.0
73,74,49,3,0,0,0.0,280.0
73,74,50,0,0,1,0.0,544.0
73,74,51,2,0,1,1.0,38.0
73,74,52,2,0,0,1.0,176.0
73,74,53,0,0,0,0.0,1025.0
73,74,54,1,0,1,1.0,2434.0
73,74,55,1,0,0,1.0,837.0
73,74,56,3,1,1,1.0,1142.0
73,74,57,2,0,1,1.0,1702.0
73,74,58,0,1,1,1.0,4720.0
73,74,59,3,1,0,1.0,2758.0
73,74,60,1,0,1,1.0,1418.0
73,74,61,2,0,1,1.0,2134.0
73,74,62,0,0,0,0.0,1484.0
73,74,63,1,1,0,0.0,2190.0
73,74,64,3,0,0,0.0,3557.0
73,74,65,0,0,0,0.0,541.0
73,74,66,1,1,0,0.0,383.0
73,74,67,0,1,1,1.0,348.0
73,74,68,1,1,0,0.0,298.0
73,74,69,2,1,0,0.0,1688.0
73,74,70,3,1,1,1.0,3620.0
73,74,71,2,0,1,1.0,375.0
73,74,72,0,1,0,1.0,406.0
73,74,73,1,0,0,1.0,297.0
73,74,74,2,0,1,1.0,517.0
73,74,75,3,0,0,0.0,30.0
73,74,76,3,0,1,0.0,438.0
73,74,77,1,1,0,0.0,187.0
73,74,78,0,0,0,0.0,233.0
73,74,79,2,1,0,0.0,812.0
73,74,80,1,1,1,0.0,671.0
73,74,81,2,0,1,1.0,401.0
73,74,82,1,1,0,0.0,794.0
73,74,83,2,1,0,0.0,744.0
73,74,84,0,0,1,0.0,336.0
73,74,85,3,0,0,0.0,542.0
73,74,86,0,0,1,0.0,1317.0
73,74,87,3,1,1,1.0,334.0
73,74,88,0,0,0,0.0,1071.0
73,74,89,0,1,1,1.0,2079.0
73,74,90,1,1,0,0.0,1080.0
73,74,91,2,1,0,0.0,823.0
73,74,92,3,0,0,0.0,1106.0
73,74,93,3,0,0,0.0,869.0
73,74,94,1,0,1,1.0,2423.0
73,74,95,2,1,1,0.0,1228.0
73,74,96,2,1,0,0.0,1124.0
73,74,97,0,0,0,0.0,987.0
73,74,98,0,1,1,1.0,2748.0
73,74,99,3,0,0,0.0,1390.0
73,74,100,2,0,1,1.0,1378.0
73,74,101,1,0,1,1.0,1154.0
73,74,102,1,0,1,1.0,1358.0
73,74,103,3,0,0,0.0,4111.0
73,74,104,0,1,1,1.0,104.0
73,74,105,3,1,1,1.0,1486.0
73,74,106,1,1,0,0.0,903.0
73,74,107,3,1,1,1.0,979.0
73,74,108,2,0,1,1.0,1988.0
73,74,109,2,0,0,1.0,2557.0
73,74,110,1,1,0,0.0,1090.0
73,74,111,0,1,1,1.0,375.0
73,74,112,2,1,0,0.0,656.0
73,74,113,3,1,0,1.0,764.0
73,74,114,1,0,1,1.0,46.0
73,74,115,1,0,1,1.0,459.0
73,74,116,2,0,1,1.0,287.0
73,74,117,0,0,0,0.0,345.0
73,74,118,3,0,1,0.0,412.0
73,74,119,0,1,1,1.0,746.0
74,75,0,2,1,1,1.0,3005.0
74,75,1,0,0,1,1.0,1077.0
74,75,2,1,1,0,0.0,1104.0
74,75,3,0,1,0,0.0,1300.0
74,75,4,3,1,1,1.0,1077.0
74,75,5,2,0,0,0.0,1166.0
74,75,6,3,0,0,0.0,2119.0
74,75,7,1,0,0,1.0,2067.0
74,75,8,0,0,1,1.0,2452.0
74,75,9,1,1,0,0.0,1359.0
74,75,10,3,1,1,1.0,1404.0
74,75,11,0,0,1,1.0,1444.0
74,75,12,1,0,1,1.0,1282.0
74,75,13,3,1,1,1.0,1445.0
74,75,14,2,1,0,1.0,1315.0
74,75,15,2,0,0,0.0,964.0
74,75,16,0,0,1,1.0,2490.0
74,75,17,0,0,1,1.0,884.0
74,75,18,1,0,1,1.0,984.0
74,75,19,3,1,0,1.0,1849.0
74,75,20,2,0,0,0.0,1182.0
74,75,21,2,1,1,1.0,1079.0
74,75,22,1,0,1,1.0,993.0
74,75,23,3,0,0,0.0,3025.0
74,75,24,3,1,1,1.0,1328.0
74,75,25,0,0,1,1.0,995.0
74,75,26,1,0,1,1.0,990.0
74,75,27,2,1,1,1.0,1337.0
74,75,28,1,0,1,1.0,942.0
74,75,29,2,1,1,1.0,1133.0
74,75,30,3,1,1,1.0,2705.0
74,75,31,0,0,0,1.0,1695.0
74,75,32,0,1,0,0.0,3028.0
74,75,33,3,1,0,1.0,1099.0
74,75,34,1,1,0,0.0,2299.0
74,75,35,3,0,0,0.0,803.0
74,75,36,2,0,1,0.0,1547.0
74,75,37,2,1,1,1.0,2093.0
74,75,38,0,1,1,0.0,1997.0
74,75,39,1,0,0,1.0,1848.0
74,75,40,3,0,1,0.0,2262.0
74,75,41,1,0,1,1.0,2712.0
74,75,42,1,0,1,1.0,2827.0
74,75,43,0,1,0,0.0,1984.0
74,75,44,2,0,0,0.0,2510.0
74,75,45,0,0,1,1.0,3180.0
74,75,46,3,1,1,1.0,2981.0
74,75,47,2,1,0,1.0,2195.0
74,75,48,1,1,1,0.0,2186.0
74,75,49,2,0,1,0.0,1779.0
74,75,50,3,1,1,1.0,2978.0
74,75,51,1,1,1,0.0,2640.0
74,75,52,0,0,1,1.0,2057.0
74,75,53,0,1,1,0.0,2471.0
74,75,54,3,0,0,0.0,3625.0
74,75,55,2,1,1,1.0,693.0
74,75,56,3,0,0,0.0,1399.0
74,75,57,0,0,1,1.0,1941.0
74,75,58,1,0,1,1.0,2404.0
74,75,59,2,1,1,1.0,1999.0
74,75,60,2,0,0,0.0,2451.0
74,75,61,3,0,0,0.0,2173.0
74,75,62,0,1,0,0.0,2540.0
74,75,63,1,1,0,0.0,1232.0
74,75,64,2,1,1,1.0,1809.0
74,75,65,1,1,0,0.0,2363.0
74,75,66,0,1,0,0.0,1650.0
74,75,67,0,0,1,1.0,2213.0
74,75,68,3,1,1,1.0,2847.0
74,75,69,2,0,0,0.0,3292.0
74,75,70,1,0,1,1.0,827.0
74,75,71,3,0,1,0.0,854.0
74,75,72,2,0,0,0.0,835.0
74,75,73,0,0,1,1.0,902.0
74,75,74,3,0,0,0.0,1101.0
74,75,75,1,0,1,1.0,2074.0
74,75,76,1,0,0,1.0,895.0
74,75,77,2,0,0,0.0,879.0
74,75,78,3,1,1,1.0,801.0
74,75,79,0,0,0,1.0,1355.0
74,75,80,2,1,0,1.0,608.0
74,75,81,0,1,0,0.0,735.0
74,75,82,2,0,0,0.0,1326.0
74,75,83,0,1,0,0.0,441.0
74,75,84,3,0,0,0.0,486.0
74,75,85,1,0,1,1.0,1898.0
74,75,86,3,1,1,1.0,1580.0
74,75,87,1,0,1,1.0,1150.0
74,75,88,3,0,1,0.0,3990.0
74,75,89,1,1,0,0.0,1717.0
74,75,90,0,1,0,0.0,1909.0
74,75,91,0,0,1,1.0,2357.0
74,75,92,2,0,0,0.0,656.0
74,75,93,1,0,1,1.0,1496.0
74,75,94,2,0,0,0.0,3295.0
74,75,95,3,0,0,0.0,1558.0
74,75,96,3,0,0,0.0,1739.0
74,75,97,3,0,0,0.0,2475.0
74,75,98,0,0,1,1.0,4164.0
74,75,99,1,1,0,0.0,2200.0
74,75,100,0,0,1,1.0,1354.0
74,75,101,2,0,1,0.0,1214.0
74,75,102,1,0,1,1.0,869.0
74,75,103,2,0,1,0.0,1521.0
74,75,104,3,1,0,1.0,1150.0
74,75,105,0,0,0,1.0,1586.0
74,75,106,1,0,0,1.0,1467.0
74,75,107,2,0,0,0.0,1057.0
74,75,108,0,1,0,0.0,361.0
74,75,109,2,1,1,1.0,2687.0
74,75,110,3,0,0,0.0,5146.0
74,75,111,1,1,0,0.0,1451.0
74,75,112,3,1,1,1.0,25.0
74,75,113,0,0,1,1.0,1603.0
74,75,114,2,0,0,0.0,1190.0
74,75,115,0,0,1,1.0,856.0
74,75,116,2,0,0,0.0,714.0
74,75,117,1,0,1,1.0,4456.0
74,75,118,1,0,0,1.0,197.0
74,75,119,3,0,0,0.0,1517.0
75,76,0,3,0,1,0.0,1019.0
75,76,1,1,1,0,1.0,1684.0
75,76,2,0,0,0,1.0,362.0
75,76,3,0,0,1,1.0,301.0
75,76,4,2,0,0,1.0,362.0
75,76,5,1,0,1,0.0,283.0
75,76,6,2,1,0,0.0,367.0
75,76,7,3,0,0,0.0,309.0
75,76,8,0,0,1,1.0,954.0
75,76,9,3,1,1,1.0,596.0
75,76,10,3,0,0,0.0,302.0
75,76,11,0,0,1,1.0,274.0
75,76,12,1,1,1,1.0,275.0
75,76,13,1,0,0,0.0,294.0
75,76,14,2,0,1,1.0,201.0
75,76,15,2,1,0,0.0,298.0
75,76,16,0,0,1,1.0,550.0
75,76,17,1,1,1,1.0,293.0
75,76,18,2,0,1,1.0,850.0
75,76,19,3,1,1,1.0,348.0
75,76,20,0,0,0,1.0,304.0
75,76,21,3,0,0,0.0,368.0
75,76,22,2,1,1,0.0,472.0
75,76,23,1,0,0,0.0,307.0
75,76,24,3,1,0,1.0,398.0
75,76,25,1,0,0,0.0,507.0
75,76,26,3,0,0,0.0,528.0
75,76,27,2,1,0,0.0,100.0
75,76,28,0,0,1,1.0,1645.0
75,76,29,0,0,1,1.0,286.0
75,76,30,1,1,1,1.0,409.0
75,76,31,2,1,0,0.0,338.0
75,76,32,3,1,1,1.0,4414.0
75,76,33,2,0,1,1.0,1876.0
75,76,34,0,1,0,0.0,489.0
75,76,35,3,0,0,0.0,2105.0
75,76,36,1,1,1,1.0,1155.0
75,76,37,1,1,1,1.0,917.0
75,76,38,0,0,1,1.0,1351.0
75,76,39,2,1,0,0.0,1076.0
75,76,40,1,1,1,1.0,1512.0
75,76,41,0,0,1,1.0,1650.0
75,76,42,1,1,1,1.0,2208.0
75,76,43,3,0,1,0.0,2787.0
75,76,44,0,1,0,0.0,1486.0
75,76,45,2,1,1,0.0,1426.0
75,76,46,2,1,0,0.0,728.0
75,76,47,3,0,0,0.0,2046.0
75,76,48,1,1,0,1.0,1264.0
75,76,49,0,0,0,1.0,813.0
75,76,50,2,1,0,0.0,812.0
75,76,51,1,0,0,0.0,1706.0
75,76,52,0,1,1,0.0,677.0
75,76,53,3,0,0,0.0,520.0
75,76,54,2,1,0,0.0,1109.0
75,76,55,3,1,1,1.0,1916.0
75,76,56,3,1,1,1.0,3431.0
75,76,57,0,1,0,0.0,3854.0
75,76,58,1,1,1,1.0,2829.0
75,76,59,0,1,0,0.0,3670.0
75,76,60,2,1,0,0.0,2040.0
75,76,61,2,0,1,1.0,947.0
75,76,62,3,1,0,1.0,1854.0
75,76,63,1,1,1,1.0,2136.0
75,76,64,3,1,1,1.0,2719.0
75,76,65,0,0,1,1.0,3236.0
75,76,66,1,1,0,1.0,1014.0
75,76,67,1,0,1,0.0,925.0
75,76,68,3,1,1,1.0,854.0
75,76,69,2,0,1,1.0,1751.0
75,76,70,2,1,0,0.0,2729.0
75,76,71,0,0,1,1.0,1008.0
75,76,72,3,1,1,1.0,909.0
75,76,73,2,0,0,1.0,1647.0
75,76,74,0,1,1,0.0,510.0
75,76,75,1,0,0,0.0,1047.0
75,76,76,1,1,1,1.0,920.0
75,76,77,3,0,0,0.0,600.0
75,76,78,0,0,1,1.0,1054.0
75,76,79,2,1,1,0.0,532.0
75,76,80,0,0,0,1.0,417.0
75,76,81,0,1,0,0.0,1324.0
75,76,82,2,1,0,0.0,1105.0
75,76,83,1,0,0,0.0,1418.0
75,76,84,1,0,0,0.0,1906.0
75,76,85,2,1,0,0.0,2273.0
75,76,86,3,0,0,0.0,674.0
75,76,87,3,1,1,1.0,3169.0
75,76,88,3,1,1,1.0,1188.0
75,76,89,1,0,0,0.0,864.0
75,76,90,0,0,1,1.0,2122.0
75,76,91,0,0,1,1.0,543.0
75,76,92,2,1,0,0.0,1100.0
75,76,93,2,0,1,1.0,1351.0
75,76,94,3,1,0,1.0,2224.0
75,76,95,1,1,1,1.0,2771.0
75,76,96,0,0,1,1.0,711.0
75,76,97,2,1,1,0.0,942.0
75,76,98,1,1,1,1.0,1477.0
75,76,99,1,1,1,1.0,731.0
75,76,100,2,0,1,1.0,1246.0
75,76,101,3,1,1,1.0,1240.0
75,76,102,3,1,1,1.0,866.0
75,76,103,0,0,1,1.0,722.0
75,76,104,2,0,1,1.0,1317.0
75,76,105,3,1,1,1.0,1623.0
75,76,106,1,0,0,0.0,1982.0
75,76,107,3,1,0,1.0,2106.0
75,76,108,2,0,1,1.0,2478.0
75,76,109,0,0,1,1.0,878.0
75,76,110,0,0,1,1.0,642.0
75,76,111,1,1,1,1.0,1251.0
75,76,112,2,1,0,0.0,1056.0
75,76,113,3,1,1,1.0,1381.0
75,76,114,1,1,1,1.0,1606.0
75,76,115,0,0,0,1.0,908.0
75,76,116,3,1,1,1.0,1002.0
75,76,117,1,1,0,1.0,897.0
75,76,118,2,0,1,1.0,1338.0
75,76,119,0,0,1,1.0,1141.0
76,77,0,0,0,1,1.0,1745.0
76,77,1,1,0,1,0.0,1252.0
76,77,2,3,0,1,1.0,1148.0
76,77,3,2,1,1,1.0,1627.0
76,77,4,3,0,1,1.0,1341.0
76,77,5,0,0,1,1.0,669.0
76,77,6,2,1,1,1.0,1060.0
76,77,7,1,0,0,0.0,869.0
76,77,8,1,0,0,0.0,700.0
76,77,9,2,1,1,1.0,696.0
76,77,10,3,0,0,1.0,732.0
76,77,11,3,0,1,1.0,704.0
76,77,12,0,0,1,1.0,639.0
76,77,13,0,0,1,1.0,739.0
76,77,14,2,1,1,1.0,524.0
76,77,15,1,0,0,0.0,1180.0
76,77,16,2,1,1,1.0,544.0
76,77,17,3,0,1,1.0,628.0
76,77,18,0,0,1,1.0,740.0
76,77,19,1,0,0,0.0,1091.0
76,77,20,0,0,1,1.0,708.0
76,77,21,3,0,1,1.0,722.0
76,77,22,1,0,1,0.0,704.0
76,77,23,2,1,1,1.0,816.0
76,77,24,3,0,1,1.0,828.0
76,77,25,1,0,0,0.0,1143.0
76,77,26,2,1,0,1.0,728.0
76,77,27,0,0,0,1.0,505.0
76,77,28,1,0,0,0.0,740.0
76,77,29,0,0,1,1.0,527.0
76,77,30,3,0,0,1.0,770.0
76,77,31,2,1,1,1.0,734.0
76,77,32,2,1,1,1.0,1069.0
76,77,33,3,0,1,1.0,554.0
76,77,34,3,0,1,1.0,1091.0
76,77,35,1,0,0,0.0,659.0
76,77,36,2,1,0,1.0,821.0
76,77,37,0,0,1,1.0,892.0
76,77,38,1,0,1,0.0,1428.0
76,77,39,0,0,1,1.0,664.0
76,77,40,1,0,0,0.0,1592.0
76,77,41,3,0,0,1.0,734.0
76,77,42,1,1,0,1.0,646.0
76,77,43,3,0,1,1.0,704.0
76,77,44,2,1,1,1.0,769.0
76,77,45,0,0,1,1.0,744.0
76,77,46,0,0,0,1.0,1061.0
76,77,47,2,1,1,1.0,576.0
76,77,48,3,0,1,1.0,807.0
76,77,49,0,0,1,1.0,1014.0
76,77,50,3,0,1,1.0,746.0
76,77,51,2,1,1,1.0,618.0
76,77,52,1,0,0,0.0,1345.0
76,77,53,1,1,1,1.0,817.0
76,77,54,2,1,1,1.0,609.0
76,77,55,0,0,1,1.0,849.0
76,77,56,1,1,1,1.0,556.0
76,77,57,2,1,0,1.0,629.0
76,77,58,1,1,1,1.0,507.0
76,77,59,0,0,1,1.0,594.0
76,77,60,2,1,1,1.0,797.0
76,77,61,0,0,1,1.0,756.0
76,77,62,3,0,1,1.0,927.0
76,77,63,3,0,1,1.0,1113.0
76,77,64,3,0,0,1.0,695.0
76,77,65,2,1,1,1.0,729.0
76,77,66,1,0,0,0.0,686.0
76,77,67,0,0,0,1.0,600.0
76,77,68,1,1,1,1.0,719.0
76,77,69,2,1,1,1.0,657.0
76,77,70,3,0,1,1.0,802.0
76,77,71,0,1,0,0.0,493.0
76,77,72,0,0,1,1.0,610.0
76,77,73,3,0,1,1.0,795.0
76,77,74,3,0,1,1.0,1120.0
76,77,75,2,1,1,1.0,803.0
76,77,76,1,0,0,0.0,879.0
76,77,77,1,1,1,1.0,524.0
76,77,78,0,0,1,1.0,717.0
76,77,79,2,1,1,1.0,753.0
76,77,80,3,0,1,1.0,811.0
76,77,81,1,1,1,1.0,1679.0
76,77,82,2,1,0,1.0,947.0
76,77,83,1,1,1,1.0,882.0
76,77,84,2,1,1,1.0,727.0
76,77,85,0,0,1,1.0,923.0
76,77,86,3,0,1,1.0,843.0
76,77,87,0,0,1,1.0,880.0
76,77,88,3,0,1,1.0,888.0
76,77,89,0,0,1,1.0,882.0
76,77,90,1,1,0,1.0,1003.0
76,77,91,3,0,0,1.0,675.0
76,77,92,2,1,1,1.0,700.0
76,77,93,2,1,1,1.0,795.0
76,77,94,1,1,1,1.0,1209.0
76,77,95,0,0,1,1.0,1372.0
76,77,96,0,0,0,1.0,802.0
76,77,97,1,1,1,1.0,1385.0
76,77,98,3,0,1,1.0,485.0
76,77,99,1,1,1,1.0,811.0
76,77,100,0,0,0,1.0,1839.0
76,77,101,2,1,1,1.0,1122.0
76,77,102,2,1,1,1.0,530.0
76,77,103,3,0,0,1.0,769.0
76,77,104,0,0,1,1.0,610.0
76,77,105,3,0,1,1.0,568.0
76,77,106,2,1,0,1.0,678.0
76,77,107,1,1,1,1.0,945.0
76,77,108,1,1,0,1.0,813.0
76,77,109,3,0,1,1.0,1752.0
76,77,110,2,1,1,1.0,777.0
76,77,111,0,0,1,1.0,833.0
76,77,112,3,0,1,1.0,793.0
76,77,113,0,0,1,1.0,599.0
76,77,114,1,1,1,1.0,857.0
76,77,115,3,0,1,1.0,651.0
76,77,116,2,1,1,1.0,685.0
76,77,117,0,0,1,1.0,775.0
76,77,118,2,1,0,1.0,696.0
76,77,119,1,1,0,1.0,1461.0
77,78,0,1,1,0,0.0,2572.0
77,78,1,2,1,0,0.0,1179.0
77,78,2,3,1,0,1.0,666.0
77,78,3,3,0,1,0.0,1048.0
77,78,4,2,0,1,1.0,1084.0
77,78,5,0,1,0,1.0,2024.0
77,78,6,1,1,0,0.0,814.0
77,78,7,0,0,0,0.0,887.0
77,78,8,1,0,1,1.0,707.0
77,78,9,3,1,1,1.0,1748.0
77,78,10,1,0,1,1.0,1327.0
77,78,11,2,1,0,0.0,1766.0
77,78,12,0,1,1,1.0,1323.0
77,78,13,3,0,0,0.0,1508.0
77,78,14,0,1,1,1.0,2087.0
77,78,15,2,0,1,1.0,1582.0
77,78,16,1,0,0,1.0,1252.0
77,78,17,3,1,1,1.0,1399.0
77,78,18,1,1,0,0.0,1356.0
77,78,19,2,0,1,1.0,948.0
77,78,20,0,1,1,1.0,1851.0
77,78,21,3,1,1,1.0,1650.0
77,78,22,0,1,1,1.0,1969.0
77,78,23,2,0,0,1.0,1518.0
77,78,24,1,0,1,1.0,1144.0
77,78,25,0,1,1,1.0,627.0
77,78,26,1,1,0,0.0,2007.0
77,78,27,3,1,1,1.0,1904.0
77,78,28,0,1,1,1.0,839.0
77,78,29,3,1,1,1.0,1941.0
77,78,30,2,0,1,1.0,2259.0
77,78,31,2,0,0,1.0,993.0
77,78,32,2,0,1,1.0,1474.0
77,78,33,3,1,1,1.0,1247.0
77,78,34,0,1,1,1.0,758.0
77,78,35,3,1,0,1.0,1763.0
77,78,36,1,0,1,1.0,1475.0
77,78,37,0,1,0,1.0,859.0
77,78,38,2,0,1,1.0,885.0
77,78,39,1,1,1,0.0,864.0
77,78,40,1,0,1,1.0,903.0
77,78,41,3,0,0,0.0,1120.0
77,78,42,0,1,1,1.0,678.0
77,78,43,2,0,1,1.0,2334.0
77,78,44,1,0,1,1.0,1846.0
77,78,45,3,1,1,1.0,1015.0
77,78,46,0,1,1,1.0,1296.0
77,78,47,2,0,1,1.0,985.0
77,78,48,3,1,1,1.0,1384.0
77,78,49,3,1,1,1.0,1156.0
77,78,50,0,1,0,1.0,3001.0
77,78,51,2,0,0,1.0,887.0
77,78,52,2,0,1,1.0,2218.0
77,78,53,0,1,1,1.0,1660.0
77,78,54,1,0,0,1.0,1698.0
77,78,55,1,0,1,1.0,1298.0
77,78,56,3,1,1,1.0,972.0
77,78,57,2,0,1,1.0,2912.0
77,78,58,0,1,1,1.0,1018.0
77,78,59,3,0,0,0.0,1285.0
77,78,60,1,0,0,1.0,1591.0
77,78,61,2,0,1,1.0,742.0
77,78,62,0,1,1,1.0,1402.0
77,78,63,1,0,1,1.0,1436.0
77,78,64,3,1,0,1.0,762.0
77,78,65,0,1,1,1.0,1007.0
77,78,66,1,0,1,1.0,1565.0
77,78,67,0,1,1,1.0,1364.0
77,78,68,1,0,1,1.0,835.0
77,78,69,2,0,1,1.0,1379.0
77,78,70,3,1,1,1.0,1330.0
77,78,71,2,0,1,1.0,1125.0
77,78,72,0,1,1,1.0,874.0
77,78,73,1,0,1,1.0,1206.0
77,78,74,2,1,0,0.0,2237.0
77,78,75,3,1,1,1.0,864.0
77,78,76,3,1,1,1.0,1443.0
77,78,77,1,0,1,1.0,1653.0
77,78,78,0,1,0,1.0,1050.0
77,78,79,2,0,1,1.0,812.0
77,78,80,1,0,0,1.0,1047.0
77,78,81,2,0,1,1.0,1002.0
77,78,82,1,1,0,0.0,785.0
77,78,83,2,0,0,1.0,845.0
77,78,84,0,1,1,1.0,531.0
77,78,85,3,1,1,1.0,1231.0
77,78,86,0,1,1,1.0,765.0
77,78,87,3,1,0,1.0,788.0
77,78,88,0,1,0,1.0,798.0
77,78,89,0,1,1,1.0,609.0
77,78,90,1,0,1,1.0,836.0
77,78,91,2,0,1,1.0,877.0
77,78,92,3,1,1,1.0,1470.0
77,78,93,3,1,1,1.0,723.0
77,78,94,1,0,1,1.0,2002.0
77,78,95,2,0,0,1.0,748.0
77,78,96,2,1,0,0.0,1019.0
77,78,97,0,1,1,1.0,745.0
77,78,98,0,1,0,1.0,1073.0
77,78,99,3,1,1,1.0,806.0
77,78,100,2,0,1,1.0,876.0
77,78,101,1,0,1,1.0,1377.0
77,78,102,1,1,0,0.0,1402.0
77,78,103,3,1,1,1.0,880.0
77,78,104,0,1,1,1.0,746.0
77,78,105,3,1,1,1.0,906.0
77,78,106,1,0,1,1.0,923.0
77,78,107,3,1,0,1.0,1117.0
77,78,108,2,0,1,1.0,933.0
77,78,109,2,0,1,1.0,813.0
77,78,110,1,0,0,1.0,1729.0
77,78,111,0,1,1,1.0,1235.0
77,78,112,2,0,1,1.0,713.0
77,78,113,3,1,0,1.0,718.0
77,78,114,1,0,1,1.0,1012.0
77,78,115,1,0,1,1.0,2129.0
77,78,116,2,0,1,1.0,837.0
77,78,117,0,1,1,1.0,794.0
77,78,118,3,1,1,1.0,1109.0
77,78,119,0,1,1,1.0,1129.0
78,79,0,2,0,0,0.0,1431.0
78,79,1,0,1,0,0.0,1693.0
78,79,2,1,0,0,1.0,1086.0
78,79,3,0,0,1,1.0,2915.0
78,79,4,3,1,1,1.0,1684.0
78,79,5,2,1,1,1.0,1288.0
78,79,6,3,1,1,1.0,1120.0
78,79,7,1,0,1,1.0,581.0
78,79,8,0,0,1,1.0,622.0
78,79,9,1,0,1,1.0,1600.0
78,79,10,3,0,0,0.0,2144.0
78,79,11,0,0,1,1.0,977.0
78,79,12,1,0,1,1.0,829.0
78,79,13,3,1,1,1.0,887.0
78,79,14,2,0,0,0.0,1150.0
78,79,15,2,1,0,1.0,1308.0
78,79,16,0,0,1,1.0,1294.0
78,79,17,0,0,1,1.0,3087.0
78,79,18,1,0,1,1.0,802.0
78,79,19,3,1,0,1.0,1546.0
78,79,20,2,1,1,1.0,1137.0
78,79,21,2,1,1,1.0,866.0
78,79,22,1,0,1,1.0,829.0
78,79,23,3,1,1,1.0,3665.0
78,79,24,3,1,1,1.0,1934.0
78,79,25,0,0,1,1.0,1319.0
78,79,26,1,0,0,1.0,1104.0
78,79,27,2,1,1,1.0,1394.0
78,79,28,1,0,1,1.0,1795.0
78,79,29,2,1,1,1.0,1101.0
78,79,30,3,1,0,1.0,3639.0
78,79,31,0,0,0,1.0,1118.0
78,79,32,0,0,1,1.0,5149.0
78,79,33,3,1,1,1.0,709.0
78,79,34,1,0,1,1.0,994.0
78,79,35,3,1,1,1.0,1164.0
78,79,36,2,1,0,1.0,1216.0
78,79,37,2,1,1,1.0,677.0
78,79,38,0,0,1,1.0,1498.0
78,79,39,1,0,1,1.0,764.0
78,79,40,3,1,1,1.0,1101.0
78,79,41,1,0,1,1.0,1766.0
78,79,42,1,0,1,1.0,998.0
78,79,43,0,0,1,1.0,657.0
78,79,44,2,1,1,1.0,959.0
78,79,45,0,0,1,1.0,866.0
78,79,46,3,1,1,1.0,745.0
78,79,47,2,1,1,1.0,1206.0
78,79,48,1,0,0,1.0,1644.0
78,79,49,2,1,0,1.0,1081.0
78,79,50,3,1,1,1.0,2330.0
78,79,51,1,0,1,1.0,778.0
78,79,52,0,0,1,1.0,1259.0
78,79,53,0,0,0,1.0,1068.0
78,79,54,3,1,0,1.0,987.0
78,79,55,2,1,1,1.0,997.0
78,79,56,3,1,1,1.0,1088.0
78,79,57,0,0,1,1.0,1098.0
78,79,58,1,0,1,1.0,1353.0
78,79,59,2,1,1,1.0,1399.0
78,79,60,2,1,1,1.0,860.0
78,79,61,3,1,0,1.0,1116.0
78,79,62,0,0,1,1.0,774.0
78,79,63,1,0,1,1.0,2600.0
78,79,64,2,1,1,1.0,798.0
78,79,65,1,0,1,1.0,974.0
78,79,66,0,0,1,1.0,696.0
78,79,67,0,0,0,1.0,686.0
78,79,68,3,1,1,1.0,1155.0
78,79,69,2,1,1,1.0,1335.0
78,79,70,1,0,0,1.0,742.0
78,79,71,3,1,1,1.0,1316.0
78,79,72,2,1,0,1.0,2654.0
78,79,73,0,0,1,1.0,1288.0
78,79,74,3,1,1,1.0,1058.0
78,79,75,1,0,1,1.0,1892.0
78,79,76,1,0,0,1.0,1861.0
78,79,77,2,1,1,1.0,1196.0
78,79,78,3,1,1,1.0,1075.0
78,79,79,0,0,1,1.0,1022.0
78,79,80,2,1,1,1.0,839.0
78,79,81,0,0,1,1.0,948.0
78,79,82,2,1,1,1.0,980.0
78,79,83,0,0,0,1.0,1813.0
78,79,84,3,1,0,1.0,682.0
78,79,85,1,0,1,1.0,1883.0
78,79,86,3,1,1,1.0,1528.0
78,79,87,1,0,1,1.0,1111.0
78,79,88,3,1,1,1.0,1490.0
78,79,89,1,0,1,1.0,1419.0
78,79,90,0,0,1,1.0,3706.0
78,79,91,0,0,1,1.0,2638.0
78,79,92,2,1,1,1.0,738.0
78,79,93,1,0,1,1.0,802.0
78,79,94,2,1,1,1.0,2291.0
78,79,95,3,1,1,1.0,883.0
78,79,96,3,1,1,1.0,497.0
78,79,97,3,1,1,1.0,709.0
78,79,98,0,0,1,1.0,1088.0
78,79,99,1,0,1,1.0,1171.0
78,79,100,0,0,1,1.0,750.0
78,79,101,2,1,0,1.0,864.0
78,79,102,1,0,1,1.0,841.0
78,79,103,2,1,1,1.0,887.0
78,79,104,3,1,0,1.0,1563.0
78,79,105,0,0,1,1.0,1265.0
78,79,106,1,0,1,1.0,665.0
78,79,107,2,1,1,1.0,756.0
78,79,108,0,0,0,1.0,837.0
78,79,109,2,1,1,1.0,1796.0
78,79,110,3,1,1,1.0,773.0
78,79,111,1,0,1,1.0,545.0
78,79,112,3,1,1,1.0,660.0
78,79,113,0,0,1,1.0,708.0
78,79,114,2,1,1,1.0,456.0
78,79,115,0,0,1,1.0,476.0
78,79,116,2,1,0,1.0,1146.0
78,79,117,1,0,0,1.0,620.0
78,79,118,1,0,0,1.0,597.0
78,79,119,3,1,1,1.0,712.0
79,80,0,3,0,1,0.0,8476.0
79,80,1,1,1,0,1.0,7224.0
79,80,2,0,0,0,1.0,1270.0
79,80,3,0,1,0,0.0,2334.0
79,80,4,2,0,0,1.0,1243.0
79,80,5,1,0,1,0.0,3028.0
79,80,6,2,1,0,0.0,1697.0
79,80,7,3,0,0,0.0,800.0
79,80,8,0,0,1,1.0,2537.0
79,80,9,3,1,1,1.0,1732.0
79,80,10,3,0,0,0.0,1794.0
79,80,11,0,0,1,1.0,2876.0
79,80,12,1,0,0,0.0,1424.0
79,80,13,1,0,0,0.0,1221.0
79,80,14,2,1,0,0.0,1281.0
79,80,15,2,1,1,0.0,2119.0
79,80,16,0,1,0,0.0,6786.0
79,80,17,1,0,0,0.0,1221.0
79,80,18,2,1,0,0.0,594.0
79,80,19,3,0,0,0.0,777.0
79,80,20,0,1,1,0.0,1193.0
79,80,21,3,0,0,0.0,1478.0
79,80,22,2,0,1,1.0,1685.0
79,80,23,1,0,0,0.0,2440.0
79,80,24,3,1,1,1.0,960.0
79,80,25,1,0,1,0.0,1325.0
79,80,26,3,0,0,0.0,4845.0
79,80,27,2,1,0,0.0,606.0
79,80,28,0,0,1,1.0,743.0
79,80,29,0,0,1,1.0,1368.0
79,80,30,1,1,1,1.0,1086.0
79,80,31,2,1,0,0.0,1852.0
79,80,32,3,1,0,1.0,3882.0
79,80,33,2,0,1,1.0,1380.0
79,80,34,0,1,0,0.0,1169.0
79,80,35,3,0,1,0.0,632.0
79,80,36,1,1,1,1.0,789.0
79,80,37,1,1,1,1.0,899.0
79,80,38,0,0,0,1.0,1508.0
79,80,39,2,0,1,1.0,1688.0
79,80,40,1,1,1,1.0,636.0
79,80,41,0,1,0,0.0,1405.0
79,80,42,1,1,1,1.0,1150.0
79,80,43,3,0,0,0.0,1163.0
79,80,44,0,1,1,0.0,466.0
79,80,45,2,0,1,1.0,338.0
79,80,46,2,1,1,0.0,355.0
79,80,47,3,0,0,0.0,383.0
79,80,48,1,1,1,1.0,377.0
79,80,49,0,0,1,1.0,387.0
79,80,50,2,1,0,0.0,276.0
79,80,51,1,0,0,0.0,422.0
79,80,52,0,1,0,0.0,362.0
79,80,53,3,1,1,1.0,1806.0
79,80,54,2,0,1,1.0,408.0
79,80,55,3,1,1,1.0,379.0
79,80,56,3,1,1,1.0,365.0
79,80,57,0,0,1,1.0,500.0
79,80,58,1,1,1,1.0,327.0
79,80,59,0,0,1,1.0,279.0
79,80,60,2,0,0,1.0,358.0
79,80,61,2,1,0,0.0,707.0
79,80,62,3,0,0,0.0,548.0
79,80,63,1,0,0,0.0,2837.0
79,80,64,3,0,0,0.0,393.0
79,80,65,0,1,0,0.0,945.0
79,80,66,1,1,0,1.0,1115.0
79,80,67,1,1,1,1.0,1099.0
79,80,68,3,0,0,0.0,548.0
79,80,69,2,1,0,0.0,315.0
79,80,70,2,0,1,1.0,299.0
79,80,71,0,1,0,0.0,874.0
79,80,72,3,1,0,1.0,4029.0
79,80,73,2,1,0,0.0,2808.0
79,80,74,0,0,1,1.0,720.0
79,80,75,1,1,1,1.0,1347.0
79,80,76,1,0,0,0.0,1729.0
79,80,77,3,1,1,1.0,1034.0
79,80,78,0,0,0,1.0,383.0
79,80,79,2,1,0,0.0,470.0
79,80,80,0,1,0,0.0,346.0
79,80,81,0,1,1,0.0,421.0
79,80,82,2,0,1,1.0,474.0
79,80,83,1,1,0,1.0,406.0
79,80,84,1,0,0,0.0,619.0
79,80,85,2,0,1,1.0,776.0
79,80,86,3,1,1,1.0,383.0
79,80,87,3,1,1,1.0,400.0
79,80,88,3,0,0,0.0,489.0
79,80,89,1,1,1,1.0,437.0
79,80,90,0,1,0,0.0,497.0
79,80,91,0,0,1,1.0,377.0
79,80,92,2,1,1,0.0,334.0
79,80,93,2,1,0,0.0,442.0
79,80,94,3,1,1,1.0,1299.0
79,80,95,1,0,0,0.0,368.0
79,80,96,0,0,1,1.0,400.0
79,80,97,2,0,1,1.0,567.0
79,80,98,1,0,0,0.0,470.0
79,80,99,1,0,0,0.0,181.0
79,80,100,2,1,0,0.0,299.0
79,80,101,3,1,1,1.0,1369.0
79,80,102,3,0,1,0.0,743.0
79,80,103,0,0,1,1.0,394.0
79,80,104,2,1,0,0.0,597.0
79,80,105,3,0,0,0.0,114.0
79,80,106,1,0,1,0.0,1076.0
79,80,107,3,1,0,1.0,419.0
79,80,108,2,0,1,1.0,1445.0
79,80,109,0,1,0,0.0,1289.0
79,80,110,0,0,0,1.0,1628.0
79,80,111,1,1,1,1.0,1889.0
79,80,112,2,0,1,1.0,1385.0
79,80,113,3,0,1,0.0,1354.0
79,80,114,1,1,1,1.0,1362.0
79,80,115,0,0,1,1.0,1181.0
79,80,116,3,1,1,1.0,1308.0
79,80,117,1,0,0,0.0,933.0
79,80,118,2,0,0,1.0,1609.0
79,80,119,0,1,0,0.0,1037.0
80,81,0,0,0,1,1.0,2267.0
80,81,1,1,1,0,1.0,1032.0
80,81,2,3,0,1,1.0,770.0
80,81,3,2,1,1,1.0,989.0
80,81,4,3,0,1,1.0,760.0
80,81,5,0,0,1,1.0,800.0
80,81,6,2,1,1,1.0,3046.0
80,81,7,1,0,1,0.0,999.0
80,81,8,1,0,0,0.0,597.0
80,81,9,2,1,1,1.0,531.0
80,81,10,3,0,0,1.0,547.0
80,81,11,3,0,1,1.0,1045.0
80,81,12,0,1,0,0.0,850.0
80,81,13,0,0,1,1.0,743.0
80,81,14,2,1,1,1.0,1547.0
80,81,15,1,0,0,0.0,789.0
80,81,16,2,1,1,1.0,782.0
80,81,17,3,0,1,1.0,789.0
80,81,18,0,0,1,1.0,1132.0
80,81,19,1,0,0,0.0,1109.0
80,81,20,0,0,1,1.0,5772.0
80,81,21,3,0,1,1.0,774.0
80,81,22,1,0,0,0.0,958.0
80,81,23,2,1,1,1.0,891.0
80,81,24,3,0,1,1.0,706.0
80,81,25,1,1,1,1.0,1179.0
80,81,26,2,0,0,0.0,989.0
80,81,27,0,0,1,1.0,927.0
80,81,28,1,1,1,1.0,1454.0
80,81,29,0,0,0,1.0,638.0
80,81,30,3,1,0,0.0,1066.0
80,81,31,2,1,0,1.0,929.0
80,81,32,2,1,1,1.0,1547.0
80,81,33,3,0,0,1.0,948.0
80,81,34,3,1,0,0.0,928.0
80,81,35,1,0,1,0.0,692.0
80,81,36,2,1,1,1.0,1105.0
80,81,37,0,0,1,1.0,951.0
80,81,38,1,0,0,0.0,919.0
80,81,39,0,1,0,0.0,652.0
80,81,40,1,0,0,0.0,629.0
80,81,41,3,1,0,0.0,722.0
80,81,42,1,0,0,0.0,700.0
80,81,43,3,0,1,1.0,873.0
80,81,44,2,1,0,1.0,1672.0
80,81,45,0,0,1,1.0,641.0
80,81,46,0,0,1,1.0,796.0
80,81,47,2,1,1,1.0,1009.0
80,81,48,3,0,1,1.0,686.0
80,81,49,0,0,1,1.0,1099.0
80,81,50,3,0,0,1.0,821.0
80,81,51,2,1,1,1.0,1063.0
80,81,52,1,0,1,0.0,901.0
80,81,53,1,0,0,0.0,1607.0
80,81,54,2,1,1,1.0,606.0
80,81,55,0,0,0,1.0,1053.0
80,81,56,1,0,0,0.0,934.0
80,81,57,2,1,1,1.0,807.0
80,81,58,1,1,1,1.0,987.0
80,81,59,0,0,1,1.0,621.0
80,81,60,2,1,0,1.0,742.0
80,81,61,0,0,1,1.0,656.0
80,81,62,3,0,1,1.0,811.0
80,81,63,3,0,1,1.0,1221.0
80,81,64,3,1,1,0.0,601.0
80,81,65,2,1,1,1.0,791.0
80,81,66,1,0,0,0.0,1297.0
80,81,67,0,1,1,0.0,1489.0
80,81,68,1,1,1,1.0,1835.0
80,81,69,2,1,1,1.0,1175.0
80,81,70,3,0,1,1.0,765.0
80,81,71,0,0,1,1.0,999.0
80,81,72,0,0,1,1.0,644.0
80,81,73,3,0,1,1.0,880.0
80,81,74,3,0,1,1.0,558.0
80,81,75,2,1,1,1.0,1567.0
80,81,76,1,1,1,1.0,1144.0
80,81,77,1,1,1,1.0,960.0
80,81,78,0,0,0,1.0,945.0
80,81,79,2,1,1,1.0,1491.0
80,81,80,3,0,0,1.0,639.0
80,81,81,1,1,1,1.0,807.0
80,81,82,2,0,0,0.0,1134.0
80,81,83,1,1,0,1.0,1016.0
80,81,84,2,1,1,1.0,455.0
80,81,85,0,1,0,0.0,1050.0
80,81,86,3,0,1,1.0,4483.0
80,81,87,0,0,1,1.0,1054.0
80,81,88,3,1,0,0.0,2969.0
80,81,89,0,0,1,1.0,585.0
80,81,90,1,1,1,1.0,2557.0
80,81,91,3,0,1,1.0,942.0
80,81,92,2,1,0,1.0,783.0
80,81,93,2,1,1,1.0,978.0
80,81,94,1,1,1,1.0,2373.0
80,81,95,0,1,0,0.0,559.0
80,81,96,0,1,0,0.0,1741.0
80,81,97,1,1,1,1.0,1099.0
80,81,98,3,0,1,1.0,1157.0
80,81,99,1,0,0,0.0,673.0
80,81,100,0,0,1,1.0,750.0
80,81,101,2,1,1,1.0,727.0
80,81,102,2,1,1,1.0,880.0
80,81,103,3,0,1,1.0,2703.0
80,81,104,0,0,1,1.0,1088.0
80,81,105,3,0,1,1.0,732.0
80,81,106,2,1,1,1.0,773.0
80,81,107,1,0,0,0.0,902.0
80,81,108,1,1,1,1.0,732.0
80,81,109,3,0,1,1.0,1266.0
80,81,110,2,1,1,1.0,1095.0
80,81,111,0,0,1,1.0,722.0
80,81,112,3,0,0,1.0,875.0
80,81,113,0,0,1,1.0,801.0
80,81,114,1,0,0,0.0,2230.0
80,81,115,3,0,1,1.0,2676.0
80,81,116,2,1,0,1.0,866.0
80,81,117,0,0,0,1.0,630.0
80,81,118,2,1,1,1.0,1667.0
80,81,119,1,0,1,0.0,1098.0
81,82,0,1,1,0,0.0,3127.0
81,82,1,2,1,0,0.0,1810.0
81,82,2,3,0,1,0.0,998.0
81,82,3,3,0,0,0.0,912.0
81,82,4,2,0,1,1.0,1012.0
81,82,5,0,1,0,1.0,3409.0
81,82,6,1,0,1,1.0,994.0
81,82,7,0,1,1,1.0,1951.0
81,82,8,1,0,1,1.0,892.0
81,82,9,3,0,0,0.0,1374.0
81,82,10,1,0,0,1.0,957.0
81,82,11,2,0,1,1.0,1372.0
81,82,12,0,1,1,1.0,1836.0
81,82,13,3,1,0,1.0,1770.0
81,82,14,0,0,0,0.0,2525.0
81,82,15,2,1,0,0.0,2066.0
81,82,16,1,0,1,1.0,677.0
81,82,17,3,0,0,0.0,1247.0
81,82,18,1,0,1,1.0,3621.0
81,82,19,2,0,1,1.0,3740.0
81,82,20,0,0,0,0.0,2964.0
81,82,21,3,0,0,0.0,2359.0
81,82,22,0,1,1,1.0,1411.0
81,82,23,2,0,0,1.0,1025.0
81,82,24,1,0,1,1.0,889.0
81,82,25,0,0,0,0.0,1469.0
81,82,26,1,0,1,1.0,2857.0
81,82,27,3,1,1,1.0,1408.0
81,82,28,0,1,1,1.0,1732.0
81,82,29,3,0,1,0.0,1780.0
81,82,30,2,0,1,1.0,1303.0
81,82,31,2,1,0,0.0,824.0
81,82,32,2,0,0,1.0,2672.0
81,82,33,3,1,1,1.0,1549.0
81,82,34,0,1,1,1.0,1433.0
81,82,35,3,0,0,0.0,1348.0
81,82,36,1,0,0,1.0,900.0
81,82,37,0,1,1,1.0,1559.0
81,82,38,2,0,1,1.0,2449.0
81,82,39,1,1,0,0.0,1144.0
81,82,40,1,0,1,1.0,1046.0
81,82,41,3,1,1,1.0,1410.0
81,82,42,0,1,1,1.0,1266.0
81,82,43,2,1,0,0.0,3111.0
81,82,44,1,1,0,0.0,1489.0
81,82,45,3,1,1,1.0,1212.0
81,82,46,0,1,0,1.0,1013.0
81,82,47,2,0,1,1.0,1108.0
81,82,48,3,1,1,1.0,815.0
81,82,49,3,0,0,0.0,1473.0
81,82,50,0,1,1,1.0,2303.0
81,82,51,2,0,1,1.0,1881.0
81,82,52,2,0,1,1.0,2089.0
81,82,53,0,1,1,1.0,1771.0
81,82,54,1,1,0,0.0,1052.0
81,82,55,1,0,0,1.0,760.0
81,82,56,3,1,1,1.0,849.0
81,82,57,2,0,0,1.0,2162.0
81,82,58,0,1,0,1.0,836.0
81,82,59,3,1,0,1.0,794.0
81,82,60,1,0,1,1.0,3005.0
81,82,61,2,0,1,1.0,881.0
81,82,62,0,0,1,0.0,3021.0
81,82,63,1,0,1,1.0,2927.0
81,82,64,3,1,1,1.0,760.0
81,82,65,0,1,1,1.0,1599.0
81,82,66,1,0,1,1.0,1238.0
81,82,67,0,1,1,1.0,1065.0
81,82,68,1,0,1,1.0,853.0
81,82,69,2,0,1,1.0,1689.0
81,82,70,3,1,1,1.0,1038.0
81,82,71,2,0,1,1.0,2572.0
81,82,72,0,1,1,1.0,1346.0
81,82,73,1,0,1,1.0,2498.0
81,82,74,2,0,1,1.0,1237.0
81,82,75,3,1,1,1.0,888.0
81,82,76,3,1,1,1.0,909.0
81,82,77,1,0,0,1.0,941.0
81,82,78,0,0,0,0.0,2814.0
81,82,79,2,0,1,1.0,1219.0
81,82,80,1,0,1,1.0,1081.0
81,82,81,2,0,1,1.0,1130.0
81,82,82,1,0,1,1.0,1168.0
81,82,83,2,0,1,1.0,2121.0
81,82,84,0,1,1,1.0,1085.0
81,82,85,3,1,0,1.0,728.0
81,82,86,0,1,1,1.0,1439.0
81,82,87,3,1,1,1.0,798.0
81,82,88,0,1,1,1.0,2230.0
81,82,89,0,1,0,1.0,1492.0
81,82,90,1,0,1,1.0,620.0
81,82,91,2,0,0,1.0,1387.0
81,82,92,3,1,1,1.0,1737.0
81,82,93,3,1,1,1.0,778.0
81,82,94,1,0,1,1.0,2096.0
81,82,95,2,0,1,1.0,1365.0
81,82,96,2,0,0,1.0,545.0
81,82,97,0,1,1,1.0,2062.0
81,82,98,0,1,1,1.0,601.0
81,82,99,3,1,1,1.0,1030.0
81,82,100,2,0,1,1.0,1697.0
81,82,101,1,0,0,1.0,1107.0
81,82,102,1,0,1,1.0,653.0
81,82,103,3,1,0,1.0,828.0
81,82,104,0,1,0,1.0,1919.0
81,82,105,3,1,1,1.0,699.0
81,82,106,1,0,1,1.0,820.0
81,82,107,3,1,1,1.0,745.0
81,82,108,2,0,1,1.0,1031.0
81,82,109,2,0,1,1.0,1171.0
81,82,110,1,0,1,1.0,1003.0
81,82,111,0,1,1,1.0,1672.0
81,82,112,2,0,1,1.0,862.0
81,82,113,3,1,1,1.0,1188.0
81,82,114,1,0,1,1.0,1018.0
81,82,115,1,0,1,1.0,1414.0
81,82,116,2,0,1,1.0,1317.0
81,82,117,0,0,0,0.0,2172.0
81,82,118,3,1,1,1.0,2987.0
81,82,119,0,1,1,1.0,2793.0
82,83,0,2,0,0,0.0,2633.0
82,83,1,0,1,0,0.0,1727.0
82,83,2,1,0,0,1.0,2443.0
82,83,3,0,0,1,1.0,1005.0
82,83,4,3,0,0,0.0,1955.0
82,83,5,2,1,1,1.0,4055.0
82,83,6,3,0,0,0.0,4463.0
82,83,7,1,1,0,0.0,2683.0
82,83,8,0,0,1,1.0,3905.0
82,83,9,1,0,1,1.0,4183.0
82,83,10,3,0,0,0.0,1841.0
82,83,11,0,0,1,1.0,1291.0
82,83,12,1,0,1,1.0,2284.0
82,83,13,3,1,1,1.0,3073.0
82,83,14,2,1,0,1.0,2774.0
82,83,15,2,0,0,0.0,882.0
82,83,16,0,0,1,1.0,1109.0
82,83,17,0,1,0,0.0,1054.0
82,83,18,1,0,1,1.0,1924.0
82,83,19,3,0,1,0.0,1060.0
82,83,20,2,1,1,1.0,1409.0
82,83,21,2,1,1,1.0,4596.0
82,83,22,1,0,1,1.0,1157.0
82,83,23,3,1,1,1.0,3047.0
82,83,24,3,0,0,0.0,3973.0
82,83,25,0,0,1,1.0,954.0
82,83,26,1,0,1,1.0,2649.0
82,83,27,2,1,1,1.0,2721.0
82,83,28,1,0,0,1.0,1157.0
82,83,29,2,0,0,0.0,1500.0
82,83,30,3,0,0,0.0,1173.0
82,83,31,0,1,1,0.0,926.0
82,83,32,0,0,1,1.0,2666.0
82,83,33,3,0,0,0.0,1252.0
82,83,34,1,0,1,1.0,2380.0
82,83,35,3,1,1,1.0,1485.0
82,83,36,2,1,1,1.0,2396.0
82,83,37,2,1,0,1.0,2486.0
82,83,38,0,0,0,1.0,3504.0
82,83,39,1,1,0,0.0,766.0
82,83,40,3,1,0,1.0,2028.0
82,83,41,1,0,1,1.0,2870.0
82,83,42,1,1,0,0.0,2021.0
82,83,43,0,1,0,0.0,1360.0
82,83,44,2,1,1,1.0,1291.0
82,83,45,0,0,1,1.0,769.0
82,83,46,3,1,1,1.0,1417.0
82,83,47,2,1,1,1.0,1834.0
82,83,48,1,0,1,1.0,2362.0
82,83,49,2,1,1,1.0,2996.0
82,83,50,3,1,1,1.0,1859.0
82,83,51,1,0,1,1.0,3684.0
82,83,52,0,1,1,0.0,3397.0
82,83,53,0,0,1,1.0,2021.0
82,83,54,3,1,0,1.0,1874.0
82,83,55,2,0,1,0.0,1194.0
82,83,56,3,0,1,0.0,2861.0
82,83,57,0,1,0,0.0,2482.0
82,83,58,1,1,1,0.0,2342.0
82,83,59,2,1,0,1.0,2067.0
82,83,60,2,1,1,1.0,2814.0
82,83,61,3,0,0,0.0,2409.0
82,83,62,0,0,1,1.0,2538.0
82,83,63,1,1,1,0.0,1277.0
82,83,64,2,1,1,1.0,2535.0
82,83,65,1,0,1,1.0,4067.0
82,83,66,0,0,1,1.0,1778.0
82,83,67,0,1,0,0.0,1238.0
82,83,68,3,1,1,1.0,8000.0
82,83,69,2,1,1,1.0,2323.0
82,83,70,1,0,0,1.0,1714.0
82,83,71,3,0,0,0.0,2815.0
82,83,72,2,1,1,1.0,2298.0
82,83,73,0,0,1,1.0,2858.0
82,83,74,3,1,1,1.0,1285.0
82,83,75,1,1,0,0.0,1719.0
82,83,76,1,0,1,1.0,4750.0
82,83,77,2,1,1,1.0,1443.0
82,83,78,3,1,1,1.0,2625.0
82,83,79,0,0,0,1.0,1566.0
82,83,80,2,0,0,0.0,1880.0
82,83,81,0,1,0,0.0,1411.0
82,83,82,2,1,0,1.0,2409.0
82,83,83,0,0,1,1.0,2116.0
82,83,84,3,0,1,0.0,4774.0
82,83,85,1,1,0,0.0,1355.0
82,83,86,3,0,0,0.0,870.0
82,83,87,1,1,0,0.0,671.0
82,83,88,3,1,1,1.0,1858.0
82,83,89,1,0,1,1.0,1117.0
82,83,90,0,0,1,1.0,1109.0
82,83,91,0,0,1,1.0,1391.0
82,83,92,2,1,1,1.0,1611.0
82,83,93,1,0,1,1.0,1228.0
82,83,94,2,1,1,1.0,2784.0
82,83,95,3,0,0,0.0,1732.0
82,83,96,3,0,0,0.0,2702.0
82,83,97,3,1,1,1.0,1687.0
82,83,98,0,0,0,1.0,1247.0
82,83,99,1,1,0,0.0,2274.0
82,83,100,0,1,0,0.0,2697.0
82,83,101,2,0,1,0.0,2105.0
82,83,102,1,1,0,0.0,1383.0
82,83,103,2,1,1,1.0,2570.0
82,83,104,3,1,0,1.0,2012.0
82,83,105,0,0,1,1.0,879.0
82,83,106,1,0,1,1.0,3355.0
82,83,107,2,1,1,1.0,881.0
82,83,108,0,0,1,1.0,794.0
82,83,109,2,1,1,1.0,713.0
82,83,110,3,1,1,1.0,1333.0
82,83,111,1,0,0,1.0,1476.0
82,83,112,3,0,0,0.0,1816.0
82,83,113,0,0,1,1.0,2295.0
82,83,114,2,1,0,1.0,771.0
82,83,115,0,0,0,1.0,2014.0
82,83,116,2,1,1,1.0,2366.0
82,83,117,1,0,1,1.0,5899.0
82,83,118,1,0,0,1.0,1305.0
82,83,119,3,1,0,1.0,1165.0
83,84,0,3,0,1,0.0,3393.0
83,84,1,1,0,1,0.0,1912.0
83,84,2,0,0,0,1.0,789.0
83,84,3,0,1,0,0.0,708.0
83,84,4,2,0,0,1.0,903.0
83,84,5,1,0,0,0.0,1003.0
83,84,6,2,0,1,1.0,463.0
83,84,7,3,1,1,1.0,740.0
83,84,8,0,0,1,1.0,793.0
83,84,9,3,0,0,0.0,1089.0
83,84,10,3,1,1,1.0,794.0
83,84,11,0,0,1,1.0,871.0
83,84,12,1,1,0,1.0,1109.0
83,84,13,1,0,0,0.0,670.0
83,84,14,2,0,1,1.0,1032.0
83,84,15,2,0,1,1.0,430.0
83,84,16,0,1,0,0.0,814.0
83,84,17,1,0,0,0.0,795.0
83,84,18,2,0,1,1.0,1240.0
83,84,19,3,0,0,0.0,1107.0
83,84,20,0,0,1,1.0,1930.0
83,84,21,3,1,0,1.0,526.0
83,84,22,2,0,1,1.0,540.0
83,84,23,1,1,1,1.0,824.0
83,84,24,3,1,1,1.0,831.0
83,84,25,1,0,0,0.0,591.0
83,84,26,3,1,1,1.0,916.0
83,84,27,2,0,0,1.0,636.0
83,84,28,0,1,1,0.0,742.0
83,84,29,0,1,0,0.0,589.0
83,84,30,1,1,1,1.0,458.0
83,84,31,2,1,0,0.0,758.0
83,84,32,3,0,0,0.0,1287.0
83,84,33,2,1,0,0.0,1208.0
83,84,34,0,1,0,0.0,746.0
83,84,35,3,0,0,0.0,1180.0
83,84,36,1,1,1,1.0,1484.0
83,84,37,1,1,1,1.0,659.0
83,84,38,0,0,1,1.0,702.0
83,84,39,2,1,1,0.0,794.0
83,84,40,1,1,1,1.0,741.0
83,84,41,0,0,0,1.0,409.0
83,84,42,1,1,1,1.0,585.0
83,84,43,3,0,0,0.0,745.0
83,84,44,0,1,1,0.0,559.0
83,84,45,2,0,1,1.0,1107.0
83,84,46,2,0,1,1.0,621.0
83,84,47,3,1,1,1.0,1476.0
83,84,48,1,1,1,1.0,688.0
83,84,49,0,1,0,0.0,753.0
83,84,50,2,0,1,1.0,870.0
83,84,51,1,1,0,1.0,524.0
83,84,52,0,0,1,1.0,419.0
83,84,53,3,1,0,1.0,822.0
83,84,54,2,0,1,1.0,1094.0
83,84,55,3,0,1,0.0,578.0
83,84,56,3,0,0,0.0,519.0
83,84,57,0,0,1,1.0,546.0
83,84,58,1,1,1,1.0,991.0
83,84,59,0,0,1,1.0,637.0
83,84,60,2,0,1,1.0,642.0
83,84,61,2,0,1,1.0,428.0
83,84,62,3,1,1,1.0,979.0
83,84,63,1,0,1,0.0,735.0
83,84,64,3,0,0,0.0,510.0
83,84,65,0,0,1,1.0,802.0
83,84,66,1,1,1,1.0,432.0
83,84,67,1,1,0,1.0,507.0
83,84,68,3,0,0,0.0,953.0
83,84,69,2,0,0,1.0,829.0
83,84,70,2,0,1,1.0,564.0
83,84,71,0,0,0,1.0,515.0
83,84,72,3,0,0,0.0,692.0
83,84,73,2,0,1,1.0,666.0
83,84,74,0,1,0,0.0,431.0
83,84,75,1,1,1,1.0,747.0
83,84,76,1,1,1,1.0,550.0
83,84,77,3,0,0,0.0,969.0
83,84,78,0,1,0,0.0,1132.0
83,84,79,2,0,0,1.0,747.0
83,84,80,0,0,1,1.0,931.0
83,84,81,0,0,1,1.0,515.0
83,84,82,2,0,1,1.0,963.0
83,84,83,1,1,1,1.0,936.0
83,84,84,1,1,1,1.0,602.0
83,84,85,2,0,1,1.0,584.0
83,84,86,3,1,1,1.0,1147.0
83,84,87,3,1,1,1.0,725.0
83,84,88,3,1,1,1.0,615.0
83,84,89,1,1,1,1.0,396.0
83,84,90,0,0,1,1.0,1655.0
83,84,91,0,0,0,1.0,627.0
83,84,92,2,0,1,1.0,708.0
83,84,93,2,0,1,1.0,624.0
83,84,94,3,0,0,0.0,704.0
83,84,95,1,1,1,1.0,951.0
83,84,96,0,0,1,1.0,1601.0
83,84,97,2,0,1,1.0,619.0
83,84,98,1,1,0,1.0,836.0
83,84,99,1,1,1,1.0,595.0
83,84,100,2,0,0,1.0,633.0
83,84,101,3,0,1,0.0,723.0
83,84,102,3,0,0,0.0,636.0
83,84,103,0,0,1,1.0,717.0
83,84,104,2,0,1,1.0,540.0
83,84,105,3,0,1,0.0,546.0
83,84,106,1,1,1,1.0,1121.0
83,84,107,3,0,0,0.0,951.0
83,84,108,2,0,0,1.0,753.0
83,84,109,0,1,0,0.0,1043.0
83,84,110,0,0,1,1.0,856.0
83,84,111,1,1,1,1.0,624.0
83,84,112,2,0,1,1.0,656.0
83,84,113,3,0,0,0.0,756.0
83,84,114,1,1,1,1.0,646.0
83,84,115,0,1,1,0.0,723.0
83,84,116,3,1,1,1.0,592.0
83,84,117,1,0,0,0.0,1210.0
83,84,118,2,0,1,1.0,584.0
83,84,119,0,1,0,0.0,632.0
84,85,0,0,0,1,1.0,3191.0
84,85,1,1,1,0,1.0,1043.0
84,85,2,3,1,0,0.0,817.0
84,85,3,2,1,1,1.0,1059.0
84,85,4,3,0,1,1.0,787.0
84,85,5,0,1,0,0.0,961.0
84,85,6,2,1,1,1.0,1060.0
84,85,7,1,0,1,0.0,693.0
84,85,8,1,0,0,0.0,617.0
84,85,9,2,1,1,1.0,552.0
84,85,10,3,0,1,1.0,895.0
84,85,11,3,0,0,1.0,867.0
84,85,12,0,0,1,1.0,1216.0
84,85,13,0,0,1,1.0,749.0
84,85,14,2,1,1,1.0,718.0
84,85,15,1,0,0,0.0,2349.0
84,85,16,2,1,1,1.0,774.0
84,85,17,3,0,1,1.0,984.0
84,85,18,0,0,1,1.0,1192.0
84,85,19,1,1,1,1.0,1095.0
84,85,20,0,0,1,1.0,1290.0
84,85,21,3,0,1,1.0,1236.0
84,85,22,1,1,1,1.0,857.0
84,85,23,2,1,1,1.0,516.0
84,85,24,3,0,1,1.0,578.0
84,85,25,1,1,1,1.0,460.0
84,85,26,2,1,0,1.0,494.0
84,85,27,0,0,1,1.0,934.0
84,85,28,1,0,0,0.0,826.0
84,85,29,0,0,0,1.0,624.0
84,85,30,3,0,1,1.0,1546.0
84,85,31,2,1,1,1.0,449.0
84,85,32,2,1,1,1.0,1430.0
84,85,33,3,0,0,1.0,551.0
84,85,34,3,1,0,0.0,707.0
84,85,35,1,1,1,1.0,1235.0
84,85,36,2,1,0,1.0,868.0
84,85,37,0,0,1,1.0,796.0
84,85,38,1,1,1,1.0,8234.0
84,85,39,0,0,1,1.0,1366.0
84,85,40,1,1,1,1.0,1259.0
84,85,41,3,0,1,1.0,1024.0
84,85,42,1,1,1,1.0,816.0
84,85,43,3,0,1,1.0,1040.0
84,85,44,2,1,1,1.0,614.0
84,85,45,0,0,1,1.0,981.0
84,85,46,0,0,1,1.0,547.0
84,85,47,2,1,1,1.0,661.0
84,85,48,3,0,0,1.0,750.0
84,85,49,0,0,0,1.0,811.0
84,85,50,3,1,0,0.0,5972.0
84,85,51,2,1,1,1.0,769.0
84,85,52,1,0,0,0.0,1954.0
84,85,53,1,1,0,1.0,1015.0
84,85,54,2,1,1,1.0,931.0
84,85,55,0,0,1,1.0,3418.0
84,85,56,1,0,1,0.0,2797.0
84,85,57,2,1,0,1.0,891.0
84,85,58,1,1,1,1.0,998.0
84,85,59,0,0,1,1.0,821.0
84,85,60,2,1,1,1.0,713.0
84,85,61,0,0,1,1.0,652.0
84,85,62,3,0,1,1.0,1525.0
84,85,63,3,0,1,1.0,1226.0
84,85,64,3,0,1,1.0,658.0
84,85,65,2,1,1,1.0,609.0
84,85,66,1,0,0,0.0,785.0
84,85,67,0,0,1,1.0,928.0
84,85,68,1,1,1,1.0,936.0
84,85,69,2,1,1,1.0,675.0
84,85,70,3,0,1,1.0,766.0
84,85,71,0,0,0,1.0,1923.0
84,85,72,0,1,0,0.0,620.0
84,85,73,3,0,1,1.0,772.0
84,85,74,3,0,0,1.0,723.0
84,85,75,2,1,1,1.0,632.0
84,85,76,1,0,0,0.0,678.0
84,85,77,1,1,1,1.0,867.0
84,85,78,0,0,1,1.0,782.0
84,85,79,2,1,1,1.0,1695.0
84,85,80,3,0,1,1.0,1290.0
84,85,81,1,1,1,1.0,1022.0
84,85,82,2,1,0,1.0,693.0
84,85,83,1,1,0,1.0,1261.0
84,85,84,2,1,1,1.0,1089.0
84,85,85,0,0,1,1.0,1085.0
84,85,86,3,0,1,1.0,1876.0
84,85,87,0,0,1,1.0,940.0
84,85,88,3,1,1,0.0,825.0
84,85,89,0,0,1,1.0,1267.0
84,85,90,1,1,1,1.0,1297.0
84,85,91,3,1,0,0.0,1231.0
84,85,92,2,1,1,1.0,674.0
84,85,93,2,1,1,1.0,685.0
84,85,94,1,1,0,1.0,1620.0
84,85,95,0,0,1,1.0,1121.0
84,85,96,0,0,1,1.0,536.0
84,85,97,1,0,0,0.0,1271.0
84,85,98,3,0,1,1.0,1169.0
84,85,99,1,1,1,1.0,1120.0
84,85,100,0,0,0,1.0,1478.0
84,85,101,2,1,1,1.0,927.0
84,85,102,2,1,1,1.0,574.0
84,85,103,3,0,1,1.0,847.0
84,85,104,0,0,0,1.0,1059.0
84,85,105,3,1,0,0.0,878.0
84,85,106,2,1,0,1.0,692.0
84,85,107,1,0,1,0.0,867.0
84,85,108,1,0,0,0.0,579.0
84,85,109,3,0,1,1.0,817.0
84,85,110,2,1,1,1.0,559.0
84,85,111,0,0,1,1.0,1004.0
84,85,112,3,1,0,0.0,1425.0
84,85,113,0,0,1,1.0,1057.0
84,85,114,1,1,1,1.0,1919.0
84,85,115,3,1,0,0.0,2535.0
84,85,116,2,1,1,1.0,679.0
84,85,117,0,0,1,1.0,1112.0
84,85,118,2,1,0,1.0,651.0
84,85,119,1,0,0,0.0,2227.0
85,86,0,1,1,0,0.0,2002.0
85,86,1,2,1,0,0.0,1335.0
85,86,2,3,0,1,0.0,796.0
85,86,3,3,0,0,0.0,1073.0
85,86,4,2,1,0,0.0,1690.0
85,86,5,0,0,0,0.0,2144.0
85,86,6,1,1,0,0.0,5119.0
85,86,7,0,1,0,1.0,4644.0
85,86,8,1,1,0,0.0,2059.0
85,86,9,3,0,0,0.0,1937.0
85,86,10,1,0,1,1.0,1750.0
85,86,11,2,1,0,0.0,2348.0
85,86,12,0,0,0,0.0,1110.0
85,86,13,3,1,0,1.0,3715.0
85,86,14,0,0,0,0.0,2540.0
85,86,15,2,0,1,1.0,2185.0
85,86,16,1,0,1,1.0,1497.0
85,86,17,3,1,1,1.0,1549.0
85,86,18,1,0,0,1.0,2391.0
85,86,19,2,0,1,1.0,1867.0
85,86,20,0,0,1,0.0,2041.0
85,86,21,3,0,0,0.0,2624.0
85,86,22,0,0,0,0.0,3313.0
85,86,23,2,1,0,0.0,1432.0
85,86,24,1,0,1,1.0,1426.0
85,86,25,0,1,1,1.0,1778.0
85,86,26,1,0,1,1.0,1137.0
85,86,27,3,0,0,0.0,1686.0
85,86,28,0,0,0,0.0,3783.0
85,86,29,3,1,1,1.0,1340.0
85,86,30,2,0,1,1.0,1834.0
85,86,31,2,0,0,1.0,836.0
85,86,32,2,1,0,0.0,3605.0
85,86,33,3,0,1,0.0,1230.0
85,86,34,0,0,0,0.0,1296.0
85,86,35,3,1,1,1.0,3140.0
85,86,36,1,0,1,1.0,1310.0
85,86,37,0,1,1,1.0,1170.0
85,86,38,2,1,0,0.0,1267.0
85,86,39,1,0,1,1.0,1442.0
85,86,40,1,0,0,1.0,765.0
85,86,41,3,0,0,0.0,2420.0
85,86,42,0,1,1,1.0,3838.0
85,86,43,2,0,1,1.0,1113.0
85,86,44,1,0,1,1.0,911.0
85,86,45,3,1,1,1.0,1591.0
85,86,46,0,0,0,0.0,2822.0
85,86,47,2,0,0,1.0,1160.0
85,86,48,3,1,1,1.0,2079.0
85,86,49,3,0,0,0.0,1398.0
85,86,50,0,1,1,1.0,1632.0
85,86,51,2,1,0,0.0,966.0
85,86,52,2,1,1,0.0,1388.0
85,86,53,0,1,1,1.0,1157.0
85,86,54,1,0,0,1.0,1275.0
85,86,55,1,0,1,1.0,1857.0
85,86,56,3,1,1,1.0,4306.0
85,86,57,2,1,0,0.0,1722.0
85,86,58,0,1,1,1.0,1426.0
85,86,59,3,1,0,1.0,868.0
85,86,60,1,0,1,1.0,907.0
85,86,61,2,0,1,1.0,1210.0
85,86,62,0,1,1,1.0,1350.0
85,86,63,1,0,1,1.0,1993.0
85,86,64,3,1,1,1.0,1021.0
85,86,65,0,1,0,1.0,1256.0
85,86,66,1,0,1,1.0,752.0
85,86,67,0,1,1,1.0,1107.0
85,86,68,1,0,1,1.0,636.0
85,86,69,2,0,1,1.0,1013.0
85,86,70,3,1,1,1.0,785.0
85,86,71,2,0,1,1.0,869.0
85,86,72,0,1,1,1.0,726.0
85,86,73,1,0,0,1.0,641.0
85,86,74,2,0,1,1.0,790.0
85,86,75,3,1,1,1.0,534.0
85,86,76,3,1,1,1.0,621.0
85,86,77,1,0,1,1.0,1027.0
85,86,78,0,1,0,1.0,776.0
85,86,79,2,0,0,1.0,903.0
85,86,80,1,0,1,1.0,1033.0
85,86,81,2,0,1,1.0,1140.0
85,86,82,1,0,1,1.0,833.0
85,86,83,2,0,1,1.0,707.0
85,86,84,0,1,1,1.0,853.0
85,86,85,3,1,0,1.0,946.0
85,86,86,0,1,1,1.0,1021.0
85,86,87,3,1,1,1.0,678.0
85,86,88,0,1,1,1.0,779.0
85,86,89,0,1,1,1.0,667.0
85,86,90,1,0,1,1.0,745.0
85,86,91,2,0,1,1.0,833.0
85,86,92,3,1,1,1.0,586.0
85,86,93,3,1,1,1.0,903.0
85,86,94,1,0,0,1.0,1287.0
85,86,95,2,0,1,1.0,1105.0
85,86,96,2,0,1,1.0,721.0
85,86,97,0,1,1,1.0,831.0
85,86,98,0,1,1,1.0,900.0
85,86,99,3,1,1,1.0,798.0
85,86,100,2,0,1,1.0,991.0
85,86,101,1,0,1,1.0,752.0
85,86,102,1,0,1,1.0,775.0
85,86,103,3,1,0,1.0,1195.0
85,86,104,0,1,0,1.0,582.0
85,86,105,3,1,1,1.0,578.0
85,86,106,1,0,1,1.0,766.0
85,86,107,3,1,1,1.0,662.0
85,86,108,2,0,1,1.0,481.0
85,86,109,2,0,0,1.0,666.0
85,86,110,1,0,1,1.0,953.0
85,86,111,0,1,1,1.0,1391.0
85,86,112,2,0,1,1.0,662.0
85,86,113,3,1,1,1.0,1156.0
85,86,114,1,0,1,1.0,666.0
85,86,115,1,0,1,1.0,658.0
85,86,116,2,0,0,1.0,1257.0
85,86,117,0,1,1,1.0,577.0
85,86,118,3,1,1,1.0,782.0
85,86,119,0,1,0,1.0,1160.0
86,87,0,2,0,0,0.0,2567.0
86,87,1,0,1,0,0.0,1543.0
86,87,2,1,0,0,1.0,1323.0
86,87,3,0,0,1,1.0,4019.0
86,87,4,3,0,0,0.0,1266.0
86,87,5,2,0,0,0.0,1479.0
86,87,6,3,1,1,1.0,1700.0
86,87,7,1,0,1,1.0,1555.0
86,87,8,0,1,0,0.0,2255.0
86,87,9,1,0,1,1.0,1855.0
86,87,10,3,0,0,0.0,1724.0
86,87,11,0,0,1,1.0,2084.0
86,87,12,1,0,1,1.0,2124.0
86,87,13,3,0,0,0.0,3674.0
86,87,14,2,0,0,0.0,1788.0
86,87,15,2,0,1,0.0,3424.0
86,87,16,0,0,1,1.0,1814.0
86,87,17,0,1,1,0.0,2607.0
86,87,18,1,1,0,0.0,1752.0
86,87,19,3,0,1,0.0,2008.0
86,87,20,2,0,0,0.0,1959.0
86,87,21,2,1,1,1.0,3227.0
86,87,22,1,0,1,1.0,1855.0
86,87,23,3,0,0,0.0,1930.0
86,87,24,3,1,1,1.0,1492.0
86,87,25,0,0,1,1.0,1557.0
86,87,26,1,0,1,1.0,3122.0
86,87,27,2,0,1,0.0,1836.0
86,87,28,1,0,0,1.0,2288.0
86,87,29,2,0,0,0.0,1210.0
86,87,30,3,1,1,1.0,4521.0
86,87,32,0,0,1,1.0,3203.0
86,87,33,3,1,0,1.0,564.0
86,87,34,1,0,1,1.0,1170.0
86,87,35,3,0,0,0.0,1444.0
86,87,36,2,0,0,0.0,1299.0
86,87,37,2,1,0,1.0,1732.0
86,87,38,0,1,1,0.0,2190.0
86,87,39,1,0,1,1.0,1415.0
86,87,40,3,0,0,0.0,1914.0
86,87,41,1,1,0,0.0,471.0
86,87,42,1,0,1,1.0,2772.0
86,87,43,0,0,1,1.0,1794.0
86,87,44,2,0,0,0.0,442.0
86,87,45,0,0,0,1.0,500.0
86,87,46,3,0,1,0.0,27.0
86,87,47,2,0,0,0.0,521.0
86,87,48,1,1,0,0.0,1060.0
86,87,49,2,0,0,0.0,504.0
86,87,50,3,0,0,0.0,965.0
86,87,51,1,1,1,0.0,838.0
86,87,52,0,0,1,1.0,2705.0
86,87,53,0,1,0,0.0,1201.0
86,87,54,3,0,0,0.0,2721.0
86,87,55,2,0,0,0.0,2123.0
86,87,56,3,0,1,0.0,2848.0
86,87,57,0,0,1,1.0,5345.0
86,87,58,1,0,1,1.0,1153.0
86,87,59,2,1,1,1.0,2150.0
86,87,60,2,0,0,0.0,1679.0
86,87,61,3,1,1,1.0,1949.0
86,87,62,0,1,0,0.0,1259.0
86,87,63,1,0,1,1.0,2952.0
86,87,64,2,0,1,0.0,2476.0
86,87,65,1,1,1,0.0,826.0
86,87,66,0,1,0,0.0,1226.0
86,87,67,0,0,1,1.0,1595.0
86,87,68,3,1,1,1.0,1764.0
86,87,69,2,1,1,1.0,2045.0
86,87,70,1,0,0,1.0,692.0
86,87,71,3,0,0,0.0,2003.0
86,87,72,2,1,1,1.0,1758.0
86,87,73,0,1,0,0.0,778.0
86,87,74,3,1,0,1.0,463.0
86,87,75,1,0,1,1.0,501.0
86,87,76,1,0,1,1.0,461.0
86,87,77,2,0,1,0.0,329.0
86,87,78,3,1,1,1.0,960.0
86,87,79,0,0,1,1.0,450.0
86,87,80,2,1,1,1.0,507.0
86,87,81,0,0,1,1.0,1341.0
86,87,82,2,1,0,1.0,558.0
86,87,83,0,1,0,0.0,736.0
86,87,84,3,1,1,1.0,1196.0
86,87,85,1,0,1,1.0,677.0
86,87,86,3,1,1,1.0,421.0
86,87,87,1,0,1,1.0,416.0
86,87,88,3,1,1,1.0,735.0
86,87,89,1,0,0,1.0,528.0
86,87,90,0,1,0,0.0,1100.0
86,87,91,0,1,0,0.0,927.0
86,87,92,2,1,1,1.0,487.0
86,87,93,1,0,1,1.0,441.0
86,87,94,2,1,1,1.0,1421.0
86,87,95,3,0,0,0.0,393.0
86,87,96,3,0,0,0.0,495.0
86,87,97,3,0,0,0.0,345.0
86,87,98,0,0,0,1.0,459.0
86,87,99,1,0,0,1.0,531.0
86,87,100,0,0,1,1.0,778.0
86,87,101,2,1,1,1.0,558.0
86,87,102,1,0,1,1.0,695.0
86,87,103,2,1,0,1.0,382.0
86,87,104,3,1,1,1.0,502.0
86,87,105,0,0,1,1.0,414.0
86,87,106,1,1,0,0.0,378.0
86,87,107,2,1,1,1.0,384.0
86,87,108,0,0,1,1.0,508.0
86,87,109,2,1,1,1.0,465.0
86,87,110,3,0,0,0.0,380.0
86,87,111,1,1,0,0.0,503.0
86,87,112,3,0,0,0.0,540.0
86,87,113,0,0,0,1.0,336.0
86,87,114,2,0,0,0.0,983.0
86,87,115,0,0,1,1.0,904.0
86,87,116,2,1,1,1.0,466.0
86,87,117,1,0,1,1.0,379.0
86,87,118,1,1,0,0.0,801.0
86,87,119,3,0,1,0.0,619.0
87,88,0,0,0,1,1.0,2707.0
87,88,1,1,1,0,1.0,1469.0
87,88,2,3,0,1,1.0,1045.0
87,88,3,2,0,0,0.0,788.0
87,88,4,3,0,1,1.0,1131.0
87,88,5,0,0,1,1.0,1089.0
87,88,6,2,1,1,1.0,751.0
87,88,7,1,0,1,0.0,679.0
87,88,8,1,0,0,0.0,910.0
87,88,9,2,1,1,1.0,1568.0
87,88,10,3,0,0,1.0,1016.0
87,88,11,3,0,1,1.0,762.0
87,88,12,0,0,1,1.0,1120.0
87,88,13,0,0,1,1.0,588.0
87,88,14,2,1,1,1.0,758.0
87,88,15,1,0,0,0.0,642.0
87,88,16,2,1,1,1.0,793.0
87,88,17,3,0,1,1.0,578.0
87,88,18,0,0,1,1.0,832.0
87,88,19,1,1,1,1.0,755.0
87,88,20,0,0,1,1.0,763.0
87,88,21,3,0,1,1.0,786.0
87,88,22,1,0,0,0.0,716.0
87,88,23,2,1,1,1.0,1046.0
87,88,24,3,0,1,1.0,702.0
87,88,25,1,0,0,0.0,889.0
87,88,26,2,1,1,1.0,1132.0
87,88,27,0,0,0,1.0,804.0
87,88,28,1,0,1,0.0,828.0
87,88,29,0,0,1,1.0,1392.0
87,88,30,3,0,0,1.0,669.0
87,88,31,2,0,0,0.0,776.0
87,88,32,2,1,0,1.0,1154.0
87,88,33,3,0,1,1.0,669.0
87,88,34,3,0,1,1.0,710.0
87,88,35,1,0,0,0.0,768.0
87,88,36,2,1,1,1.0,760.0
87,88,37,0,0,1,1.0,685.0
87,88,38,1,0,0,0.0,677.0
87,88,39,0,0,1,1.0,834.0
87,88,40,1,0,0,0.0,659.0
87,88,41,3,0,0,1.0,1181.0
87,88,42,1,0,1,0.0,1161.0
87,88,43,3,0,1,1.0,768.0
87,88,44,2,1,1,1.0,780.0
87,88,45,0,0,1,1.0,721.0
87,88,46,0,0,0,1.0,747.0
87,88,47,2,1,0,1.0,1631.0
87,88,48,3,0,1,1.0,1382.0
87,88,49,0,0,1,1.0,709.0
87,88,50,3,0,1,1.0,880.0
87,88,51,2,1,1,1.0,1424.0
87,88,52,1,0,0,0.0,968.0
87,88,53,1,0,0,0.0,873.0
87,88,54,2,1,1,1.0,685.0
87,88,55,0,0,1,1.0,837.0
87,88,56,1,0,0,0.0,685.0
87,88,57,2,1,1,1.0,1187.0
87,88,58,1,0,0,0.0,716.0
87,88,59,0,0,1,1.0,1397.0
87,88,60,2,1,1,1.0,771.0
87,88,61,0,0,1,1.0,794.0
87,88,62,3,0,1,1.0,799.0
87,88,63,3,0,1,1.0,1120.0
87,88,64,3,0,0,1.0,600.0
87,88,65,2,1,0,1.0,643.0
87,88,66,1,0,0,0.0,673.0
87,88,67,0,0,0,1.0,698.0
87,88,68,1,0,0,0.0,777.0
87,88,69,2,1,1,1.0,683.0
87,88,70,3,0,1,1.0,1083.0
87,88,71,0,0,1,1.0,886.0
87,88,72,0,0,1,1.0,553.0
87,88,73,3,0,1,1.0,722.0
87,88,74,3,0,1,1.0,616.0
87,88,75,2,0,0,0.0,729.0
87,88,76,1,0,1,0.0,689.0
87,88,77,1,0,0,0.0,873.0
87,88,78,0,0,1,1.0,641.0
87,88,79,2,1,1,1.0,712.0
87,88,80,3,0,1,1.0,787.0
87,88,81,1,0,0,0.0,747.0
87,88,82,2,1,1,1.0,1631.0
87,88,83,1,0,0,0.0,633.0
87,88,84,2,1,1,1.0,1059.0
87,88,85,0,0,1,1.0,1085.0
87,88,86,3,0,1,1.0,1001.0
87,88,87,0,0,1,1.0,1400.0
87,88,88,3,0,1,1.0,570.0
87,88,89,0,0,1,1.0,585.0
87,88,90,1,0,0,0.0,1059.0
87,88,91,3,0,0,1.0,735.0
87,88,92,2,1,1,1.0,1193.0
87,88,93,2,1,0,1.0,801.0
87,88,94,1,0,0,0.0,1342.0
87,88,95,0,0,0,1.0,877.0
87,88,96,0,1,0,0.0,976.0
87,88,97,1,0,1,0.0,749.0
87,88,98,3,0,1,1.0,841.0
87,88,99,1,0,0,0.0,872.0
87,88,100,0,1,0,0.0,830.0
87,88,101,2,1,1,1.0,864.0
87,88,102,2,1,1,1.0,932.0
87,88,103,3,0,0,1.0,869.0
87,88,104,0,0,0,1.0,1128.0
87,88,105,3,0,1,1.0,1440.0
87,88,106,2,1,1,1.0,1057.0
87,88,107,1,0,0,0.0,1114.0
87,88,108,1,0,0,0.0,917.0
87,88,109,3,0,1,1.0,1463.0
87,88,110,2,1,1,1.0,853.0
87,88,111,0,0,1,1.0,905.0
87,88,112,3,0,1,1.0,828.0
87,88,113,0,0,1,1.0,1043.0
87,88,114,1,0,1,0.0,684.0
87,88,115,3,0,1,1.0,803.0
87,88,116,2,1,1,1.0,780.0
87,88,117,0,0,1,1.0,849.0
87,88,118,2,1,0,1.0,744.0
87,88,119,1,0,0,0.0,962.0
88,89,0,2,0,0,0.0,1365.0
88,89,1,0,1,0,0.0,1486.0
88,89,2,1,1,0,0.0,1407.0
88,89,3,0,1,0,0.0,893.0
88,89,4,3,1,1,1.0,1567.0
88,89,5,2,0,0,0.0,2179.0
88,89,6,3,1,1,1.0,4511.0
88,89,7,1,1,0,0.0,1560.0
88,89,8,0,0,1,1.0,1610.0
88,89,9,1,0,0,1.0,726.0
88,89,10,3,1,1,1.0,1313.0
88,89,11,0,1,1,0.0,1821.0
88,89,12,1,1,0,0.0,2012.0
88,89,13,3,1,0,1.0,1524.0
88,89,14,2,1,1,1.0,1151.0
88,89,15,2,1,0,1.0,440.0
88,89,16,0,1,0,0.0,1904.0
88,89,17,0,1,1,0.0,712.0
88,89,18,1,1,1,0.0,488.0
88,89,19,3,1,1,1.0,931.0
88,89,20,2,1,1,1.0,648.0
88,89,21,2,1,1,1.0,381.0
88,89,22,1,1,1,0.0,471.0
88,89,23,3,1,1,1.0,396.0
88,89,24,3,1,0,1.0,374.0
88,89,25,0,1,0,0.0,431.0
88,89,26,1,1,0,0.0,413.0
88,89,27,2,1,1,1.0,400.0
88,89,28,1,1,0,0.0,535.0
88,89,29,2,1,1,1.0,1359.0
88,89,30,3,1,1,1.0,1309.0
88,89,31,0,1,0,0.0,1131.0
88,89,32,0,1,0,0.0,1061.0
88,89,33,3,1,1,1.0,1000.0
88,89,34,1,1,0,0.0,508.0
88,89,35,3,0,0,0.0,364.0
88,89,36,2,0,0,0.0,386.0
88,89,37,2,1,0,1.0,535.0
88,89,38,0,1,0,0.0,1105.0
88,89,39,1,1,0,0.0,486.0
88,89,40,3,1,1,1.0,1230.0
88,89,41,1,0,1,1.0,1241.0
88,89,42,1,0,1,1.0,542.0
88,89,43,0,1,0,0.0,940.0
88,89,44,2,1,1,1.0,934.0
88,89,45,0,1,0,0.0,1883.0
88,89,46,3,1,1,1.0,2540.0
88,89,47,2,0,1,0.0,1038.0
88,89,48,1,1,0,0.0,763.0
88,89,49,2,0,0,0.0,631.0
88,89,50,3,1,1,1.0,531.0
88,89,51,1,0,1,1.0,993.0
88,89,52,0,0,1,1.0,550.0
88,89,53,0,0,1,1.0,574.0
88,89,54,3,0,0,0.0,1122.0
88,89,55,2,0,1,0.0,645.0
88,89,56,3,0,0,0.0,621.0
88,89,57,0,1,0,0.0,345.0
88,89,58,1,0,1,1.0,300.0
88,89,59,2,1,1,1.0,447.0
88,89,60,2,1,1,1.0,820.0
88,89,61,3,0,1,0.0,676.0
88,89,62,0,1,1,0.0,766.0
88,89,63,1,0,1,1.0,743.0
88,89,64,2,0,0,0.0,396.0
88,89,65,1,1,0,0.0,799.0
88,89,66,0,1,0,0.0,1025.0
88,89,67,0,0,1,1.0,678.0
88,89,68,3,1,0,1.0,1348.0
88,89,69,2,1,0,1.0,1286.0
88,89,70,1,0,0,1.0,828.0
88,89,71,3,1,1,1.0,407.0
88,89,72,2,0,0,0.0,478.0
88,89,73,0,1,0,0.0,399.0
88,89,74,3,0,0,0.0,1377.0
88,89,75,1,1,0,0.0,1220.0
88,89,76,1,0,1,1.0,1920.0
88,89,77,2,1,1,1.0,835.0
88,89,78,3,1,0,1.0,1024.0
88,89,79,0,0,1,1.0,418.0
88,89,80,2,1,1,1.0,612.0
88,89,81,0,0,1,1.0,657.0
88,89,82,2,1,1,1.0,463.0
88,89,83,0,1,1,0.0,591.0
88,89,84,3,1,1,1.0,541.0
88,89,85,1,1,1,0.0,698.0
88,89,86,3,1,1,1.0,300.0
88,89,87,1,1,0,0.0,246.0
88,89,88,3,1,1,1.0,706.0
88,89,89,1,1,1,0.0,367.0
88,89,90,0,1,0,0.0,393.0
88,89,91,0,1,0,0.0,721.0
88,89,92,2,1,1,1.0,391.0
88,89,93,1,0,1,1.0,600.0
88,89,94,2,1,1,1.0,967.0
88,89,95,3,1,1,1.0,572.0
88,89,96,3,1,0,1.0,467.0
88,89,97,3,1,1,1.0,482.0
88,89,98,0,1,0,0.0,417.0
88,89,99,1,0,1,1.0,444.0
88,89,100,0,1,0,0.0,851.0
88,89,101,2,1,0,1.0,600.0
88,89,102,1,0,1,1.0,872.0
88,89,103,2,1,1,1.0,754.0
88,89,104,3,1,1,1.0,1065.0
88,89,105,0,0,0,1.0,1279.0
88,89,106,1,0,1,1.0,757.0
88,89,107,2,1,1,1.0,515.0
88,89,108,0,0,1,1.0,946.0
88,89,109,2,1,1,1.0,559.0
88,89,110,3,1,1,1.0,618.0
88,89,111,1,1,0,0.0,778.0
88,89,112,3,0,0,0.0,483.0
88,89,113,0,1,1,0.0,395.0
88,89,114,2,1,1,1.0,512.0
88,89,115,0,1,0,0.0,1395.0
88,89,116,2,1,1,1.0,638.0
88,89,117,1,0,0,1.0,1711.0
88,89,118,1,0,1,1.0,508.0
88,89,119,3,1,1,1.0,554.0
89,90,0,3,0,1,0.0,6094.0
89,90,1,1,1,0,1.0,2102.0
89,90,2,0,0,0,1.0,542.0
89,90,3,0,0,1,1.0,1239.0
89,90,4,2,1,0,0.0,1000.0
89,90,5,1,0,1,0.0,1275.0
89,90,6,2,0,0,1.0,1651.0
89,90,7,3,1,1,1.0,678.0
89,90,8,0,1,0,0.0,3066.0
89,90,9,3,0,0,0.0,760.0
89,90,10,3,1,1,1.0,1033.0
89,90,11,0,0,1,1.0,1347.0
89,90,12,1,1,1,1.0,818.0
89,90,13,1,0,0,0.0,528.0
89,90,14,2,1,0,0.0,588.0
89,90,15,2,0,1,1.0,476.0
89,90,16,0,1,0,0.0,504.0
89,90,17,1,1,1,1.0,747.0
89,90,18,2,0,1,1.0,1892.0
89,90,19,3,1,0,1.0,843.0
89,90,20,0,0,1,1.0,746.0
89,90,21,3,1,1,1.0,457.0
89,90,22,2,1,1,0.0,435.0
89,90,23,1,0,0,0.0,855.0
89,90,24,3,1,1,1.0,1098.0
89,90,25,1,1,1,1.0,521.0
89,90,26,3,1,1,1.0,518.0
89,90,27,2,1,0,0.0,706.0
89,90,28,0,0,1,1.0,581.0
89,90,29,0,0,0,1.0,388.0
89,90,30,1,1,1,1.0,694.0
89,90,31,2,0,1,1.0,861.0
89,90,32,3,1,0,1.0,3871.0
89,90,33,2,0,1,1.0,465.0
89,90,34,0,0,1,1.0,1123.0
89,90,35,3,0,0,0.0,428.0
89,90,36,1,1,1,1.0,397.0
89,90,37,1,1,1,1.0,430.0
89,90,38,0,1,1,0.0,460.0
89,90,39,2,1,0,0.0,381.0
89,90,40,1,0,0,0.0,425.0
89,90,41,0,1,0,0.0,411.0
89,90,42,1,0,0,0.0,504.0
89,90,43,3,1,1,1.0,395.0
89,90,44,0,1,0,0.0,1337.0
89,90,45,2,0,1,1.0,882.0
89,90,46,2,0,0,1.0,412.0
89,90,47,3,1,1,1.0,390.0
89,90,48,1,0,1,0.0,672.0
89,90,49,0,1,1,0.0,399.0
89,90,50,2,0,1,1.0,494.0
89,90,51,1,1,1,1.0,444.0
89,90,52,0,0,1,1.0,744.0
89,90,53,3,1,1,1.0,2172.0
89,90,54,2,0,1,1.0,454.0
89,90,55,3,1,1,1.0,325.0
89,90,56,3,0,0,0.0,404.0
89,90,57,0,1,0,0.0,508.0
89,90,58,1,1,0,1.0,788.0
89,90,59,0,1,0,0.0,425.0
89,90,60,2,0,1,1.0,324.0
89,90,61,2,0,1,1.0,497.0
89,90,62,3,0,0,0.0,347.0
89,90,63,1,1,1,1.0,2518.0
89,90,64,3,1,1,1.0,469.0
89,90,65,0,1,0,0.0,421.0
89,90,66,1,0,0,0.0,899.0
89,90,67,1,1,1,1.0,339.0
89,90,68,3,0,0,0.0,691.0
89,90,69,2,1,0,0.0,431.0
89,90,70,2,0,1,1.0,523.0
89,90,71,0,0,1,1.0,533.0
89,90,72,3,0,1,0.0,351.0
89,90,73,2,0,1,1.0,629.0
89,90,74,0,0,1,1.0,409.0
89,90,75,1,0,0,0.0,375.0
89,90,76,1,1,0,1.0,391.0
89,90,77,3,0,0,0.0,1021.0
89,90,78,0,1,0,0.0,476.0
89,90,79,2,1,1,0.0,723.0
89,90,80,0,1,1,0.0,303.0
89,90,81,0,1,0,0.0,1015.0
89,90,82,2,0,0,1.0,377.0
89,90,83,1,1,1,1.0,1457.0
89,90,84,1,1,1,1.0,932.0
89,90,85,2,1,0,0.0,589.0
89,90,86,3,0,0,0.0,328.0
89,90,87,3,1,0,1.0,143.0
89,90,88,3,1,1,1.0,293.0
89,90,89,1,1,1,1.0,814.0
89,90,90,0,1,0,0.0,426.0
89,90,91,0,1,0,0.0,555.0
89,90,92,2,0,1,1.0,348.0
89,90,93,2,1,0,0.0,601.0
89,90,94,3,1,1,1.0,1649.0
89,90,95,1,1,1,1.0,393.0
89,90,96,0,1,1,0.0,450.0
89,90,97,2,1,0,0.0,330.0
89,90,98,1,0,0,0.0,502.0
89,90,99,1,1,1,1.0,425.0
89,90,100,2,1,0,0.0,955.0
89,90,101,3,0,0,0.0,586.0
89,90,102,3,1,1,1.0,387.0
89,90,103,0,1,0,0.0,895.0
89,90,104,2,0,1,1.0,454.0
89,90,105,3,0,0,0.0,479.0
89,90,106,1,1,1,1.0,384.0
89,90,107,3,0,0,0.0,391.0
89,90,108,2,1,0,0.0,276.0
89,90,109,0,1,0,0.0,564.0
89,90,110,0,1,0,0.0,537.0
89,90,111,1,0,0,0.0,443.0
89,90,112,2,1,1,0.0,370.0
89,90,113,3,1,0,1.0,681.0
89,90,114,1,1,0,1.0,409.0
89,90,115,0,0,0,1.0,346.0
89,90,116,3,1,1,1.0,100.0
89,90,117,1,1,1,1.0,306.0
89,90,118,2,1,0,0.0,325.0
89,90,119,0,0,1,1.0,392.0
90,91,0,0,0,1,1.0,3258.0
90,91,1,1,0,1,0.0,1193.0
90,91,2,3,0,1,1.0,842.0
90,91,3,2,0,0,0.0,882.0
90,91,4,3,0,1,1.0,1562.0
90,91,5,0,0,1,1.0,1397.0
90,91,6,2,1,1,1.0,743.0
90,91,7,1,1,0,1.0,1379.0
90,91,8,1,0,0,0.0,1600.0
90,91,9,2,1,1,1.0,757.0
90,91,10,3,0,0,1.0,1029.0
90,91,11,3,1,0,0.0,728.0
90,91,12,0,0,1,1.0,1160.0
90,91,13,0,0,1,1.0,951.0
90,91,14,2,1,1,1.0,786.0
90,91,15,1,0,0,0.0,1807.0
90,91,16,2,1,1,1.0,611.0
90,91,17,3,1,0,0.0,1112.0
90,91,18,0,0,1,1.0,923.0
90,91,19,1,1,1,1.0,1001.0
90,91,20,0,1,0,0.0,1577.0
90,91,21,3,0,1,1.0,1918.0
90,91,22,1,1,1,1.0,1467.0
90,91,23,2,1,1,1.0,596.0
90,91,24,3,0,1,1.0,1156.0
90,91,25,1,1,1,1.0,1983.0
90,91,26,2,1,1,1.0,1088.0
90,91,27,0,0,1,1.0,1163.0
90,91,28,1,0,0,0.0,1737.0
90,91,29,0,0,0,1.0,1119.0
90,91,30,3,0,1,1.0,959.0
90,91,31,2,1,0,1.0,594.0
90,91,32,2,1,1,1.0,1959.0
90,91,33,3,0,1,1.0,1140.0
90,91,34,3,0,0,1.0,790.0
90,91,35,1,1,1,1.0,922.0
90,91,36,2,1,1,1.0,736.0
90,91,37,0,0,1,1.0,784.0
90,91,38,1,1,1,1.0,1729.0
90,91,39,0,0,1,1.0,705.0
90,91,40,1,1,1,1.0,784.0
90,91,41,3,0,1,1.0,843.0
90,91,42,1,1,1,1.0,801.0
90,91,43,3,0,1,1.0,708.0
90,91,44,2,1,0,1.0,878.0
90,91,45,0,0,1,1.0,968.0
90,91,46,0,0,1,1.0,913.0
90,91,47,2,0,0,0.0,1114.0
90,91,48,3,0,0,1.0,797.0
90,91,49,0,0,0,1.0,1026.0
90,91,50,3,0,1,1.0,1161.0
90,91,51,2,0,0,0.0,1608.0
90,91,52,1,1,0,1.0,1811.0
90,91,53,1,1,1,1.0,780.0
90,91,54,2,1,1,1.0,1003.0
90,91,55,0,0,1,1.0,1354.0
90,91,56,1,1,1,1.0,990.0
90,91,57,2,1,1,1.0,867.0
90,91,58,1,1,1,1.0,615.0
90,91,59,0,0,1,1.0,1036.0
90,91,60,2,1,1,1.0,810.0
90,91,61,0,0,1,1.0,792.0
90,91,62,3,0,1,1.0,1113.0
90,91,63,3,1,0,0.0,707.0
90,91,64,3,0,1,1.0,1128.0
90,91,65,2,1,1,1.0,670.0
90,91,66,1,1,1,1.0,1144.0
90,91,67,0,0,1,1.0,997.0
90,91,68,1,0,0,0.0,907.0
90,91,69,2,1,0,1.0,837.0
90,91,70,3,0,1,1.0,710.0
90,91,71,0,0,0,1.0,666.0
90,91,72,0,1,0,0.0,969.0
90,91,73,3,0,1,1.0,763.0
90,91,74,3,0,0,1.0,543.0
90,91,75,2,1,1,1.0,628.0
90,91,76,1,1,0,1.0,1232.0
90,91,77,1,1,1,1.0,1202.0
90,91,78,0,0,1,1.0,814.0
90,91,79,2,1,1,1.0,817.0
90,91,80,3,0,1,1.0,918.0
90,91,81,1,1,0,1.0,867.0
90,91,82,2,1,1,1.0,912.0
90,91,83,1,1,1,1.0,889.0
90,91,84,2,1,1,1.0,752.0
90,91,85,0,0,1,1.0,1267.0
90,91,86,3,0,1,1.0,913.0
90,91,87,0,0,1,1.0,732.0
90,91,88,3,0,1,1.0,817.0
90,91,89,0,0,1,1.0,793.0
90,91,90,1,1,1,1.0,1245.0
90,91,91,3,0,1,1.0,982.0
90,91,92,2,1,1,1.0,1063.0
90,91,93,2,0,1,0.0,913.0
90,91,94,1,1,1,1.0,1122.0
90,91,95,0,0,1,1.0,1106.0
90,91,96,0,0,1,1.0,783.0
90,91,97,1,1,1,1.0,1021.0
90,91,98,3,0,1,1.0,825.0
90,91,99,1,1,1,1.0,828.0
90,91,100,0,0,0,1.0,868.0
90,91,101,2,1,0,1.0,893.0
90,91,102,2,0,0,0.0,532.0
90,91,103,3,0,1,1.0,1071.0
90,91,104,0,0,0,1.0,782.0
90,91,105,3,0,0,1.0,1243.0
90,91,106,2,1,1,1.0,872.0
90,91,107,1,1,1,1.0,864.0
90,91,108,1,1,0,1.0,848.0
90,91,109,3,0,1,1.0,707.0
90,91,110,2,1,1,1.0,790.0
90,91,111,0,0,1,1.0,903.0
90,91,112,3,0,0,1.0,866.0
90,91,113,0,1,1,0.0,1037.0
90,91,114,1,1,1,1.0,702.0
90,91,115,3,0,1,1.0,1071.0
90,91,116,2,1,1,1.0,771.0
90,91,117,0,0,1,1.0,795.0
90,91,118,2,1,1,1.0,613.0
90,91,119,1,1,1,1.0,1153.0
91,92,0,1,1,0,0.0,1651.0
91,92,1,2,1,0,0.0,2171.0
91,92,2,3,0,1,0.0,1045.0
91,92,3,3,0,0,0.0,1364.0
91,92,4,2,0,1,1.0,1139.0
91,92,5,0,1,0,1.0,1677.0
91,92,6,1,0,1,1.0,1249.0
91,92,7,0,1,1,1.0,1325.0
91,92,8,1,0,1,1.0,872.0
91,92,9,3,1,0,1.0,453.0
91,92,10,1,0,0,1.0,591.0
91,92,11,2,1,0,0.0,756.0
91,92,12,0,1,1,1.0,917.0
91,92,13,3,0,0,0.0,1331.0
91,92,14,0,1,1,1.0,696.0
91,92,15,2,1,0,0.0,1165.0
91,92,16,1,0,1,1.0,1125.0
91,92,17,3,0,0,0.0,1249.0
91,92,18,1,1,0,0.0,461.0
91,92,19,2,0,1,1.0,474.0
91,92,20,0,0,0,0.0,1117.0
91,92,21,3,1,1,1.0,390.0
91,92,22,0,1,1,1.0,1670.0
91,92,23,2,0,1,1.0,753.0
91,92,24,1,1,0,0.0,1033.0
91,92,25,0,0,0,0.0,925.0
91,92,26,1,0,1,1.0,358.0
91,92,27,3,1,1,1.0,1313.0
91,92,28,0,0,0,0.0,627.0
91,92,29,3,1,1,1.0,612.0
91,92,30,2,0,0,1.0,1569.0
91,92,31,2,0,1,1.0,374.0
91,92,32,2,1,0,0.0,1033.0
91,92,33,3,0,0,0.0,621.0
91,92,34,0,1,1,1.0,384.0
91,92,35,3,0,1,0.0,540.0
91,92,36,1,0,1,1.0,1429.0
91,92,37,0,1,1,1.0,495.0
91,92,38,2,1,0,0.0,515.0
91,92,39,1,0,1,1.0,1748.0
91,92,40,1,0,0,1.0,779.0
91,92,41,3,1,1,1.0,1414.0
91,92,42,0,0,1,0.0,987.0
91,92,43,2,1,0,0.0,1092.0
91,92,44,1,0,1,1.0,557.0
91,92,45,3,1,1,1.0,910.0
91,92,46,0,0,0,0.0,1128.0
91,92,47,2,1,0,0.0,467.0
91,92,48,3,0,0,0.0,1858.0
91,92,49,3,1,1,1.0,758.0
91,92,50,0,1,1,1.0,957.0
91,92,51,2,1,1,0.0,1034.0
91,92,52,2,0,0,1.0,438.0
91,92,53,0,1,0,1.0,396.0
91,92,54,1,0,0,1.0,594.0
91,92,55,1,1,0,0.0,502.0
91,92,56,3,0,0,0.0,490.0
91,92,57,2,0,1,1.0,458.0
91,92,58,0,0,0,0.0,922.0
91,92,59,3,1,0,1.0,508.0
91,92,60,1,1,1,0.0,384.0
91,92,61,2,1,0,0.0,806.0
91,92,62,0,0,0,0.0,674.0
91,92,63,1,1,0,0.0,1148.0
91,92,64,3,1,1,1.0,355.0
91,92,65,0,0,0,0.0,618.0
91,92,66,1,1,0,0.0,3439.0
91,92,67,0,0,1,0.0,2791.0
91,92,68,1,1,0,0.0,509.0
91,92,69,2,1,0,0.0,1154.0
91,92,70,3,0,0,0.0,2099.0
91,92,71,2,1,0,0.0,1263.0
91,92,72,0,0,1,0.0,2042.0
91,92,73,1,1,0,0.0,396.0
91,92,74,2,0,1,1.0,380.0
91,92,75,3,1,1,1.0,1118.0
91,92,76,3,0,0,0.0,2933.0
91,92,77,1,0,1,1.0,1683.0
91,92,78,0,1,1,1.0,1128.0
91,92,79,2,0,1,1.0,861.0
91,92,80,1,1,0,0.0,837.0
91,92,81,2,1,0,0.0,1121.0
91,92,82,1,0,1,1.0,1372.0
91,92,83,2,0,1,1.0,2079.0
91,92,84,0,1,1,1.0,1078.0
91,92,85,3,0,0,0.0,993.0
91,92,86,0,1,0,1.0,404.0
91,92,87,3,1,1,1.0,389.0
91,92,88,0,0,0,0.0,799.0
91,92,89,0,1,1,1.0,923.0
91,92,90,1,1,1,0.0,1077.0
91,92,91,2,1,0,0.0,888.0
91,92,92,3,0,1,0.0,533.0
91,92,93,3,1,1,1.0,1043.0
91,92,94,1,0,1,1.0,2219.0
91,92,95,2,0,0,1.0,649.0
91,92,96,2,0,1,1.0,1222.0
91,92,97,0,0,0,0.0,781.0
91,92,98,0,1,1,1.0,437.0
91,92,99,3,0,0,0.0,496.0
91,92,100,2,1,1,0.0,287.0
91,92,101,1,1,0,0.0,463.0
91,92,102,1,0,1,1.0,1513.0
91,92,103,3,1,0,1.0,1195.0
91,92,104,0,0,0,0.0,432.0
91,92,105,3,1,1,1.0,615.0
91,92,106,1,0,1,1.0,1606.0
91,92,107,3,0,0,0.0,990.0
91,92,108,2,1,0,0.0,727.0
91,92,109,2,0,1,1.0,881.0
91,92,110,1,0,0,1.0,1111.0
91,92,111,0,1,1,1.0,873.0
91,92,112,2,0,1,1.0,1123.0
91,92,113,3,0,0,0.0,1152.0
91,92,114,1,0,1,1.0,1367.0
91,92,115,1,0,1,1.0,1673.0
91,92,116,2,0,1,1.0,1478.0
91,92,117,0,1,1,1.0,1286.0
91,92,118,3,0,1,0.0,1082.0
91,92,119,0,1,1,1.0,1121.0
92,93,0,2,1,1,1.0,3560.0
92,93,1,0,0,1,1.0,1018.0
92,93,2,1,0,0,1.0,1101.0
92,93,3,0,0,1,1.0,929.0
92,93,4,3,1,1,1.0,932.0
92,93,5,2,1,0,1.0,730.0
92,93,6,3,0,0,0.0,1411.0
92,93,7,1,0,1,1.0,1646.0
92,93,8,0,0,1,1.0,1154.0
92,93,9,1,0,1,1.0,1195.0
92,93,10,3,1,1,1.0,1265.0
92,93,11,0,0,1,1.0,1443.0
92,93,12,1,0,1,1.0,1015.0
92,93,13,3,1,1,1.0,1459.0
92,93,14,2,1,1,1.0,726.0
92,93,15,2,1,1,1.0,661.0
92,93,16,0,0,1,1.0,813.0
92,93,17,0,0,1,1.0,1106.0
92,93,18,1,0,1,1.0,859.0
92,93,19,3,1,0,1.0,1238.0
92,93,20,2,1,1,1.0,689.0
92,93,21,2,1,1,1.0,1174.0
92,93,22,1,0,1,1.0,1126.0
92,93,23,3,0,0,0.0,981.0
92,93,24,3,0,0,0.0,581.0
92,93,25,0,0,0,1.0,825.0
92,93,26,1,0,0,1.0,850.0
92,93,27,2,1,0,1.0,641.0
92,93,28,1,0,1,1.0,1000.0
92,93,29,2,1,1,1.0,753.0
92,93,30,3,1,1,1.0,846.0
92,93,31,0,0,1,1.0,817.0
92,93,32,0,0,1,1.0,2109.0
92,93,33,3,1,1,1.0,1240.0
92,93,34,1,0,1,1.0,1073.0
92,93,35,3,1,0,1.0,1238.0
92,93,36,2,1,1,1.0,934.0
92,93,37,2,1,1,1.0,628.0
92,93,38,0,0,1,1.0,779.0
92,93,39,1,0,1,1.0,967.0
92,93,40,3,1,1,1.0,1293.0
92,93,41,1,0,1,1.0,783.0
92,93,42,1,0,1,1.0,870.0
92,93,43,0,0,1,1.0,736.0
92,93,44,2,1,0,1.0,762.0
92,93,45,0,0,1,1.0,686.0
92,93,46,3,1,1,1.0,1025.0
92,93,47,2,1,1,1.0,773.0
92,93,48,1,0,0,1.0,855.0
92,93,49,2,1,1,1.0,995.0
92,93,50,3,0,1,0.0,1054.0
92,93,51,1,0,1,1.0,791.0
92,93,52,0,0,0,1.0,659.0
92,93,53,0,0,1,1.0,699.0
92,93,54,3,1,1,1.0,1082.0
92,93,55,2,1,1,1.0,628.0
92,93,56,3,1,1,1.0,1098.0
92,93,57,0,0,1,1.0,697.0
92,93,58,1,0,1,1.0,1168.0
92,93,59,2,1,1,1.0,607.0
92,93,60,2,1,1,1.0,725.0
92,93,61,3,0,0,0.0,824.0
92,93,62,0,0,1,1.0,825.0
92,93,63,1,0,1,1.0,1471.0
92,93,64,2,1,0,1.0,1136.0
92,93,65,1,0,1,1.0,864.0
92,93,66,0,0,0,1.0,1211.0
92,93,67,0,0,1,1.0,697.0
92,93,68,3,1,1,1.0,796.0
92,93,69,2,1,1,1.0,532.0
92,93,70,1,0,0,1.0,1143.0
92,93,71,3,1,0,1.0,1092.0
92,93,72,2,1,1,1.0,1140.0
92,93,73,0,0,1,1.0,935.0
92,93,74,3,1,1,1.0,1687.0
92,93,75,1,0,1,1.0,657.0
92,93,76,1,0,0,1.0,640.0
92,93,77,2,1,1,1.0,598.0
92,93,78,3,1,0,1.0,1178.0
92,93,79,0,0,1,1.0,977.0
92,93,80,2,1,1,1.0,561.0
92,93,81,0,0,0,1.0,859.0
92,93,82,2,1,1,1.0,1042.0
92,93,83,0,0,1,1.0,1494.0
92,93,84,3,1,1,1.0,1353.0
92,93,85,1,0,1,1.0,1026.0
92,93,86,3,1,1,1.0,921.0
92,93,87,1,0,1,1.0,831.0
92,93,88,3,1,1,1.0,1939.0
92,93,89,1,0,1,1.0,877.0
92,93,90,0,0,1,1.0,1060.0
92,93,91,0,0,1,1.0,1052.0
92,93,92,2,1,0,1.0,811.0
92,93,93,1,0,1,1.0,1405.0
92,93,94,2,1,1,1.0,961.0
92,93,95,3,1,1,1.0,1258.0
92,93,96,3,1,0,1.0,1206.0
92,93,97,3,1,1,1.0,1106.0
92,93,98,0,0,1,1.0,1164.0
92,93,99,1,1,0,0.0,1288.0
92,93,100,0,0,1,1.0,2098.0
92,93,101,2,1,1,1.0,766.0
92,93,102,1,0,1,1.0,941.0
92,93,103,2,1,1,1.0,628.0
92,93,104,3,1,1,1.0,1760.0
92,93,105,0,0,0,1.0,775.0
92,93,106,1,0,1,1.0,724.0
92,93,107,2,1,1,1.0,694.0
92,93,108,0,0,1,1.0,645.0
92,93,109,2,1,0,1.0,937.0
92,93,110,3,0,0,0.0,1375.0
92,93,111,1,0,1,1.0,1021.0
92,93,112,3,0,0,0.0,1233.0
92,93,113,0,0,1,1.0,1018.0
92,93,114,2,1,1,1.0,827.0
92,93,115,0,0,0,1.0,1021.0
92,93,116,2,1,1,1.0,743.0
92,93,117,1,0,1,1.0,1740.0
92,93,118,1,0,0,1.0,937.0
92,93,119,3,1,1,1.0,1558.0
93,94,0,3,0,1,0.0,2554.0
93,94,1,1,1,0,1.0,1769.0
93,94,2,0,0,0,1.0,853.0
93,94,3,0,0,1,1.0,1537.0
93,94,4,2,1,0,0.0,1214.0
93,94,5,1,1,1,1.0,1566.0
93,94,6,2,1,0,0.0,1646.0
93,94,7,3,0,0,0.0,2343.0
93,94,8,0,0,1,1.0,840.0
93,94,9,3,0,0,0.0,899.0
93,94,10,3,0,0,0.0,985.0
93,94,11,0,0,1,1.0,850.0
93,94,12,1,0,1,0.0,1739.0
93,94,13,1,0,0,0.0,2684.0
93,94,14,2,1,1,0.0,2000.0
93,94,15,2,1,0,0.0,891.0
93,94,16,0,0,1,1.0,1981.0
93,94,17,1,1,1,1.0,1328.0
93,94,18,2,1,0,0.0,1004.0
93,94,19,3,0,0,0.0,918.0
93,94,20,0,0,0,1.0,916.0
93,94,21,3,1,1,1.0,1396.0
93,94,22,2,1,0,0.0,1436.0
93,94,23,1,0,0,0.0,1312.0
93,94,24,3,0,0,0.0,1214.0
93,94,25,1,0,0,0.0,3257.0
93,94,26,3,0,1,0.0,1371.0
93,94,27,2,1,1,0.0,1012.0
93,94,28,0,0,1,1.0,1322.0
93,94,29,0,0,1,1.0,1047.0
93,94,30,1,0,0,0.0,1194.0
93,94,31,2,1,0,0.0,1010.0
93,94,32,3,1,1,1.0,4297.0
93,94,33,2,1,0,0.0,1897.0
93,94,34,0,0,1,1.0,1692.0
93,94,35,3,1,0,1.0,2085.0
93,94,36,1,1,1,1.0,1030.0
93,94,37,1,0,1,0.0,924.0
93,94,38,0,0,1,1.0,1410.0
93,94,39,2,1,0,0.0,1646.0
93,94,40,1,0,0,0.0,1306.0
93,94,41,0,0,0,1.0,1410.0
93,94,42,1,0,0,0.0,1772.0
93,94,43,3,1,1,1.0,1111.0
93,94,44,0,0,1,1.0,1688.0
93,94,45,2,1,0,0.0,934.0
93,94,46,2,1,0,0.0,878.0
93,94,47,3,1,1,1.0,1775.0
93,94,48,1,0,0,0.0,2080.0
93,94,49,0,0,1,1.0,753.0
93,94,50,2,0,0,1.0,470.0
93,94,51,1,0,0,0.0,1610.0
93,94,52,0,0,1,1.0,868.0
93,94,53,3,1,1,1.0,1654.0
93,94,54,2,1,1,0.0,4323.0
93,94,55,3,1,0,1.0,1476.0
93,94,56,3,1,1,1.0,1223.0
93,94,57,0,0,0,1.0,761.0
93,94,58,1,0,0,0.0,1994.0
93,94,59,0,0,1,1.0,1021.0
93,94,60,2,1,0,0.0,1139.0
93,94,61,2,1,0,0.0,1560.0
93,94,62,3,1,1,1.0,802.0
93,94,63,1,0,0,0.0,1363.0
93,94,64,3,1,1,1.0,2214.0
93,94,65,0,0,1,1.0,971.0
93,94,66,1,0,0,0.0,1122.0
93,94,67,1,0,1,0.0,732.0
93,94,68,3,1,1,1.0,2761.0
93,94,69,2,1,0,0.0,964.0
93,94,70,2,0,1,1.0,1005.0
93,94,71,0,0,1,1.0,1616.0
93,94,72,3,0,0,0.0,835.0
93,94,73,2,0,1,1.0,2439.0
93,94,74,0,0,1,1.0,2398.0
93,94,75,1,0,0,0.0,1237.0
93,94,76,1,0,0,0.0,603.0
93,94,77,3,0,0,0.0,725.0
93,94,78,0,0,1,1.0,829.0
93,94,79,2,0,1,1.0,990.0
93,94,80,0,0,1,1.0,763.0
93,94,81,0,0,0,1.0,631.0
93,94,82,2,0,1,1.0,1044.0
93,94,83,1,0,0,0.0,638.0
93,94,84,1,0,0,0.0,601.0
93,94,85,2,0,1,1.0,1708.0
93,94,86,3,1,1,1.0,2369.0
93,94,87,3,1,0,1.0,1591.0
93,94,88,3,1,1,1.0,835.0
93,94,89,1,0,1,0.0,761.0
93,94,90,0,0,1,1.0,1160.0
93,94,91,0,0,1,1.0,1507.0
93,94,92,2,1,1,0.0,959.0
93,94,93,2,0,0,1.0,765.0
93,94,94,3,1,1,1.0,3485.0
93,94,95,1,0,0,0.0,911.0
93,94,96,0,0,1,1.0,1155.0
93,94,97,2,0,1,1.0,1323.0
93,94,98,1,1,1,1.0,604.0
93,94,99,1,1,1,1.0,876.0
93,94,100,2,0,1,1.0,1163.0
93,94,101,3,1,1,1.0,1317.0
93,94,102,3,1,0,1.0,963.0
93,94,103,0,0,1,1.0,1151.0
93,94,104,2,0,1,1.0,2293.0
93,94,105,3,1,1,1.0,1000.0
93,94,106,1,1,1,1.0,1716.0
93,94,107,3,1,1,1.0,910.0
93,94,108,2,0,1,1.0,1500.0
93,94,109,0,0,1,1.0,2240.0
93,94,110,0,0,1,1.0,989.0
93,94,111,1,1,1,1.0,1645.0
93,94,112,2,0,1,1.0,2179.0
93,94,113,3,1,1,1.0,1664.0
93,94,114,1,1,0,1.0,1533.0
93,94,115,0,0,0,1.0,1333.0
93,94,116,3,1,1,1.0,973.0
93,94,117,1,1,1,1.0,1104.0
93,94,118,2,1,0,0.0,1274.0
93,94,119,0,0,1,1.0,1985.0
94,95,0,1,1,0,0.0,2115.0
94,95,1,2,1,0,0.0,1540.0
94,95,2,3,0,1,0.0,1831.0
94,95,3,3,1,0,1.0,2737.0
94,95,4,2,0,1,1.0,1034.0
94,95,5,0,1,0,1.0,711.0
94,95,6,1,1,0,0.0,2328.0
94,95,7,0,0,0,0.0,1091.0
94,95,8,1,0,1,1.0,307.0
94,95,9,3,0,0,0.0,239.0
94,95,10,1,1,0,0.0,602.0
94,95,11,2,0,1,1.0,381.0
94,95,12,0,1,1,1.0,789.0
94,95,13,3,1,1,1.0,876.0
94,95,14,0,1,1,1.0,899.0
94,95,15,2,0,1,1.0,1071.0
94,95,16,1,1,0,0.0,722.0
94,95,17,3,0,0,0.0,627.0
94,95,18,1,1,1,0.0,1211.0
94,95,19,2,0,0,1.0,2289.0
94,95,20,0,1,1,1.0,486.0
94,95,21,3,0,0,0.0,1787.0
94,95,22,0,1,1,1.0,600.0
94,95,23,2,0,1,1.0,948.0
94,95,24,1,1,0,0.0,1215.0
94,95,25,0,0,0,0.0,329.0
94,95,26,1,0,1,1.0,419.0
94,95,27,3,0,0,0.0,1509.0
94,95,28,0,1,1,1.0,1639.0
94,95,29,3,0,1,0.0,1465.0
94,95,30,2,1,0,0.0,430.0
94,95,31,2,0,0,1.0,487.0
94,95,32,2,0,1,1.0,2587.0
94,95,33,3,1,1,1.0,1458.0
94,95,34,0,0,0,0.0,958.0
94,95,35,3,1,1,1.0,1510.0
94,95,36,1,0,0,1.0,665.0
94,95,37,0,1,1,1.0,1119.0
94,95,38,2,0,1,1.0,1113.0
94,95,39,1,0,1,1.0,1600.0
94,95,40,1,0,1,1.0,754.0
94,95,41,3,1,1,1.0,929.0
94,95,42,0,1,1,1.0,2050.0
94,95,43,2,0,1,1.0,953.0
94,95,44,1,0,1,1.0,681.0
94,95,45,3,1,1,1.0,908.0
94,95,46,0,1,0,1.0,897.0
94,95,47,2,1,0,0.0,1586.0
94,95,48,3,1,1,1.0,1676.0
94,95,49,3,1,0,1.0,1270.0
94,95,50,0,1,1,1.0,953.0
94,95,51,2,0,1,1.0,1028.0
94,95,52,2,0,0,1.0,1892.0
94,95,53,0,1,1,1.0,811.0
94,95,54,1,0,1,1.0,849.0
94,95,55,1,0,0,1.0,678.0
94,95,56,3,0,0,0.0,1002.0
94,95,57,2,1,0,0.0,379.0
94,95,58,0,1,0,1.0,999.0
94,95,59,3,0,0,0.0,387.0
94,95,60,1,0,1,1.0,806.0
94,95,61,2,0,1,1.0,714.0
94,95,62,0,1,1,1.0,534.0
94,95,63,1,0,0,1.0,1269.0
94,95,64,3,0,0,0.0,1058.0
94,95,65,0,1,1,1.0,1188.0
94,95,66,1,0,1,1.0,1058.0
94,95,67,0,1,1,1.0,1187.0
94,95,68,1,0,1,1.0,1294.0
94,95,69,2,0,1,1.0,1534.0
94,95,70,3,1,1,1.0,933.0
94,95,71,2,0,1,1.0,1038.0
94,95,72,0,1,1,1.0,830.0
94,95,73,1,0,1,1.0,784.0
94,95,74,2,0,1,1.0,1237.0
94,95,75,3,1,1,1.0,896.0
94,95,76,3,1,1,1.0,1729.0
94,95,77,1,0,1,1.0,1071.0
94,95,78,0,1,1,1.0,1023.0
94,95,79,2,0,1,1.0,969.0
94,95,80,1,0,1,1.0,819.0
94,95,81,2,0,1,1.0,901.0
94,95,82,1,0,0,1.0,1433.0
94,95,83,2,0,1,1.0,1153.0
94,95,84,0,1,1,1.0,1276.0
94,95,85,3,1,1,1.0,1592.0
94,95,86,0,1,0,1.0,7826.0
94,95,87,3,1,0,1.0,1058.0
94,95,88,0,1,1,1.0,1444.0
94,95,89,0,1,1,1.0,929.0
94,95,90,1,0,1,1.0,1111.0
94,95,91,2,0,0,1.0,856.0
94,95,92,3,1,1,1.0,1567.0
94,95,93,3,1,1,1.0,707.0
94,95,94,1,1,0,0.0,1191.0
94,95,95,2,0,1,1.0,1473.0
94,95,96,2,0,0,1.0,1179.0
94,95,97,0,1,0,1.0,967.0
94,95,98,0,0,1,0.0,893.0
94,95,99,3,0,0,0.0,1156.0
94,95,100,2,0,1,1.0,869.0
94,95,101,1,0,1,1.0,1792.0
94,95,102,1,0,1,1.0,662.0
94,95,103,3,1,1,1.0,3215.0
94,95,104,0,1,1,1.0,442.0
94,95,105,3,1,1,1.0,962.0
94,95,106,1,0,1,1.0,698.0
94,95,107,3,1,0,1.0,765.0
94,95,108,2,0,1,1.0,1360.0
94,95,109,2,0,1,1.0,1056.0
94,95,110,1,0,0,1.0,1353.0
94,95,111,0,1,1,1.0,707.0
94,95,112,2,0,1,1.0,776.0
94,95,113,3,1,1,1.0,460.0
94,95,114,1,0,1,1.0,419.0
94,95,115,1,1,0,0.0,303.0
94,95,116,2,0,1,1.0,1140.0
94,95,117,0,1,0,1.0,141.0
94,95,118,3,0,0,0.0,783.0
94,95,119,0,1,1,1.0,531.0
95,96,0,2,0,0,0.0,3238.0
95,96,1,0,1,0,0.0,2723.0
95,96,2,1,0,0,1.0,3458.0
95,96,3,0,1,0,0.0,2679.0
95,96,4,3,1,1,1.0,2000.0
95,96,5,2,0,0,0.0,1497.0
95,96,6,3,0,0,0.0,1469.0
95,96,7,1,1,0,0.0,1515.0
95,96,8,0,0,1,1.0,2575.0
95,96,9,1,1,0,0.0,3764.0
95,96,10,3,1,1,1.0,3519.0
95,96,11,0,1,1,0.0,2132.0
95,96,12,1,0,1,1.0,1519.0
95,96,13,3,1,1,1.0,1196.0
95,96,14,2,1,1,1.0,2258.0
95,96,15,2,1,0,1.0,916.0
95,96,16,0,1,0,0.0,2136.0
95,96,17,0,1,1,0.0,2583.0
95,96,18,1,1,0,0.0,1272.0
95,96,19,3,1,0,1.0,1572.0
95,96,20,2,1,1,1.0,2443.0
95,96,21,2,1,1,1.0,1199.0
95,96,22,1,0,1,1.0,1726.0
95,96,23,3,1,1,1.0,2622.0
95,96,24,3,1,1,1.0,791.0
95,96,25,0,1,0,0.0,1869.0
95,96,26,1,1,1,0.0,2641.0
95,96,27,2,0,0,0.0,1998.0
95,96,28,1,1,1,0.0,1649.0
95,96,29,2,1,1,1.0,2943.0
95,96,30,3,1,0,1.0,2722.0
95,96,31,0,1,0,0.0,1146.0
95,96,32,0,1,0,0.0,4108.0
95,96,33,3,1,1,1.0,1366.0
95,96,34,1,0,1,1.0,3837.0
95,96,35,3,0,0,0.0,2484.0
95,96,36,2,0,1,0.0,2470.0
95,96,37,2,0,0,0.0,1046.0
95,96,38,0,1,0,0.0,4203.0
95,96,39,1,0,1,1.0,1007.0
95,96,40,3,1,1,1.0,1146.0
95,96,41,1,0,1,1.0,1243.0
95,96,42,1,1,0,0.0,818.0
95,96,43,0,0,1,1.0,1464.0
95,96,44,2,0,1,0.0,1234.0
95,96,45,0,1,0,0.0,904.0
95,96,46,3,0,0,0.0,1129.0
95,96,47,2,1,1,1.0,2269.0
95,96,48,1,0,0,1.0,4135.0
95,96,49,2,0,0,0.0,5344.0
95,96,50,3,0,1,0.0,2819.0
95,96,51,1,0,1,1.0,1081.0
95,96,52,0,1,0,0.0,1681.0
95,96,53,0,1,0,0.0,1475.0
95,96,54,3,0,0,0.0,1461.0
95,96,55,2,1,0,1.0,4451.0
95,96,56,3,1,1,1.0,1351.0
95,96,57,0,0,1,1.0,1609.0
95,96,59,2,1,1,1.0,3485.0
95,96,60,2,1,1,1.0,2440.0
95,96,61,3,1,1,1.0,3932.0
95,96,62,0,0,1,1.0,1275.0
95,96,63,1,1,0,0.0,1933.0
95,96,64,2,1,1,1.0,2529.0
95,96,65,1,1,0,0.0,3480.0
95,96,66,0,0,1,1.0,1401.0
95,96,67,0,0,1,1.0,809.0
95,96,68,3,1,1,1.0,1702.0
95,96,69,2,0,0,0.0,1697.0
95,96,70,1,1,0,0.0,812.0
95,96,71,3,1,0,1.0,2962.0
95,96,72,2,1,0,1.0,5324.0
95,96,73,0,0,0,1.0,3300.0
95,96,74,3,1,1,1.0,4035.0
95,96,75,1,0,1,1.0,2661.0
95,96,76,1,1,0,0.0,2756.0
95,96,77,2,0,0,0.0,2429.0
95,96,78,3,1,0,1.0,3098.0
95,96,79,0,1,1,0.0,1691.0
95,96,80,2,1,1,1.0,4510.0
95,96,81,0,0,1,1.0,2041.0
95,96,82,2,1,1,1.0,997.0
95,96,83,0,0,1,1.0,660.0
95,96,84,3,1,1,1.0,889.0
95,96,85,1,0,1,1.0,1546.0
95,96,86,3,0,0,0.0,1680.0
95,96,87,1,0,1,1.0,1843.0
95,96,88,3,1,1,1.0,900.0
95,96,89,1,1,0,0.0,1298.0
95,96,90,0,1,0,0.0,1116.0
95,96,91,0,1,0,0.0,1069.0
95,96,92,2,1,1,1.0,1227.0
95,96,93,1,0,1,1.0,962.0
95,96,94,2,0,0,0.0,1865.0
95,96,95,3,1,1,1.0,927.0
95,96,96,3,1,1,1.0,1246.0
95,96,97,3,0,0,0.0,953.0
95,96,98,0,1,1,0.0,1494.0
95,96,99,1,0,0,1.0,1598.0
95,96,100,0,1,0,0.0,1222.0
95,96,101,2,0,0,0.0,1106.0
95,96,102,1,1,0,0.0,6657.0
95,96,103,2,1,1,1.0,954.0
95,96,104,3,1,0,1.0,1137.0
95,96,105,0,1,0,0.0,1556.0
95,96,106,1,1,1,0.0,1151.0
95,96,107,2,0,0,0.0,1263.0
95,96,108,0,1,0,0.0,1742.0
95,96,109,2,1,1,1.0,1746.0
95,96,110,3,1,1,1.0,967.0
95,96,111,1,1,0,0.0,1147.0
95,96,112,3,1,1,1.0,1123.0
95,96,113,0,1,0,0.0,1035.0
95,96,114,2,0,0,0.0,994.0
95,96,115,0,1,1,0.0,2254.0
95,96,116,2,0,1,0.0,1387.0
95,96,117,1,1,1,0.0,916.0
95,96,118,1,1,0,0.0,693.0
95,96,119,3,1,1,1.0,1208.0
96,97,0,0,1,0,0.0,1407.0
96,97,1,1,1,0,1.0,1513.0
96,97,2,3,0,1,1.0,1361.0
96,97,3,2,1,1,1.0,920.0
96,97,4,3,0,1,1.0,1103.0
96,97,5,0,0,1,1.0,2103.0
96,97,6,2,1,1,1.0,1234.0
96,97,7,1,1,1,1.0,1205.0
96,97,8,1,1,1,1.0,975.0
96,97,9,2,1,1,1.0,983.0
96,97,10,3,0,0,1.0,921.0
96,97,11,3,0,1,1.0,888.0
96,97,12,0,1,0,0.0,1055.0
96,97,13,0,1,1,0.0,824.0
96,97,14,2,1,1,1.0,962.0
96,97,15,1,1,1,1.0,971.0
96,97,16,2,1,1,1.0,1010.0
96,97,17,3,0,1,1.0,1240.0
96,97,18,0,0,1,1.0,1174.0
96,97,19,1,1,1,1.0,923.0
96,97,20,0,1,0,0.0,879.0
96,97,21,3,0,1,1.0,1009.0
96,97,22,1,1,1,1.0,800.0
96,97,23,2,1,1,1.0,1079.0
96,97,24,3,0,1,1.0,1100.0
96,97,25,1,1,1,1.0,791.0
96,97,26,2,1,0,1.0,1113.0
96,97,27,0,0,1,1.0,985.0
96,97,28,1,1,1,1.0,947.0
96,97,29,0,0,1,1.0,1088.0
96,97,30,3,0,0,1.0,1361.0
96,97,31,2,1,1,1.0,953.0
96,97,32,2,1,1,1.0,969.0
96,97,33,3,1,0,0.0,1182.0
96,97,34,3,0,1,1.0,795.0
96,97,35,1,1,0,1.0,1052.0
96,97,36,2,1,0,1.0,1068.0
96,97,37,0,0,1,1.0,1674.0
96,97,38,1,1,1,1.0,1692.0
96,97,39,0,0,1,1.0,1357.0
96,97,40,1,1,1,1.0,695.0
96,97,41,3,0,1,1.0,964.0
96,97,42,1,1,1,1.0,770.0
96,97,43,3,0,0,1.0,744.0
96,97,44,2,1,1,1.0,960.0
96,97,45,0,0,0,1.0,904.0
96,97,46,0,0,1,1.0,1140.0
96,97,47,2,1,1,1.0,641.0
96,97,48,3,0,1,1.0,807.0
96,97,49,0,0,1,1.0,1176.0
96,97,50,3,0,1,1.0,1135.0
96,97,51,2,1,1,1.0,1437.0
96,97,52,1,1,1,1.0,809.0
96,97,53,1,1,0,1.0,1568.0
96,97,54,2,1,1,1.0,928.0
96,97,55,0,0,1,1.0,1377.0
96,97,56,1,1,1,1.0,1127.0
96,97,57,2,1,0,1.0,1171.0
96,97,58,1,1,0,1.0,1228.0
96,97,59,0,0,1,1.0,1528.0
96,97,60,2,1,1,1.0,3713.0
96,97,61,0,0,0,1.0,7905.0
96,97,62,3,0,1,1.0,1184.0
96,97,63,3,0,1,1.0,866.0
96,97,64,3,0,1,1.0,1576.0
96,97,65,2,1,1,1.0,1504.0
96,97,66,1,1,1,1.0,1248.0
96,97,67,0,0,1,1.0,984.0
96,97,68,1,1,1,1.0,1164.0
96,97,69,2,1,1,1.0,1124.0
96,97,70,3,0,0,1.0,1165.0
96,97,71,0,0,1,1.0,1252.0
96,97,72,0,0,1,1.0,722.0
96,97,73,3,0,1,1.0,910.0
96,97,74,3,0,1,1.0,889.0
96,97,75,2,1,1,1.0,868.0
96,97,76,1,1,1,1.0,681.0
96,97,77,1,1,1,1.0,805.0
96,97,78,0,0,1,1.0,2202.0
96,97,79,2,1,1,1.0,965.0
96,97,80,3,0,1,1.0,1214.0
96,97,81,1,1,1,1.0,1153.0
96,97,82,2,1,0,1.0,860.0
96,97,83,1,1,1,1.0,913.0
96,97,84,2,1,1,1.0,706.0
96,97,85,0,0,0,1.0,1307.0
96,97,86,3,0,1,1.0,1328.0
96,97,87,0,0,1,1.0,891.0
96,97,88,3,0,1,1.0,761.0
96,97,89,0,0,1,1.0,810.0
96,97,90,1,1,0,1.0,933.0
96,97,91,3,0,1,1.0,1047.0
96,97,92,2,1,1,1.0,1497.0
96,97,93,2,1,1,1.0,1282.0
96,97,94,1,1,1,1.0,1340.0
96,97,95,0,0,1,1.0,1134.0
96,97,96,0,0,1,1.0,1494.0
96,97,97,1,1,1,1.0,715.0
96,97,98,3,0,0,1.0,598.0
96,97,99,1,1,1,1.0,818.0
96,97,100,0,0,1,1.0,999.0
96,97,101,2,1,1,1.0,1351.0
96,97,102,2,1,1,1.0,935.0
96,97,103,3,0,1,1.0,1043.0
96,97,104,0,0,1,1.0,903.0
96,97,105,3,0,0,1.0,804.0
96,97,106,2,1,0,1.0,1333.0
96,97,107,1,1,1,1.0,1006.0
96,97,108,1,1,1,1.0,920.0
96,97,109,3,0,1,1.0,878.0
96,97,110,2,1,1,1.0,838.0
96,97,111,0,0,0,1.0,836.0
96,97,112,3,0,1,1.0,974.0
96,97,113,0,0,0,1.0,1087.0
96,97,114,1,1,0,1.0,1127.0
96,97,115,3,0,1,1.0,669.0
96,97,116,2,1,1,1.0,804.0
96,97,117,0,0,1,1.0,862.0
96,97,118,2,1,0,1.0,754.0
96,97,119,1,1,0,1.0,1423.0
97,98,0,1,0,1,1.0,2626.0
97,98,1,2,1,0,0.0,1641.0
97,98,2,3,0,1,0.0,2345.0
97,98,3,3,0,0,0.0,1589.0
97,98,4,2,1,0,0.0,1551.0
97,98,5,0,1,0,1.0,2271.0
97,98,6,1,0,1,1.0,2526.0
97,98,7,0,0,0,0.0,1778.0
97,98,8,1,0,0,1.0,2960.0
97,98,9,3,1,0,1.0,1105.0
97,98,10,1,0,1,1.0,2988.0
97,98,11,2,0,1,1.0,1380.0
97,98,12,0,1,1,1.0,1087.0
97,98,13,3,0,0,0.0,1354.0
97,98,14,0,1,1,1.0,2214.0
97,98,15,2,0,1,1.0,1046.0
97,98,16,1,1,0,0.0,1514.0
97,98,17,3,0,0,0.0,1222.0
97,98,18,1,1,0,0.0,1389.0
97,98,19,2,0,1,1.0,1371.0
97,98,20,0,1,1,1.0,1195.0
97,98,21,3,1,1,1.0,1337.0
97,98,22,0,1,1,1.0,1457.0
97,98,23,2,1,0,0.0,1110.0
97,98,24,1,0,1,1.0,2445.0
97,98,25,0,1,1,1.0,1199.0
97,98,26,1,0,1,1.0,685.0
97,98,27,3,0,0,0.0,1460.0
97,98,28,0,1,1,1.0,888.0
97,98,29,3,0,1,0.0,725.0
97,98,30,2,0,0,1.0,1113.0
97,98,31,2,1,0,0.0,537.0
97,98,32,2,1,0,0.0,1216.0
97,98,33,3,0,0,0.0,831.0
97,98,34,0,0,0,0.0,1260.0
97,98,35,3,1,1,1.0,628.0
97,98,36,1,0,1,1.0,1307.0
97,98,37,0,1,1,1.0,901.0
97,98,38,2,0,1,1.0,1484.0
97,98,39,1,1,0,0.0,981.0
97,98,40,1,0,0,1.0,1188.0
97,98,41,3,0,0,0.0,1272.0
97,98,42,0,1,0,1.0,992.0
97,98,43,2,0,0,1.0,964.0
97,98,44,1,1,0,0.0,933.0
97,98,45,3,1,1,1.0,839.0
97,98,46,0,1,1,1.0,727.0
97,98,47,2,0,1,1.0,984.0
97,98,48,3,1,1,1.0,1268.0
97,98,49,3,0,0,0.0,960.0
97,98,50,0,1,1,1.0,983.0
97,98,51,2,0,1,1.0,1377.0
97,98,52,2,0,1,1.0,1826.0
97,98,53,0,1,0,1.0,1244.0
97,98,54,1,0,1,1.0,1767.0
97,98,55,1,0,0,1.0,1165.0
97,98,56,3,0,0,0.0,1165.0
97,98,57,2,0,1,1.0,1833.0
97,98,58,0,0,0,0.0,1790.0
97,98,59,3,0,0,0.0,1358.0
97,98,60,1,1,1,0.0,1166.0
97,98,61,2,0,0,1.0,930.0
97,98,62,0,1,1,1.0,980.0
97,98,63,1,0,1,1.0,1019.0
97,98,64,3,0,1,0.0,1354.0
97,98,65,0,1,1,1.0,872.0
97,98,66,1,0,1,1.0,1865.0
97,98,67,0,1,1,1.0,1044.0
97,98,68,1,0,1,1.0,1265.0
97,98,69,2,0,1,1.0,1208.0
97,98,70,3,0,0,0.0,1758.0
97,98,71,2,0,1,1.0,1700.0
97,98,72,0,1,1,1.0,1297.0
97,98,73,1,0,1,1.0,960.0
97,98,74,2,0,1,1.0,1362.0
97,98,75,3,1,1,1.0,905.0
97,98,76,3,0,0,0.0,977.0
97,98,77,1,1,0,0.0,786.0
97,98,78,0,1,1,1.0,927.0
97,98,79,2,0,1,1.0,884.0
97,98,80,1,1,0,0.0,1299.0
97,98,81,2,0,1,1.0,982.0
97,98,82,1,0,1,1.0,1940.0
97,98,83,2,0,1,1.0,1082.0
97,98,84,0,1,1,1.0,1756.0
97,98,85,3,0,0,0.0,1046.0
97,98,86,0,1,0,1.0,2617.0
97,98,87,3,0,1,0.0,1789.0
97,98,88,0,1,1,1.0,1500.0
97,98,89,0,0,1,0.0,1310.0
97,98,90,1,0,0,1.0,1270.0
97,98,91,2,0,1,1.0,1436.0
97,98,92,3,1,1,1.0,2379.0
97,98,93,3,0,0,0.0,3770.0
97,98,94,1,0,1,1.0,1737.0
97,98,95,2,0,0,1.0,1954.0
97,98,96,2,0,1,1.0,1299.0
97,98,97,0,1,1,1.0,1640.0
97,98,98,0,0,0,0.0,1111.0
97,98,99,3,0,0,0.0,2301.0
97,98,100,2,0,0,1.0,850.0
97,98,101,1,0,1,1.0,1133.0
97,98,102,1,1,0,0.0,1081.0
97,98,103,3,0,0,0.0,1530.0
97,98,104,0,1,0,1.0,1463.0
97,98,105,3,0,1,0.0,2723.0
97,98,106,1,0,1,1.0,2960.0
97,98,107,3,0,0,0.0,1013.0
97,98,108,2,0,1,1.0,1604.0
97,98,109,2,1,0,0.0,793.0
97,98,110,1,0,1,1.0,1315.0
97,98,111,0,1,1,1.0,2284.0
97,98,112,2,1,0,0.0,1167.0
97,98,113,3,0,0,0.0,1336.0
97,98,114,1,0,0,1.0,1005.0
97,98,115,1,0,1,1.0,1492.0
97,98,116,2,1,1,0.0,1448.0
97,98,117,0,0,0,0.0,922.0
97,98,118,3,1,0,1.0,1130.0
97,98,119,0,1,1,1.0,1019.0
98,99,0,2,0,0,0.0,2085.0
98,99,1,0,1,0,0.0,2152.0
98,99,2,1,0,0,1.0,1401.0
98,99,3,0,0,1,1.0,2812.0
98,99,4,3,0,0,0.0,2445.0
98,99,5,2,0,0,0.0,1747.0
98,99,6,3,1,1,1.0,2521.0
98,99,7,1,1,0,0.0,2289.0
98,99,8,0,0,1,1.0,1544.0
98,99,9,1,0,1,1.0,2328.0
98,99,10,3,1,1,1.0,1429.0
98,99,11,0,0,1,1.0,1325.0
98,99,12,1,0,1,1.0,2110.0
98,99,13,3,0,0,0.0,1329.0
98,99,14,2,1,1,1.0,2773.0
98,99,15,2,0,0,0.0,4226.0
98,99,16,0,1,0,0.0,2131.0
98,99,17,0,0,1,1.0,1653.0
98,99,18,1,0,1,1.0,1567.0
98,99,19,3,0,0,0.0,1642.0
98,99,20,2,1,0,1.0,1237.0
98,99,21,2,0,1,0.0,1155.0
98,99,22,1,0,1,1.0,1166.0
98,99,23,3,0,1,0.0,4823.0
98,99,24,3,0,0,0.0,1106.0
98,99,25,0,0,1,1.0,1141.0
98,99,26,1,0,1,1.0,1175.0
98,99,27,2,1,1,1.0,1497.0
98,99,28,1,1,0,0.0,2179.0
98,99,29,2,0,0,0.0,3140.0
98,99,30,3,0,0,0.0,1077.0
98,99,31,0,0,1,1.0,946.0
98,99,32,0,0,0,1.0,2827.0
98,99,33,3,1,1,1.0,1533.0
98,99,34,1,0,0,1.0,1635.0
98,99,35,3,0,0,0.0,1306.0
98,99,36,2,0,1,0.0,1811.0
98,99,37,2,0,0,0.0,1675.0
98,99,38,0,0,1,1.0,1900.0
98,99,39,1,0,1,1.0,1251.0
98,99,40,3,1,0,1.0,947.0
98,99,41,1,0,1,1.0,1882.0
98,99,42,1,0,1,1.0,1163.0
98,99,43,0,1,1,0.0,1509.0
98,99,44,2,0,0,0.0,1453.0
98,99,45,0,0,1,1.0,1463.0
98,99,46,3,1,1,1.0,1876.0
98,99,47,2,0,0,0.0,950.0
98,99,48,1,1,0,0.0,2205.0
98,99,49,2,0,0,0.0,1028.0
98,99,50,3,1,1,1.0,1382.0
98,99,51,1,1,1,0.0,1314.0
98,99,52,0,0,1,1.0,1122.0
98,99,53,0,0,1,1.0,619.0
98,99,54,3,1,0,1.0,537.0
98,99,55,2,1,1,1.0,2654.0
98,99,56,3,1,1,1.0,406.0
98,99,57,0,1,0,0.0,734.0
98,99,58,1,0,1,1.0,718.0
98,99,59,2,0,0,0.0,543.0
98,99,60,2,0,0,0.0,702.0
98,99,61,3,1,1,1.0,1041.0
98,99,62,0,0,1,1.0,1009.0
98,99,63,1,0,1,1.0,3146.0
98,99,64,2,1,1,1.0,1654.0
98,99,65,1,0,0,1.0,973.0
98,99,66,0,0,0,1.0,965.0
98,99,67,0,1,1,0.0,952.0
98,99,68,3,1,1,1.0,1276.0
98,99,69,2,0,0,0.0,1506.0
98,99,70,1,1,1,0.0,2226.0
98,99,71,3,1,1,1.0,1477.0
98,99,72,2,0,1,0.0,1414.0
98,99,73,0,1,0,0.0,2207.0
98,99,74,3,1,1,1.0,1045.0
98,99,75,1,0,1,1.0,832.0
98,99,76,1,0,1,1.0,932.0
98,99,77,2,1,1,1.0,1656.0
98,99,78,3,1,0,1.0,849.0
98,99,79,0,0,1,1.0,1870.0
98,99,80,2,0,1,0.0,2072.0
98,99,81,0,0,1,1.0,1028.0
98,99,82,2,1,0,1.0,1237.0
98,99,83,0,0,1,1.0,1271.0
98,99,84,3,1,1,1.0,1218.0
98,99,85,1,1,0,0.0,1561.0
98,99,86,3,1,0,1.0,837.0
98,99,87,1,0,1,1.0,1082.0
98,99,88,3,1,1,1.0,1715.0
98,99,89,1,0,1,1.0,1718.0
98,99,90,0,1,0,0.0,1689.0
98,99,91,0,0,0,1.0,2186.0
98,99,92,2,0,0,0.0,822.0
98,99,93,1,1,0,0.0,2201.0
98,99,94,2,0,0,0.0,1952.0
98,99,95,3,1,1,1.0,1282.0
98,99,96,3,1,1,1.0,1026.0
98,99,97,3,1,1,1.0,916.0
98,99,98,0,0,1,1.0,1028.0
98,99,99,1,1,0,0.0,1472.0
98,99,100,0,0,1,1.0,911.0
98,99,101,2,0,0,0.0,2488.0
98,99,102,1,1,0,0.0,1757.0
98,99,103,2,0,0,0.0,1548.0
98,99,104,3,1,0,1.0,1279.0
98,99,105,0,0,1,1.0,1137.0
98,99,106,1,0,0,1.0,2402.0
98,99,107,2,0,0,0.0,1219.0
98,99,108,0,0,0,1.0,3102.0
98,99,109,2,1,1,1.0,1700.0
98,99,110,3,1,1,1.0,1273.0
98,99,111,1,1,0,0.0,1223.0
98,99,112,3,1,1,1.0,1150.0
98,99,113,0,0,1,1.0,567.0
98,99,114,2,0,0,0.0,1430.0
98,99,115,0,0,1,1.0,1681.0
98,99,116,2,0,0,0.0,1351.0
98,99,117,1,1,0,0.0,1911.0
98,99,118,1,0,1,1.0,1733.0
98,99,119,3,1,1,1.0,1545.0
99,100,0,3,0,1,0.0,3219.0
99,100,1,1,1,0,1.0,2852.0
99,100,2,0,1,0,0.0,2377.0
99,100,3,0,0,0,1.0,3908.0
99,100,4,2,0,0,1.0,1880.0
99,100,5,1,1,1,1.0,3336.0
99,100,6,2,0,1,1.0,1647.0
99,100,7,3,1,1,1.0,1757.0
99,100,8,0,0,1,1.0,1771.0
99,100,9,3,0,0,0.0,3087.0
99,100,10,3,0,0,0.0,1768.0
99,100,11,0,1,0,0.0,2041.0
99,100,12,1,0,1,0.0,2701.0
99,100,13,1,1,1,1.0,2529.0
99,100,14,2,0,1,1.0,1599.0
99,100,15,2,0,1,1.0,2775.0
99,100,16,0,0,1,1.0,2289.0
99,100,17,1,1,1,1.0,3314.0
99,100,18,2,0,1,1.0,2034.0
99,100,19,3,1,1,1.0,1228.0
99,100,20,0,0,1,1.0,1078.0
99,100,21,3,1,0,1.0,1596.0
99,100,22,2,0,1,1.0,1512.0
99,100,23,1,1,1,1.0,2094.0
99,100,24,3,0,0,0.0,2016.0
99,100,25,1,1,1,1.0,2070.0
99,100,26,3,1,1,1.0,2658.0
99,100,27,2,0,0,1.0,1340.0
99,100,28,0,1,1,0.0,2110.0
99,100,29,0,0,1,1.0,3386.0
99,100,30,1,0,0,0.0,2054.0
99,100,31,2,0,1,1.0,1741.0
99,100,32,3,0,0,0.0,2435.0
99,100,33,2,0,1,1.0,1123.0
99,100,34,0,1,0,0.0,1466.0
99,100,35,3,1,1,1.0,1866.0
99,100,36,1,0,0,0.0,1033.0
99,100,37,1,0,0,0.0,2454.0
99,100,38,0,1,0,0.0,2511.0
99,100,39,2,0,1,1.0,1280.0
99,100,40,1,0,0,0.0,1971.0
99,100,41,0,0,0,1.0,1864.0
99,100,42,1,1,1,1.0,1243.0
99,100,43,3,1,1,1.0,1739.0
99,100,44,0,1,1,0.0,1933.0
99,100,45,2,0,1,1.0,753.0
99,100,46,2,0,1,1.0,1997.0
99,100,47,3,1,0,1.0,1043.0
99,100,48,1,1,1,1.0,1599.0
99,100,49,0,0,1,1.0,1137.0
99,100,50,2,0,1,1.0,1069.0
99,100,51,1,1,0,1.0,1321.0
99,100,52,0,1,0,0.0,1887.0
99,100,53,3,0,0,0.0,1079.0
99,100,54,2,0,0,1.0,1038.0
99,100,55,3,1,1,1.0,1627.0
99,100,56,3,0,1,0.0,1287.0
99,100,57,0,1,0,0.0,1190.0
99,100,58,1,0,1,0.0,802.0
99,100,59,0,1,0,0.0,1742.0
99,100,60,2,0,1,1.0,1131.0
99,100,61,2,0,1,1.0,1187.0
99,100,62,3,0,0,0.0,1233.0
99,100,63,1,1,1,1.0,1995.0
99,100,64,3,0,0,0.0,2292.0
99,100,65,0,0,1,1.0,1226.0
99,100,66,1,0,0,0.0,643.0
99,100,67,1,0,0,0.0,1358.0
99,100,68,3,1,1,1.0,1242.0
99,100,69,2,0,0,1.0,1060.0
99,100,70,2,0,1,1.0,1694.0
99,100,71,0,1,0,0.0,1877.0
99,100,72,3,1,1,1.0,1342.0
99,100,73,2,0,1,1.0,740.0
99,100,74,0,1,1,0.0,1155.0
99,100,75,1,0,0,0.0,945.0
99,100,76,1,1,1,1.0,2367.0
99,100,77,3,0,0,0.0,1343.0
99,100,78,0,1,0,0.0,1812.0
99,100,79,2,0,1,1.0,1040.0
99,100,80,0,1,0,0.0,2284.0
99,100,81,0,0,1,1.0,2295.0
99,100,82,2,0,1,1.0,1242.0
99,100,83,1,1,0,1.0,1704.0
99,100,84,1,0,0,0.0,1133.0
99,100,85,2,0,1,1.0,1605.0
99,100,86,3,1,1,1.0,1440.0
99,100,87,3,0,0,0.0,1114.0
99,100,88,3,0,0,0.0,1041.0
99,100,89,1,1,1,1.0,775.0
99,100,90,0,1,0,0.0,2256.0
99,100,91,0,0,1,1.0,1097.0
99,100,92,2,1,0,0.0,1037.0
99,100,93,2,1,0,0.0,1769.0
99,100,94,3,0,0,0.0,2140.0
99,100,95,1,1,1,1.0,1027.0
99,100,96,0,0,0,1.0,2091.0
99,100,97,2,1,1,0.0,1021.0
99,100,98,1,0,0,0.0,1811.0
99,100,99,1,1,1,1.0,695.0
99,100,100,2,1,0,0.0,917.0
99,100,101,3,0,1,0.0,1274.0
99,100,102,3,1,1,1.0,1252.0
99,100,103,0,0,1,1.0,1412.0
99,100,104,2,1,0,0.0,1190.0
99,100,105,3,0,0,0.0,1438.0
99,100,106,1,1,1,1.0,708.0
99,100,107,3,0,1,0.0,2085.0
99,100,108,2,1,0,0.0,993.0
99,100,109,0,1,1,0.0,2238.0
99,100,110,0,0,1,1.0,3050.0
99,100,111,1,1,1,1.0,944.0
99,100,112,2,1,1,0.0,1515.0
99,100,113,3,0,0,0.0,1527.0
99,100,114,1,1,1,1.0,3538.0
99,100,115,0,0,1,1.0,1426.0
99,100,116,3,0,0,0.0,1883.0
99,100,117,1,1,0,1.0,1705.0
99,100,118,2,1,0,0.0,1253.0
99,100,119,0,0,0,1.0,1468.0
100,101,0,0,1,0,0.0,2069.0
100,101,1,1,0,1,0.0,1037.0
100,101,2,3,1,0,0.0,1935.0
100,101,3,2,0,0,0.0,619.0
100,101,4,3,0,1,1.0,203.0
100,101,5,0,1,0,0.0,741.0
100,101,6,2,0,0,0.0,1078.0
100,101,7,1,1,0,1.0,320.0
100,101,8,1,0,0,0.0,1473.0
100,101,9,2,1,1,1.0,1432.0
100,101,10,3,0,1,1.0,1421.0
100,101,11,3,1,0,0.0,2153.0
100,101,13,0,1,0,0.0,952.0
100,101,14,2,0,0,0.0,1214.0
100,101,15,1,1,1,1.0,1823.0
100,101,16,2,1,1,1.0,2084.0
100,101,17,3,1,0,0.0,1217.0
100,101,18,0,0,1,1.0,611.0
100,101,19,1,1,1,1.0,1146.0
100,101,20,0,1,0,0.0,3037.0
100,101,21,3,0,0,1.0,1759.0
100,101,22,1,1,1,1.0,796.0
100,101,23,2,0,1,0.0,691.0
100,101,24,3,0,1,1.0,7648.0
100,101,25,1,1,1,1.0,1425.0
100,101,26,2,0,0,0.0,1830.0
100,101,27,0,0,1,1.0,1334.0
100,101,28,1,1,1,1.0,1672.0
100,101,29,0,0,1,1.0,1020.0
100,101,30,3,0,1,1.0,2190.0
100,101,31,2,1,1,1.0,1146.0
100,101,32,2,1,1,1.0,1628.0
100,101,33,3,0,1,1.0,1084.0
100,101,34,3,0,1,1.0,1131.0
100,101,35,1,1,1,1.0,1013.0
100,101,36,2,1,1,1.0,1236.0
100,101,37,0,0,1,1.0,917.0
100,101,38,1,1,1,1.0,891.0
100,101,39,0,0,1,1.0,909.0
100,101,40,1,1,0,1.0,613.0
100,101,41,3,0,0,1.0,1113.0
100,101,42,1,1,1,1.0,651.0
100,101,43,3,0,1,1.0,1463.0
100,101,44,2,0,1,0.0,2792.0
100,101,45,0,1,0,0.0,1212.0
100,101,46,0,0,1,1.0,956.0
100,101,47,2,1,1,1.0,1719.0
100,101,48,3,0,1,1.0,1509.0
100,101,49,0,0,0,1.0,755.0
100,101,50,3,0,0,1.0,780.0
100,101,51,2,1,0,1.0,837.0
100,101,52,1,1,1,1.0,887.0
100,101,53,1,1,1,1.0,754.0
100,101,54,2,1,1,1.0,1712.0
100,101,55,0,0,1,1.0,1329.0
100,101,56,1,0,0,0.0,1561.0
100,101,57,2,1,1,1.0,1201.0
100,101,58,1,0,0,0.0,1818.0
100,101,59,0,0,1,1.0,2336.0
100,101,60,2,1,0,1.0,1154.0
100,101,61,0,0,1,1.0,1814.0
100,101,62,3,0,1,1.0,723.0
100,101,63,3,0,1,1.0,1471.0
100,101,64,3,0,1,1.0,717.0
100,101,65,2,1,1,1.0,625.0
100,101,66,1,1,1,1.0,546.0
100,101,67,0,0,1,1.0,919.0
100,101,68,1,1,0,1.0,611.0
100,101,69,2,1,1,1.0,1915.0
100,101,70,3,0,1,1.0,520.0
100,101,71,0,1,0,0.0,1415.0
100,101,72,0,0,0,1.0,1994.0
100,101,73,3,0,1,1.0,1762.0
100,101,74,3,0,0,1.0,887.0
100,101,75,2,1,1,1.0,1047.0
100,101,76,1,1,1,1.0,854.0
100,101,77,1,1,0,1.0,1004.0
100,101,78,0,0,1,1.0,2848.0
100,101,79,2,1,1,1.0,608.0
100,101,80,3,0,1,1.0,388.0
100,101,81,1,1,1,1.0,1039.0
100,101,82,2,1,0,1.0,808.0
100,101,83,1,1,1,1.0,934.0
100,101,84,2,1,1,1.0,2056.0
100,101,85,0,0,1,1.0,2328.0
100,101,86,3,0,1,1.0,1211.0
100,101,87,0,1,1,0.0,933.0
100,101,88,3,0,1,1.0,1580.0
100,101,89,0,0,1,1.0,911.0
100,101,90,1,0,0,0.0,749.0
100,101,91,3,1,1,0.0,663.0
100,101,92,2,1,1,1.0,1135.0
100,101,93,2,1,1,1.0,1409.0
100,101,94,1,1,1,1.0,1500.0
100,101,95,0,0,1,1.0,942.0
100,101,96,0,0,0,1.0,854.0
100,101,97,1,1,1,1.0,1009.0
100,101,98,3,0,1,1.0,553.0
100,101,99,1,1,1,1.0,1822.0
100,101,100,0,0,1,1.0,1335.0
100,101,101,2,1,1,1.0,475.0
100,101,102,2,0,0,0.0,761.0
100,101,103,3,0,1,1.0,1919.0
100,101,104,0,1,0,0.0,845.0
100,101,105,3,0,1,1.0,1281.0
100,101,106,2,1,1,1.0,1732.0
100,101,107,1,1,1,1.0,3727.0
100,101,108,1,1,0,1.0,1161.0
100,101,109,3,0,0,1.0,1738.0
100,101,110,2,1,0,1.0,1650.0
100,101,111,0,0,1,1.0,1738.0
100,101,112,3,0,1,1.0,767.0
100,101,113,0,1,0,0.0,886.0
100,101,114,1,1,1,1.0,917.0
100,101,115,3,0,0,1.0,783.0
100,101,116,2,1,1,1.0,684.0
100,101,117,0,0,1,1.0,1603.0
100,101,118,2,1,1,1.0,1100.0
100,101,119,1,0,1,0.0,1818.0
101,102,0,1,0,1,1.0,2103.0
101,102,1,2,0,1,1.0,871.0
101,102,2,3,0,1,0.0,1038.0
101,102,3,3,0,0,0.0,891.0
101,102,4,2,0,1,1.0,1447.0
101,102,5,0,1,0,1.0,1212.0
101,102,6,1,0,1,1.0,1140.0
101,102,7,0,0,0,0.0,1684.0
101,102,8,1,0,0,1.0,1321.0
101,102,9,3,0,0,0.0,784.0
101,102,10,1,1,0,0.0,608.0
101,102,11,2,0,1,1.0,1381.0
101,102,12,0,0,0,0.0,1115.0
101,102,13,3,0,0,0.0,1079.0
101,102,14,0,0,0,0.0,917.0
101,102,15,2,1,0,0.0,762.0
101,102,16,1,0,1,1.0,713.0
101,102,17,3,0,0,0.0,1532.0
101,102,18,1,0,1,1.0,1048.0
101,102,19,2,0,0,1.0,1032.0
101,102,20,0,0,1,0.0,893.0
101,102,21,3,1,0,1.0,780.0
101,102,22,0,0,0,0.0,1559.0
101,102,23,2,0,1,1.0,784.0
101,102,24,1,1,0,0.0,881.0
101,102,25,0,1,1,1.0,1170.0
101,102,26,1,0,1,1.0,1051.0
101,102,27,3,1,1,1.0,1532.0
101,102,28,0,1,1,1.0,1430.0
101,102,29,3,0,1,0.0,840.0
101,102,30,2,0,0,1.0,1654.0
101,102,31,2,0,1,1.0,716.0
101,102,32,2,0,1,1.0,2451.0
101,102,33,3,0,0,0.0,690.0
101,102,34,0,1,1,1.0,751.0
101,102,35,3,1,1,1.0,718.0
101,102,36,1,0,1,1.0,832.0
101,102,37,0,1,1,1.0,1236.0
101,102,38,2,0,1,1.0,666.0
101,102,39,1,0,0,1.0,996.0
101,102,40,1,0,1,1.0,769.0
101,102,41,3,1,1,1.0,746.0
101,102,42,0,0,0,0.0,908.0
101,102,43,2,1,0,0.0,830.0
101,102,44,1,0,0,1.0,2320.0
101,102,45,3,1,1,1.0,919.0
101,102,46,0,1,1,1.0,2009.0
101,102,47,2,0,1,1.0,2723.0
101,102,48,3,1,1,1.0,1121.0
101,102,49,3,1,1,1.0,1499.0
101,102,50,0,1,1,1.0,1168.0
101,102,51,2,0,0,1.0,750.0
101,102,52,2,0,1,1.0,890.0
101,102,53,0,1,1,1.0,1264.0
101,102,54,1,0,1,1.0,755.0
101,102,55,1,0,1,1.0,816.0
101,102,56,3,1,0,1.0,707.0
101,102,57,2,0,1,1.0,943.0
101,102,58,0,1,0,1.0,1072.0
101,102,59,3,1,1,1.0,1120.0
101,102,60,1,0,1,1.0,1014.0
101,102,61,2,0,1,1.0,577.0
101,102,62,0,1,1,1.0,1118.0
101,102,63,1,0,1,1.0,1774.0
101,102,64,3,1,1,1.0,685.0
101,102,65,0,1,1,1.0,711.0
101,102,66,1,0,1,1.0,671.0
101,102,67,0,1,0,1.0,1194.0
101,102,68,1,0,0,1.0,738.0
101,102,69,2,0,1,1.0,1442.0
101,102,70,3,1,1,1.0,1118.0
101,102,71,2,1,0,0.0,765.0
101,102,72,0,1,1,1.0,770.0
101,102,73,1,0,1,1.0,694.0
101,102,74,2,0,1,1.0,1090.0
101,102,75,3,1,1,1.0,1187.0
101,102,76,3,1,0,1.0,1982.0
101,102,77,1,0,1,1.0,713.0
101,102,78,0,1,1,1.0,902.0
101,102,79,2,0,1,1.0,729.0
101,102,80,1,0,1,1.0,508.0
101,102,81,2,0,1,1.0,655.0
101,102,82,1,0,1,1.0,716.0
101,102,83,2,0,0,1.0,843.0
101,102,84,0,1,1,1.0,867.0
101,102,85,3,1,1,1.0,1157.0
101,102,86,0,1,1,1.0,1132.0
101,102,87,3,1,1,1.0,3172.0
101,102,88,0,1,1,1.0,1061.0
101,102,89,0,1,1,1.0,871.0
101,102,90,1,0,0,1.0,833.0
101,102,91,2,0,1,1.0,909.0
101,102,92,3,1,1,1.0,1607.0
101,102,93,3,1,1,1.0,917.0
101,102,94,1,0,1,1.0,1992.0
101,102,95,2,0,0,1.0,770.0
101,102,96,2,0,1,1.0,686.0
101,102,97,0,1,0,1.0,701.0
101,102,98,0,1,1,1.0,790.0
101,102,99,3,1,0,1.0,743.0
101,102,100,2,0,1,1.0,1070.0
101,102,101,1,0,1,1.0,511.0
101,102,102,1,0,1,1.0,1195.0
101,102,103,3,1,1,1.0,738.0
101,102,104,0,1,1,1.0,1852.0
101,102,105,3,1,1,1.0,823.0
101,102,106,1,0,1,1.0,863.0
101,102,107,3,1,1,1.0,690.0
101,102,108,2,0,1,1.0,713.0
101,102,109,2,0,1,1.0,668.0
101,102,110,1,0,1,1.0,811.0
101,102,111,0,1,0,1.0,929.0
101,102,112,2,0,1,1.0,1524.0
101,102,113,3,1,1,1.0,1432.0
101,102,114,1,0,1,1.0,1071.0
101,102,115,1,0,1,1.0,647.0
101,102,116,2,1,0,0.0,490.0
101,102,117,0,1,1,1.0,1237.0
101,102,118,3,0,0,0.0,1198.0
101,102,119,0,1,1,1.0,1922.0
102,103,0,2,1,1,1.0,2216.0
102,103,1,0,0,1,1.0,818.0
102,103,2,1,0,0,1.0,1176.0
102,103,3,0,0,1,1.0,1078.0
102,103,4,3,1,1,1.0,2021.0
102,103,5,2,0,0,0.0,2250.0
102,103,6,3,1,1,1.0,938.0
102,103,7,1,0,1,1.0,1000.0
102,103,8,0,0,1,1.0,1020.0
102,103,9,1,0,1,1.0,869.0
102,103,10,3,1,1,1.0,1042.0
102,103,11,0,1,0,0.0,1086.0
102,103,12,1,0,1,1.0,864.0
102,103,13,3,1,0,1.0,1017.0
102,103,14,2,0,0,0.0,1073.0
102,103,15,2,0,0,0.0,1231.0
102,103,16,0,1,0,0.0,1472.0
102,103,17,0,0,1,1.0,868.0
102,103,18,1,0,1,1.0,909.0
102,103,19,3,1,1,1.0,1064.0
102,103,20,2,1,0,1.0,1537.0
102,103,21,2,0,1,0.0,1331.0
102,103,22,1,0,1,1.0,1129.0
102,103,23,3,1,1,1.0,841.0
102,103,24,3,1,0,1.0,1594.0
102,103,25,0,0,1,1.0,920.0
102,103,26,1,1,0,0.0,2742.0
102,103,27,2,0,0,0.0,2230.0
102,103,28,1,0,0,1.0,1339.0
102,103,29,2,1,1,1.0,4173.0
102,103,30,3,0,0,0.0,1173.0
102,103,31,0,0,1,1.0,1154.0
102,103,32,0,1,1,0.0,2880.0
102,103,33,3,1,1,1.0,2298.0
102,103,34,1,0,1,1.0,1103.0
102,103,35,3,1,1,1.0,866.0
102,103,36,2,1,1,1.0,1191.0
102,103,37,2,1,1,1.0,977.0
102,103,38,0,0,0,1.0,1652.0
102,103,39,1,0,1,1.0,2397.0
102,103,40,3,1,1,1.0,1843.0
102,103,41,1,0,1,1.0,1325.0
102,103,42,1,0,1,1.0,1572.0
102,103,43,0,0,1,1.0,1998.0
102,103,44,2,1,1,1.0,2341.0
102,103,45,0,0,1,1.0,887.0
102,103,46,3,1,1,1.0,1861.0
102,103,47,2,1,0,1.0,1511.0
102,103,48,1,1,0,0.0,1576.0
102,103,49,2,0,1,0.0,817.0
102,103,50,3,1,1,1.0,1325.0
102,103,51,1,0,1,1.0,1759.0
102,103,52,0,0,1,1.0,1396.0
102,103,53,0,0,1,1.0,1293.0
102,103,54,3,0,0,0.0,1030.0
102,103,55,2,1,1,1.0,1119.0
102,103,56,3,1,0,1.0,932.0
102,103,57,0,1,0,0.0,1320.0
102,103,58,1,0,0,1.0,862.0
102,103,59,2,1,1,1.0,1960.0
102,103,60,2,0,0,0.0,1581.0
102,103,61,3,1,1,1.0,1208.0
102,103,62,0,0,1,1.0,1008.0
102,103,63,1,0,1,1.0,4156.0
102,103,64,2,1,1,1.0,2294.0
102,103,65,1,0,1,1.0,1230.0
102,103,66,0,1,1,0.0,1861.0
102,103,67,0,0,0,1.0,1025.0
102,103,68,3,1,0,1.0,1041.0
102,103,69,2,1,0,1.0,1360.0
102,103,70,1,0,1,1.0,1608.0
102,103,71,3,1,1,1.0,2498.0
102,103,72,2,1,1,1.0,1454.0
102,103,73,0,0,1,1.0,1971.0
102,103,74,3,1,1,1.0,1090.0
102,103,75,1,0,1,1.0,1720.0
102,103,76,1,0,0,1.0,1424.0
102,103,77,2,1,1,1.0,2351.0
102,103,78,3,1,1,1.0,5552.0
102,103,79,0,1,0,0.0,2941.0
102,103,80,2,1,1,1.0,1577.0
102,103,81,0,0,1,1.0,1264.0
102,103,82,2,1,1,1.0,1453.0
102,103,83,0,1,0,0.0,1901.0
102,103,84,3,1,1,1.0,1084.0
102,103,85,1,0,1,1.0,598.0
102,103,86,3,1,0,1.0,1371.0
102,103,87,1,0,0,1.0,90.0
102,103,88,3,1,1,1.0,837.0
102,103,89,1,0,1,1.0,1015.0
102,103,90,0,1,0,0.0,1732.0
102,103,91,0,0,1,1.0,503.0
102,103,92,2,1,1,1.0,1706.0
102,103,93,1,0,1,1.0,1068.0
102,103,94,2,1,0,1.0,1026.0
102,103,95,3,1,1,1.0,2392.0
102,103,96,3,0,0,0.0,1063.0
102,103,97,3,1,1,1.0,680.0
102,103,98,0,0,0,1.0,1372.0
102,103,99,1,0,1,1.0,2707.0
102,103,100,0,0,1,1.0,2013.0
102,103,101,2,1,1,1.0,1216.0
102,103,102,1,0,1,1.0,1037.0
102,103,103,2,1,1,1.0,2557.0
102,103,104,3,1,1,1.0,1032.0
102,103,105,0,0,1,1.0,1297.0
102,103,106,1,0,1,1.0,3198.0
102,103,107,2,1,1,1.0,1155.0
102,103,108,0,0,1,1.0,1468.0
102,103,109,2,1,1,1.0,2173.0
102,103,110,3,1,1,1.0,1456.0
102,103,111,1,0,1,1.0,591.0
102,103,112,3,1,0,1.0,805.0
102,103,113,0,0,0,1.0,2709.0
102,103,114,2,1,1,1.0,890.0
102,103,115,0,0,1,1.0,1685.0
102,103,116,2,1,0,1.0,2617.0
102,103,117,1,0,1,1.0,950.0
102,103,118,1,1,0,0.0,1684.0
102,103,119,3,1,1,1.0,1335.0
103,104,0,3,1,1,1.0,2073.0
103,104,1,1,0,1,0.0,1386.0
103,104,2,0,1,0,0.0,1984.0
103,104,3,0,0,0,1.0,1324.0
103,104,4,2,0,0,1.0,2740.0
103,104,5,1,0,0,0.0,2053.0
103,104,6,2,1,0,0.0,1245.0
103,104,7,3,0,1,0.0,2016.0
103,104,8,0,0,1,1.0,1925.0
103,104,9,3,1,1,1.0,3307.0
103,104,10,3,1,0,1.0,821.0
103,104,11,0,1,0,0.0,1936.0
103,104,12,1,0,0,0.0,1436.0
103,104,13,1,1,0,1.0,1132.0
103,104,14,2,1,0,0.0,1484.0
103,104,15,2,1,1,0.0,1223.0
103,104,16,0,0,1,1.0,1435.0
103,104,17,1,1,1,1.0,2030.0
103,104,18,2,0,1,1.0,2660.0
103,104,19,3,1,1,1.0,1525.0
103,104,20,0,0,1,1.0,1375.0
103,104,21,3,1,1,1.0,807.0
103,104,22,2,0,1,1.0,1430.0
103,104,23,1,1,1,1.0,549.0
103,104,24,3,0,0,0.0,1047.0
103,104,25,1,0,0,0.0,1804.0
103,104,26,3,0,0,0.0,1365.0
103,104,27,2,1,0,0.0,1231.0
103,104,28,0,0,1,1.0,3103.0
103,104,29,0,0,0,1.0,1185.0
103,104,30,1,1,1,1.0,2277.0
103,104,31,2,1,0,0.0,1565.0
103,104,32,3,0,0,0.0,1427.0
103,104,33,2,1,0,0.0,1192.0
103,104,34,0,1,1,0.0,1364.0
103,104,35,3,0,0,0.0,1154.0
103,104,36,1,0,0,0.0,2121.0
103,104,37,1,1,1,1.0,986.0
103,104,38,0,0,1,1.0,1390.0
103,104,39,2,0,1,1.0,1651.0
103,104,40,1,1,1,1.0,1149.0
103,104,41,0,0,1,1.0,3230.0
103,104,42,1,1,1,1.0,1307.0
103,104,43,3,0,0,0.0,1544.0
103,104,44,0,0,1,1.0,1115.0
103,104,45,2,0,1,1.0,1253.0
103,104,46,2,0,1,1.0,822.0
103,104,47,3,1,1,1.0,2113.0
103,104,48,1,1,1,1.0,1051.0
103,104,49,0,0,1,1.0,2466.0
103,104,50,2,0,0,1.0,727.0
103,104,51,1,1,0,1.0,958.0
103,104,52,0,0,0,1.0,1110.0
103,104,53,3,1,0,1.0,3278.0
103,104,54,2,0,1,1.0,1091.0
103,104,55,3,1,1,1.0,1429.0
103,104,56,3,1,1,1.0,742.0
103,104,57,0,0,1,1.0,1871.0
103,104,58,1,1,1,1.0,1681.0
103,104,59,0,1,0,0.0,760.0
103,104,60,2,0,1,1.0,1053.0
103,104,61,2,0,1,1.0,650.0
103,104,62,3,1,1,1.0,2360.0
103,104,63,1,1,1,1.0,1369.0
103,104,64,3,1,1,1.0,1750.0
103,104,65,0,0,1,1.0,1974.0
103,104,66,1,1,0,1.0,1065.0
103,104,67,1,1,1,1.0,815.0
103,104,68,3,1,1,1.0,1753.0
103,104,69,2,0,1,1.0,695.0
103,104,70,2,0,1,1.0,933.0
103,104,71,0,0,1,1.0,748.0
103,104,72,3,1,0,1.0,1479.0
103,104,73,2,0,1,1.0,1029.0
103,104,74,0,0,0,1.0,1542.0
103,104,75,1,1,1,1.0,866.0
103,104,76,1,1,1,1.0,832.0
103,104,77,3,1,1,1.0,1430.0
103,104,78,0,0,1,1.0,1022.0
103,104,79,2,0,0,1.0,1058.0
103,104,80,0,0,1,1.0,1132.0
103,104,81,0,0,1,1.0,1208.0
103,104,82,2,0,1,1.0,965.0
103,104,83,1,1,1,1.0,1877.0
103,104,84,1,1,1,1.0,613.0
103,104,85,2,0,1,1.0,628.0
103,104,86,3,1,1,1.0,1867.0
103,104,87,3,1,1,1.0,1036.0
103,104,88,3,1,0,1.0,934.0
103,104,89,1,1,1,1.0,1217.0
103,104,90,0,0,1,1.0,792.0
103,104,91,0,0,1,1.0,821.0
103,104,92,2,0,0,1.0,1000.0
103,104,93,2,0,1,1.0,848.0
103,104,94,3,1,1,1.0,1376.0
103,104,95,1,1,0,1.0,963.0
103,104,96,0,0,1,1.0,1832.0
103,104,97,2,0,1,1.0,1131.0
103,104,98,1,1,1,1.0,829.0
103,104,99,1,1,1,1.0,1276.0
103,104,100,2,0,1,1.0,954.0
103,104,101,3,1,1,1.0,2099.0
103,104,102,3,1,1,1.0,1159.0
103,104,103,0,0,0,1.0,2525.0
103,104,104,2,0,1,1.0,1270.0
103,104,105,3,1,1,1.0,2432.0
103,104,106,1,1,1,1.0,1495.0
103,104,107,3,1,1,1.0,1836.0
103,104,108,2,0,1,1.0,1061.0
103,104,109,0,0,1,1.0,2928.0
103,104,110,0,0,1,1.0,1702.0
103,104,111,1,1,1,1.0,1517.0
103,104,112,2,0,0,1.0,2063.0
103,104,113,3,1,1,1.0,1812.0
103,104,114,1,1,0,1.0,2092.0
103,104,115,0,0,1,1.0,816.0
103,104,116,3,1,0,1.0,1808.0
103,104,117,1,1,1,1.0,1703.0
103,104,118,2,0,1,1.0,910.0
103,104,119,0,0,1,1.0,708.0
104,105,0,0,1,0,0.0,2621.0
104,105,1,1,0,1,0.0,531.0
104,105,2,3,1,0,0.0,1996.0
104,105,3,2,1,1,1.0,1433.0
104,105,4,3,0,1,1.0,2176.0
104,105,5,0,1,0,0.0,1711.0
104,105,6,2,0,0,0.0,1501.0
104,105,7,1,0,0,0.0,1252.0
104,105,8,1,1,0,1.0,802.0
104,105,9,2,0,0,0.0,1800.0
104,105,10,3,1,0,0.0,462.0
104,105,11,3,0,1,1.0,673.0
104,105,12,0,0,1,1.0,1703.0
104,105,13,0,0,1,1.0,704.0
104,105,14,2,1,1,1.0,1720.0
104,105,15,1,0,0,0.0,1520.0
104,105,16,2,1,1,1.0,717.0
104,105,17,3,0,0,1.0,1286.0
104,105,18,0,0,1,1.0,1110.0
104,105,19,1,0,0,0.0,1215.0
104,105,20,0,1,1,0.0,616.0
104,105,21,3,0,1,1.0,794.0
104,105,22,1,0,0,0.0,997.0
104,105,23,2,1,1,1.0,702.0
104,105,24,3,0,1,1.0,1076.0
104,105,25,1,1,1,1.0,446.0
104,105,26,2,1,1,1.0,951.0
104,105,27,0,0,1,1.0,771.0
104,105,28,1,1,1,1.0,1176.0
104,105,29,0,0,1,1.0,709.0
104,105,30,3,0,1,1.0,978.0
104,105,31,2,1,1,1.0,996.0
104,105,32,2,1,0,1.0,1433.0
104,105,33,3,0,1,1.0,814.0
104,105,34,3,0,0,1.0,815.0
104,105,35,1,0,1,0.0,2732.0
104,105,36,2,1,1,1.0,1233.0
104,105,37,0,1,0,0.0,1611.0
104,105,38,1,0,0,0.0,1551.0
104,105,39,0,0,1,1.0,1998.0
104,105,40,1,0,0,0.0,1142.0
104,105,41,3,1,0,0.0,1668.0
104,105,42,1,1,1,1.0,762.0
104,105,43,3,1,1,0.0,679.0
104,105,44,2,0,0,0.0,862.0
104,105,45,0,0,0,1.0,1220.0
104,105,46,0,1,0,0.0,990.0
104,105,47,2,1,1,1.0,690.0
104,105,48,3,0,1,1.0,825.0
104,105,49,0,0,1,1.0,1961.0
104,105,50,3,1,0,0.0,1481.0
104,105,51,2,1,0,1.0,1901.0
104,105,52,1,1,1,1.0,1251.0
104,105,53,1,0,0,0.0,980.0
104,105,54,2,0,1,0.0,693.0
104,105,55,0,1,0,0.0,2165.0
104,105,56,1,0,1,0.0,1007.0
104,105,57,2,1,1,1.0,1289.0
104,105,58,1,0,0,0.0,805.0
104,105,59,0,1,0,0.0,598.0
104,105,60,2,0,0,0.0,684.0
104,105,61,0,1,1,0.0,590.0
104,105,62,3,1,0,0.0,1495.0
104,105,63,3,1,0,0.0,3059.0
104,105,64,3,1,0,0.0,2219.0
104,105,65,2,1,1,1.0,1511.0
104,105,66,1,0,0,0.0,2158.0
104,105,67,0,0,1,1.0,3144.0
104,105,68,1,1,1,1.0,1056.0
104,105,69,2,0,1,0.0,2754.0
104,105,70,3,1,1,0.0,1071.0
104,105,71,0,0,1,1.0,2147.0
104,105,72,0,0,1,1.0,713.0
104,105,73,3,1,0,0.0,962.0
104,105,74,3,0,1,1.0,1182.0
104,105,75,2,1,1,1.0,793.0
104,105,76,1,1,1,1.0,534.0
104,105,77,1,1,1,1.0,872.0
104,105,78,0,0,0,1.0,577.0
104,105,79,2,1,1,1.0,1262.0
104,105,80,3,0,0,1.0,860.0
104,105,81,1,1,0,1.0,616.0
104,105,82,2,0,0,0.0,878.0
104,105,83,1,1,1,1.0,946.0
104,105,84,2,0,0,0.0,671.0
104,105,85,0,1,0,0.0,884.0
104,105,86,3,0,1,1.0,1403.0
104,105,87,0,1,0,0.0,972.0
104,105,88,3,0,1,1.0,814.0
104,105,89,0,0,1,1.0,1144.0
104,105,90,1,1,1,1.0,616.0
104,105,91,3,0,1,1.0,840.0
104,105,92,2,0,0,0.0,2058.0
104,105,93,2,1,0,1.0,935.0
104,105,94,1,0,0,0.0,3033.0
104,105,95,0,0,1,1.0,2252.0
104,105,96,0,0,1,1.0,1029.0
104,105,97,1,1,1,1.0,2139.0
104,105,98,3,0,1,1.0,811.0
104,105,99,1,1,1,1.0,1025.0
104,105,100,0,0,1,1.0,631.0
104,105,101,2,0,0,0.0,941.0
104,105,102,2,1,1,1.0,773.0
104,105,103,3,0,1,1.0,611.0
104,105,104,0,0,0,1.0,717.0
104,105,105,3,0,0,1.0,717.0
104,105,106,2,1,1,1.0,975.0
104,105,107,1,1,0,1.0,548.0
104,105,108,1,0,0,0.0,1645.0
104,105,109,3,0,1,1.0,885.0
104,105,110,2,1,1,1.0,988.0
104,105,111,0,0,1,1.0,1208.0
104,105,112,3,1,0,0.0,896.0
104,105,113,0,0,1,1.0,692.0
104,105,114,1,1,1,1.0,1198.0
104,105,115,3,0,1,1.0,632.0
104,105,116,2,1,1,1.0,921.0
104,105,117,0,0,1,1.0,842.0
104,105,118,2,1,1,1.0,721.0
104,105,119,1,0,0,0.0,561.0
105,106,0,2,0,0,0.0,2423.0
105,106,1,0,1,0,0.0,1745.0
105,106,2,1,1,0,0.0,479.0
105,106,3,0,0,1,1.0,851.0
105,106,4,3,0,0,0.0,1090.0
105,106,5,2,0,0,0.0,2609.0
105,106,6,3,0,0,0.0,2095.0
105,106,7,1,1,0,0.0,1011.0
105,106,8,0,1,0,0.0,1173.0
105,106,9,1,0,0,1.0,1207.0
105,106,10,3,1,1,1.0,2549.0
105,106,11,0,0,1,1.0,3571.0
105,106,12,1,0,1,1.0,1235.0
105,106,13,3,0,0,0.0,1303.0
105,106,14,2,1,1,1.0,2128.0
105,106,15,2,1,0,1.0,2448.0
105,106,16,0,0,1,1.0,1106.0
105,106,17,0,1,1,0.0,1415.0
105,106,18,1,0,1,1.0,1404.0
105,106,19,3,1,1,1.0,1160.0
105,106,20,2,1,1,1.0,3259.0
105,106,21,2,0,0,0.0,1032.0
105,106,22,1,1,0,0.0,1204.0
105,106,23,3,1,1,1.0,2236.0
105,106,24,3,0,1,0.0,1808.0
105,106,25,0,1,0,0.0,2922.0
105,106,26,1,0,1,1.0,1086.0
105,106,27,2,1,1,1.0,2126.0
105,106,28,1,1,1,0.0,1220.0
105,106,29,2,1,1,1.0,872.0
105,106,30,3,1,0,1.0,673.0
105,106,31,0,1,1,0.0,1587.0
105,106,32,0,1,0,0.0,2457.0
105,106,33,3,1,1,1.0,856.0
105,106,34,1,0,1,1.0,2137.0
105,106,35,3,1,1,1.0,844.0
105,106,36,2,1,1,1.0,827.0
105,106,37,2,1,0,1.0,582.0
105,106,38,0,0,1,1.0,443.0
105,106,39,1,1,1,0.0,795.0
105,106,40,3,1,0,1.0,964.0
105,106,41,1,0,1,1.0,1221.0
105,106,42,1,1,0,0.0,994.0
105,106,43,0,1,0,0.0,1282.0
105,106,44,2,1,1,1.0,874.0
105,106,45,0,0,1,1.0,702.0
105,106,46,3,1,1,1.0,877.0
105,106,47,2,1,1,1.0,789.0
105,106,48,1,0,0,1.0,1675.0
105,106,49,2,1,1,1.0,863.0
105,106,50,3,1,1,1.0,1066.0
105,106,51,1,0,1,1.0,4279.0
105,106,52,0,1,0,0.0,816.0
105,106,53,0,0,1,1.0,676.0
105,106,54,3,1,1,1.0,1075.0
105,106,55,2,1,0,1.0,762.0
105,106,56,3,1,1,1.0,1835.0
105,106,57,0,1,0,0.0,3968.0
105,106,58,1,0,1,1.0,1899.0
105,106,59,2,1,1,1.0,793.0
105,106,60,2,0,1,0.0,935.0
105,106,61,3,1,1,1.0,907.0
105,106,62,0,0,0,1.0,1975.0
105,106,63,1,1,0,0.0,4291.0
105,106,64,2,1,1,1.0,780.0
105,106,65,1,0,1,1.0,1190.0
105,106,66,0,0,1,1.0,1428.0
105,106,67,0,1,0,0.0,1222.0
105,106,68,3,1,0,1.0,1667.0
105,106,69,2,1,1,1.0,854.0
105,106,70,1,0,1,1.0,1478.0
105,106,71,3,1,1,1.0,1468.0
105,106,72,2,1,1,1.0,738.0
105,106,73,0,1,0,0.0,1878.0
105,106,74,3,1,0,1.0,917.0
105,106,75,1,0,1,1.0,669.0
105,106,76,1,1,0,0.0,1131.0
105,106,77,2,1,1,1.0,1239.0
105,106,78,3,0,0,0.0,1065.0
105,106,79,0,1,0,0.0,1731.0
105,106,80,2,1,0,1.0,838.0
105,106,81,0,1,1,0.0,2181.0
105,106,82,2,1,1,1.0,979.0
105,106,83,0,1,0,0.0,702.0
105,106,84,3,1,1,1.0,951.0
105,106,85,1,0,0,1.0,1785.0
105,106,86,3,1,1,1.0,693.0
105,106,87,1,0,1,1.0,1758.0
105,106,88,3,0,0,0.0,1192.0
105,106,89,1,1,0,0.0,957.0
105,106,90,0,0,1,1.0,1302.0
105,106,91,0,1,0,0.0,920.0
105,106,92,2,1,1,1.0,708.0
105,106,93,1,0,1,1.0,2236.0
105,106,94,2,1,1,1.0,5553.0
105,106,95,3,1,1,1.0,1122.0
105,106,96,3,1,1,1.0,1518.0
105,106,97,3,1,0,1.0,1180.0
105,106,98,0,1,1,0.0,1887.0
105,106,99,1,0,1,1.0,1900.0
105,106,100,0,0,1,1.0,1501.0
105,106,101,2,1,1,1.0,874.0
105,106,102,1,0,1,1.0,1447.0
105,106,103,2,0,0,0.0,1076.0
105,106,104,3,1,1,1.0,2029.0
105,106,105,0,0,1,1.0,2236.0
105,106,106,1,1,0,0.0,1423.0
105,106,107,2,1,1,1.0,826.0
105,106,108,0,0,1,1.0,1205.0
105,106,109,2,1,0,1.0,1043.0
105,106,110,3,1,1,1.0,1760.0
105,106,111,1,1,0,0.0,1731.0
105,106,112,3,1,1,1.0,1533.0
105,106,113,0,0,0,1.0,2386.0
105,106,114,2,1,1,1.0,6061.0
105,106,115,0,0,1,1.0,1604.0
105,106,116,2,1,1,1.0,3051.0
105,106,118,1,0,0,1.0,2062.0
105,106,119,3,1,1,1.0,898.0
106,107,0,0,0,1,1.0,1031.0
106,107,1,1,1,0,1.0,891.0
106,107,2,3,1,0,0.0,1253.0
106,107,3,2,1,1,1.0,1294.0
106,107,4,3,0,1,1.0,1301.0
106,107,5,0,0,1,1.0,1062.0
106,107,6,2,1,1,1.0,1357.0
106,107,7,1,1,1,1.0,1552.0
106,107,8,1,1,1,1.0,932.0
106,107,9,2,1,1,1.0,1478.0
106,107,10,3,0,1,1.0,1148.0
106,107,11,3,0,0,1.0,884.0
106,107,12,0,0,1,1.0,2062.0
106,107,13,0,0,1,1.0,1659.0
106,107,14,2,1,1,1.0,692.0
106,107,15,1,1,1,1.0,3016.0
106,107,16,2,1,1,1.0,1300.0
106,107,17,3,0,1,1.0,1173.0
106,107,18,0,0,1,1.0,1942.0
106,107,19,1,1,1,1.0,991.0
106,107,20,0,0,1,1.0,2830.0
106,107,21,3,0,1,1.0,1239.0
106,107,22,1,1,1,1.0,995.0
106,107,23,2,1,1,1.0,1201.0
106,107,24,3,0,1,1.0,941.0
106,107,25,1,1,1,1.0,1271.0
106,107,26,2,1,0,1.0,1205.0
106,107,27,0,0,0,1.0,1316.0
106,107,28,1,1,1,1.0,1492.0
106,107,29,0,0,1,1.0,1653.0
106,107,30,3,0,1,1.0,1015.0
106,107,31,2,1,1,1.0,805.0
106,107,32,2,1,1,1.0,1921.0
106,107,33,3,0,0,1.0,894.0
106,107,34,3,0,1,1.0,730.0
106,107,35,1,1,0,1.0,1095.0
106,107,36,2,1,0,1.0,1066.0
106,107,37,0,0,1,1.0,924.0
106,107,38,1,0,1,0.0,849.0
106,107,39,0,0,1,1.0,929.0
106,107,40,1,0,0,0.0,471.0
106,107,41,3,1,0,0.0,1398.0
106,107,42,1,0,0,0.0,953.0
106,107,43,3,0,1,1.0,1582.0
106,107,44,2,1,1,1.0,1092.0
106,107,45,0,0,1,1.0,2222.0
106,107,46,0,0,0,1.0,847.0
106,107,47,2,0,0,0.0,1692.0
106,107,48,3,0,0,1.0,1291.0
106,107,49,0,0,1,1.0,2254.0
106,107,50,3,1,0,0.0,1151.0
106,107,51,2,1,1,1.0,1990.0
106,107,52,1,0,0,0.0,1929.0
106,107,53,1,0,0,0.0,1130.0
106,107,54,2,0,0,0.0,1559.0
106,107,55,0,0,1,1.0,1242.0
106,107,56,1,1,1,1.0,1537.0
106,107,57,2,1,1,1.0,1215.0
106,107,58,1,1,1,1.0,1206.0
106,107,59,0,0,1,1.0,1085.0
106,107,60,2,1,1,1.0,1009.0
106,107,61,0,0,1,1.0,3503.0
106,107,62,3,0,1,1.0,891.0
106,107,63,3,0,1,1.0,2616.0
106,107,64,3,0,1,1.0,823.0
106,107,65,2,1,0,1.0,859.0
106,107,66,1,1,1,1.0,1397.0
106,107,67,0,0,0,1.0,1173.0
106,107,68,1,1,1,1.0,932.0
106,107,69,2,0,0,0.0,888.0
106,107,70,3,1,1,0.0,1259.0
106,107,71,0,0,1,1.0,1333.0
106,107,72,0,0,1,1.0,1173.0
106,107,73,3,0,1,1.0,958.0
106,107,74,3,0,1,1.0,1056.0
106,107,75,2,1,1,1.0,1053.0
106,107,76,1,0,1,0.0,1014.0
106,107,77,1,0,0,0.0,750.0
106,107,78,0,0,1,1.0,4375.0
106,107,79,2,1,1,1.0,1427.0
106,107,80,3,0,0,1.0,954.0
106,107,81,1,1,0,1.0,1297.0
106,107,82,2,0,1,0.0,723.0
106,107,83,1,1,1,1.0,922.0
106,107,84,2,0,0,0.0,1081.0
106,107,85,0,1,0,0.0,899.0
106,107,86,3,0,1,1.0,1175.0
106,107,87,0,0,1,1.0,1086.0
106,107,88,3,0,1,1.0,964.0
106,107,89,0,0,1,1.0,988.0
106,107,90,1,0,0,0.0,1202.0
106,107,91,3,1,0,0.0,1047.0
106,107,92,2,0,1,0.0,2016.0
106,107,93,2,0,0,0.0,1250.0
106,107,94,1,0,0,0.0,1091.0
106,107,95,0,0,1,1.0,588.0
106,107,96,0,0,0,1.0,1138.0
106,107,97,1,1,0,1.0,933.0
106,107,98,3,0,1,1.0,486.0
106,107,99,1,1,1,1.0,2548.0
106,107,100,0,0,0,1.0,1069.0
106,107,101,2,1,1,1.0,771.0
106,107,102,2,1,1,1.0,1227.0
106,107,103,3,1,0,0.0,751.0
106,107,104,0,1,0,0.0,1624.0
106,107,105,3,1,0,0.0,1353.0
106,107,106,2,0,0,0.0,758.0
106,107,107,1,1,1,1.0,2116.0
106,107,108,1,0,1,0.0,479.0
106,107,109,3,1,0,0.0,928.0
106,107,110,2,0,0,0.0,856.0
106,107,111,0,1,1,0.0,2016.0
106,107,112,3,1,1,0.0,1253.0
106,107,113,0,0,1,1.0,896.0
106,107,114,1,1,1,1.0,1173.0
106,107,115,3,1,0,0.0,965.0
106,107,116,2,0,0,0.0,1227.0
106,107,117,0,1,0,0.0,939.0
106,107,118,2,0,0,0.0,1122.0
106,107,119,1,1,1,1.0,1264.0
107,108,0,1,1,0,0.0,2151.0
107,108,1,2,1,0,0.0,1277.0
107,108,2,3,1,0,1.0,1186.0
107,108,3,3,0,1,0.0,904.0
107,108,4,2,0,1,1.0,783.0
107,108,5,0,0,0,0.0,617.0
107,108,6,1,0,1,1.0,715.0
107,108,7,0,1,0,1.0,1328.0
107,108,8,1,0,1,1.0,998.0
107,108,9,3,0,0,0.0,1089.0
107,108,10,1,1,0,0.0,1274.0
107,108,11,2,0,1,1.0,1150.0
107,108,12,0,1,1,1.0,1150.0
107,108,13,3,0,0,0.0,2048.0
107,108,14,0,1,1,1.0,1074.0
107,108,15,2,0,1,1.0,976.0
107,108,16,1,0,0,1.0,1896.0
107,108,17,3,1,1,1.0,1328.0
107,108,18,1,1,0,0.0,1280.0
107,108,19,2,0,0,1.0,1173.0
107,108,20,0,1,1,1.0,899.0
107,108,21,3,1,1,1.0,1052.0
107,108,22,0,1,1,1.0,913.0
107,108,23,2,0,1,1.0,816.0
107,108,24,1,0,1,1.0,1614.0
107,108,25,0,1,1,1.0,871.0
107,108,26,1,0,1,1.0,898.0
107,108,27,3,1,1,1.0,1644.0
107,108,28,0,1,1,1.0,940.0
107,108,29,3,1,1,1.0,988.0
107,108,30,2,0,0,1.0,1038.0
107,108,31,2,0,1,1.0,1396.0
107,108,32,2,0,1,1.0,1539.0
107,108,33,3,1,1,1.0,1021.0
107,108,34,0,1,1,1.0,770.0
107,108,35,3,1,1,1.0,637.0
107,108,36,1,1,0,0.0,1422.0
107,108,37,0,1,0,1.0,828.0
107,108,38,2,0,1,1.0,932.0
107,108,39,1,0,1,1.0,1140.0
107,108,40,1,0,1,1.0,750.0
107,108,41,3,1,0,1.0,837.0
107,108,42,0,1,1,1.0,835.0
107,108,43,2,0,1,1.0,932.0
107,108,44,1,0,0,1.0,879.0
107,108,45,3,1,1,1.0,955.0
107,108,46,0,1,1,1.0,715.0
107,108,47,2,0,0,1.0,1061.0
107,108,48,3,1,1,1.0,1348.0
107,108,49,3,1,1,1.0,1209.0
107,108,50,0,1,0,1.0,687.0
107,108,51,2,0,1,1.0,1095.0
107,108,52,2,0,1,1.0,871.0
107,108,53,0,1,1,1.0,888.0
107,108,54,1,0,1,1.0,1266.0
107,108,55,1,0,0,1.0,920.0
107,108,56,3,1,1,1.0,937.0
107,108,57,2,1,0,0.0,1020.0
107,108,58,0,1,1,1.0,975.0
107,108,59,3,1,0,1.0,869.0
107,108,60,1,0,1,1.0,1018.0
107,108,61,2,0,1,1.0,1060.0
107,108,62,0,1,1,1.0,878.0
107,108,63,1,0,1,1.0,1719.0
107,108,64,3,1,1,1.0,1108.0
107,108,65,0,1,1,1.0,862.0
107,108,66,1,0,1,1.0,1516.0
107,108,67,0,1,1,1.0,770.0
107,108,68,1,0,1,1.0,1272.0
107,108,69,2,0,1,1.0,893.0
107,108,70,3,1,1,1.0,962.0
107,108,71,2,0,1,1.0,928.0
107,108,72,0,1,1,1.0,1212.0
107,108,73,1,0,1,1.0,1298.0
107,108,74,2,0,1,1.0,1117.0
107,108,75,3,1,1,1.0,831.0
107,108,76,3,1,1,1.0,718.0
107,108,77,1,0,0,1.0,860.0
107,108,78,0,1,0,1.0,771.0
107,108,79,2,0,1,1.0,690.0
107,108,80,1,1,1,0.0,1632.0
107,108,81,2,0,0,1.0,921.0
107,108,82,1,0,1,1.0,1025.0
107,108,83,2,0,1,1.0,902.0
107,108,84,0,0,0,0.0,969.0
107,108,85,3,1,0,1.0,977.0
107,108,86,0,1,1,1.0,1019.0
107,108,87,3,1,1,1.0,869.0
107,108,88,0,1,1,1.0,934.0
107,108,89,0,1,0,1.0,941.0
107,108,90,1,0,1,1.0,1096.0
107,108,91,2,0,0,1.0,1098.0
107,108,92,3,1,1,1.0,743.0
107,108,93,3,1,1,1.0,784.0
107,108,94,1,0,1,1.0,1260.0
107,108,95,2,0,1,1.0,750.0
107,108,96,2,0,1,1.0,789.0
107,108,97,0,0,0,0.0,611.0
107,108,98,0,1,1,1.0,758.0
107,108,99,3,1,1,1.0,668.0
107,108,100,2,0,1,1.0,982.0
107,108,101,1,0,1,1.0,1233.0
107,108,102,1,0,0,1.0,824.0
107,108,103,3,1,1,1.0,941.0
107,108,104,0,1,1,1.0,755.0
107,108,105,3,1,0,1.0,891.0
107,108,106,1,0,1,1.0,825.0
107,108,107,3,1,0,1.0,668.0
107,108,108,2,0,1,1.0,1208.0
107,108,109,2,0,1,1.0,693.0
107,108,110,1,0,1,1.0,917.0
107,108,111,0,1,0,1.0,1058.0
107,108,112,2,0,1,1.0,864.0
107,108,113,3,1,1,1.0,734.0
107,108,114,1,1,0,0.0,1578.0
107,108,115,1,0,1,1.0,4254.0
107,108,116,2,0,1,1.0,672.0
107,108,117,0,1,1,1.0,1015.0
107,108,118,3,1,1,1.0,972.0
107,108,119,0,1,1,1.0,949.0
108,109,0,2,0,0,0.0,2133.0
108,109,1,0,0,1,1.0,1182.0
108,109,2,1,0,0,1.0,1007.0
108,109,3,0,0,1,1.0,1119.0
108,109,4,3,0,0,0.0,587.0
108,109,5,2,1,1,1.0,1368.0
108,109,6,3,1,1,1.0,758.0
108,109,7,1,0,1,1.0,1246.0
108,109,8,0,1,0,0.0,1474.0
108,109,9,1,1,0,0.0,1044.0
108,109,10,3,1,1,1.0,667.0
108,109,11,0,1,0,0.0,1170.0
108,109,12,1,1,0,0.0,998.0
108,109,13,3,1,1,1.0,591.0
108,109,14,2,1,0,1.0,1783.0
108,109,15,2,1,1,1.0,493.0
108,109,16,0,0,1,1.0,1317.0
108,109,17,0,0,1,1.0,547.0
108,109,18,1,1,0,0.0,4302.0
108,109,19,3,1,0,1.0,960.0
108,109,20,2,1,1,1.0,1687.0
108,109,21,2,1,1,1.0,762.0
108,109,22,1,0,1,1.0,1684.0
108,109,23,3,1,1,1.0,702.0
108,109,24,3,1,1,1.0,631.0
108,109,25,0,0,1,1.0,558.0
108,109,26,1,0,1,1.0,663.0
108,109,27,2,1,1,1.0,907.0
108,109,28,1,0,1,1.0,734.0
108,109,29,2,1,0,1.0,1462.0
108,109,30,3,1,0,1.0,878.0
108,109,31,0,0,1,1.0,770.0
108,109,32,0,0,0,1.0,2020.0
108,109,33,3,0,0,0.0,1295.0
108,109,34,1,0,1,1.0,791.0
108,109,35,3,1,1,1.0,1620.0
108,109,36,2,1,1,1.0,715.0
108,109,37,2,1,1,1.0,564.0
108,109,38,0,0,1,1.0,1120.0
108,109,39,1,0,0,1.0,463.0
108,109,40,3,1,1,1.0,699.0
108,109,41,1,0,1,1.0,617.0
108,109,42,1,0,1,1.0,530.0
108,109,43,0,0,1,1.0,521.0
108,109,44,2,1,1,1.0,757.0
108,109,45,0,0,1,1.0,625.0
108,109,46,3,1,1,1.0,707.0
108,109,47,2,1,0,1.0,735.0
108,109,48,1,0,1,1.0,804.0
108,109,49,2,1,1,1.0,680.0
108,109,50,3,1,1,1.0,661.0
108,109,51,1,0,1,1.0,722.0
108,109,52,0,0,1,1.0,585.0
108,109,53,0,0,1,1.0,735.0
108,109,54,3,1,1,1.0,868.0
108,109,55,2,1,1,1.0,916.0
108,109,56,3,1,0,1.0,677.0
108,109,57,0,0,0,1.0,707.0
108,109,58,1,0,1,1.0,1199.0
108,109,59,2,1,1,1.0,702.0
108,109,60,2,1,1,1.0,603.0
108,109,61,3,1,1,1.0,592.0
108,109,62,0,0,1,1.0,679.0
108,109,63,1,0,0,1.0,1623.0
108,109,64,2,1,1,1.0,572.0
108,109,65,1,0,1,1.0,588.0
108,109,66,0,0,1,1.0,530.0
108,109,67,0,0,1,1.0,504.0
108,109,68,3,1,0,1.0,1251.0
108,109,69,2,1,0,1.0,669.0
108,109,70,1,0,1,1.0,582.0
108,109,71,3,1,1,1.0,833.0
108,109,72,2,1,1,1.0,978.0
108,109,73,0,0,0,1.0,1504.0
108,109,74,3,1,1,1.0,647.0
108,109,75,1,0,1,1.0,738.0
108,109,76,1,0,1,1.0,534.0
108,109,77,2,1,1,1.0,643.0
108,109,78,3,1,1,1.0,771.0
108,109,79,0,0,1,1.0,831.0
108,109,80,2,1,1,1.0,1438.0
108,109,81,0,0,1,1.0,628.0
108,109,82,2,1,1,1.0,786.0
108,109,83,0,0,1,1.0,607.0
108,109,84,3,1,1,1.0,661.0
108,109,85,1,0,0,1.0,673.0
108,109,86,3,1,0,1.0,659.0
108,109,87,1,0,1,1.0,628.0
108,109,88,3,1,1,1.0,673.0
108,109,89,1,0,0,1.0,652.0
108,109,90,0,0,0,1.0,691.0
108,109,91,0,0,1,1.0,661.0
108,109,92,2,1,1,1.0,647.0
108,109,93,1,0,1,1.0,541.0
108,109,94,2,1,0,1.0,896.0
108,109,95,3,1,1,1.0,925.0
108,109,96,3,1,1,1.0,508.0
108,109,97,3,1,1,1.0,469.0
108,109,98,0,0,1,1.0,909.0
108,109,99,1,0,1,1.0,685.0
108,109,100,0,0,1,1.0,630.0
108,109,101,2,1,1,1.0,1122.0
108,109,102,1,0,1,1.0,1023.0
108,109,103,2,1,1,1.0,746.0
108,109,104,3,1,1,1.0,654.0
108,109,105,0,0,1,1.0,827.0
108,109,106,1,0,1,1.0,1758.0
108,109,107,2,1,1,1.0,842.0
108,109,108,0,0,1,1.0,742.0
108,109,109,2,1,1,1.0,705.0
108,109,110,3,1,0,1.0,741.0
108,109,111,1,0,1,1.0,743.0
108,109,112,3,1,1,1.0,666.0
108,109,113,0,0,0,1.0,613.0
108,109,114,2,1,0,1.0,777.0
108,109,115,0,0,1,1.0,555.0
108,109,116,2,1,1,1.0,595.0
108,109,117,1,0,1,1.0,652.0
108,109,118,1,0,1,1.0,452.0
108,109,119,3,1,1,1.0,583.0
109,110,0,3,0,1,0.0,4579.0
109,110,1,1,0,1,0.0,5771.0
109,110,2,0,0,0,1.0,2654.0
109,110,3,0,1,0,0.0,1670.0
109,110,4,2,0,0,1.0,3605.0
109,110,5,1,1,0,1.0,5280.0
109,110,6,2,0,1,1.0,2053.0
109,110,7,3,0,0,0.0,1743.0
109,110,8,0,1,0,0.0,2869.0
109,110,9,3,0,0,0.0,1306.0
109,110,10,3,0,0,0.0,915.0
109,110,11,0,0,1,1.0,1136.0
109,110,12,1,0,0,0.0,1171.0
109,110,13,1,0,0,0.0,549.0
109,110,14,2,0,1,1.0,87.0
109,110,15,2,0,1,1.0,711.0
109,110,16,0,0,1,1.0,2430.0
109,110,17,1,1,1,1.0,1027.0
109,110,18,2,0,1,1.0,1080.0
109,110,19,3,1,1,1.0,4151.0
109,110,20,0,0,1,1.0,1626.0
109,110,21,3,1,1,1.0,1115.0
109,110,22,2,0,1,1.0,863.0
109,110,23,1,1,1,1.0,1251.0
109,110,24,3,0,0,0.0,1272.0
109,110,25,1,1,1,1.0,2689.0
109,110,26,3,1,0,1.0,4320.0
109,110,27,2,0,0,1.0,857.0
109,110,28,0,1,1,0.0,1156.0
109,110,29,0,1,0,0.0,1150.0
109,110,30,1,1,1,1.0,1444.0
109,110,31,2,0,1,1.0,911.0
109,110,32,3,1,1,1.0,4010.0
109,110,33,2,0,1,1.0,1182.0
109,110,34,0,1,0,0.0,1029.0
109,110,35,3,1,1,1.0,986.0
109,110,36,1,1,1,1.0,847.0
109,110,37,1,1,1,1.0,748.0
109,110,38,0,0,1,1.0,2862.0
109,110,39,2,0,1,1.0,797.0
109,110,40,1,1,1,1.0,989.0
109,110,41,0,0,0,1.0,761.0
109,110,42,1,1,0,1.0,913.0
109,110,43,3,1,1,1.0,3700.0
109,110,44,0,0,1,1.0,1696.0
109,110,45,2,0,1,1.0,1069.0
109,110,46,2,0,1,1.0,882.0
109,110,47,3,1,0,1.0,1406.0
109,110,48,1,0,0,0.0,1401.0
109,110,49,0,0,1,1.0,1885.0
109,110,50,2,0,1,1.0,851.0
109,110,51,1,1,1,1.0,989.0
109,110,52,0,0,1,1.0,1196.0
109,110,53,3,1,1,1.0,1367.0
109,110,54,2,0,0,1.0,991.0
109,110,55,3,1,1,1.0,880.0
109,110,56,3,1,1,1.0,4078.0
109,110,57,0,0,1,1.0,4877.0
109,110,58,1,1,1,1.0,1441.0
109,110,59,0,1,1,0.0,1187.0
109,110,60,2,0,1,1.0,2063.0
109,110,61,2,0,1,1.0,1265.0
109,110,62,3,1,1,1.0,1751.0
109,110,63,1,1,0,1.0,3622.0
109,110,64,3,1,1,1.0,3660.0
109,110,65,0,1,0,0.0,1572.0
109,110,66,1,0,0,0.0,8179.0
109,110,67,1,1,1,1.0,850.0
109,110,68,3,0,0,0.0,1801.0
109,110,69,2,0,0,1.0,2273.0
109,110,70,2,0,1,1.0,511.0
109,110,71,0,0,0,1.0,2416.0
109,110,72,3,1,0,1.0,4698.0
109,110,73,2,0,1,1.0,1029.0
109,110,74,0,1,0,0.0,1230.0
109,110,75,1,1,1,1.0,1396.0
109,110,76,1,1,1,1.0,1797.0
109,110,77,3,0,1,0.0,2211.0
109,110,78,0,1,0,0.0,4091.0
109,110,79,2,0,1,1.0,872.0
109,110,80,0,0,1,1.0,5062.0
109,110,81,0,0,1,1.0,2041.0
109,110,82,2,0,1,1.0,1516.0
109,110,83,1,1,1,1.0,2925.0
109,110,84,1,1,1,1.0,2354.0
109,110,85,2,0,1,1.0,2408.0
109,110,86,3,1,1,1.0,3257.0
109,110,87,3,1,1,1.0,1033.0
109,110,88,3,0,0,0.0,922.0
109,110,89,1,1,1,1.0,1850.0
109,110,90,0,1,0,0.0,2310.0
109,110,91,0,0,1,1.0,985.0
109,110,92,2,0,0,1.0,1413.0
109,110,93,2,0,1,1.0,2234.0
109,110,94,3,1,1,1.0,3301.0
109,110,95,1,1,0,1.0,2469.0
109,110,96,0,0,0,1.0,2515.0
109,110,97,2,0,0,1.0,1203.0
109,110,98,1,1,1,1.0,2296.0
109,110,99,1,1,1,1.0,1702.0
109,110,100,2,0,1,1.0,2494.0
109,110,101,3,1,0,1.0,940.0
109,110,102,3,1,1,1.0,3741.0
109,110,103,0,1,1,0.0,1229.0
109,110,104,2,0,1,1.0,801.0
109,110,105,3,1,1,1.0,4113.0
109,110,106,1,1,1,1.0,3118.0
109,110,107,3,1,1,1.0,2033.0
109,110,108,2,0,1,1.0,1197.0
109,110,109,0,1,0,0.0,1294.0
109,110,110,0,0,1,1.0,1390.0
109,110,111,1,1,1,1.0,1167.0
109,110,112,2,0,1,1.0,991.0
109,110,113,3,1,1,1.0,1398.0
109,110,114,1,1,0,1.0,1711.0
109,110,115,0,1,0,0.0,4078.0
109,110,116,3,1,1,1.0,1320.0
109,110,117,1,1,1,1.0,2456.0
109,110,118,2,0,1,1.0,806.0
109,110,119,0,0,1,1.0,2395.0
110,111,0,0,0,1,1.0,5190.0
110,111,1,1,1,0,1.0,2513.0
110,111,2,3,1,0,0.0,831.0
110,111,3,2,1,1,1.0,787.0
110,111,4,3,0,1,1.0,1242.0
110,111,5,0,1,0,0.0,1875.0
110,111,6,2,1,1,1.0,1283.0
110,111,7,1,0,1,0.0,1287.0
110,111,8,1,0,0,0.0,701.0
110,111,9,2,0,0,0.0,1120.0
110,111,10,3,0,1,1.0,437.0
110,111,11,3,0,0,1.0,1827.0
110,111,12,0,0,1,1.0,997.0
110,111,13,0,1,0,0.0,1706.0
110,111,14,2,1,1,1.0,1527.0
110,111,15,1,1,1,1.0,1092.0
110,111,16,2,1,1,1.0,2743.0
110,111,17,3,0,1,1.0,1351.0
110,111,18,0,0,1,1.0,1056.0
110,111,19,1,0,0,0.0,1381.0
110,111,20,0,1,1,0.0,1399.0
110,111,21,3,0,1,1.0,969.0
110,111,22,1,0,0,0.0,2208.0
110,111,23,2,1,1,1.0,1311.0
110,111,24,3,0,1,1.0,4028.0
110,111,25,1,1,1,1.0,1132.0
110,111,26,2,1,1,1.0,745.0
110,111,27,0,1,0,0.0,1046.0
110,111,28,1,1,1,1.0,1151.0
110,111,29,0,0,1,1.0,862.0
110,111,30,3,0,1,1.0,506.0
110,111,31,2,1,0,1.0,1024.0
110,111,32,2,1,1,1.0,3029.0
110,111,33,3,0,0,1.0,3400.0
110,111,34,3,0,1,1.0,302.0
110,111,35,1,0,0,0.0,393.0
110,111,36,2,1,1,1.0,794.0
110,111,37,0,0,1,1.0,1702.0
110,111,38,1,0,1,0.0,2303.0
110,111,39,0,0,1,1.0,1368.0
110,111,40,1,1,1,1.0,1750.0
110,111,41,3,0,1,1.0,1182.0
110,111,42,1,1,1,1.0,3203.0
110,111,43,3,0,0,1.0,1261.0
110,111,44,2,1,0,1.0,2439.0
110,111,45,0,1,0,0.0,1111.0
110,111,46,0,0,0,1.0,475.0
110,111,47,2,1,1,1.0,26.0
110,111,48,3,0,1,1.0,925.0
110,111,49,0,0,1,1.0,863.0
110,111,50,3,0,1,1.0,813.0
110,111,51,2,1,1,1.0,760.0
110,111,52,1,1,1,1.0,826.0
110,111,53,1,1,1,1.0,806.0
110,111,54,2,1,1,1.0,963.0
110,111,55,0,1,0,0.0,983.0
110,111,56,1,1,0,1.0,841.0
110,111,57,2,0,0,0.0,783.0
110,111,58,1,0,0,0.0,967.0
110,111,59,0,0,1,1.0,1230.0
110,111,60,2,1,1,1.0,376.0
110,111,61,0,1,0,0.0,961.0
110,111,62,3,0,1,1.0,916.0
110,111,63,3,0,1,1.0,2010.0
110,111,64,3,0,1,1.0,680.0
110,111,65,2,0,0,0.0,882.0
110,111,66,1,1,1,1.0,979.0
110,111,67,0,1,1,0.0,899.0
110,111,68,1,1,1,1.0,901.0
110,111,69,2,1,0,1.0,954.0
110,111,70,3,0,0,1.0,814.0
110,111,71,0,0,1,1.0,833.0
110,111,72,0,0,1,1.0,716.0
110,111,73,3,0,1,1.0,2351.0
110,111,74,3,0,1,1.0,1558.0
110,111,75,2,1,1,1.0,885.0
110,111,76,1,1,1,1.0,1654.0
110,111,77,1,1,1,1.0,1434.0
110,111,78,0,0,0,1.0,1079.0
110,111,79,2,1,1,1.0,796.0
110,111,80,3,0,1,1.0,1026.0
110,111,81,1,1,0,1.0,861.0
110,111,82,2,1,1,1.0,629.0
110,111,83,1,1,1,1.0,896.0
110,111,84,2,1,1,1.0,652.0
110,111,85,0,1,0,0.0,1417.0
110,111,86,3,0,1,1.0,725.0
110,111,87,0,0,1,1.0,1108.0
110,111,88,3,0,1,1.0,804.0
110,111,89,0,0,1,1.0,1070.0
110,111,90,1,1,0,1.0,3173.0
110,111,91,3,0,1,1.0,1283.0
110,111,92,2,1,1,1.0,772.0
110,111,93,2,1,0,1.0,687.0
110,111,94,1,1,1,1.0,3359.0
110,111,95,0,0,1,1.0,2475.0
110,111,96,0,0,1,1.0,901.0
110,111,97,1,1,1,1.0,911.0
110,111,98,3,0,0,1.0,744.0
110,111,99,1,1,1,1.0,1289.0
110,111,100,0,0,0,1.0,887.0
110,111,101,2,1,1,1.0,1275.0
110,111,102,2,1,1,1.0,4560.0
110,111,103,3,0,1,1.0,1249.0
110,111,104,0,0,1,1.0,2330.0
110,111,105,3,0,0,1.0,798.0
110,111,106,2,1,1,1.0,761.0
110,111,107,1,1,1,1.0,588.0
110,111,108,1,1,1,1.0,1095.0
110,111,109,3,0,1,1.0,2433.0
110,111,110,2,1,1,1.0,2720.0
110,111,111,0,0,1,1.0,1472.0
110,111,112,3,0,1,1.0,1154.0
110,111,113,0,0,1,1.0,341.0
110,111,114,1,1,1,1.0,236.0
110,111,115,3,0,1,1.0,350.0
110,111,116,2,1,1,1.0,312.0
110,111,117,0,0,1,1.0,135.0
110,111,118,2,1,0,1.0,691.0
110,111,119,1,1,0,1.0,663.0
111,112,0,1,0,1,1.0,1372.0
111,112,1,2,1,0,0.0,1074.0
111,112,2,3,1,0,1.0,1251.0
111,112,3,3,0,1,0.0,433.0
111,112,4,2,0,1,1.0,764.0
111,112,5,0,0,0,0.0,1011.0
111,112,6,1,0,1,1.0,706.0
111,112,7,0,1,0,1.0,807.0
111,112,8,1,0,0,1.0,758.0
111,112,9,3,0,0,0.0,766.0
111,112,10,1,0,1,1.0,611.0
111,112,11,2,1,0,0.0,686.0
111,112,12,0,0,0,0.0,998.0
111,112,13,3,0,0,0.0,748.0
111,112,14,0,1,1,1.0,723.0
111,112,15,2,0,1,1.0,1007.0
111,112,16,1,0,1,1.0,1081.0
111,112,17,3,0,0,0.0,1004.0
111,112,18,1,0,1,1.0,722.0
111,112,19,2,0,1,1.0,689.0
111,112,20,0,1,1,1.0,583.0
111,112,21,3,0,0,0.0,703.0
111,112,22,0,1,1,1.0,926.0
111,112,23,2,0,0,1.0,865.0
111,112,24,1,0,1,1.0,674.0
111,112,25,0,1,1,1.0,1011.0
111,112,26,1,0,0,1.0,626.0
111,112,27,3,1,1,1.0,724.0
111,112,28,0,1,1,1.0,873.0
111,112,29,3,1,1,1.0,849.0
111,112,30,2,0,1,1.0,869.0
111,112,31,2,0,0,1.0,808.0
111,112,32,2,0,1,1.0,1568.0
111,112,33,3,1,1,1.0,881.0
111,112,34,0,1,1,1.0,855.0
111,112,35,3,1,1,1.0,836.0
111,112,36,1,0,1,1.0,762.0
111,112,37,0,1,1,1.0,815.0
111,112,38,2,1,0,0.0,923.0
111,112,39,1,0,0,1.0,760.0
111,112,40,1,0,1,1.0,855.0
111,112,41,3,1,1,1.0,968.0
111,112,42,0,1,0,1.0,833.0
111,112,43,2,0,1,1.0,848.0
111,112,44,1,0,1,1.0,719.0
111,112,45,3,1,1,1.0,689.0
111,112,46,0,1,1,1.0,811.0
111,112,47,2,0,1,1.0,751.0
111,112,48,3,1,0,1.0,960.0
111,112,49,3,1,1,1.0,1053.0
111,112,50,0,1,1,1.0,858.0
111,112,51,2,0,1,1.0,913.0
111,112,52,2,0,0,1.0,797.0
111,112,53,0,1,0,1.0,842.0
111,112,54,1,0,1,1.0,883.0
111,112,55,1,1,0,0.0,741.0
111,112,56,3,0,1,0.0,932.0
111,112,57,2,1,0,0.0,924.0
111,112,58,0,1,1,1.0,1070.0
111,112,59,3,0,0,0.0,866.0
111,112,60,1,0,1,1.0,754.0
111,112,61,2,0,1,1.0,874.0
111,112,62,0,1,1,1.0,765.0
111,112,63,1,0,1,1.0,978.0
111,112,64,3,1,1,1.0,886.0
111,112,65,0,1,1,1.0,761.0
111,112,66,1,0,0,1.0,640.0
111,112,67,0,1,1,1.0,636.0
111,112,68,1,0,1,1.0,835.0
111,112,69,2,0,1,1.0,841.0
111,112,70,3,1,1,1.0,717.0
111,112,71,2,0,1,1.0,755.0
111,112,72,0,1,1,1.0,675.0
111,112,73,1,0,1,1.0,770.0
111,112,74,2,0,1,1.0,778.0
111,112,75,3,1,1,1.0,767.0
111,112,76,3,1,0,1.0,760.0
111,112,77,1,0,1,1.0,594.0
111,112,78,0,1,1,1.0,810.0
111,112,79,2,0,1,1.0,790.0
111,112,80,1,0,1,1.0,872.0
111,112,81,2,0,1,1.0,586.0
111,112,82,1,0,0,1.0,733.0
111,112,83,2,0,1,1.0,1145.0
111,112,84,0,1,0,1.0,1055.0
111,112,85,3,1,1,1.0,848.0
111,112,86,0,1,1,1.0,732.0
111,112,87,3,1,1,1.0,759.0
111,112,88,0,1,1,1.0,839.0
111,112,89,0,1,0,1.0,810.0
111,112,90,1,0,1,1.0,1001.0
111,112,91,2,0,0,1.0,909.0
111,112,92,3,1,1,1.0,926.0
111,112,93,3,1,1,1.0,810.0
111,112,94,1,0,1,1.0,1027.0
111,112,95,2,0,1,1.0,715.0
111,112,96,2,1,0,0.0,1075.0
111,112,97,0,1,1,1.0,704.0
111,112,98,0,1,1,1.0,765.0
111,112,99,3,1,0,1.0,807.0
111,112,100,2,0,0,1.0,650.0
111,112,101,1,0,1,1.0,588.0
111,112,102,1,0,1,1.0,651.0
111,112,103,3,1,1,1.0,799.0
111,112,104,0,1,0,1.0,781.0
111,112,105,3,1,1,1.0,912.0
111,112,106,1,0,1,1.0,921.0
111,112,107,3,1,1,1.0,850.0
111,112,108,2,0,1,1.0,923.0
111,112,109,2,0,1,1.0,711.0
111,112,110,1,0,1,1.0,770.0
111,112,111,0,1,1,1.0,787.0
111,112,112,2,0,1,1.0,897.0
111,112,113,3,1,1,1.0,743.0
111,112,114,1,0,1,1.0,770.0
111,112,115,1,0,0,1.0,754.0
111,112,116,2,0,1,1.0,1144.0
111,112,117,0,1,1,1.0,702.0
111,112,118,3,1,1,1.0,798.0
111,112,119,0,1,1,1.0,612.0
112,113,0,2,1,1,1.0,2503.0
112,113,1,0,0,1,1.0,2267.0
112,113,2,1,0,0,1.0,1540.0
112,113,3,0,0,1,1.0,1149.0
112,113,4,3,1,1,1.0,1527.0
112,113,5,2,1,0,1.0,1022.0
112,113,6,3,1,1,1.0,879.0
112,113,7,1,0,1,1.0,1532.0
112,113,8,0,0,1,1.0,826.0
112,113,9,1,1,0,0.0,1306.0
112,113,10,3,1,1,1.0,1335.0
112,113,11,0,0,1,1.0,948.0
112,113,12,1,0,1,1.0,1047.0
112,113,13,3,1,0,1.0,1259.0
112,113,14,2,1,1,1.0,1110.0
112,113,15,2,1,1,1.0,711.0
112,113,16,0,0,1,1.0,856.0
112,113,17,0,0,1,1.0,559.0
112,113,18,1,1,0,0.0,1551.0
112,113,19,3,1,1,1.0,797.0
112,113,20,2,1,1,1.0,853.0
112,113,21,2,1,1,1.0,646.0
112,113,22,1,0,1,1.0,1031.0
112,113,23,3,1,1,1.0,880.0
112,113,24,3,1,0,1.0,1114.0
112,113,25,0,0,0,1.0,685.0
112,113,26,1,0,1,1.0,879.0
112,113,27,2,1,0,1.0,617.0
112,113,28,1,0,1,1.0,830.0
112,113,29,2,1,1,1.0,781.0
112,113,30,3,1,1,1.0,629.0
112,113,31,0,0,1,1.0,864.0
112,113,32,0,0,1,1.0,1801.0
112,113,33,3,1,1,1.0,988.0
112,113,34,1,0,0,1.0,735.0
112,113,35,3,1,1,1.0,866.0
112,113,36,2,1,1,1.0,1278.0
112,113,37,2,1,1,1.0,670.0
112,113,38,0,0,1,1.0,1027.0
112,113,39,1,0,1,1.0,987.0
112,113,40,3,1,1,1.0,945.0
112,113,41,1,0,1,1.0,779.0
112,113,42,1,0,1,1.0,988.0
112,113,43,0,0,1,1.0,798.0
112,113,44,2,1,0,1.0,1178.0
112,113,45,0,0,1,1.0,610.0
112,113,46,3,1,1,1.0,850.0
112,113,47,2,1,1,1.0,1185.0
112,113,48,1,0,1,1.0,910.0
112,113,49,2,1,1,1.0,704.0
112,113,50,3,1,0,1.0,1402.0
112,113,51,1,0,1,1.0,696.0
112,113,52,0,1,0,0.0,1374.0
112,113,53,0,0,0,1.0,598.0
112,113,54,3,1,1,1.0,697.0
112,113,55,2,1,1,1.0,1030.0
112,113,56,3,1,0,1.0,1452.0
112,113,57,0,0,1,1.0,826.0
112,113,58,1,0,0,1.0,1826.0
112,113,59,2,1,1,1.0,615.0
112,113,60,2,1,1,1.0,709.0
112,113,61,3,1,1,1.0,1865.0
112,113,62,0,0,1,1.0,810.0
112,113,63,1,0,1,1.0,1628.0
112,113,64,2,1,0,1.0,724.0
112,113,65,1,1,0,0.0,683.0
112,113,66,0,0,1,1.0,853.0
112,113,67,0,0,0,1.0,672.0
112,113,68,3,1,1,1.0,761.0
112,113,69,2,1,1,1.0,628.0
112,113,70,1,0,1,1.0,869.0
112,113,71,3,1,1,1.0,761.0
112,113,72,2,1,1,1.0,1698.0
112,113,73,0,0,1,1.0,7568.0
112,113,74,3,1,1,1.0,738.0
112,113,75,1,1,1,0.0,916.0
112,113,76,1,1,1,0.0,1112.0
112,113,77,2,1,1,1.0,639.0
112,113,78,3,1,0,1.0,1140.0
112,113,79,0,0,1,1.0,760.0
112,113,80,2,1,1,1.0,1313.0
112,113,81,0,0,1,1.0,723.0
112,113,82,2,1,1,1.0,921.0
112,113,83,0,0,0,1.0,828.0
112,113,84,3,1,1,1.0,740.0
112,113,85,1,0,1,1.0,1449.0
112,113,86,3,1,1,1.0,809.0
112,113,87,1,0,1,1.0,1614.0
112,113,88,3,1,1,1.0,1079.0
112,113,89,1,0,0,1.0,605.0
112,113,90,0,0,1,1.0,962.0
112,113,91,0,0,1,1.0,696.0
112,113,92,2,1,0,1.0,725.0
112,113,93,1,1,0,0.0,2493.0
112,113,94,2,1,1,1.0,1364.0
112,113,95,3,1,1,1.0,713.0
112,113,96,3,1,1,1.0,578.0
112,113,97,3,1,0,1.0,1019.0
112,113,98,0,0,1,1.0,662.0
112,113,99,1,0,1,1.0,728.0
112,113,100,0,0,1,1.0,478.0
112,113,101,2,1,1,1.0,1272.0
112,113,102,1,0,0,1.0,750.0
112,113,103,2,0,0,0.0,1446.0
112,113,104,3,1,1,1.0,649.0
112,113,105,0,0,1,1.0,1563.0
112,113,106,1,0,1,1.0,922.0
112,113,107,2,1,1,1.0,699.0
112,113,108,0,0,0,1.0,1408.0
112,113,109,2,1,1,1.0,947.0
112,113,110,3,1,1,1.0,1147.0
112,113,111,1,0,1,1.0,1003.0
112,113,112,3,1,1,1.0,660.0
112,113,113,0,0,1,1.0,1415.0
112,113,114,2,1,0,1.0,764.0
112,113,115,0,0,1,1.0,1088.0
112,113,116,2,1,1,1.0,1228.0
112,113,117,1,0,1,1.0,1118.0
112,113,118,1,0,1,1.0,906.0
112,113,119,3,1,1,1.0,1030.0
113,114,0,3,0,1,0.0,2500.0
113,114,1,1,1,0,1.0,728.0
113,114,2,0,1,0,0.0,514.0
113,114,3,0,0,0,1.0,582.0
113,114,4,2,0,0,1.0,743.0
113,114,5,1,0,1,0.0,1095.0
113,114,6,2,1,0,0.0,753.0
113,114,7,3,0,0,0.0,684.0
113,114,8,0,0,1,1.0,821.0
113,114,9,3,0,0,0.0,639.0
113,114,10,3,0,0,0.0,356.0
113,114,11,0,0,1,1.0,664.0
113,114,12,1,0,0,0.0,613.0
113,114,13,1,0,0,0.0,441.0
113,114,14,2,1,0,0.0,1850.0
113,114,15,2,0,1,1.0,587.0
113,114,16,0,1,0,0.0,1411.0
113,114,17,1,0,0,0.0,461.0
113,114,18,2,0,1,1.0,470.0
113,114,19,3,0,0,0.0,466.0
113,114,20,0,0,1,1.0,2159.0
113,114,21,3,1,1,1.0,844.0
113,114,22,2,1,1,0.0,874.0
113,114,23,1,1,1,1.0,1386.0
113,114,24,3,0,0,0.0,791.0
113,114,25,1,1,1,1.0,865.0
113,114,26,3,1,1,1.0,514.0
113,114,27,2,0,1,1.0,1768.0
113,114,28,0,0,1,1.0,1722.0
113,114,29,0,0,0,1.0,783.0
113,114,30,1,1,1,1.0,1082.0
113,114,31,2,0,1,1.0,1201.0
113,114,32,3,1,0,1.0,2007.0
113,114,33,2,1,0,0.0,1066.0
113,114,34,0,0,1,1.0,2435.0
113,114,35,3,1,1,1.0,659.0
113,114,36,1,1,1,1.0,1931.0
113,114,37,1,1,1,1.0,669.0
113,114,38,0,0,1,1.0,907.0
113,114,39,2,0,1,1.0,3235.0
113,114,40,1,1,1,1.0,755.0
113,114,41,0,0,1,1.0,2244.0
113,114,42,1,1,1,1.0,2121.0
113,114,43,3,0,1,0.0,1064.0
113,114,44,0,0,1,1.0,1395.0
113,114,45,2,0,0,1.0,837.0
113,114,46,2,0,1,1.0,1369.0
113,114,47,3,1,1,1.0,872.0
113,114,48,1,1,0,1.0,2324.0
113,114,49,0,0,0,1.0,1076.0
113,114,50,2,0,1,1.0,2051.0
113,114,51,1,1,1,1.0,1196.0
113,114,52,0,0,1,1.0,1040.0
113,114,53,3,1,1,1.0,1686.0
113,114,54,2,0,1,1.0,804.0
113,114,55,3,1,0,1.0,833.0
113,114,56,3,1,1,1.0,1546.0
113,114,57,0,0,1,1.0,966.0
113,114,58,1,1,1,1.0,646.0
113,114,59,0,0,1,1.0,2354.0
113,114,60,2,0,1,1.0,1806.0
113,114,61,2,0,1,1.0,934.0
113,114,62,3,1,1,1.0,784.0
113,114,63,1,1,0,1.0,1895.0
113,114,64,3,1,1,1.0,670.0
113,114,65,0,0,0,1.0,714.0
113,114,66,1,1,1,1.0,1174.0
113,114,67,1,1,1,1.0,2888.0
113,114,68,3,0,0,0.0,762.0
113,114,69,2,0,1,1.0,786.0
113,114,70,2,0,0,1.0,931.0
113,114,71,0,0,1,1.0,1272.0
113,114,72,3,1,1,1.0,864.0
113,114,73,2,0,1,1.0,1151.0
113,114,74,0,0,1,1.0,586.0
113,114,75,1,1,1,1.0,768.0
113,114,76,1,1,1,1.0,1124.0
113,114,77,3,1,1,1.0,962.0
113,114,78,0,1,1,0.0,2550.0
113,114,79,2,0,1,1.0,545.0
113,114,80,0,0,1,1.0,2038.0
113,114,81,0,0,1,1.0,618.0
113,114,82,2,1,0,0.0,1201.0
113,114,83,1,1,1,1.0,1158.0
113,114,84,1,1,1,1.0,798.0
113,114,85,2,0,0,1.0,529.0
113,114,86,3,1,0,1.0,860.0
113,114,87,3,0,0,0.0,721.0
113,114,88,3,1,1,1.0,1002.0
113,114,89,1,0,0,0.0,3240.0
113,114,90,0,0,1,1.0,2338.0
113,114,91,0,0,1,1.0,1519.0
113,114,92,2,1,0,0.0,983.0
113,114,93,2,0,1,1.0,836.0
113,114,94,3,1,1,1.0,1520.0
113,114,95,1,1,0,1.0,716.0
113,114,96,0,0,0,1.0,1386.0
113,114,97,2,0,1,1.0,661.0
113,114,98,1,1,1,1.0,1623.0
113,114,99,1,1,1,1.0,584.0
113,114,100,2,0,1,1.0,613.0
113,114,101,3,1,1,1.0,1226.0
113,114,102,3,1,0,1.0,533.0
113,114,103,0,0,1,1.0,571.0
113,114,104,2,0,1,1.0,1948.0
113,114,105,3,1,1,1.0,886.0
113,114,106,1,1,1,1.0,1601.0
113,114,107,3,1,1,1.0,812.0
113,114,108,2,0,1,1.0,490.0
113,114,109,0,1,0,0.0,568.0
113,114,110,0,0,1,1.0,785.0
113,114,111,1,1,1,1.0,1005.0
113,114,112,2,0,0,1.0,824.0
113,114,113,3,1,1,1.0,663.0
113,114,114,1,1,0,1.0,1837.0
113,114,115,0,0,1,1.0,1063.0
113,114,116,3,1,1,1.0,3292.0
113,114,117,1,1,1,1.0,2937.0
113,114,118,2,0,1,1.0,1090.0
113,114,119,0,0,1,1.0,1138.0
114,115,0,0,0,1,1.0,1635.0
114,115,1,1,0,1,0.0,1267.0
114,115,2,3,1,0,0.0,1009.0
114,115,3,2,1,1,1.0,913.0
114,115,4,3,0,1,1.0,948.0
114,115,5,0,0,1,1.0,673.0
114,115,6,2,1,1,1.0,673.0
114,115,7,1,0,0,0.0,1043.0
114,115,8,1,0,0,0.0,976.0
114,115,9,2,1,1,1.0,920.0
114,115,10,3,0,1,1.0,980.0
114,115,11,3,0,0,1.0,727.0
114,115,12,0,1,0,0.0,1640.0
114,115,13,0,0,1,1.0,615.0
114,115,14,2,1,1,1.0,670.0
114,115,15,1,1,0,1.0,1343.0
114,115,16,2,1,1,1.0,676.0
114,115,17,3,0,1,1.0,629.0
114,115,18,0,0,1,1.0,758.0
114,115,19,1,0,0,0.0,1686.0
114,115,20,0,0,1,1.0,1023.0
114,115,21,3,1,0,0.0,1018.0
114,115,22,1,0,0,0.0,1168.0
114,115,23,2,1,1,1.0,614.0
114,115,24,3,0,1,1.0,635.0
114,115,25,1,1,1,1.0,749.0
114,115,26,2,1,0,1.0,568.0
114,115,27,0,0,1,1.0,616.0
114,115,28,1,1,1,1.0,556.0
114,115,29,0,1,0,0.0,624.0
114,115,30,3,0,1,1.0,720.0
114,115,31,2,1,1,1.0,512.0
114,115,32,2,1,1,1.0,1069.0
114,115,33,3,0,1,1.0,644.0
114,115,34,3,0,0,1.0,743.0
114,115,35,1,1,1,1.0,2059.0
114,115,36,2,1,0,1.0,794.0
114,115,37,0,0,0,1.0,1528.0
114,115,38,1,0,1,0.0,1422.0
114,115,39,0,1,1,0.0,510.0
114,115,40,1,1,1,1.0,1031.0
114,115,41,3,0,1,1.0,751.0
114,115,42,1,0,0,0.0,1677.0
114,115,43,3,0,1,1.0,751.0
114,115,44,2,1,1,1.0,599.0
114,115,45,0,0,1,1.0,808.0
114,115,46,0,0,1,1.0,825.0
114,115,47,2,1,1,1.0,642.0
114,115,48,3,0,0,1.0,815.0
114,115,49,0,0,1,1.0,853.0
114,115,50,3,0,1,1.0,579.0
114,115,51,2,1,1,1.0,457.0
114,115,52,1,0,0,0.0,1619.0
114,115,53,1,1,1,1.0,682.0
114,115,54,2,1,1,1.0,626.0
114,115,55,0,0,1,1.0,630.0
114,115,56,1,0,0,0.0,597.0
114,115,57,2,1,0,1.0,589.0
114,115,58,1,0,1,0.0,1014.0
114,115,59,0,0,0,1.0,1189.0
114,115,60,2,1,1,1.0,839.0
114,115,61,0,1,0,0.0,1434.0
114,115,62,3,0,1,1.0,1141.0
114,115,63,3,0,1,1.0,1707.0
114,115,64,3,0,1,1.0,647.0
114,115,65,2,1,1,1.0,620.0
114,115,66,1,0,0,0.0,790.0
114,115,67,0,0,1,1.0,514.0
114,115,68,1,1,1,1.0,485.0
114,115,69,2,1,1,1.0,572.0
114,115,70,3,0,1,1.0,701.0
114,115,71,0,0,1,1.0,554.0
114,115,72,0,0,1,1.0,717.0
114,115,73,3,0,0,1.0,788.0
114,115,74,3,0,1,1.0,594.0
114,115,75,2,1,1,1.0,983.0
114,115,76,1,1,1,1.0,563.0
114,115,77,1,1,0,1.0,680.0
114,115,78,0,0,1,1.0,871.0
114,115,79,2,1,1,1.0,711.0
114,115,80,3,0,1,1.0,612.0
114,115,81,1,1,1,1.0,898.0
114,115,82,2,1,0,1.0,550.0
114,115,83,1,1,1,1.0,908.0
114,115,84,2,1,1,1.0,521.0
114,115,85,0,0,0,1.0,1205.0
114,115,86,3,0,1,1.0,870.0
114,115,87,0,0,1,1.0,1367.0
114,115,88,3,0,1,1.0,740.0
114,115,89,0,0,1,1.0,933.0
114,115,90,1,1,1,1.0,895.0
114,115,91,3,0,1,1.0,811.0
114,115,92,2,1,1,1.0,563.0
114,115,93,2,1,1,1.0,603.0
114,115,94,1,1,1,1.0,1324.0
114,115,95,0,0,1,1.0,891.0
114,115,96,0,0,1,1.0,570.0
114,115,97,1,1,0,1.0,991.0
114,115,98,3,0,1,1.0,608.0
114,115,99,1,1,1,1.0,741.0
114,115,100,0,0,1,1.0,791.0
114,115,101,2,1,1,1.0,704.0
114,115,102,2,1,1,1.0,625.0
114,115,103,3,0,0,1.0,630.0
114,115,104,0,0,1,1.0,927.0
114,115,105,3,0,1,1.0,741.0
114,115,106,2,1,0,1.0,557.0
114,115,107,1,1,0,1.0,1022.0
114,115,108,1,1,1,1.0,1052.0
114,115,109,3,0,0,1.0,755.0
114,115,110,2,1,1,1.0,1335.0
114,115,111,0,0,0,1.0,785.0
114,115,112,3,0,1,1.0,686.0
114,115,113,0,0,0,1.0,659.0
114,115,114,1,0,0,0.0,759.0
114,115,115,3,0,1,1.0,718.0
114,115,116,2,1,1,1.0,722.0
114,115,117,0,0,1,1.0,584.0
114,115,118,2,1,0,1.0,617.0
114,115,119,1,1,1,1.0,702.0
115,116,0,1,0,1,1.0,2342.0
115,116,1,2,1,0,0.0,844.0
115,116,2,3,0,1,0.0,1033.0
115,116,3,3,0,0,0.0,689.0
115,116,4,2,0,1,1.0,1695.0
115,116,5,0,1,0,1.0,1010.0
115,116,6,1,0,1,1.0,824.0
115,116,7,0,0,0,0.0,911.0
115,116,8,1,0,0,1.0,909.0
115,116,9,3,0,0,0.0,1607.0
115,116,10,1,0,1,1.0,973.0
115,116,11,2,0,1,1.0,1077.0
115,116,12,0,1,1,1.0,919.0
115,116,13,3,0,0,0.0,1046.0
115,116,14,0,1,1,1.0,917.0
115,116,15,2,0,1,1.0,1036.0
115,116,16,1,0,1,1.0,812.0
115,116,17,3,1,0,1.0,689.0
115,116,18,1,1,0,0.0,2076.0
115,116,19,2,0,0,1.0,887.0
115,116,20,0,0,0,0.0,1026.0
115,116,21,3,0,0,0.0,959.0
115,116,22,0,1,1,1.0,1074.0
115,116,23,2,1,0,0.0,1978.0
115,116,24,1,0,1,1.0,858.0
115,116,25,0,1,1,1.0,1007.0
115,116,26,1,0,1,1.0,2405.0
115,116,27,3,1,1,1.0,804.0
115,116,28,0,1,1,1.0,1322.0
115,116,29,3,1,1,1.0,1039.0
115,116,30,2,0,1,1.0,966.0
115,116,31,2,0,0,1.0,665.0
115,116,32,2,0,1,1.0,1883.0
115,116,33,3,1,1,1.0,938.0
115,116,34,0,1,1,1.0,850.0
115,116,35,3,1,1,1.0,1118.0
115,116,36,1,1,0,0.0,970.0
115,116,37,0,1,1,1.0,1015.0
115,116,38,2,0,1,1.0,619.0
115,116,39,1,0,0,1.0,472.0
115,116,40,1,1,0,0.0,589.0
115,116,41,3,1,1,1.0,1269.0
115,116,42,0,1,0,1.0,883.0
115,116,43,2,0,1,1.0,2058.0
115,116,44,1,0,1,1.0,1819.0
115,116,45,3,1,1,1.0,1178.0
115,116,46,0,1,1,1.0,908.0
115,116,47,2,0,1,1.0,2535.0
115,116,48,3,1,0,1.0,964.0
115,116,49,3,0,1,0.0,868.0
115,116,50,0,1,1,1.0,820.0
115,116,51,2,0,0,1.0,1944.0
115,116,52,2,1,0,0.0,744.0
115,116,53,0,0,0,0.0,1200.0
115,116,54,1,1,0,0.0,1611.0
115,116,55,1,0,0,1.0,594.0
115,116,56,3,1,1,1.0,3203.0
115,116,57,2,0,1,1.0,945.0
115,116,58,0,1,0,1.0,679.0
115,116,59,3,0,0,0.0,887.0
115,116,60,1,0,1,1.0,1127.0
115,116,61,2,0,1,1.0,965.0
115,116,62,0,1,1,1.0,1371.0
115,116,63,1,0,1,1.0,1368.0
115,116,64,3,1,1,1.0,956.0
115,116,65,0,1,1,1.0,1355.0
115,116,66,1,0,1,1.0,793.0
115,116,67,0,1,1,1.0,951.0
115,116,68,1,0,1,1.0,781.0
115,116,69,2,0,1,1.0,938.0
115,116,70,3,0,0,0.0,870.0
115,116,71,2,0,1,1.0,1618.0
115,116,72,0,0,1,0.0,757.0
115,116,73,1,0,1,1.0,756.0
115,116,74,2,0,1,1.0,1110.0
115,116,75,3,1,1,1.0,548.0
115,116,76,3,1,1,1.0,741.0
115,116,77,1,0,0,1.0,1492.0
115,116,78,0,1,1,1.0,1364.0
115,116,79,2,0,1,1.0,767.0
115,116,80,1,1,1,0.0,609.0
115,116,81,2,0,1,1.0,909.0
115,116,82,1,1,0,0.0,529.0
115,116,83,2,0,0,1.0,1710.0
115,116,84,0,1,1,1.0,1761.0
115,116,85,3,1,0,1.0,2215.0
115,116,86,0,0,0,0.0,1608.0
115,116,87,3,0,0,0.0,1112.0
115,116,88,0,0,0,0.0,984.0
115,116,89,0,1,1,1.0,672.0
115,116,90,1,1,0,0.0,1490.0
115,116,91,2,0,1,1.0,909.0
115,116,92,3,0,0,0.0,922.0
115,116,93,3,0,0,0.0,564.0
115,116,94,1,0,1,1.0,2393.0
115,116,95,2,1,0,0.0,989.0
115,116,96,2,0,0,1.0,1350.0
115,116,97,0,1,0,1.0,1382.0
115,116,98,0,0,0,0.0,607.0
115,116,99,3,1,1,1.0,1850.0
115,116,100,2,0,1,1.0,617.0
115,116,101,1,0,1,1.0,799.0
115,116,102,1,0,1,1.0,622.0
115,116,103,3,1,1,1.0,735.0
115,116,104,0,0,0,0.0,1523.0
115,116,105,3,1,1,1.0,1041.0
115,116,106,1,0,1,1.0,1029.0
115,116,107,3,1,1,1.0,1072.0
115,116,108,2,0,1,1.0,1707.0
115,116,109,2,0,1,1.0,2400.0
115,116,110,1,0,0,1.0,874.0
115,116,111,0,0,1,0.0,798.0
115,116,112,2,0,1,1.0,873.0
115,116,113,3,1,0,1.0,920.0
115,116,114,1,0,1,1.0,665.0
115,116,115,1,0,1,1.0,756.0
115,116,116,2,0,1,1.0,919.0
115,116,117,0,0,1,0.0,1580.0
115,116,118,3,1,1,1.0,1295.0
115,116,119,0,0,0,0.0,1193.0
116,117,0,2,1,1,1.0,1913.0
116,117,1,0,1,0,0.0,1062.0
116,117,2,1,1,0,0.0,1238.0
116,117,3,0,0,1,1.0,1300.0
116,117,4,3,1,1,1.0,954.0
116,117,5,2,0,0,0.0,1005.0
116,117,6,3,1,1,1.0,1270.0
116,117,7,1,0,0,1.0,908.0
116,117,8,0,1,0,0.0,1358.0
116,117,9,1,0,1,1.0,1041.0
116,117,10,3,1,1,1.0,1106.0
116,117,11,0,1,1,0.0,1276.0
116,117,12,1,1,0,0.0,1232.0
116,117,13,3,1,0,1.0,792.0
116,117,14,2,0,0,0.0,1654.0
116,117,15,2,1,0,1.0,860.0
116,117,16,0,1,0,0.0,1080.0
116,117,17,0,1,1,0.0,1482.0
116,117,18,1,0,1,1.0,1046.0
116,117,19,3,1,1,1.0,1045.0
116,117,20,2,0,0,0.0,1187.0
116,117,21,2,0,1,0.0,1359.0
116,117,22,1,1,0,0.0,1160.0
116,117,23,3,0,0,0.0,1588.0
116,117,24,3,1,1,1.0,625.0
116,117,25,0,1,0,0.0,1045.0
116,117,26,1,0,1,1.0,951.0
116,117,27,2,0,0,0.0,1375.0
116,117,28,1,0,1,1.0,835.0
116,117,29,2,1,1,1.0,587.0
116,117,30,3,1,0,1.0,1054.0
116,117,31,0,1,0,0.0,1010.0
116,117,32,0,1,0,0.0,1545.0
116,117,33,3,1,1,1.0,1238.0
116,117,34,1,0,1,1.0,662.0
116,117,35,3,0,0,0.0,1534.0
116,117,36,2,0,1,0.0,1034.0
116,117,37,2,0,0,0.0,1079.0
116,117,38,0,1,0,0.0,718.0
116,117,39,1,0,0,1.0,764.0
116,117,40,3,1,1,1.0,1513.0
116,117,41,1,0,1,1.0,973.0
116,117,42,1,0,1,1.0,921.0
116,117,43,0,1,0,0.0,1034.0
116,117,44,2,0,0,0.0,892.0
116,117,45,0,1,0,0.0,813.0
116,117,46,3,1,1,1.0,832.0
116,117,47,2,0,0,0.0,1368.0
116,117,48,1,0,1,1.0,1114.0
116,117,49,2,1,1,1.0,586.0
116,117,50,3,1,1,1.0,832.0
116,117,51,1,0,1,1.0,428.0
116,117,52,0,1,0,0.0,1067.0
116,117,53,0,0,1,1.0,630.0
116,117,54,3,1,1,1.0,2005.0
116,117,55,2,1,1,1.0,1121.0
116,117,56,3,0,0,0.0,1445.0
116,117,57,0,1,1,0.0,2202.0
116,117,58,1,0,1,1.0,1378.0
116,117,59,2,1,1,1.0,1113.0
116,117,60,2,1,0,1.0,771.0
116,117,61,3,1,0,1.0,1145.0
116,117,62,0,0,1,1.0,1206.0
116,117,63,1,1,1,0.0,1326.0
116,117,64,2,1,1,1.0,1198.0
116,117,65,1,0,0,1.0,903.0
116,117,66,0,1,0,0.0,792.0
116,117,67,0,0,1,1.0,520.0
116,117,68,3,1,1,1.0,928.0
116,117,69,2,0,0,0.0,1242.0
116,117,70,1,0,1,1.0,539.0
116,117,71,3,1,0,1.0,869.0
116,117,72,2,1,1,1.0,1095.0
116,117,73,0,1,0,0.0,706.0
116,117,74,3,1,1,1.0,1253.0
116,117,75,1,0,1,1.0,1364.0
116,117,76,1,0,1,1.0,773.0
116,117,77,2,1,1,1.0,716.0
116,117,78,3,1,1,1.0,784.0
116,117,79,0,1,1,0.0,883.0
116,117,80,2,0,0,0.0,782.0
116,117,81,0,1,0,0.0,922.0
116,117,82,2,0,0,0.0,2483.0
116,117,83,0,1,0,0.0,991.0
116,117,84,3,1,1,1.0,874.0
116,117,85,1,0,1,1.0,818.0
116,117,86,3,1,1,1.0,842.0
116,117,87,1,0,0,1.0,554.0
116,117,88,3,1,0,1.0,698.0
116,117,89,1,0,1,1.0,1102.0
116,117,90,0,1,0,0.0,786.0
116,117,91,0,1,0,0.0,1874.0
116,117,92,2,1,0,1.0,1607.0
116,117,93,1,0,0,1.0,1223.0
116,117,94,2,1,1,1.0,1551.0
116,117,95,3,1,1,1.0,942.0
116,117,96,3,1,1,1.0,869.0
116,117,97,3,0,1,0.0,1311.0
116,117,98,0,1,1,0.0,1231.0
116,117,99,1,1,1,0.0,809.0
116,117,100,0,1,0,0.0,661.0
116,117,101,2,1,1,1.0,1075.0
116,117,102,1,0,1,1.0,715.0
116,117,103,2,1,1,1.0,1189.0
116,117,104,3,1,1,1.0,1152.0
116,117,105,0,1,0,0.0,1336.0
116,117,106,1,0,1,1.0,1283.0
116,117,107,2,1,1,1.0,706.0
116,117,108,0,1,0,0.0,1115.0
116,117,109,2,0,0,0.0,863.0
116,117,110,3,1,1,1.0,1078.0
116,117,111,1,1,0,0.0,1169.0
116,117,112,3,1,1,1.0,922.0
116,117,113,0,1,0,0.0,996.0
116,117,114,2,1,1,1.0,1240.0
116,117,115,0,1,0,0.0,1405.0
116,117,116,2,1,0,1.0,1176.0
116,117,117,1,0,1,1.0,610.0
116,117,118,1,0,1,1.0,604.0
116,117,119,3,1,0,1.0,1074.0
117,118,0,3,0,1,0.0,2562.0
117,118,1,1,1,0,1.0,1662.0
117,118,2,0,0,0,1.0,1130.0
117,118,3,0,1,0,0.0,1504.0
117,118,4,2,0,0,1.0,2248.0
117,118,5,1,0,1,0.0,1961.0
117,118,6,2,1,0,0.0,2582.0
117,118,7,3,0,0,0.0,2037.0
117,118,8,0,0,1,1.0,1859.0
117,118,9,3,0,0,0.0,2645.0
117,118,10,3,1,1,1.0,1216.0
117,118,11,0,0,1,1.0,1205.0
117,118,12,1,0,0,0.0,1319.0
117,118,13,1,0,0,0.0,818.0
117,118,14,2,1,0,0.0,1863.0
117,118,15,2,0,1,1.0,1576.0
117,118,16,0,0,1,1.0,2344.0
117,118,17,1,0,0,0.0,2589.0
117,118,18,2,0,1,1.0,1167.0
117,118,19,3,1,1,1.0,1224.0
117,118,20,0,1,0,0.0,1065.0
117,118,21,3,0,0,0.0,1047.0
117,118,22,2,0,1,1.0,953.0
117,118,23,1,0,0,0.0,1081.0
117,118,24,3,1,0,1.0,763.0
117,118,25,1,0,1,0.0,1019.0
117,118,26,3,0,0,0.0,1064.0
117,118,27,2,0,1,1.0,1551.0
117,118,28,0,1,1,0.0,1810.0
117,118,29,0,1,0,0.0,1315.0
117,118,30,1,0,0,0.0,926.0
117,118,31,2,0,1,1.0,1813.0
117,118,32,3,0,0,0.0,1827.0
117,118,33,2,0,0,1.0,1242.0
117,118,34,0,1,0,0.0,1298.0
117,118,35,3,0,1,0.0,1415.0
117,118,36,1,0,0,0.0,1196.0
117,118,37,1,1,1,1.0,1521.0
117,118,38,0,1,1,0.0,1953.0
117,118,39,2,0,1,1.0,1114.0
117,118,40,1,1,1,1.0,1613.0
117,118,41,0,1,0,0.0,1669.0
117,118,42,1,0,0,0.0,2670.0
117,118,43,3,0,0,0.0,1255.0
117,118,44,0,1,0,0.0,1155.0
117,118,45,2,0,1,1.0,1222.0
117,118,46,2,0,1,1.0,950.0
117,118,47,3,0,0,0.0,1396.0
117,118,48,1,0,0,0.0,1214.0
117,118,49,0,1,0,0.0,1474.0
117,118,50,2,0,1,1.0,975.0
117,118,51,1,0,0,0.0,2016.0
117,118,52,0,1,0,0.0,1158.0
117,118,53,3,0,0,0.0,1437.0
117,118,54,2,0,1,1.0,1783.0
117,118,55,3,0,0,0.0,1700.0
117,118,56,3,1,1,1.0,842.0
117,118,57,0,1,1,0.0,2504.0
117,118,58,1,0,0,0.0,2371.0
117,118,59,0,1,0,0.0,1726.0
117,118,60,2,0,1,1.0,1408.0
117,118,61,2,0,0,1.0,1334.0
117,118,62,3,1,1,1.0,6730.0
117,118,63,1,0,0,0.0,2223.0
117,118,64,3,1,1,1.0,1178.0
117,118,65,0,1,0,0.0,1443.0
117,118,66,1,0,1,0.0,1354.0
117,118,67,1,0,0,0.0,1136.0
117,118,68,3,1,0,1.0,752.0
117,118,69,2,0,1,1.0,920.0
117,118,70,2,0,1,1.0,1076.0
117,118,71,0,1,0,0.0,923.0
117,118,72,3,0,0,0.0,1366.0
117,118,73,2,0,0,1.0,995.0
117,118,74,0,1,1,0.0,1182.0
117,118,75,1,0,0,0.0,1361.0
117,118,76,1,0,0,0.0,2284.0
117,118,77,3,1,1,1.0,1407.0
117,118,78,0,1,0,0.0,987.0
117,118,79,2,0,1,1.0,921.0
117,118,80,0,1,0,0.0,972.0
117,118,81,0,1,0,0.0,1713.0
117,118,82,2,0,1,1.0,1001.0
117,118,83,1,0,0,0.0,1395.0
117,118,84,1,0,1,0.0,1153.0
117,118,85,2,0,1,1.0,4966.0
117,118,86,3,1,1,1.0,1246.0
117,118,87,3,1,1,1.0,1520.0
117,118,88,3,1,1,1.0,2805.0
117,118,89,1,0,0,0.0,1042.0
117,118,90,0,1,0,0.0,1101.0
117,118,91,0,1,0,0.0,2011.0
117,118,92,2,0,1,1.0,1688.0
117,118,93,2,0,1,1.0,1085.0
117,118,94,3,1,1,1.0,1200.0
117,118,95,1,0,0,0.0,1164.0
117,118,96,0,1,0,0.0,830.0
117,118,97,2,0,0,1.0,2761.0
117,118,98,1,0,0,0.0,7593.0
117,118,99,1,1,1,1.0,4936.0
117,118,100,2,0,1,1.0,2556.0
117,118,101,3,1,0,1.0,1937.0
117,118,102,3,0,0,0.0,1872.0
117,118,103,0,0,1,1.0,1322.0
117,118,104,2,0,0,1.0,4853.0
117,118,105,3,0,1,0.0,4288.0
117,118,106,1,1,1,1.0,2118.0
117,118,107,3,0,0,0.0,2430.0
117,118,108,2,1,1,0.0,6294.0
117,118,109,0,0,0,1.0,4767.0
117,118,110,0,0,1,1.0,1805.0
117,118,111,1,1,1,1.0,3660.0
117,118,112,2,0,1,1.0,3064.0
117,118,113,3,0,1,0.0,1719.0
117,118,114,1,1,1,1.0,1899.0
117,118,115,0,0,1,1.0,1615.0
117,118,116,3,0,0,0.0,2373.0
117,118,117,1,1,1,1.0,1151.0
117,118,118,2,1,0,0.0,2131.0
117,118,119,0,1,0,0.0,4685.0
118,119,0,0,1,0,0.0,3261.0
118,119,1,1,1,0,1.0,1791.0
118,119,2,3,1,0,0.0,1642.0
118,119,3,2,0,0,0.0,1099.0
118,119,4,3,0,1,1.0,1449.0
118,119,5,0,0,1,1.0,1294.0
118,119,6,2,0,0,0.0,1574.0
118,119,7,1,0,1,0.0,1605.0
118,119,8,1,1,1,1.0,1794.0
118,119,9,2,0,0,0.0,1308.0
118,119,10,3,1,0,0.0,2609.0
118,119,11,3,1,0,0.0,5817.0
118,119,12,0,0,1,1.0,1635.0
118,119,13,0,0,1,1.0,1385.0
118,119,14,2,1,1,1.0,1433.0
118,119,15,1,0,0,0.0,2056.0
118,119,16,2,1,1,1.0,1245.0
118,119,17,3,0,1,1.0,1493.0
118,119,18,0,0,1,1.0,2168.0
118,119,19,1,1,1,1.0,2921.0
118,119,20,0,1,0,0.0,2634.0
118,119,21,3,1,1,0.0,1766.0
118,119,22,1,0,0,0.0,2207.0
118,119,23,2,0,1,0.0,1415.0
118,119,24,3,0,0,1.0,2562.0
118,119,25,1,1,1,1.0,1680.0
118,119,26,2,0,0,0.0,1406.0
118,119,27,0,0,1,1.0,2378.0
118,119,28,1,0,0,0.0,1845.0
118,119,29,0,0,1,1.0,1095.0
118,119,30,3,1,0,0.0,827.0
118,119,31,2,1,1,1.0,1832.0
118,119,32,2,0,1,0.0,6445.0
118,119,33,3,0,1,1.0,6950.0
118,119,34,3,0,1,1.0,806.0
118,119,35,1,1,1,1.0,2577.0
118,119,36,2,0,0,0.0,1263.0
118,119,37,0,1,1,0.0,4119.0
118,119,38,1,1,1,1.0,1823.0
118,119,39,0,1,0,0.0,662.0
118,119,40,1,1,1,1.0,1417.0
118,119,41,3,0,1,1.0,1954.0
118,119,42,1,1,1,1.0,3116.0
118,119,43,3,0,1,1.0,1596.0
118,119,44,2,0,0,0.0,785.0
118,119,45,0,1,0,0.0,1728.0
118,119,46,0,1,0,0.0,659.0
118,119,47,2,0,0,0.0,1073.0
118,119,48,3,1,0,0.0,1397.0
118,119,49,0,1,0,0.0,799.0
118,119,50,3,1,0,0.0,1600.0
118,119,51,2,1,1,1.0,1085.0
118,119,52,1,0,0,0.0,726.0
118,119,53,1,1,0,1.0,1884.0
118,119,54,2,0,0,0.0,728.0
118,119,55,0,0,0,1.0,997.0
118,119,56,1,1,1,1.0,925.0
118,119,57,2,1,1,1.0,2341.0
118,119,58,1,0,1,0.0,1074.0
118,119,59,0,0,1,1.0,5761.0
118,119,60,2,1,1,1.0,2046.0
118,119,61,0,0,1,1.0,3656.0
118,119,62,3,1,0,0.0,2980.0
118,119,63,3,1,1,0.0,2085.0
118,119,64,3,1,0,0.0,1461.0
118,119,65,2,1,0,1.0,2332.0
118,119,66,1,0,0,0.0,1221.0
118,119,67,0,1,1,0.0,1132.0
118,119,68,1,1,1,1.0,953.0
118,119,69,2,0,0,0.0,1186.0
118,119,70,3,0,0,1.0,1324.0
118,119,71,0,1,0,0.0,1316.0
118,119,72,0,1,0,0.0,572.0
118,119,73,3,1,0,0.0,3144.0
118,119,74,3,0,1,1.0,561.0
118,119,75,2,0,1,0.0,1155.0
118,119,76,1,1,1,1.0,858.0
118,119,77,1,1,1,1.0,790.0
118,119,78,0,0,1,1.0,767.0
118,119,79,2,1,1,1.0,826.0
118,119,80,3,0,1,1.0,2363.0
118,119,81,1,1,0,1.0,1228.0
118,119,82,2,0,0,0.0,1047.0
118,119,83,1,1,1,1.0,580.0
118,119,84,2,1,1,1.0,1059.0
118,119,85,0,1,1,0.0,752.0
118,119,86,3,0,0,1.0,1638.0
118,119,87,0,1,0,0.0,542.0
118,119,88,3,0,1,1.0,838.0
118,119,89,0,1,0,0.0,706.0
118,119,90,1,0,0,0.0,1436.0
118,119,91,3,1,0,0.0,1150.0
118,119,92,2,1,0,1.0,1636.0
118,119,93,2,0,0,0.0,619.0
118,119,94,1,0,0,0.0,4308.0
118,119,95,0,1,0,0.0,738.0
118,119,96,0,0,1,1.0,669.0
118,119,97,1,1,0,1.0,2396.0
118,119,98,3,0,1,1.0,811.0
118,119,99,1,1,1,1.0,5882.0
118,119,100,0,0,0,1.0,960.0
118,119,101,2,0,0,0.0,1198.0
118,119,102,2,1,1,1.0,688.0
118,119,103,3,1,0,0.0,1187.0
118,119,104,0,1,0,0.0,957.0
118,119,105,3,0,1,1.0,991.0
118,119,106,2,0,0,0.0,1155.0
118,119,107,1,0,1,0.0,989.0
118,119,108,1,0,0,0.0,512.0
118,119,109,3,1,1,0.0,1025.0
118,119,110,2,1,1,1.0,27.0
118,119,111,0,0,1,1.0,2265.0
118,119,112,3,1,0,0.0,1037.0
118,119,113,0,0,1,1.0,531.0
118,119,114,1,0,0,0.0,1400.0
118,119,115,3,1,0,0.0,2043.0
118,119,116,2,0,0,0.0,915.0
118,119,117,0,0,1,1.0,1138.0
118,119,118,2,1,1,1.0,2029.0
118,119,119,1,0,0,0.0,1015.0
119,120,0,1,1,0,0.0,3167.0
119,120,1,2,0,1,1.0,1436.0
119,120,2,3,1,0,1.0,1331.0
119,120,3,3,0,1,0.0,951.0
119,120,4,2,1,0,0.0,1644.0
119,120,5,0,1,0,1.0,1397.0
119,120,6,1,0,1,1.0,1655.0
119,120,7,0,0,0,0.0,2214.0
119,120,8,1,1,0,0.0,1476.0
119,120,9,3,0,0,0.0,1146.0
119,120,10,1,0,1,1.0,2178.0
119,120,11,2,0,1,1.0,1906.0
119,120,12,0,0,0,0.0,1942.0
119,120,13,3,1,1,1.0,2451.0
119,120,14,0,1,1,1.0,1926.0
119,120,15,2,0,1,1.0,1047.0
119,120,16,1,0,0,1.0,1838.0
119,120,17,3,1,1,1.0,1879.0
119,120,18,1,1,0,0.0,1663.0
119,120,19,2,0,0,1.0,1760.0
119,120,20,0,0,0,0.0,2034.0
119,120,21,3,0,0,0.0,1689.0
119,120,22,0,1,1,1.0,1457.0
119,120,23,2,0,1,1.0,1155.0
119,120,24,1,1,0,0.0,1186.0
119,120,25,0,0,1,0.0,1655.0
119,120,26,1,0,1,1.0,1108.0
119,120,27,3,1,1,1.0,1665.0
119,120,28,0,0,0,0.0,1526.0
119,120,29,3,1,1,1.0,968.0
119,120,30,2,0,0,1.0,924.0
119,120,31,2,1,0,0.0,872.0
119,120,32,2,1,0,0.0,2057.0
119,120,33,3,0,0,0.0,1645.0
119,120,34,0,0,0,0.0,1868.0
119,120,35,3,1,1,1.0,894.0
119,120,36,1,0,1,1.0,1260.0
119,120,37,0,0,0,0.0,1713.0
119,120,38,2,0,1,1.0,682.0
119,120,39,1,1,1,0.0,1372.0
119,120,40,1,1,0,0.0,1031.0
119,120,41,3,1,1,1.0,1620.0
119,120,42,0,0,0,0.0,1209.0
119,120,43,2,0,1,1.0,720.0
119,120,44,1,1,0,0.0,883.0
119,120,45,3,0,0,0.0,1172.0
119,120,46,0,0,1,0.0,1447.0
119,120,47,2,0,1,1.0,840.0
119,120,48,3,1,0,1.0,2204.0
119,120,49,3,0,1,0.0,843.0
119,120,50,0,0,1,0.0,1002.0
119,120,51,2,0,1,1.0,1759.0
119,120,52,2,0,0,1.0,844.0
119,120,53,0,0,0,0.0,1297.0
119,120,54,1,1,0,0.0,471.0
119,120,55,1,1,0,0.0,785.0
119,120,56,3,1,1,1.0,1375.0
119,120,57,2,0,1,1.0,1034.0
119,120,58,0,1,1,1.0,1804.0
119,120,59,3,1,1,1.0,1560.0
119,120,60,1,1,0,0.0,1047.0
119,120,61,2,0,1,1.0,1384.0
119,120,62,0,0,0,0.0,2644.0
119,120,63,1,1,1,0.0,1911.0
119,120,64,3,0,0,0.0,1020.0
119,120,65,0,1,1,1.0,1275.0
119,120,66,1,1,0,0.0,829.0
119,120,67,0,1,1,1.0,1400.0
119,120,68,1,1,0,0.0,765.0
119,120,69,2,0,1,1.0,911.0
119,120,70,3,0,0,0.0,1445.0
119,120,71,2,0,1,1.0,1034.0
119,120,72,0,1,1,1.0,1402.0
119,120,73,1,1,0,0.0,914.0
119,120,74,2,0,1,1.0,1152.0
119,120,75,3,1,1,1.0,2380.0
119,120,76,3,1,1,1.0,711.0
119,120,77,1,1,0,0.0,913.0
119,120,78,0,1,1,1.0,1147.0
119,120,79,2,0,1,1.0,839.0
119,120,80,1,1,0,0.0,888.0
119,120,81,2,0,1,1.0,858.0
119,120,82,1,1,0,0.0,746.0
119,120,83,2,0,0,1.0,914.0
119,120,84,0,1,0,1.0,1090.0
119,120,85,3,1,0,1.0,1159.0
119,120,86,0,1,1,1.0,1286.0
119,120,87,3,1,1,1.0,994.0
119,120,88,0,1,1,1.0,1275.0
119,120,89,0,1,0,1.0,843.0
119,120,90,1,1,0,0.0,1134.0
119,120,91,2,0,1,1.0,914.0
119,120,92,3,1,1,1.0,1069.0
119,120,93,3,1,1,1.0,906.0
119,120,94,1,1,1,0.0,1515.0
119,120,95,2,0,0,1.0,935.0
119,120,96,2,0,1,1.0,992.0
119,120,97,0,1,1,1.0,1691.0
119,120,98,0,1,1,1.0,639.0
119,120,99,3,1,1,1.0,1045.0
119,120,100,2,0,1,1.0,866.0
119,120,101,1,1,0,0.0,842.0
119,120,102,1,1,0,0.0,970.0
119,120,103,3,1,0,1.0,1070.0
119,120,104,0,1,1,1.0,1624.0
119,120,105,3,1,1,1.0,998.0
119,120,106,1,1,1,0.0,845.0
119,120,107,3,1,1,1.0,1040.0
119,120,108,2,0,1,1.0,743.0
119,120,109,2,0,1,1.0,961.0
119,120,110,1,1,0,0.0,1080.0
119,120,111,0,1,1,1.0,1122.0
119,120,112,2,0,1,1.0,904.0
119,120,113,3,1,1,1.0,1241.0
119,120,114,1,0,1,1.0,1316.0
119,120,115,1,0,1,1.0,790.0
119,120,116,2,0,1,1.0,2252.0
119,120,117,0,1,1,1.0,1477.0
119,120,118,3,1,1,1.0,1133.0
119,120,119,0,1,1,1.0,2306.0
120,121,0,0,0,1,1.0,2776.0
120,121,1,1,1,0,1.0,1749.0
120,121,2,3,1,0,0.0,987.0
120,121,3,2,1,1,1.0,1038.0
120,121,4,3,0,1,1.0,499.0
120,121,5,0,0,1,1.0,654.0
120,121,6,2,0,0,0.0,1716.0
120,121,7,1,0,1,0.0,1528.0
120,121,8,1,0,0,0.0,552.0
120,121,9,2,1,1,1.0,1714.0
120,121,10,3,0,1,1.0,1774.0
120,121,11,3,0,0,1.0,1119.0
120,121,12,0,0,1,1.0,1301.0
120,121,13,0,1,0,0.0,585.0
120,121,14,2,0,0,0.0,3206.0
120,121,15,1,0,0,0.0,1244.0
120,121,16,2,0,0,0.0,1207.0
120,121,17,3,0,1,1.0,2364.0
120,121,18,0,0,1,1.0,935.0
120,121,19,1,0,0,0.0,1881.0
120,121,20,0,0,1,1.0,1443.0
120,121,21,3,0,1,1.0,1853.0
120,121,22,1,1,1,1.0,468.0
120,121,23,2,0,1,0.0,1358.0
120,121,24,3,0,1,1.0,1536.0
120,121,25,1,1,1,1.0,2418.0
120,121,26,2,1,1,1.0,1559.0
120,121,27,0,0,1,1.0,1950.0
120,121,28,1,1,1,1.0,2638.0
120,121,29,0,0,0,1.0,632.0
120,121,30,3,0,1,1.0,1597.0
120,121,31,2,1,1,1.0,1356.0
120,121,32,2,0,0,0.0,2654.0
120,121,33,3,1,0,0.0,2337.0
120,121,34,3,0,0,1.0,3464.0
120,121,35,1,1,1,1.0,2118.0
120,121,36,2,0,1,0.0,6129.0
120,121,37,0,1,0,0.0,3673.0
120,121,38,1,0,0,0.0,2350.0
120,121,39,0,1,1,0.0,1229.0
120,121,40,1,0,1,0.0,1957.0
120,121,41,3,1,0,0.0,1248.0
120,121,42,1,1,1,1.0,2557.0
120,121,43,3,0,1,1.0,3124.0
120,121,44,2,0,0,0.0,1730.0
120,121,45,0,1,0,0.0,1191.0
120,121,46,0,1,0,0.0,2552.0
120,121,47,2,0,0,0.0,1117.0
120,121,48,3,1,1,0.0,1609.0
120,121,49,0,0,1,1.0,2147.0
120,121,50,3,1,0,0.0,1067.0
120,121,51,2,1,1,1.0,1200.0
120,121,52,1,1,1,1.0,543.0
120,121,53,1,1,1,1.0,680.0
120,121,54,2,1,1,1.0,1726.0
120,121,55,0,0,1,1.0,506.0
120,121,56,1,1,0,1.0,779.0
120,121,57,2,1,0,1.0,1460.0
120,121,58,1,0,0,0.0,1570.0
120,121,59,0,0,1,1.0,2142.0
120,121,60,2,1,1,1.0,1702.0
120,121,61,0,0,1,1.0,1322.0
120,121,62,3,1,0,0.0,2426.0
120,121,63,3,1,0,0.0,1568.0
120,121,64,3,0,1,1.0,610.0
120,121,65,2,1,1,1.0,1058.0
120,121,66,1,1,1,1.0,966.0
120,121,67,0,0,0,1.0,1933.0
120,121,68,1,1,1,1.0,826.0
120,121,69,2,1,0,1.0,1060.0
120,121,70,3,0,0,1.0,1331.0
120,121,71,0,0,1,1.0,1455.0
120,121,72,0,0,1,1.0,676.0
120,121,73,3,1,0,0.0,1220.0
120,121,74,3,0,1,1.0,526.0
120,121,75,2,1,1,1.0,980.0
120,121,76,1,1,1,1.0,654.0
120,121,77,1,1,1,1.0,1025.0
120,121,78,0,0,1,1.0,1629.0
120,121,79,2,1,1,1.0,951.0
120,121,80,3,0,1,1.0,1700.0
120,121,81,1,1,0,1.0,1226.0
120,121,82,2,1,1,1.0,941.0
120,121,83,1,1,1,1.0,818.0
120,121,84,2,1,1,1.0,615.0
120,121,85,0,0,1,1.0,1589.0
120,121,86,3,0,1,1.0,845.0
120,121,87,0,0,0,1.0,1056.0
120,121,88,3,0,1,1.0,1347.0
120,121,89,0,0,1,1.0,1608.0
120,121,90,1,1,0,1.0,854.0
120,121,91,3,0,1,1.0,1578.0
120,121,92,2,1,0,1.0,962.0
120,121,93,2,1,1,1.0,2084.0
120,121,94,1,1,1,1.0,3426.0
120,121,95,0,1,0,0.0,1969.0
120,121,96,0,0,1,1.0,2526.0
120,121,97,1,1,1,1.0,847.0
120,121,98,3,1,1,0.0,3806.0
120,121,99,1,1,1,1.0,1116.0
120,121,100,0,0,1,1.0,1146.0
120,121,101,2,1,1,1.0,1096.0
120,121,102,2,1,1,1.0,1145.0
120,121,103,3,0,0,1.0,1057.0
120,121,104,0,0,1,1.0,737.0
120,121,105,3,0,1,1.0,1207.0
120,121,106,2,1,1,1.0,1966.0
120,121,107,1,1,1,1.0,426.0
120,121,108,1,1,1,1.0,893.0
120,121,109,3,0,1,1.0,1675.0
120,121,110,2,1,1,1.0,1234.0
120,121,111,0,0,1,1.0,1182.0
120,121,112,3,1,0,0.0,854.0
120,121,113,0,0,1,1.0,1267.0
120,121,114,1,1,1,1.0,1506.0
120,121,115,3,0,1,1.0,927.0
120,121,116,2,1,0,1.0,1570.0
120,121,117,0,1,0,0.0,3939.0
120,121,118,2,1,1,1.0,1091.0
120,121,119,1,1,0,1.0,1843.0
121,122,0,1,0,1,1.0,6809.0
121,122,1,2,1,0,0.0,2467.0
121,122,2,3,0,1,0.0,1973.0
121,122,3,3,0,0,0.0,1712.0
121,122,4,2,0,1,1.0,3721.0
121,122,5,0,1,0,1.0,3326.0
121,122,6,1,0,1,1.0,2107.0
121,122,7,0,0,0,0.0,2058.0
121,122,8,1,0,0,1.0,2473.0
121,122,9,3,0,0,0.0,2868.0
121,122,10,1,1,0,0.0,1303.0
121,122,11,2,0,1,1.0,2610.0
121,122,12,0,0,0,0.0,3708.0
121,122,13,3,1,0,1.0,1044.0
121,122,14,0,1,1,1.0,1183.0
121,122,15,2,0,1,1.0,4660.0
121,122,16,1,0,1,1.0,1784.0
121,122,17,3,0,0,0.0,2228.0
121,122,18,1,0,1,1.0,986.0
121,122,19,2,0,0,1.0,1950.0
121,122,20,0,0,0,0.0,2316.0
121,122,21,3,0,0,0.0,5597.0
121,122,22,0,0,1,0.0,1386.0
121,122,23,2,0,1,1.0,4338.0
121,122,24,1,0,1,1.0,884.0
121,122,25,0,0,0,0.0,3855.0
121,122,26,1,0,1,1.0,1472.0
121,122,27,3,0,1,0.0,1546.0
121,122,28,0,1,1,1.0,1475.0
121,122,29,3,0,0,0.0,3238.0
121,122,30,2,0,0,1.0,3135.0
121,122,31,2,1,0,0.0,830.0
121,122,32,2,1,0,0.0,4457.0
121,122,33,3,0,0,0.0,3629.0
121,122,34,0,0,0,0.0,3821.0
121,122,35,3,1,1,1.0,8385.0
121,122,36,1,0,0,1.0,1214.0
121,122,37,0,1,1,1.0,2548.0
121,122,38,2,1,0,0.0,2575.0
121,122,39,1,1,0,0.0,2001.0
121,122,40,1,0,1,1.0,784.0
121,122,41,3,1,1,1.0,3039.0
121,122,42,0,1,1,1.0,3383.0
121,122,43,2,1,0,0.0,4238.0
121,122,44,1,0,0,1.0,5005.0
121,122,45,3,1,1,1.0,8165.0
121,122,46,0,1,1,1.0,2412.0
121,122,47,2,0,1,1.0,3254.0
121,122,48,3,1,1,1.0,2488.0
121,122,49,3,1,1,1.0,823.0
121,122,50,0,0,0,0.0,1954.0
121,122,51,2,1,0,0.0,2239.0
121,122,52,2,0,1,1.0,942.0
121,122,53,0,1,1,1.0,2859.0
121,122,54,1,0,1,1.0,1935.0
121,122,55,1,0,1,1.0,872.0
121,122,56,3,0,0,0.0,2635.0
121,122,57,2,0,1,1.0,3734.0
121,122,58,0,1,1,1.0,3915.0
121,122,59,3,0,0,0.0,1913.0
121,122,60,1,0,1,1.0,1127.0
121,122,61,2,0,1,1.0,4630.0
121,122,62,0,1,0,1.0,3184.0
121,122,63,1,0,1,1.0,1884.0
121,122,64,3,1,1,1.0,1738.0
121,122,65,0,1,1,1.0,1134.0
121,122,66,1,0,1,1.0,3501.0
121,122,67,0,1,1,1.0,1438.0
121,122,68,1,0,0,1.0,1063.0
121,122,69,2,0,0,1.0,2728.0
121,122,70,3,1,0,1.0,3440.0
121,122,71,2,0,1,1.0,3978.0
121,122,72,0,1,0,1.0,1512.0
121,122,74,2,1,0,0.0,2524.0
121,122,75,3,0,0,0.0,2823.0
121,122,76,3,1,1,1.0,2082.0
121,122,77,1,0,1,1.0,1210.0
121,122,78,0,0,0,0.0,4185.0
121,122,79,2,1,1,0.0,7631.0
121,122,80,1,0,1,1.0,1101.0
121,122,81,2,1,0,0.0,1583.0
121,122,82,1,0,1,1.0,6437.0
121,122,83,2,0,1,1.0,3783.0
121,122,84,0,1,1,1.0,1777.0
121,122,85,3,1,1,1.0,2838.0
121,122,86,0,1,1,1.0,4537.0
121,122,87,3,1,1,1.0,2618.0
121,122,88,0,1,1,1.0,3280.0
121,122,89,0,1,1,1.0,1425.0
121,122,90,1,0,1,1.0,1440.0
121,122,91,2,1,0,0.0,3242.0
121,122,92,3,1,1,1.0,1490.0
121,122,93,3,1,0,1.0,1067.0
121,122,94,1,0,0,1.0,3054.0
121,122,95,2,1,0,0.0,1154.0
121,122,96,2,0,1,1.0,715.0
121,122,97,0,1,1,1.0,1188.0
121,122,98,0,1,1,1.0,1035.0
121,122,99,3,1,1,1.0,2225.0
121,122,100,2,0,1,1.0,4157.0
121,122,101,1,1,0,0.0,1745.0
121,122,102,1,0,1,1.0,724.0
121,122,103,3,1,1,1.0,1426.0
121,122,104,0,1,0,1.0,3802.0
121,122,105,3,1,1,1.0,1949.0
121,122,106,1,0,1,1.0,665.0
121,122,107,3,1,1,1.0,1901.0
121,122,108,2,0,1,1.0,2247.0
121,122,109,2,0,1,1.0,2103.0
121,122,110,1,0,1,1.0,1371.0
121,122,111,0,1,1,1.0,4928.0
121,122,112,2,0,1,1.0,1135.0
121,122,113,3,1,0,1.0,1323.0
121,122,114,1,0,1,1.0,1054.0
121,122,115,1,0,1,1.0,1597.0
121,122,116,2,0,0,1.0,1712.0
121,122,117,0,1,1,1.0,3389.0
121,122,118,3,1,1,1.0,7712.0
121,122,119,0,1,0,1.0,8524.0
122,123,0,2,0,0,0.0,2641.0
122,123,1,0,1,0,0.0,1672.0
122,123,2,1,0,0,1.0,3051.0
122,123,3,0,1,0,0.0,1029.0
122,123,4,3,0,0,0.0,946.0
122,123,5,2,0,0,0.0,1798.0
122,123,6,3,1,1,1.0,1079.0
122,123,7,1,1,0,0.0,2906.0
122,123,8,0,0,1,1.0,1653.0
122,123,9,1,1,0,0.0,2861.0
122,123,10,3,1,1,1.0,1616.0
122,123,11,0,0,1,1.0,1810.0
122,123,12,1,0,1,1.0,4108.0
122,123,13,3,1,1,1.0,2054.0
122,123,14,2,0,0,0.0,1519.0
122,123,15,2,1,1,1.0,1164.0
122,123,16,0,0,1,1.0,2241.0
122,123,17,0,0,1,1.0,1591.0
122,123,18,1,0,1,1.0,2535.0
122,123,19,3,1,0,1.0,1198.0
122,123,20,2,1,0,1.0,1810.0
122,123,21,2,1,1,1.0,3560.0
122,123,22,1,0,1,1.0,2851.0
122,123,23,3,1,1,1.0,2517.0
122,123,24,3,1,1,1.0,1220.0
122,123,25,0,0,1,1.0,3251.0
122,123,26,1,0,1,1.0,3100.0
122,123,27,2,0,1,0.0,3276.0
122,123,28,1,0,1,1.0,1530.0
122,123,29,2,0,0,0.0,1851.0
122,123,30,3,1,0,1.0,1441.0
122,123,31,0,1,1,0.0,1960.0
122,123,32,0,1,0,0.0,4113.0
122,123,33,3,1,1,1.0,2389.0
122,123,34,1,0,0,1.0,1739.0
122,123,35,3,1,1,1.0,1186.0
122,123,36,2,1,1,1.0,2658.0
122,123,37,2,1,1,1.0,2726.0
122,123,38,0,0,1,1.0,3258.0
122,123,39,1,0,1,1.0,1884.0
122,123,40,3,1,1,1.0,1324.0
122,123,41,1,0,1,1.0,2429.0
122,123,42,1,0,1,1.0,988.0
122,123,43,0,0,0,1.0,2535.0
122,123,44,2,1,1,1.0,2480.0
122,123,45,0,0,1,1.0,1298.0
122,123,46,3,1,1,1.0,2246.0
122,123,47,2,0,1,0.0,4400.0
122,123,48,1,0,1,1.0,1606.0
122,123,49,2,0,0,0.0,1316.0
122,123,50,3,1,1,1.0,1115.0
122,123,51,1,0,1,1.0,1362.0
122,123,52,0,0,1,1.0,2449.0
122,123,53,0,0,1,1.0,2691.0
122,123,54,3,1,0,1.0,1082.0
122,123,55,2,0,0,0.0,1315.0
122,123,56,3,1,1,1.0,1212.0
122,123,57,0,0,1,1.0,3148.0
122,123,58,1,0,0,1.0,2364.0
122,123,59,2,1,0,1.0,1854.0
122,123,60,2,1,1,1.0,1467.0
122,123,61,3,1,0,1.0,1359.0
122,123,62,0,0,1,1.0,1598.0
122,123,63,1,0,1,1.0,1885.0
122,123,64,2,1,1,1.0,2081.0
122,123,65,1,0,1,1.0,1793.0
122,123,66,0,0,0,1.0,4751.0
122,123,67,0,0,1,1.0,870.0
122,123,68,3,1,1,1.0,1330.0
122,123,69,2,1,1,1.0,1785.0
122,123,70,1,0,1,1.0,5713.0
122,123,71,3,1,1,1.0,829.0
122,123,72,2,1,0,1.0,2078.0
122,123,73,0,0,1,1.0,935.0
122,123,74,3,1,1,1.0,1791.0
122,123,75,1,0,1,1.0,1828.0
122,123,76,1,0,0,1.0,2049.0
122,123,77,2,1,1,1.0,1222.0
122,123,78,3,1,1,1.0,976.0
122,123,79,0,0,1,1.0,1395.0
122,123,80,2,0,0,0.0,1396.0
122,123,81,0,0,0,1.0,1910.0
122,123,82,2,0,0,0.0,1360.0
122,123,83,0,0,1,1.0,1264.0
122,123,84,3,1,0,1.0,999.0
122,123,85,1,0,1,1.0,1623.0
122,123,86,3,1,1,1.0,912.0
122,123,87,1,0,0,1.0,1805.0
122,123,88,3,1,1,1.0,1090.0
122,123,89,1,1,0,0.0,895.0
122,123,90,0,1,1,0.0,4631.0
122,123,91,0,1,0,0.0,1275.0
122,123,92,2,1,1,1.0,928.0
122,123,93,1,0,1,1.0,2100.0
122,123,94,2,1,1,1.0,1522.0
122,123,95,3,1,1,1.0,1039.0
122,123,96,3,1,1,1.0,1994.0
122,123,97,3,1,1,1.0,840.0
122,123,98,0,1,0,0.0,3233.0
122,123,99,1,0,1,1.0,1515.0
122,123,100,0,0,1,1.0,1315.0
122,123,101,2,1,1,1.0,1672.0
122,123,102,1,0,1,1.0,2022.0
122,123,103,2,1,1,1.0,1584.0
122,123,104,3,1,0,1.0,964.0
122,123,105,0,0,1,1.0,2815.0
122,123,106,1,0,1,1.0,3750.0
122,123,107,2,1,0,1.0,2296.0
122,123,108,0,0,0,1.0,1342.0
122,123,109,2,1,1,1.0,1433.0
122,123,110,3,1,1,1.0,1625.0
122,123,111,1,0,1,1.0,1662.0
122,123,112,3,1,1,1.0,1022.0
122,123,113,0,0,1,1.0,2610.0
122,123,114,2,1,1,1.0,1237.0
122,123,115,0,0,1,1.0,1782.0
122,123,116,2,1,1,1.0,884.0
122,123,117,1,0,1,1.0,1833.0
122,123,118,1,0,1,1.0,1589.0
122,123,119,3,1,1,1.0,934.0
123,124,0,3,1,1,1.0,2201.0
123,124,1,1,1,0,1.0,2017.0
123,124,2,0,0,0,1.0,1340.0
123,124,3,0,1,0,0.0,619.0
123,124,4,2,0,0,1.0,2109.0
123,124,5,1,1,1,1.0,1121.0
123,124,6,2,1,0,0.0,982.0
123,124,7,3,1,1,1.0,1669.0
123,124,8,0,0,1,1.0,1559.0
123,124,9,3,1,0,1.0,886.0
123,124,10,3,1,1,1.0,585.0
123,124,11,0,0,1,1.0,1140.0
123,124,12,1,1,1,1.0,2085.0
123,124,13,1,1,1,1.0,573.0
123,124,14,2,1,0,0.0,1239.0
123,124,15,2,0,1,1.0,814.0
123,124,16,0,0,1,1.0,1170.0
123,124,17,1,1,1,1.0,1060.0
123,124,18,2,0,1,1.0,778.0
123,124,19,3,1,1,1.0,824.0
123,124,20,0,0,1,1.0,1042.0
123,124,21,3,1,1,1.0,614.0
123,124,22,2,0,1,1.0,825.0
123,124,23,1,1,1,1.0,940.0
123,124,24,3,1,0,1.0,820.0
123,124,25,1,0,1,0.0,1398.0
123,124,26,3,1,1,1.0,711.0
123,124,27,2,0,1,1.0,597.0
123,124,28,0,0,0,1.0,677.0
123,124,29,0,0,1,1.0,985.0
123,124,30,1,1,1,1.0,666.0
123,124,31,2,0,1,1.0,719.0
123,124,32,3,1,1,1.0,1724.0
123,124,33,2,0,0,1.0,696.0
123,124,34,0,0,1,1.0,669.0
123,124,35,3,1,1,1.0,783.0
123,124,36,1,1,1,1.0,980.0
123,124,37,1,1,0,1.0,631.0
123,124,38,0,0,1,1.0,630.0
123,124,39,2,0,1,1.0,648.0
123,124,40,1,1,1,1.0,726.0
123,124,41,0,0,1,1.0,787.0
123,124,42,1,1,1,1.0,668.0
123,124,43,3,1,1,1.0,783.0
123,124,44,0,0,0,1.0,778.0
123,124,45,2,0,1,1.0,744.0
123,124,46,2,0,1,1.0,1414.0
123,124,47,3,1,1,1.0,735.0
123,124,48,1,1,0,1.0,821.0
123,124,49,0,0,1,1.0,1266.0
123,124,50,2,0,1,1.0,1329.0
123,124,51,1,1,1,1.0,1314.0
123,124,52,0,0,1,1.0,924.0
123,124,53,3,0,1,0.0,1370.0
123,124,54,2,0,1,1.0,1182.0
123,124,55,3,1,0,1.0,735.0
123,124,56,3,1,1,1.0,1251.0
123,124,57,0,0,1,1.0,1257.0
123,124,58,1,1,1,1.0,950.0
123,124,59,0,1,0,0.0,1302.0
123,124,60,2,0,1,1.0,610.0
123,124,61,2,0,0,1.0,730.0
123,124,62,3,1,1,1.0,708.0
123,124,63,1,1,1,1.0,1288.0
123,124,64,3,0,0,0.0,1287.0
123,124,65,0,0,0,1.0,683.0
123,124,66,1,1,1,1.0,774.0
123,124,67,1,0,0,0.0,1208.0
123,124,68,3,1,1,1.0,643.0
123,124,69,2,0,1,1.0,782.0
123,124,70,2,1,1,0.0,1631.0
123,124,71,0,1,1,0.0,891.0
123,124,72,3,1,0,1.0,770.0
123,124,73,2,0,1,1.0,735.0
123,124,74,0,0,1,1.0,806.0
123,124,75,1,1,1,1.0,883.0
123,124,76,1,0,0,0.0,1078.0
123,124,77,3,1,1,1.0,642.0
123,124,78,0,0,1,1.0,660.0
123,124,79,2,0,0,1.0,995.0
123,124,80,0,0,1,1.0,1017.0
123,124,81,0,1,0,0.0,1419.0
123,124,82,2,0,1,1.0,668.0
123,124,83,1,1,1,1.0,1038.0
123,124,84,1,1,0,1.0,1048.0
123,124,85,2,0,1,1.0,841.0
123,124,86,3,1,1,1.0,1208.0
123,124,87,3,1,1,1.0,687.0
123,124,88,3,0,0,0.0,973.0
123,124,89,1,1,1,1.0,611.0
123,124,90,0,0,1,1.0,1096.0
123,124,91,0,0,1,1.0,1173.0
123,124,92,2,0,1,1.0,840.0
123,124,93,2,0,1,1.0,1578.0
123,124,94,3,1,1,1.0,1407.0
123,124,95,1,1,1,1.0,1024.0
123,124,96,0,0,1,1.0,982.0
123,124,97,2,0,1,1.0,775.0
123,124,98,1,1,1,1.0,785.0
123,124,99,1,0,0,0.0,786.0
123,124,100,2,0,0,1.0,630.0
123,124,101,3,1,1,1.0,719.0
123,124,102,3,1,1,1.0,681.0
123,124,103,0,0,0,1.0,1522.0
123,124,104,2,0,1,1.0,888.0
123,124,105,3,1,0,1.0,1657.0
123,124,106,1,1,1,1.0,1177.0
123,124,107,3,1,1,1.0,1515.0
123,124,108,2,0,0,1.0,731.0
123,124,109,0,0,1,1.0,1491.0
123,124,110,0,1,0,0.0,1057.0
123,124,111,1,1,0,1.0,1455.0
123,124,112,2,0,1,1.0,919.0
123,124,113,3,1,0,1.0,2046.0
123,124,114,1,1,1,1.0,763.0
123,124,115,0,0,1,1.0,974.0
123,124,116,3,1,1,1.0,802.0
123,124,117,1,1,1,1.0,856.0
123,124,118,2,0,1,1.0,4899.0
123,124,119,0,0,1,1.0,3648.0
124,125,0,1,0,1,1.0,2434.0
124,125,1,2,1,0,0.0,1078.0
124,125,2,3,0,1,0.0,1286.0
124,125,3,3,0,0,0.0,1893.0
124,125,4,2,1,0,0.0,877.0
124,125,5,0,1,0,1.0,1530.0
124,125,6,1,0,1,1.0,2307.0
124,125,7,0,1,1,1.0,2005.0
124,125,8,1,0,0,1.0,1094.0
124,125,9,3,0,0,0.0,2156.0
124,125,10,1,0,1,1.0,1054.0
124,125,11,2,1,0,0.0,1387.0
124,125,12,0,1,1,1.0,1853.0
124,125,13,3,0,0,0.0,1535.0
124,125,14,0,1,1,1.0,1847.0
124,125,15,2,0,1,1.0,1505.0
124,125,16,1,0,1,1.0,1160.0
124,125,17,3,1,0,1.0,1243.0
124,125,18,1,0,1,1.0,1290.0
124,125,19,2,0,1,1.0,1733.0
124,125,20,0,1,1,1.0,1392.0
124,125,21,3,0,0,0.0,797.0
124,125,22,0,1,1,1.0,1142.0
124,125,23,2,0,1,1.0,1324.0
124,125,24,1,0,1,1.0,1063.0
124,125,25,0,1,1,1.0,1235.0
124,125,26,1,0,0,1.0,1293.0
124,125,27,3,1,1,1.0,645.0
124,125,28,0,1,1,1.0,1219.0
124,125,29,3,0,1,0.0,1171.0
124,125,30,2,0,0,1.0,1043.0
124,125,31,2,1,0,0.0,1543.0
124,125,32,2,1,0,0.0,3009.0
124,125,33,3,0,0,0.0,2453.0
124,125,34,0,1,0,1.0,2332.0
124,125,35,3,0,0,0.0,3017.0
124,125,36,1,0,1,1.0,1116.0
124,125,37,0,1,1,1.0,1853.0
124,125,38,2,0,1,1.0,1399.0
124,125,39,1,0,0,1.0,2029.0
124,125,40,1,0,1,1.0,1755.0
124,125,41,3,1,1,1.0,1878.0
124,125,42,0,1,1,1.0,862.0
124,125,43,2,0,0,1.0,1155.0
124,125,44,1,1,0,0.0,853.0
124,125,45,3,1,1,1.0,947.0
124,125,46,0,0,0,0.0,1397.0
124,125,47,2,0,1,1.0,1280.0
124,125,48,3,1,1,1.0,867.0
124,125,49,3,1,1,1.0,1652.0
124,125,50,0,1,0,1.0,1423.0
124,125,51,2,0,1,1.0,1920.0
124,125,52,2,0,1,1.0,1093.0
124,125,53,0,1,1,1.0,913.0
124,125,54,1,0,1,1.0,951.0
124,125,55,1,0,1,1.0,1019.0
124,125,56,3,1,1,1.0,782.0
124,125,57,2,0,1,1.0,1158.0
124,125,58,0,1,1,1.0,1031.0
124,125,59,3,0,0,0.0,1033.0
124,125,60,1,0,1,1.0,1023.0
124,125,61,2,0,0,1.0,1390.0
124,125,62,0,1,1,1.0,1260.0
124,125,63,1,1,0,0.0,3142.0
124,125,64,3,1,0,1.0,1055.0
124,125,65,0,1,1,1.0,956.0
124,125,66,1,0,1,1.0,863.0
124,125,67,0,1,1,1.0,923.0
124,125,68,1,0,0,1.0,1508.0
124,125,69,2,1,0,0.0,918.0
124,125,70,3,1,1,1.0,1769.0
124,125,71,2,0,1,1.0,776.0
124,125,72,0,1,1,1.0,834.0
124,125,73,1,0,1,1.0,1341.0
124,125,74,2,1,0,0.0,997.0
124,125,75,3,1,1,1.0,1536.0
124,125,76,3,0,0,0.0,607.0
124,125,77,1,0,1,1.0,1440.0
124,125,78,0,1,0,1.0,1276.0
124,125,79,2,0,1,1.0,1486.0
124,125,80,1,0,1,1.0,1474.0
124,125,81,2,0,1,1.0,1434.0
124,125,82,1,0,1,1.0,998.0
124,125,83,2,0,1,1.0,964.0
124,125,84,0,1,1,1.0,1062.0
124,125,85,3,1,1,1.0,958.0
124,125,86,0,1,1,1.0,1035.0
124,125,87,3,1,1,1.0,1122.0
124,125,88,0,1,0,1.0,1517.0
124,125,89,0,1,1,1.0,1187.0
124,125,90,1,0,0,1.0,929.0
124,125,91,2,0,1,1.0,1111.0
124,125,92,3,1,0,1.0,1150.0
124,125,93,3,1,1,1.0,1411.0
124,125,94,1,1,0,0.0,2560.0
124,125,95,2,0,1,1.0,2100.0
124,125,96,2,0,1,1.0,945.0
124,125,97,0,1,1,1.0,1173.0
124,125,98,0,1,0,1.0,978.0
124,125,99,3,1,1,1.0,1014.0
124,125,100,2,0,0,1.0,693.0
124,125,101,1,0,1,1.0,817.0
124,125,102,1,0,1,1.0,935.0
124,125,103,3,1,1,1.0,851.0
124,125,104,0,1,1,1.0,631.0
124,125,105,3,1,1,1.0,1226.0
124,125,106,1,0,1,1.0,756.0
124,125,107,3,1,0,1.0,1232.0
124,125,108,2,0,1,1.0,957.0
124,125,109,2,0,0,1.0,967.0
124,125,110,1,0,1,1.0,987.0
124,125,111,0,1,1,1.0,1455.0
124,125,112,2,0,1,1.0,1444.0
124,125,113,3,1,1,1.0,1110.0
124,125,114,1,0,1,1.0,1220.0
124,125,115,1,0,1,1.0,914.0
124,125,116,2,0,1,1.0,1046.0
124,125,117,0,1,1,1.0,943.0
124,125,118,3,1,1,1.0,1014.0
124,125,119,0,1,1,1.0,1154.0
125,126,0,2,0,0,0.0,2517.0
125,126,1,0,1,0,0.0,1533.0
125,126,2,1,0,0,1.0,1693.0
125,126,3,0,0,1,1.0,2861.0
125,126,4,3,1,1,1.0,1684.0
125,126,5,2,0,0,0.0,1490.0
125,126,6,3,1,1,1.0,2821.0
125,126,7,1,1,0,0.0,1789.0
125,126,8,0,0,1,1.0,2320.0
125,126,9,1,1,0,0.0,2063.0
125,126,10,3,0,0,0.0,1720.0
125,126,11,0,0,1,1.0,2534.0
125,126,12,1,1,0,0.0,1440.0
125,126,13,3,0,0,0.0,1786.0
125,126,14,2,1,1,1.0,1468.0
125,126,15,2,1,0,1.0,2117.0
125,126,16,0,0,1,1.0,2101.0
125,126,17,0,0,1,1.0,1244.0
125,126,18,1,1,1,0.0,1482.0
125,126,19,3,1,1,1.0,1936.0
125,126,20,2,1,1,1.0,2995.0
125,126,21,2,1,1,1.0,1143.0
125,126,22,1,0,1,1.0,1748.0
125,126,23,3,0,0,0.0,2529.0
125,126,24,3,1,0,1.0,1650.0
125,126,25,0,0,1,1.0,1227.0
125,126,26,1,1,1,0.0,2663.0
125,126,27,2,1,1,1.0,2517.0
125,126,28,1,0,1,1.0,1151.0
125,126,29,2,1,1,1.0,1854.0
125,126,30,3,1,1,1.0,5460.0
125,126,31,0,0,0,1.0,2400.0
125,126,32,0,0,1,1.0,2122.0
125,126,33,3,1,1,1.0,1592.0
125,126,34,1,1,0,0.0,1758.0
125,126,35,3,1,0,1.0,1722.0
125,126,36,2,1,0,1.0,1233.0
125,126,37,2,1,1,1.0,2305.0
125,126,38,0,0,1,1.0,1458.0
125,126,39,1,0,1,1.0,2095.0
125,126,40,3,0,1,0.0,1978.0
125,126,41,1,0,1,1.0,2112.0
125,126,42,1,0,1,1.0,1640.0
125,126,43,0,0,1,1.0,1194.0
125,126,44,2,1,1,1.0,1236.0
125,126,45,0,0,1,1.0,1660.0
125,126,46,3,1,1,1.0,2110.0
125,126,47,2,1,1,1.0,2608.0
125,126,48,1,0,0,1.0,2231.0
125,126,49,2,0,0,0.0,2792.0
125,126,50,3,1,1,1.0,2080.0
125,126,51,1,0,1,1.0,1171.0
125,126,52,0,0,1,1.0,2261.0
125,126,53,0,0,0,1.0,2889.0
125,126,54,3,0,0,0.0,1905.0
125,126,55,2,0,1,0.0,2315.0
125,126,56,3,1,1,1.0,2636.0
125,126,57,0,0,1,1.0,1368.0
125,126,58,1,1,0,0.0,1894.0
125,126,59,2,0,0,0.0,960.0
125,126,60,2,0,1,0.0,1782.0
125,126,61,3,1,1,1.0,2145.0
125,126,62,0,0,1,1.0,959.0
125,126,63,1,0,1,1.0,1660.0
125,126,64,2,1,0,1.0,1248.0
125,126,65,1,0,1,1.0,850.0
125,126,66,0,0,1,1.0,1497.0
125,126,67,0,0,0,1.0,766.0
125,126,68,3,1,1,1.0,2308.0
125,126,69,2,1,1,1.0,1262.0
125,126,70,1,0,1,1.0,2100.0
125,126,71,3,1,0,1.0,1824.0
125,126,72,2,1,1,1.0,1337.0
125,126,73,0,0,1,1.0,1187.0
125,126,74,3,1,1,1.0,2126.0
125,126,75,1,0,1,1.0,1078.0
125,126,76,1,0,0,1.0,966.0
125,126,77,2,1,1,1.0,1020.0
125,126,78,3,1,0,1.0,1389.0
125,126,79,0,0,1,1.0,1148.0
125,126,80,2,1,1,1.0,1306.0
125,126,81,0,0,1,1.0,1098.0
125,126,82,2,1,1,1.0,1994.0
125,126,83,0,0,0,1.0,1170.0
125,126,84,3,1,1,1.0,1203.0
125,126,85,1,0,1,1.0,1099.0
125,126,86,3,1,1,1.0,1346.0
125,126,87,1,0,1,1.0,1200.0
125,126,88,3,1,1,1.0,1309.0
125,126,89,1,0,1,1.0,1795.0
125,126,90,0,0,1,1.0,1878.0
125,126,91,0,0,1,1.0,1473.0
125,126,92,2,1,0,1.0,975.0
125,126,93,1,0,1,1.0,1062.0
125,126,94,2,1,1,1.0,1930.0
125,126,95,3,1,1,1.0,1680.0
125,126,96,3,0,0,0.0,1461.0
125,126,97,3,1,0,1.0,1092.0
125,126,98,0,0,1,1.0,876.0
125,126,99,1,0,0,1.0,1437.0
125,126,100,0,0,1,1.0,1320.0
125,126,101,2,1,1,1.0,1412.0
125,126,102,1,0,1,1.0,1073.0
125,126,103,2,1,1,1.0,1291.0
125,126,104,3,0,0,0.0,1886.0
125,126,105,0,0,1,1.0,1072.0
125,126,106,1,0,0,1.0,1227.0
125,126,107,2,1,1,1.0,1483.0
125,126,108,0,0,0,1.0,1349.0
125,126,109,2,1,1,1.0,1500.0
125,126,110,3,0,1,0.0,1733.0
125,126,111,1,0,1,1.0,1530.0
125,126,112,3,0,0,0.0,1659.0
125,126,113,0,0,1,1.0,1271.0
125,126,114,2,1,0,1.0,1161.0
125,126,115,0,0,1,1.0,1362.0
125,126,116,2,1,1,1.0,1200.0
125,126,117,1,0,1,1.0,1117.0
125,126,118,1,0,1,1.0,1630.0
125,126,119,3,0,0,0.0,2436.0
126,127,0,3,1,1,1.0,3540.0
126,127,1,1,0,1,0.0,577.0
126,127,2,0,1,0,0.0,767.0
126,127,3,0,0,0,1.0,1118.0
126,127,4,2,1,0,0.0,989.0
126,127,5,1,0,0,0.0,838.0
126,127,6,2,1,0,0.0,1028.0
126,127,7,3,1,1,1.0,1037.0
126,127,8,0,0,1,1.0,1157.0
126,127,9,3,1,0,1.0,935.0
126,127,10,3,0,1,0.0,1992.0
126,127,11,0,1,0,0.0,3065.0
126,127,12,1,0,0,0.0,1110.0
126,127,13,1,1,0,1.0,840.0
126,127,14,2,0,0,1.0,1204.0
126,127,15,2,1,1,0.0,641.0
126,127,16,0,1,1,0.0,950.0
126,127,17,1,0,0,0.0,1232.0
126,127,18,2,1,0,0.0,923.0
126,127,19,3,1,1,1.0,992.0
126,127,20,0,1,0,0.0,1073.0
126,127,21,3,1,1,1.0,1876.0
126,127,22,2,0,1,1.0,1748.0
126,127,23,1,0,0,0.0,1009.0
126,127,24,3,1,1,1.0,862.0
126,127,25,1,0,1,0.0,1348.0
126,127,26,3,1,0,1.0,700.0
126,127,27,2,0,1,1.0,1469.0
126,127,28,0,0,1,1.0,681.0
126,127,29,0,0,1,1.0,611.0
126,127,30,1,0,0,0.0,1121.0
126,127,31,2,1,0,0.0,1376.0
126,127,32,3,1,1,1.0,1196.0
126,127,33,2,0,1,1.0,1375.0
126,127,34,0,0,1,1.0,429.0
126,127,35,3,1,1,1.0,691.0
126,127,36,1,0,0,0.0,729.0
126,127,37,1,1,1,1.0,591.0
126,127,38,0,0,0,1.0,683.0
126,127,39,2,0,1,1.0,1320.0
126,127,40,1,1,1,1.0,555.0
126,127,41,0,0,1,1.0,687.0
126,127,42,1,1,1,1.0,838.0
126,127,43,3,1,1,1.0,1119.0
126,127,44,0,0,1,1.0,1025.0
126,127,45,2,1,0,0.0,959.0
126,127,46,2,0,1,1.0,599.0
126,127,47,3,1,1,1.0,738.0
126,127,48,1,1,1,1.0,448.0
126,127,49,0,0,1,1.0,382.0
126,127,50,2,1,1,0.0,902.0
126,127,51,1,1,1,1.0,833.0
126,127,52,0,0,1,1.0,517.0
126,127,53,3,1,1,1.0,596.0
126,127,54,2,1,0,0.0,842.0
126,127,55,3,1,0,1.0,635.0
126,127,56,3,1,1,1.0,707.0
126,127,57,0,0,0,1.0,594.0
126,127,58,1,1,1,1.0,1308.0
126,127,59,0,0,1,1.0,1199.0
126,127,60,2,0,0,1.0,536.0
126,127,61,2,1,0,0.0,678.0
126,127,62,3,1,1,1.0,836.0
126,127,63,1,1,1,1.0,904.0
126,127,64,3,1,1,1.0,1234.0
126,127,65,0,0,1,1.0,388.0
126,127,66,1,1,0,1.0,676.0
126,127,67,1,1,1,1.0,974.0
126,127,68,3,1,0,1.0,681.0
126,127,69,2,0,1,1.0,912.0
126,127,70,2,0,1,1.0,614.0
126,127,71,0,0,1,1.0,528.0
126,127,72,3,1,1,1.0,744.0
126,127,73,2,0,1,1.0,1311.0
126,127,74,0,0,0,1.0,630.0
126,127,75,1,1,1,1.0,669.0
126,127,76,1,1,0,1.0,523.0
126,127,77,3,1,1,1.0,811.0
126,127,78,0,0,1,1.0,641.0
126,127,79,2,0,1,1.0,692.0
126,127,80,0,0,1,1.0,678.0
126,127,81,0,0,1,1.0,752.0
126,127,82,2,0,1,1.0,873.0
126,127,83,1,1,1,1.0,571.0
126,127,84,1,1,1,1.0,469.0
126,127,85,2,0,1,1.0,777.0
126,127,86,3,1,1,1.0,643.0
126,127,87,3,1,1,1.0,571.0
126,127,88,3,1,1,1.0,545.0
126,127,89,1,1,1,1.0,949.0
126,127,90,0,0,1,1.0,533.0
126,127,91,0,0,1,1.0,462.0
126,127,92,2,0,0,1.0,873.0
126,127,93,2,0,1,1.0,391.0
126,127,94,3,1,1,1.0,1692.0
126,127,95,1,1,1,1.0,634.0
126,127,96,0,0,1,1.0,632.0
126,127,97,2,0,1,1.0,620.0
126,127,98,1,1,1,1.0,627.0
126,127,99,1,1,1,1.0,624.0
126,127,100,2,0,0,1.0,703.0
126,127,101,3,1,0,1.0,824.0
126,127,102,3,1,1,1.0,588.0
126,127,103,0,0,0,1.0,775.0
126,127,104,2,0,1,1.0,823.0
126,127,105,3,1,0,1.0,774.0
126,127,106,1,1,0,1.0,430.0
126,127,107,3,1,1,1.0,699.0
126,127,108,2,0,1,1.0,887.0
126,127,109,0,0,1,1.0,682.0
126,127,110,0,0,1,1.0,772.0
126,127,111,1,1,1,1.0,795.0
126,127,112,2,1,0,0.0,1104.0
126,127,113,3,1,1,1.0,623.0
126,127,114,1,1,1,1.0,797.0
126,127,115,0,0,1,1.0,583.0
126,127,116,3,1,1,1.0,928.0
126,127,117,1,1,1,1.0,706.0
126,127,118,2,0,1,1.0,720.0
126,127,119,0,0,1,1.0,910.0
127,128,0,0,0,1,1.0,2681.0
127,128,1,1,1,0,1.0,1139.0
127,128,2,3,0,1,1.0,1641.0
127,128,3,2,1,1,1.0,1014.0
127,128,4,3,0,1,1.0,1566.0
127,128,5,0,1,0,0.0,649.0
127,128,6,2,0,0,0.0,598.0
127,128,7,1,1,1,1.0,518.0
127,128,8,1,0,1,0.0,592.0
127,128,9,2,1,1,1.0,1433.0
127,128,10,3,1,0,0.0,431.0
127,128,11,3,0,0,1.0,538.0
127,128,12,0,1,0,0.0,440.0
127,128,13,0,0,1,1.0,503.0
127,128,14,2,0,0,0.0,1635.0
127,128,15,1,0,0,0.0,301.0
127,128,16,2,0,0,0.0,339.0
127,128,17,3,0,1,1.0,346.0
127,128,18,0,1,1,0.0,427.0
127,128,19,1,0,0,0.0,1040.0
127,128,20,0,1,0,0.0,456.0
127,128,21,3,0,1,1.0,344.0
127,128,22,1,0,0,0.0,295.0
127,128,23,2,1,1,1.0,385.0
127,128,24,3,0,1,1.0,416.0
127,128,25,1,1,1,1.0,515.0
127,128,26,2,0,1,0.0,509.0
127,128,27,0,1,0,0.0,413.0
127,128,28,1,1,1,1.0,300.0
127,128,29,0,0,1,1.0,394.0
127,128,30,3,1,0,0.0,350.0
127,128,31,2,1,1,1.0,352.0
127,128,32,2,0,0,0.0,2125.0
127,128,33,3,1,0,0.0,329.0
127,128,34,3,0,1,1.0,705.0
127,128,35,1,1,1,1.0,456.0
127,128,36,2,1,1,1.0,707.0
127,128,37,0,0,1,1.0,315.0
127,128,38,1,1,1,1.0,314.0
127,128,39,0,0,1,1.0,303.0
127,128,40,1,1,1,1.0,890.0
127,128,41,3,1,1,0.0,704.0
127,128,42,1,1,1,1.0,1911.0
127,128,43,3,1,0,0.0,957.0
127,128,44,2,0,1,0.0,906.0
127,128,45,0,1,0,0.0,318.0
127,128,46,0,0,1,1.0,387.0
127,128,47,2,1,1,1.0,345.0
127,128,48,3,0,0,1.0,380.0
127,128,49,0,1,0,0.0,298.0
127,128,50,3,1,0,0.0,467.0
127,128,51,2,1,0,1.0,4073.0
127,128,52,1,0,0,0.0,1125.0
127,128,53,1,1,0,1.0,1185.0
127,128,54,2,0,0,0.0,1399.0
127,128,55,0,1,1,0.0,532.0
127,128,56,1,1,1,1.0,910.0
127,128,57,2,0,0,0.0,610.0
127,128,58,1,1,1,1.0,793.0
127,128,59,0,1,0,0.0,424.0
127,128,60,2,1,1,1.0,1549.0
127,128,61,0,1,0,0.0,866.0
127,128,62,3,0,1,1.0,718.0
127,128,63,3,1,0,0.0,5817.0
127,128,64,3,0,1,1.0,546.0
127,128,65,2,1,1,1.0,489.0
127,128,66,1,1,1,1.0,951.0
127,128,67,0,0,0,1.0,482.0
127,128,68,1,1,1,1.0,1030.0
127,128,69,2,1,0,1.0,741.0
127,128,70,3,0,0,1.0,412.0
127,128,71,0,1,1,0.0,560.0
127,128,72,0,1,0,0.0,909.0
127,128,73,3,0,1,1.0,1246.0
127,128,74,3,0,1,1.0,1844.0
127,128,75,2,1,1,1.0,1617.0
127,128,76,1,0,1,0.0,523.0
127,128,77,1,0,0,0.0,988.0
127,128,78,0,1,0,0.0,356.0
127,128,79,2,0,0,0.0,662.0
127,128,80,3,1,0,0.0,633.0
127,128,81,1,0,0,0.0,694.0
127,128,82,2,0,0,0.0,1072.0
127,128,83,1,1,0,1.0,476.0
127,128,84,2,1,1,1.0,522.0
127,128,85,0,1,0,0.0,532.0
127,128,86,3,1,1,0.0,591.0
127,128,87,0,1,0,0.0,830.0
127,128,88,3,0,1,1.0,621.0
127,128,89,0,1,0,0.0,703.0
127,128,90,1,1,1,1.0,673.0
127,128,91,3,1,0,0.0,1309.0
127,128,92,2,0,0,0.0,991.0
127,128,93,2,1,1,1.0,1124.0
127,128,94,1,1,0,1.0,2336.0
127,128,95,0,0,1,1.0,440.0
127,128,96,0,0,1,1.0,611.0
127,128,97,1,1,1,1.0,795.0
127,128,98,3,0,1,1.0,975.0
127,128,99,1,0,0,0.0,1225.0
127,128,100,0,1,0,0.0,254.0
127,128,101,2,0,1,0.0,427.0
127,128,102,2,1,1,1.0,340.0
127,128,103,3,0,1,1.0,528.0
127,128,104,0,0,1,1.0,537.0
127,128,105,3,0,0,1.0,788.0
127,128,106,2,1,0,1.0,390.0
127,128,107,1,0,1,0.0,533.0
127,128,108,1,0,0,0.0,579.0
127,128,109,3,1,0,0.0,373.0
127,128,110,2,0,0,0.0,424.0
127,128,111,0,1,1,0.0,488.0
127,128,112,3,0,1,1.0,480.0
127,128,113,0,1,0,0.0,435.0
127,128,114,1,0,0,0.0,16.0
127,128,115,3,1,0,0.0,380.0
127,128,116,2,1,1,1.0,291.0
127,128,117,0,0,1,1.0,506.0
127,128,118,2,1,1,1.0,600.0
127,128,119,1,0,0,0.0,418.0
128,129,0,1,1,0,0.0,3706.0
128,129,1,2,1,0,0.0,1002.0
128,129,2,3,1,0,1.0,1062.0
128,129,3,3,1,1,1.0,753.0
128,129,4,2,1,0,0.0,962.0
128,129,5,0,1,0,1.0,1719.0
128,129,6,1,1,0,0.0,1120.0
128,129,7,0,0,0,0.0,1499.0
128,129,8,1,1,0,0.0,1964.0
128,129,9,3,0,1,0.0,2099.0
128,129,10,1,1,0,0.0,1368.0
128,129,11,2,0,1,1.0,2590.0
128,129,12,0,0,0,0.0,1151.0
128,129,13,3,0,0,0.0,1520.0
128,129,14,0,1,1,1.0,2293.0
128,129,15,2,0,1,1.0,1467.0
128,129,16,1,0,1,1.0,759.0
128,129,17,3,0,0,0.0,767.0
128,129,18,1,0,1,1.0,961.0
128,129,19,2,1,0,0.0,677.0
128,129,20,0,1,1,1.0,680.0
128,129,21,3,1,1,1.0,2013.0
128,129,22,0,1,1,1.0,800.0
128,129,23,2,0,1,1.0,979.0
128,129,24,1,0,0,1.0,626.0
128,129,25,0,1,1,1.0,754.0
128,129,26,1,0,1,1.0,1737.0
128,129,27,3,1,1,1.0,1242.0
128,129,28,0,1,1,1.0,838.0
128,129,29,3,1,1,1.0,1050.0
128,129,30,2,0,0,1.0,1358.0
128,129,31,2,0,1,1.0,825.0
128,129,32,2,0,0,1.0,2587.0
128,129,33,3,1,1,1.0,1042.0
128,129,34,0,1,1,1.0,905.0
128,129,35,3,1,1,1.0,1106.0
128,129,36,1,0,1,1.0,613.0
128,129,37,0,1,1,1.0,676.0
128,129,38,2,0,1,1.0,1049.0
128,129,39,1,0,1,1.0,1070.0
128,129,40,1,0,1,1.0,960.0
128,129,41,3,1,0,1.0,633.0
128,129,42,0,1,0,1.0,647.0
128,129,43,2,0,1,1.0,817.0
128,129,44,1,0,0,1.0,950.0
128,129,45,3,1,1,1.0,718.0
128,129,46,0,1,1,1.0,648.0
128,129,47,2,0,1,1.0,533.0
128,129,48,3,1,1,1.0,707.0
128,129,49,3,1,1,1.0,850.0
128,129,50,0,1,1,1.0,676.0
128,129,51,2,0,1,1.0,512.0
128,129,52,2,0,0,1.0,495.0
128,129,53,0,1,0,1.0,491.0
128,129,54,1,0,1,1.0,644.0
128,129,55,1,0,0,1.0,488.0
128,129,56,3,1,1,1.0,1076.0
128,129,57,2,0,1,1.0,774.0
128,129,58,0,1,1,1.0,829.0
128,129,59,3,1,0,1.0,991.0
128,129,60,1,0,1,1.0,716.0
128,129,61,2,0,1,1.0,514.0
128,129,62,0,1,1,1.0,769.0
128,129,63,1,0,1,1.0,1848.0
128,129,64,3,1,1,1.0,612.0
128,129,65,0,1,1,1.0,529.0
128,129,66,1,0,1,1.0,830.0
128,129,67,0,1,1,1.0,556.0
128,129,68,1,0,1,1.0,497.0
128,129,69,2,0,1,1.0,447.0
128,129,70,3,1,1,1.0,422.0
128,129,71,2,0,1,1.0,463.0
128,129,72,0,1,1,1.0,538.0
128,129,73,1,0,1,1.0,1039.0
128,129,74,2,0,1,1.0,674.0
128,129,75,3,1,1,1.0,531.0
128,129,76,3,1,1,1.0,855.0
128,129,77,1,0,0,1.0,1141.0
128,129,78,0,1,1,1.0,708.0
128,129,79,2,0,1,1.0,447.0
128,129,80,1,0,1,1.0,1317.0
128,129,81,2,0,1,1.0,1014.0
128,129,82,1,0,1,1.0,582.0
128,129,83,2,0,0,1.0,581.0
128,129,84,0,1,0,1.0,590.0
128,129,85,3,1,0,1.0,836.0
128,129,86,0,1,1,1.0,679.0
128,129,87,3,1,1,1.0,512.0
128,129,88,0,1,1,1.0,581.0
128,129,89,0,1,0,1.0,634.0
128,129,90,1,0,1,1.0,1068.0
128,129,91,2,0,1,1.0,582.0
128,129,92,3,1,1,1.0,948.0
128,129,93,3,1,1,1.0,543.0
128,129,94,1,0,1,1.0,1498.0
128,129,95,2,0,0,1.0,611.0
128,129,96,2,0,1,1.0,512.0
128,129,97,0,1,1,1.0,671.0
128,129,98,0,1,1,1.0,770.0
128,129,99,3,1,1,1.0,1519.0
128,129,100,2,0,1,1.0,995.0
128,129,101,1,0,0,1.0,1007.0
128,129,102,1,0,1,1.0,708.0
128,129,103,3,1,1,1.0,507.0
128,129,104,0,1,0,1.0,1183.0
128,129,105,3,1,0,1.0,782.0
128,129,106,1,0,1,1.0,593.0
128,129,107,3,1,0,1.0,1308.0
128,129,108,2,0,1,1.0,563.0
128,129,109,2,0,1,1.0,481.0
128,129,110,1,1,1,0.0,1041.0
128,129,111,0,1,1,1.0,869.0
128,129,112,2,0,1,1.0,622.0
128,129,113,3,1,1,1.0,992.0
128,129,114,1,0,1,1.0,1151.0
128,129,115,1,0,1,1.0,982.0
128,129,116,2,0,1,1.0,1567.0
128,129,117,0,1,1,1.0,1198.0
128,129,118,3,1,1,1.0,944.0
128,129,119,0,1,1,1.0,1282.0
129,130,0,2,0,0,0.0,2254.0
129,130,1,0,0,1,1.0,1850.0
129,130,2,1,0,0,1.0,752.0
129,130,3,0,0,1,1.0,729.0
129,130,4,3,0,0,0.0,1202.0
129,130,5,2,1,1,1.0,1015.0
129,130,6,3,1,1,1.0,1703.0
129,130,7,1,0,1,1.0,872.0
129,130,8,0,0,1,1.0,1543.0
129,130,9,1,0,1,1.0,828.0
129,130,10,3,1,1,1.0,997.0
129,130,11,0,0,1,1.0,791.0
129,130,12,1,0,1,1.0,953.0
129,130,13,3,1,1,1.0,915.0
129,130,14,2,1,0,1.0,1449.0
129,130,15,2,1,1,1.0,711.0
129,130,16,0,0,1,1.0,970.0
129,130,17,0,0,1,1.0,1255.0
129,130,18,1,0,1,1.0,746.0
129,130,19,3,1,0,1.0,1016.0
129,130,20,2,1,1,1.0,884.0
129,130,21,2,1,1,1.0,1009.0
129,130,22,1,0,1,1.0,812.0
129,130,23,3,1,1,1.0,657.0
129,130,24,3,1,1,1.0,1052.0
129,130,25,0,0,0,1.0,1039.0
129,130,26,1,0,0,1.0,580.0
129,130,27,2,0,0,0.0,745.0
129,130,28,1,0,1,1.0,1558.0
129,130,29,2,1,1,1.0,1628.0
129,130,30,3,1,0,1.0,565.0
129,130,31,0,0,1,1.0,917.0
129,130,32,0,1,0,0.0,2385.0
129,130,33,3,1,1,1.0,1132.0
129,130,34,1,0,1,1.0,814.0
129,130,35,3,1,1,1.0,683.0
129,130,36,2,1,0,1.0,1079.0
129,130,37,2,1,1,1.0,575.0
129,130,38,0,0,1,1.0,684.0
129,130,39,1,0,1,1.0,607.0
129,130,40,3,1,1,1.0,793.0
129,130,41,1,0,1,1.0,663.0
129,130,42,1,0,1,1.0,730.0
129,130,43,0,0,1,1.0,745.0
129,130,44,2,1,1,1.0,957.0
129,130,45,0,0,1,1.0,975.0
129,130,46,3,1,1,1.0,1261.0
129,130,47,2,1,1,1.0,1834.0
129,130,48,1,0,0,1.0,1014.0
129,130,49,2,1,0,1.0,858.0
129,130,50,3,1,1,1.0,983.0
129,130,51,1,0,1,1.0,815.0
129,130,52,0,1,0,0.0,830.0
129,130,53,0,0,1,1.0,1680.0
129,130,54,3,1,0,1.0,526.0
129,130,55,2,1,1,1.0,1008.0
129,130,56,3,1,1,1.0,1196.0
129,130,57,0,0,0,1.0,1100.0
129,130,58,1,0,1,1.0,1277.0
129,130,59,2,1,1,1.0,908.0
129,130,60,2,1,1,1.0,667.0
129,130,61,3,1,0,1.0,763.0
129,130,62,0,0,1,1.0,843.0
129,130,63,1,1,0,0.0,1972.0
129,130,64,2,1,1,1.0,649.0
129,130,65,1,0,1,1.0,834.0
129,130,66,0,0,1,1.0,693.0
129,130,67,0,0,1,1.0,623.0
129,130,68,3,1,1,1.0,867.0
129,130,69,2,1,1,1.0,621.0
129,130,70,1,0,1,1.0,1056.0
129,130,71,3,1,1,1.0,650.0
129,130,72,2,1,0,1.0,670.0
129,130,73,0,0,0,1.0,951.0
129,130,74,3,1,1,1.0,1131.0
129,130,75,1,0,0,1.0,2581.0
129,130,76,1,0,1,1.0,1420.0
129,130,77,2,1,1,1.0,626.0
129,130,78,3,1,1,1.0,821.0
129,130,79,0,0,1,1.0,732.0
129,130,80,2,1,1,1.0,1232.0
129,130,81,0,0,1,1.0,763.0
129,130,82,2,1,1,1.0,622.0
129,130,83,0,0,1,1.0,549.0
129,130,84,3,1,0,1.0,758.0
129,130,85,1,1,0,0.0,710.0
129,130,86,3,1,1,1.0,1435.0
129,130,87,1,0,0,1.0,590.0
129,130,88,3,1,1,1.0,648.0
129,130,89,1,0,1,1.0,939.0
129,130,90,0,0,0,1.0,1246.0
129,130,91,0,0,1,1.0,943.0
129,130,92,2,1,1,1.0,1059.0
129,130,93,1,0,1,1.0,911.0
129,130,94,2,1,1,1.0,1354.0
129,130,95,3,1,1,1.0,809.0
129,130,96,3,1,1,1.0,859.0
129,130,97,3,1,1,1.0,609.0
129,130,98,0,0,1,1.0,857.0
129,130,99,1,0,1,1.0,1296.0
129,130,100,0,0,1,1.0,693.0
129,130,101,2,0,0,0.0,759.0
129,130,102,1,0,1,1.0,934.0
129,130,103,2,1,0,1.0,817.0
129,130,104,3,1,0,1.0,1411.0
129,130,105,0,0,1,1.0,974.0
129,130,106,1,0,1,1.0,717.0
129,130,107,2,1,1,1.0,873.0
129,130,108,0,0,1,1.0,873.0
129,130,109,2,1,1,1.0,985.0
129,130,110,3,1,1,1.0,981.0
129,130,111,1,0,1,1.0,872.0
129,130,112,3,1,1,1.0,1044.0
129,130,113,0,0,0,1.0,1084.0
129,130,114,2,1,1,1.0,1131.0
129,130,115,0,0,1,1.0,989.0
129,130,116,2,1,1,1.0,689.0
129,130,117,1,1,0,0.0,570.0
129,130,118,1,0,1,1.0,1605.0
129,130,119,3,1,1,1.0,882.0
130,131,0,1,1,0,0.0,1955.0
130,131,1,2,0,1,1.0,896.0
130,131,2,3,0,1,0.0,1239.0
130,131,3,3,0,0,0.0,724.0
130,131,4,2,0,1,1.0,874.0
130,131,5,0,0,0,0.0,773.0
130,131,6,1,0,1,1.0,1896.0
130,131,7,0,0,0,0.0,917.0
130,131,8,1,0,1,1.0,874.0
130,131,9,3,1,0,1.0,969.0
130,131,10,1,0,0,1.0,948.0
130,131,11,2,0,1,1.0,909.0
130,131,12,0,0,0,0.0,1994.0
130,131,13,3,1,1,1.0,1814.0
130,131,14,0,0,1,0.0,1069.0
130,131,15,2,1,0,0.0,1277.0
130,131,16,1,0,1,1.0,689.0
130,131,17,3,1,1,1.0,1141.0
130,131,18,1,0,1,1.0,1053.0
130,131,19,2,1,0,0.0,904.0
130,131,20,0,0,0,0.0,791.0
130,131,21,3,1,1,1.0,1691.0
130,131,22,0,0,0,0.0,3853.0
130,131,23,2,0,0,1.0,1375.0
130,131,24,1,1,0,0.0,773.0
130,131,25,0,1,0,1.0,2168.0
130,131,26,1,0,1,1.0,1450.0
130,131,27,3,0,0,0.0,1019.0
130,131,28,0,1,1,1.0,1437.0
130,131,29,3,0,0,0.0,2220.0
130,131,30,2,1,0,0.0,502.0
130,131,31,2,0,1,1.0,8257.0
130,131,32,2,0,0,1.0,2049.0
130,131,33,3,0,0,0.0,1101.0
130,131,34,0,1,1,1.0,855.0
130,131,35,3,1,1,1.0,1533.0
130,131,36,1,0,1,1.0,1411.0
130,131,37,0,1,1,1.0,1758.0
130,131,38,2,0,1,1.0,1866.0
130,131,39,1,1,0,0.0,2423.0
130,131,40,1,0,0,1.0,883.0
130,131,41,3,1,1,1.0,1380.0
130,131,42,0,1,1,1.0,1569.0
130,131,43,2,0,1,1.0,1309.0
130,131,44,1,1,0,0.0,1260.0
130,131,45,3,1,1,1.0,1399.0
130,131,46,0,1,1,1.0,786.0
130,131,47,2,0,1,1.0,2069.0
130,131,48,3,0,1,0.0,633.0
130,131,49,3,0,0,0.0,890.0
130,131,50,0,1,1,1.0,963.0
130,131,51,2,0,1,1.0,1137.0
130,131,52,2,0,0,1.0,1570.0
130,131,53,0,1,1,1.0,1386.0
130,131,54,1,0,1,1.0,1575.0
130,131,55,1,1,1,0.0,1608.0
130,131,56,3,1,0,1.0,2069.0
130,131,57,2,0,1,1.0,1303.0
130,131,58,0,1,0,1.0,832.0
130,131,59,3,1,1,1.0,2491.0
130,131,60,1,0,0,1.0,1399.0
130,131,61,2,0,1,1.0,1137.0
130,131,62,0,1,1,1.0,1135.0
130,131,63,1,0,1,1.0,2018.0
130,131,64,3,1,1,1.0,2060.0
130,131,65,0,1,1,1.0,1268.0
130,131,66,1,1,0,0.0,1439.0
130,131,67,0,0,0,0.0,1209.0
130,131,68,1,1,0,0.0,991.0
130,131,69,2,0,1,1.0,1773.0
130,131,70,3,1,1,1.0,1235.0
130,131,71,2,0,1,1.0,1193.0
130,131,72,0,1,0,1.0,1090.0
130,131,73,1,1,0,0.0,1702.0
130,131,74,2,0,1,1.0,1177.0
130,131,75,3,0,0,0.0,1867.0
130,131,76,3,1,1,1.0,1112.0
130,131,77,1,0,1,1.0,1512.0
130,131,78,0,1,1,1.0,1008.0
130,131,79,2,1,0,0.0,1212.0
130,131,80,1,0,1,1.0,1177.0
130,131,81,2,1,0,0.0,1391.0
130,131,82,1,1,0,0.0,1103.0
130,131,83,2,1,0,0.0,1059.0
130,131,84,0,1,1,1.0,888.0
130,131,85,3,0,0,0.0,3034.0
130,131,86,0,1,1,1.0,1902.0
130,131,87,3,1,0,1.0,782.0
130,131,88,0,1,1,1.0,1231.0
130,131,89,0,1,1,1.0,712.0
130,131,90,1,0,1,1.0,2888.0
130,131,91,2,0,1,1.0,1569.0
130,131,92,3,0,0,0.0,2532.0
130,131,93,3,1,1,1.0,714.0
130,131,94,1,0,1,1.0,4300.0
130,131,95,2,0,1,1.0,1032.0
130,131,96,2,0,0,1.0,1171.0
130,131,97,0,1,1,1.0,825.0
130,131,98,0,1,0,1.0,1267.0
130,131,99,3,1,1,1.0,1599.0
130,131,100,2,0,1,1.0,1377.0
130,131,101,1,1,0,0.0,1717.0
130,131,102,1,0,0,1.0,834.0
130,131,103,3,1,1,1.0,1518.0
130,131,104,0,0,0,0.0,3292.0
130,131,105,3,1,1,1.0,2756.0
130,131,106,1,0,1,1.0,1499.0
130,131,107,3,1,0,1.0,1226.0
130,131,108,2,0,0,1.0,1694.0
130,131,109,2,1,0,0.0,905.0
130,131,110,1,0,1,1.0,838.0
130,131,111,0,1,1,1.0,1046.0
130,131,112,2,0,1,1.0,1762.0
130,131,113,3,1,1,1.0,1643.0
130,131,114,1,0,1,1.0,2601.0
130,131,115,1,1,1,0.0,2348.0
130,131,116,2,0,1,1.0,3884.0
130,131,117,0,0,1,0.0,3529.0
130,131,118,3,1,1,1.0,2518.0
130,131,119,0,0,1,0.0,3380.0
131,132,0,2,0,0,0.0,1648.0
131,132,1,0,1,0,0.0,865.0
131,132,2,1,0,0,1.0,674.0
131,132,3,0,1,0,0.0,880.0
131,132,4,3,0,0,0.0,573.0
131,132,5,2,0,0,0.0,394.0
131,132,6,3,0,0,0.0,526.0
131,132,7,1,0,1,1.0,743.0
131,132,8,0,1,1,0.0,998.0
131,132,9,1,0,1,1.0,910.0
131,132,10,3,1,1,1.0,3658.0
131,132,11,0,1,0,0.0,1730.0
131,132,12,1,0,1,1.0,552.0
131,132,13,3,0,0,0.0,1130.0
131,132,14,2,1,1,1.0,1194.0
131,132,15,2,1,0,1.0,1249.0
131,132,16,0,0,1,1.0,1115.0
131,132,17,0,1,1,0.0,3718.0
131,132,18,1,0,1,1.0,1004.0
131,132,19,3,0,1,0.0,913.0
131,132,20,2,0,0,0.0,1982.0
131,132,21,2,1,1,1.0,546.0
131,132,22,1,0,1,1.0,945.0
131,132,23,3,0,0,0.0,1247.0
131,132,24,3,1,1,1.0,521.0
131,132,25,0,1,0,0.0,3493.0
131,132,26,1,0,0,1.0,375.0
131,132,27,2,1,1,1.0,526.0
131,132,28,1,0,1,1.0,361.0
131,132,29,2,0,1,0.0,807.0
131,132,30,3,1,1,1.0,1309.0
131,132,31,0,1,0,0.0,521.0
131,132,32,0,0,1,1.0,1997.0
131,132,33,3,0,0,0.0,902.0
131,132,34,1,1,0,0.0,347.0
131,132,35,3,0,0,0.0,440.0
131,132,36,2,0,0,0.0,297.0
131,132,37,2,0,1,0.0,298.0
131,132,38,0,0,1,1.0,522.0
131,132,39,1,0,1,1.0,778.0
131,132,40,3,1,0,1.0,234.0
131,132,41,1,0,1,1.0,292.0
131,132,42,1,0,1,1.0,454.0
131,132,43,0,1,0,0.0,612.0
131,132,44,2,0,0,0.0,690.0
131,132,45,0,0,1,1.0,896.0
131,132,46,3,1,1,1.0,1293.0
131,132,47,2,0,0,0.0,622.0
131,132,48,1,0,1,1.0,752.0
131,132,49,2,1,1,1.0,1606.0
131,132,50,3,0,1,0.0,1347.0
131,132,51,1,0,0,1.0,523.0
131,132,52,0,1,0,0.0,1173.0
131,132,53,0,0,1,1.0,651.0
131,132,54,3,0,0,0.0,2160.0
131,132,55,2,1,1,1.0,1846.0
131,132,56,3,0,0,0.0,1146.0
131,132,57,0,1,0,0.0,2069.0
131,132,58,1,0,1,1.0,631.0
131,132,59,2,1,0,1.0,1091.0
131,132,60,2,0,0,0.0,887.0
131,132,61,3,0,1,0.0,1138.0
131,132,62,0,0,1,1.0,1487.0
131,132,63,1,0,1,1.0,3220.0
131,132,64,2,1,1,1.0,973.0
131,132,65,1,0,1,1.0,829.0
131,132,66,0,0,0,1.0,1358.0
131,132,67,0,0,1,1.0,525.0
131,132,68,3,0,0,0.0,958.0
131,132,69,2,1,1,1.0,932.0
131,132,70,1,0,1,1.0,645.0
131,132,71,3,0,0,0.0,1286.0
131,132,72,2,1,1,1.0,842.0
131,132,73,0,0,1,1.0,1329.0
131,132,74,3,1,1,1.0,448.0
131,132,75,1,0,0,1.0,803.0
131,132,76,1,0,1,1.0,874.0
131,132,77,2,1,0,1.0,1175.0
131,132,78,3,1,0,1.0,1055.0
131,132,79,0,0,1,1.0,1333.0
131,132,80,2,1,1,1.0,969.0
131,132,81,0,0,1,1.0,1012.0
131,132,82,2,1,1,1.0,840.0
131,132,83,0,1,0,0.0,1045.0
131,132,84,3,1,1,1.0,4270.0
131,132,85,1,0,0,1.0,595.0
131,132,86,3,1,1,1.0,1171.0
131,132,87,1,0,1,1.0,550.0
131,132,88,3,1,1,1.0,810.0
131,132,89,1,0,1,1.0,750.0
131,132,90,0,0,1,1.0,940.0
131,132,91,0,0,0,1.0,755.0
131,132,92,2,0,0,0.0,973.0
131,132,93,1,0,1,1.0,1610.0
131,132,94,2,0,0,0.0,1214.0
131,132,95,3,1,1,1.0,678.0
131,132,96,3,1,1,1.0,898.0
131,132,97,3,1,0,1.0,573.0
131,132,98,0,0,1,1.0,795.0
131,132,99,1,1,0,0.0,510.0
131,132,100,0,0,1,1.0,1285.0
131,132,101,2,0,0,0.0,635.0
131,132,102,1,0,1,1.0,535.0
131,132,103,2,1,1,1.0,930.0
131,132,104,3,1,1,1.0,2990.0
131,132,105,0,0,1,1.0,680.0
131,132,106,1,0,1,1.0,756.0
131,132,107,2,1,1,1.0,1124.0
131,132,108,0,0,0,1.0,1185.0
131,132,109,2,0,0,0.0,654.0
131,132,110,3,1,0,1.0,967.0
131,132,111,1,0,1,1.0,760.0
131,132,112,3,1,1,1.0,853.0
131,132,113,0,0,1,1.0,1213.0
131,132,114,2,1,1,1.0,814.0
131,132,115,0,0,1,1.0,1533.0
131,132,116,2,1,0,1.0,1283.0
131,132,117,1,1,0,0.0,487.0
131,132,118,1,0,1,1.0,523.0
131,132,119,3,1,1,1.0,1490.0
132,133,0,3,1,1,1.0,2043.0
132,133,1,1,0,1,0.0,1251.0
132,133,2,0,1,0,0.0,1084.0
132,133,3,0,0,0,1.0,830.0
132,133,4,2,0,0,1.0,1073.0
132,133,5,1,0,0,0.0,1268.0
132,133,6,2,0,1,1.0,1561.0
132,133,7,3,1,1,1.0,664.0
132,133,8,0,1,0,0.0,1497.0
132,133,9,3,1,0,1.0,1196.0
132,133,10,3,1,1,1.0,851.0
132,133,11,0,0,1,1.0,2166.0
132,133,12,1,0,0,0.0,2590.0
132,133,13,1,1,0,1.0,976.0
132,133,14,2,0,1,1.0,1070.0
132,133,15,2,1,0,0.0,1796.0
132,133,16,0,1,1,0.0,1976.0
132,133,17,1,1,1,1.0,1415.0
132,133,18,2,0,1,1.0,1099.0
132,133,19,3,1,1,1.0,773.0
132,133,20,0,0,1,1.0,847.0
132,133,21,3,1,1,1.0,1055.0
132,133,22,2,0,1,1.0,1137.0
132,133,23,1,1,1,1.0,625.0
132,133,24,3,1,0,1.0,1145.0
132,133,25,1,0,0,0.0,1308.0
132,133,26,3,1,1,1.0,1234.0
132,133,27,2,0,1,1.0,1433.0
132,133,28,0,0,1,1.0,605.0
132,133,29,0,0,1,1.0,894.0
132,133,30,1,1,1,1.0,1694.0
132,133,31,2,0,0,1.0,768.0
132,133,32,3,1,1,1.0,1484.0
132,133,33,2,0,1,1.0,1407.0
132,133,34,0,0,0,1.0,2249.0
132,133,35,3,1,1,1.0,1111.0
132,133,36,1,1,1,1.0,554.0
132,133,37,1,1,1,1.0,912.0
132,133,38,0,0,1,1.0,1066.0
132,133,39,2,0,1,1.0,732.0
132,133,40,1,1,1,1.0,1015.0
132,133,41,0,0,1,1.0,1005.0
132,133,42,1,1,1,1.0,951.0
132,133,43,3,1,1,1.0,824.0
132,133,44,0,0,1,1.0,975.0
132,133,45,2,0,1,1.0,1218.0
132,133,46,2,0,1,1.0,726.0
132,133,47,3,1,1,1.0,801.0
132,133,48,1,1,0,1.0,683.0
132,133,49,0,0,1,1.0,771.0
132,133,50,2,0,1,1.0,957.0
132,133,51,1,1,1,1.0,775.0
132,133,52,0,0,0,1.0,703.0
132,133,53,3,1,0,1.0,741.0
132,133,54,2,0,1,1.0,953.0
132,133,55,3,1,1,1.0,662.0
132,133,56,3,1,1,1.0,881.0
132,133,57,0,0,1,1.0,741.0
132,133,58,1,1,1,1.0,909.0
132,133,59,0,0,1,1.0,680.0
132,133,60,2,0,0,1.0,932.0
132,133,61,2,1,0,0.0,913.0
132,133,62,3,1,1,1.0,750.0
132,133,63,1,1,0,1.0,1245.0
132,133,64,3,1,0,1.0,593.0
132,133,65,0,0,1,1.0,683.0
132,133,66,1,1,1,1.0,691.0
132,133,67,1,1,1,1.0,661.0
132,133,68,3,1,1,1.0,506.0
132,133,69,2,0,1,1.0,871.0
132,133,70,2,0,1,1.0,886.0
132,133,71,0,0,0,1.0,688.0
132,133,72,3,1,1,1.0,563.0
132,133,73,2,0,0,1.0,945.0
132,133,74,0,0,1,1.0,649.0
132,133,75,1,1,1,1.0,742.0
132,133,76,1,1,1,1.0,550.0
132,133,77,3,1,1,1.0,756.0
132,133,78,0,0,1,1.0,808.0
132,133,79,2,0,1,1.0,1067.0
132,133,80,0,1,0,0.0,523.0
132,133,81,0,0,1,1.0,531.0
132,133,82,2,0,1,1.0,695.0
132,133,83,1,1,1,1.0,901.0
132,133,84,1,1,1,1.0,574.0
132,133,85,2,0,1,1.0,864.0
132,133,86,3,1,1,1.0,795.0
132,133,87,3,1,1,1.0,502.0
132,133,88,3,1,1,1.0,508.0
132,133,89,1,1,0,1.0,653.0
132,133,90,0,0,1,1.0,832.0
132,133,91,0,0,1,1.0,772.0
132,133,92,2,0,1,1.0,724.0
132,133,93,2,0,1,1.0,743.0
132,133,94,3,1,0,1.0,1090.0
132,133,95,1,1,1,1.0,1104.0
132,133,96,0,0,1,1.0,655.0
132,133,97,2,0,0,1.0,797.0
132,133,98,1,1,1,1.0,829.0
132,133,99,1,1,1,1.0,585.0
132,133,100,2,0,1,1.0,747.0
132,133,101,3,1,1,1.0,1079.0
132,133,102,3,1,0,1.0,526.0
132,133,103,0,0,0,1.0,675.0
132,133,104,2,0,0,1.0,795.0
132,133,105,3,1,1,1.0,652.0
132,133,106,1,1,1,1.0,641.0
132,133,107,3,1,1,1.0,547.0
132,133,108,2,0,1,1.0,593.0
132,133,109,0,0,1,1.0,631.0
132,133,110,0,0,1,1.0,550.0
132,133,111,1,0,0,0.0,925.0
132,133,112,2,0,1,1.0,769.0
132,133,113,3,1,1,1.0,841.0
132,133,114,1,1,0,1.0,688.0
132,133,115,0,0,1,1.0,771.0
132,133,116,3,1,1,1.0,759.0
132,133,117,1,1,1,1.0,754.0
132,133,118,2,0,1,1.0,778.0
132,133,119,0,0,1,1.0,850.0
133,134,0,0,1,0,0.0,1580.0
133,134,1,1,1,0,1.0,1247.0
133,134,2,3,1,0,0.0,954.0
133,134,3,2,1,1,1.0,1051.0
133,134,4,3,0,1,1.0,1111.0
133,134,5,0,0,1,1.0,624.0
133,134,6,2,1,1,1.0,825.0
133,134,7,1,0,1,0.0,920.0
133,134,8,1,0,0,0.0,724.0
133,134,9,2,1,1,1.0,731.0
133,134,10,3,0,1,1.0,724.0
133,134,11,3,1,0,0.0,1095.0
133,134,12,0,0,1,1.0,871.0
133,134,13,0,0,1,1.0,1267.0
133,134,14,2,1,1,1.0,872.0
133,134,15,1,0,0,0.0,769.0
133,134,16,2,1,1,1.0,1246.0
133,134,17,3,0,0,1.0,664.0
133,134,18,0,0,1,1.0,719.0
133,134,19,1,0,0,0.0,936.0
133,134,20,0,0,1,1.0,877.0
133,134,21,3,0,1,1.0,705.0
133,134,22,1,1,1,1.0,485.0
133,134,23,2,0,0,0.0,797.0
133,134,24,3,0,1,1.0,606.0
133,134,25,1,1,1,1.0,747.0
133,134,26,2,1,1,1.0,702.0
133,134,27,0,0,1,1.0,762.0
133,134,28,1,1,1,1.0,992.0
133,134,29,0,0,0,1.0,947.0
133,134,30,3,0,1,1.0,552.0
133,134,31,2,1,0,1.0,697.0
133,134,32,2,1,1,1.0,2116.0
133,134,33,3,0,1,1.0,761.0
133,134,34,3,0,0,1.0,755.0
133,134,35,1,1,1,1.0,814.0
133,134,36,2,1,1,1.0,1045.0
133,134,37,0,0,1,1.0,659.0
133,134,38,1,1,1,1.0,718.0
133,134,39,0,0,1,1.0,1395.0
133,134,40,1,1,1,1.0,1390.0
133,134,41,3,0,1,1.0,1234.0
133,134,42,1,1,1,1.0,783.0
133,134,43,3,0,1,1.0,849.0
133,134,44,2,1,0,1.0,711.0
133,134,45,0,0,1,1.0,897.0
133,134,46,0,0,1,1.0,945.0
133,134,47,2,1,1,1.0,1277.0
133,134,48,3,0,0,1.0,812.0
133,134,49,0,0,0,1.0,654.0
133,134,50,3,0,1,1.0,996.0
133,134,51,2,1,1,1.0,707.0
133,134,52,1,1,0,1.0,1432.0
133,134,53,1,0,0,0.0,730.0
133,134,54,2,1,1,1.0,708.0
133,134,55,0,0,1,1.0,1361.0
133,134,56,1,1,1,1.0,889.0
133,134,57,2,1,1,1.0,763.0
133,134,58,1,1,1,1.0,796.0
133,134,59,0,0,1,1.0,917.0
133,134,60,2,1,0,1.0,726.0
133,134,61,0,0,1,1.0,658.0
133,134,62,3,0,1,1.0,1125.0
133,134,63,3,0,1,1.0,897.0
133,134,64,3,0,1,1.0,677.0
133,134,65,2,1,1,1.0,565.0
133,134,66,1,1,1,1.0,837.0
133,134,67,0,0,1,1.0,736.0
133,134,68,1,1,1,1.0,1170.0
133,134,69,2,1,1,1.0,1077.0
133,134,70,3,0,1,1.0,1084.0
133,134,71,0,0,0,1.0,829.0
133,134,72,0,0,1,1.0,1113.0
133,134,73,3,0,0,1.0,1137.0
133,134,74,3,0,1,1.0,715.0
133,134,75,2,1,1,1.0,881.0
133,134,76,1,1,0,1.0,1558.0
133,134,77,1,1,1,1.0,636.0
133,134,78,0,0,1,1.0,615.0
133,134,79,2,1,1,1.0,698.0
133,134,80,3,0,1,1.0,797.0
133,134,81,1,1,0,1.0,846.0
133,134,82,2,1,1,1.0,852.0
133,134,83,1,1,1,1.0,1006.0
133,134,84,2,1,0,1.0,625.0
133,134,85,0,0,1,1.0,845.0
133,134,86,3,0,1,1.0,1101.0
133,134,87,0,0,1,1.0,799.0
133,134,88,3,0,1,1.0,1204.0
133,134,89,0,0,1,1.0,886.0
133,134,90,1,0,1,0.0,1027.0
133,134,91,3,0,1,1.0,763.0
133,134,92,2,1,1,1.0,1009.0
133,134,93,2,0,0,0.0,751.0
133,134,94,1,1,1,1.0,782.0
133,134,95,0,0,1,1.0,760.0
133,134,96,0,0,0,1.0,526.0
133,134,97,1,1,1,1.0,957.0
133,134,98,3,0,1,1.0,805.0
133,134,99,1,1,1,1.0,1543.0
133,134,100,0,0,0,1.0,719.0
133,134,101,2,1,1,1.0,731.0
133,134,102,2,1,1,1.0,524.0
133,134,103,3,0,0,1.0,641.0
133,134,104,0,1,0,0.0,860.0
133,134,105,3,0,1,1.0,809.0
133,134,106,2,1,1,1.0,827.0
133,134,107,1,1,1,1.0,662.0
133,134,108,1,1,1,1.0,891.0
133,134,109,3,0,0,1.0,914.0
133,134,110,2,1,1,1.0,1004.0
133,134,111,0,0,1,1.0,1518.0
133,134,112,3,0,1,1.0,812.0
133,134,113,0,0,1,1.0,526.0
133,134,114,1,1,0,1.0,738.0
133,134,115,3,0,1,1.0,651.0
133,134,116,2,1,0,1.0,734.0
133,134,117,0,0,1,1.0,1008.0
133,134,118,2,1,1,1.0,727.0
133,134,119,1,1,1,1.0,886.0
134,135,0,2,0,0,0.0,3369.0
134,135,1,0,1,0,0.0,1157.0
134,135,2,1,1,0,0.0,1308.0
134,135,3,0,1,0,0.0,1343.0
134,135,4,3,0,0,0.0,2031.0
134,135,5,2,1,1,1.0,1525.0
134,135,6,3,0,0,0.0,1610.0
134,135,7,1,0,0,1.0,966.0
134,135,8,0,0,1,1.0,1895.0
134,135,9,1,1,0,0.0,1544.0
134,135,10,3,0,0,0.0,1460.0
134,135,11,0,0,1,1.0,1304.0
134,135,12,1,0,1,1.0,1568.0
134,135,13,3,1,1,1.0,1410.0
134,135,14,2,1,0,1.0,1905.0
134,135,15,2,0,0,0.0,1623.0
134,135,16,0,0,1,1.0,1449.0
134,135,17,0,0,1,1.0,743.0
134,135,18,1,0,1,1.0,737.0
134,135,19,3,1,1,1.0,1118.0
134,135,20,2,1,1,1.0,1143.0
134,135,21,2,1,1,1.0,680.0
134,135,22,1,0,1,1.0,600.0
134,135,23,3,1,1,1.0,700.0
134,135,24,3,1,0,1.0,523.0
134,135,25,0,0,1,1.0,704.0
134,135,26,1,0,1,1.0,548.0
134,135,27,2,1,1,1.0,715.0
134,135,28,1,0,1,1.0,735.0
134,135,29,2,1,1,1.0,883.0
134,135,30,3,1,1,1.0,701.0
134,135,31,0,0,1,1.0,645.0
134,135,32,0,0,0,1.0,2129.0
134,135,33,3,1,1,1.0,855.0
134,135,34,1,0,0,1.0,958.0
134,135,35,3,1,0,1.0,927.0
134,135,36,2,1,0,1.0,1377.0
134,135,37,2,1,1,1.0,1760.0
134,135,38,0,0,1,1.0,959.0
134,135,39,1,0,1,1.0,913.0
134,135,40,3,0,1,0.0,1774.0
134,135,41,1,1,0,0.0,1155.0
134,135,42,1,0,1,1.0,833.0
134,135,43,0,0,1,1.0,1063.0
134,135,44,2,1,1,1.0,674.0
134,135,45,0,0,1,1.0,811.0
134,135,46,3,1,1,1.0,1013.0
134,135,47,2,1,1,1.0,844.0
134,135,48,1,0,1,1.0,831.0
134,135,49,2,1,0,1.0,741.0
134,135,50,3,1,1,1.0,1311.0
134,135,51,1,0,1,1.0,626.0
134,135,52,0,0,1,1.0,832.0
134,135,53,0,0,1,1.0,733.0
134,135,54,3,1,1,1.0,687.0
134,135,55,2,1,1,1.0,732.0
134,135,56,3,1,1,1.0,725.0
134,135,57,0,0,0,1.0,892.0
134,135,58,1,0,1,1.0,688.0
134,135,59,2,1,1,1.0,1283.0
134,135,60,2,1,1,1.0,930.0
134,135,61,3,1,1,1.0,791.0
134,135,62,0,0,1,1.0,739.0
134,135,63,1,0,0,1.0,1181.0
134,135,64,2,0,0,0.0,1162.0
134,135,65,1,0,1,1.0,816.0
134,135,66,0,0,1,1.0,818.0
134,135,67,0,0,1,1.0,889.0
134,135,68,3,1,0,1.0,732.0
134,135,69,2,1,1,1.0,900.0
134,135,70,1,0,1,1.0,743.0
134,135,71,3,1,1,1.0,781.0
134,135,72,2,1,1,1.0,881.0
134,135,73,0,0,0,1.0,789.0
134,135,74,3,1,0,1.0,734.0
134,135,75,1,0,1,1.0,595.0
134,135,76,1,0,1,1.0,723.0
134,135,77,2,1,0,1.0,783.0
134,135,78,3,1,1,1.0,2591.0
134,135,79,0,0,1,1.0,752.0
134,135,80,2,1,1,1.0,1237.0
134,135,81,0,0,1,1.0,810.0
134,135,82,2,1,1,1.0,801.0
134,135,83,0,0,1,1.0,943.0
134,135,84,3,1,1,1.0,1213.0
134,135,85,1,0,0,1.0,715.0
134,135,86,3,1,1,1.0,807.0
134,135,87,1,0,1,1.0,1453.0
134,135,88,3,1,1,1.0,1212.0
134,135,89,1,0,0,1.0,758.0
134,135,90,0,0,0,1.0,1090.0
134,135,91,0,0,1,1.0,890.0
134,135,92,2,1,1,1.0,738.0
134,135,93,1,0,1,1.0,855.0
134,135,94,2,1,1,1.0,1183.0
134,135,95,3,1,0,1.0,683.0
134,135,96,3,1,1,1.0,1569.0
134,135,97,3,0,0,0.0,1237.0
134,135,98,0,0,1,1.0,860.0
134,135,99,1,1,1,0.0,1471.0
134,135,100,0,0,1,1.0,1043.0
134,135,101,2,1,1,1.0,1580.0
134,135,102,1,0,1,1.0,1103.0
134,135,103,2,0,1,0.0,1412.0
134,135,104,3,1,1,1.0,1110.0
134,135,105,0,0,1,1.0,843.0
134,135,106,1,0,1,1.0,751.0
134,135,107,2,1,0,1.0,1169.0
134,135,108,0,0,1,1.0,848.0
134,135,109,2,1,1,1.0,884.0
134,135,110,3,1,1,1.0,1099.0
134,135,111,1,0,1,1.0,610.0
134,135,112,3,1,1,1.0,1317.0
134,135,113,0,1,1,0.0,528.0
134,135,114,2,0,0,0.0,1280.0
134,135,115,0,0,0,1.0,1005.0
134,135,116,2,1,1,1.0,1026.0
134,135,117,1,0,1,1.0,807.0
134,135,118,1,1,1,0.0,1022.0
134,135,119,3,1,1,1.0,2096.0
135,136,0,3,0,1,0.0,1126.0
135,136,1,1,1,0,1.0,1242.0
135,136,2,0,0,0,1.0,946.0
135,136,3,0,1,0,0.0,971.0
135,136,4,2,1,0,0.0,1148.0
135,136,5,1,1,1,1.0,1515.0
135,136,6,2,0,0,1.0,1331.0
135,136,7,3,0,0,0.0,1434.0
135,136,8,0,0,1,1.0,1961.0
135,136,9,3,0,0,0.0,1912.0
135,136,10,3,1,1,1.0,1674.0
135,136,11,0,0,1,1.0,2266.0
135,136,12,1,1,1,1.0,1916.0
135,136,13,1,1,1,1.0,1306.0
135,136,14,2,0,1,1.0,3915.0
135,136,15,2,0,1,1.0,1094.0
135,136,16,0,0,1,1.0,1010.0
135,136,17,1,1,1,1.0,1822.0
135,136,18,2,1,0,0.0,2331.0
135,136,19,3,0,0,0.0,1217.0
135,136,20,0,0,1,1.0,998.0
135,136,21,3,0,0,0.0,1708.0
135,136,22,2,0,1,1.0,5621.0
135,136,23,1,0,1,0.0,3054.0
135,136,24,3,1,1,1.0,2559.0
135,136,25,1,1,1,1.0,2854.0
135,136,26,3,1,0,1.0,1547.0
135,136,27,2,0,1,1.0,3080.0
135,136,28,0,0,0,1.0,2425.0
135,136,29,0,1,0,0.0,1191.0
135,136,30,1,0,0,0.0,1238.0
135,136,31,2,0,1,1.0,1082.0
135,136,32,3,1,1,1.0,1659.0
135,136,33,2,0,0,1.0,2696.0
135,136,34,0,0,1,1.0,965.0
135,136,35,3,1,1,1.0,1237.0
135,136,36,1,0,0,0.0,3148.0
135,136,37,1,1,1,1.0,765.0
135,136,38,0,0,1,1.0,1058.0
135,136,39,2,0,1,1.0,1118.0
135,136,40,1,1,1,1.0,1211.0
135,136,41,0,0,1,1.0,642.0
135,136,42,1,1,0,1.0,1209.0
135,136,43,3,0,0,0.0,1925.0
135,136,44,0,0,1,1.0,1093.0
135,136,45,2,1,1,0.0,1991.0
135,136,46,2,0,1,1.0,1414.0
135,136,47,3,0,1,0.0,1400.0
135,136,48,1,1,1,1.0,922.0
135,136,49,0,0,0,1.0,759.0
135,136,50,2,0,1,1.0,883.0
135,136,51,1,1,1,1.0,742.0
135,136,52,0,0,1,1.0,2148.0
135,136,53,3,0,0,0.0,1212.0
135,136,54,2,1,0,0.0,1262.0
135,136,55,3,0,0,0.0,2325.0
135,136,56,3,0,0,0.0,1176.0
135,136,57,0,0,1,1.0,910.0
135,136,58,1,0,0,0.0,1835.0
135,136,59,0,0,1,1.0,1309.0
135,136,60,2,1,0,0.0,1044.0
135,136,61,2,0,1,1.0,692.0
135,136,62,3,0,0,0.0,2160.0
135,136,63,1,1,0,1.0,3545.0
135,136,64,3,1,1,1.0,1635.0
135,136,65,0,0,0,1.0,884.0
135,136,66,1,0,0,0.0,1119.0
135,136,67,1,0,1,0.0,1947.0
135,136,68,3,1,0,1.0,1038.0
135,136,69,2,0,1,1.0,1288.0
135,136,70,2,0,1,1.0,1351.0
135,136,71,0,0,1,1.0,1253.0
135,136,72,3,1,1,1.0,2706.0
135,136,73,2,0,0,1.0,1279.0
135,136,74,0,0,1,1.0,1398.0
135,136,75,1,1,1,1.0,1798.0
135,136,76,1,0,0,0.0,2991.0
135,136,77,3,0,0,0.0,1309.0
135,136,78,0,0,1,1.0,1406.0
135,136,79,2,0,1,1.0,2902.0
135,136,80,0,0,1,1.0,1256.0
135,136,81,0,0,1,1.0,2642.0
135,136,82,2,1,0,0.0,1883.0
135,136,83,1,1,1,1.0,1432.0
135,136,84,1,0,0,0.0,1519.0
135,136,85,2,0,1,1.0,1099.0
135,136,86,3,0,0,0.0,2329.0
135,136,87,3,1,1,1.0,2093.0
135,136,88,3,1,1,1.0,1195.0
135,136,89,1,0,0,0.0,1229.0
135,136,90,0,0,1,1.0,2768.0
135,136,91,0,0,0,1.0,2019.0
135,136,92,2,1,1,0.0,659.0
135,136,93,2,0,0,1.0,1260.0
135,136,94,3,0,1,0.0,2486.0
135,136,95,1,1,1,1.0,2056.0
135,136,96,0,0,1,1.0,897.0
135,136,97,2,0,1,1.0,1158.0
135,136,98,1,1,1,1.0,1038.0
135,136,99,1,1,1,1.0,1171.0
135,136,100,2,0,1,1.0,932.0
135,136,101,3,0,0,0.0,1874.0
135,136,102,3,0,1,0.0,1946.0
135,136,103,0,0,1,1.0,1078.0
135,136,104,2,0,1,1.0,1099.0
135,136,105,3,1,1,1.0,2385.0
135,136,106,1,1,1,1.0,903.0
135,136,107,3,0,0,0.0,2614.0
135,136,108,2,0,1,1.0,933.0
135,136,109,0,0,1,1.0,871.0
135,136,110,0,0,1,1.0,1305.0
135,136,111,1,1,0,1.0,1405.0
135,136,112,2,0,1,1.0,794.0
135,136,113,3,1,1,1.0,1860.0
135,136,114,1,1,1,1.0,1105.0
135,136,115,0,0,1,1.0,1012.0
135,136,116,3,1,0,1.0,1472.0
135,136,117,1,1,1,1.0,1347.0
135,136,118,2,0,0,1.0,1948.0
135,136,119,0,0,1,1.0,2431.0
136,137,0,0,0,1,1.0,2880.0
136,137,1,1,1,0,1.0,967.0
136,137,2,3,1,0,0.0,604.0
136,137,3,2,0,0,0.0,2062.0
136,137,4,3,1,0,0.0,533.0
136,137,5,0,1,0,0.0,309.0
136,137,6,2,0,0,0.0,235.0
136,137,7,1,1,1,1.0,390.0
136,137,8,1,1,1,1.0,366.0
136,137,9,2,0,0,0.0,919.0
136,137,10,3,1,0,0.0,374.0
136,137,11,3,0,1,1.0,1025.0
136,137,12,0,1,0,0.0,1101.0
136,137,13,0,1,1,0.0,442.0
136,137,14,2,0,1,0.0,669.0
136,137,15,1,1,1,1.0,1454.0
136,137,16,2,1,1,1.0,1696.0
136,137,17,3,0,1,1.0,911.0
136,137,18,0,1,0,0.0,892.0
136,137,19,1,0,1,0.0,2064.0
136,137,20,0,0,1,1.0,821.0
136,137,21,3,1,1,0.0,770.0
136,137,22,1,0,0,0.0,473.0
136,137,23,2,1,1,1.0,534.0
136,137,24,3,0,0,1.0,674.0
136,137,25,1,1,1,1.0,154.0
136,137,26,2,0,0,0.0,1290.0
136,137,27,0,1,0,0.0,798.0
136,137,28,1,1,1,1.0,239.0
136,137,29,0,1,0,0.0,779.0
136,137,30,3,1,0,0.0,1163.0
136,137,31,2,1,1,1.0,383.0
136,137,32,2,0,1,0.0,1528.0
136,137,33,3,1,0,0.0,919.0
136,137,34,3,0,1,1.0,861.0
136,137,35,1,0,0,0.0,1371.0
136,137,36,2,1,1,1.0,885.0
136,137,37,0,1,0,0.0,1524.0
136,137,38,1,0,0,0.0,493.0
136,137,39,0,1,1,0.0,1186.0
136,137,40,1,1,1,1.0,1521.0
136,137,41,3,0,1,1.0,840.0
136,137,42,1,0,0,0.0,1956.0
136,137,43,3,1,0,0.0,518.0
136,137,44,2,1,1,1.0,314.0
136,137,45,0,1,0,0.0,2634.0
136,137,46,0,0,1,1.0,712.0
136,137,47,2,1,1,1.0,2060.0
136,137,48,3,0,1,1.0,945.0
136,137,49,0,0,1,1.0,1816.0
136,137,50,3,1,0,0.0,1235.0
136,137,51,2,0,0,0.0,356.0
136,137,52,1,1,1,1.0,1239.0
136,137,53,1,1,0,1.0,1286.0
136,137,54,2,0,0,0.0,1258.0
136,137,55,0,1,0,0.0,315.0
136,137,56,1,0,1,0.0,810.0
136,137,57,2,0,0,0.0,683.0
136,137,58,1,0,0,0.0,2212.0
136,137,59,0,0,1,1.0,906.0
136,137,60,2,0,0,0.0,910.0
136,137,61,0,1,1,0.0,625.0
136,137,62,3,0,1,1.0,1836.0
136,137,63,3,0,0,1.0,2567.0
136,137,64,3,1,1,0.0,553.0
136,137,65,2,0,0,0.0,3153.0
136,137,66,1,1,1,1.0,711.0
136,137,67,0,0,1,1.0,1233.0
136,137,68,1,1,1,1.0,999.0
136,137,69,2,1,0,1.0,842.0
136,137,70,3,0,1,1.0,1154.0
136,137,71,0,1,0,0.0,2312.0
136,137,72,0,0,0,1.0,1014.0
136,137,73,3,0,1,1.0,569.0
136,137,74,3,0,0,1.0,735.0
136,137,75,2,1,1,1.0,861.0
136,137,76,1,0,0,0.0,704.0
136,137,77,1,1,1,1.0,891.0
136,137,78,0,0,1,1.0,1525.0
136,137,79,2,1,1,1.0,796.0
136,137,80,3,0,1,1.0,1229.0
136,137,81,1,1,1,1.0,599.0
136,137,82,2,1,0,1.0,675.0
136,137,83,1,1,0,1.0,2012.0
136,137,84,2,0,1,0.0,767.0
136,137,85,0,1,0,0.0,666.0
136,137,86,3,0,1,1.0,1894.0
136,137,87,0,1,0,0.0,1035.0
136,137,88,3,0,1,1.0,1119.0
136,137,89,0,0,1,1.0,1006.0
136,137,90,1,1,1,1.0,1084.0
136,137,91,3,0,1,1.0,1799.0
136,137,92,2,1,1,1.0,1436.0
136,137,93,2,1,1,1.0,906.0
136,137,94,1,1,0,1.0,2628.0
136,137,95,0,0,1,1.0,7813.0
136,137,96,0,0,1,1.0,871.0
136,137,97,1,1,1,1.0,752.0
136,137,98,3,0,1,1.0,3088.0
136,137,99,1,1,1,1.0,1173.0
136,137,100,0,0,0,1.0,2538.0
136,137,101,2,1,1,1.0,1843.0
136,137,102,2,1,1,1.0,823.0
136,137,103,3,1,0,0.0,7448.0
136,137,104,0,0,1,1.0,990.0
136,137,105,3,0,0,1.0,892.0
136,137,106,2,1,0,1.0,1010.0
136,137,107,1,0,0,0.0,665.0
136,137,108,1,1,1,1.0,884.0
136,137,109,3,0,1,1.0,1943.0
136,137,110,2,1,1,1.0,1032.0
136,137,111,0,0,1,1.0,455.0
136,137,112,3,1,0,0.0,838.0
136,137,113,0,1,0,0.0,1520.0
136,137,114,1,1,1,1.0,521.0
136,137,115,3,0,1,1.0,2271.0
136,137,116,2,0,0,0.0,833.0
136,137,117,0,1,0,0.0,509.0
136,137,118,2,0,0,0.0,580.0
136,137,119,1,1,1,1.0,947.0
137,138,0,1,1,0,0.0,3523.0
137,138,1,2,1,0,0.0,1210.0
137,138,2,3,1,0,1.0,2143.0
137,138,3,3,0,1,0.0,1571.0
137,138,4,2,0,1,1.0,1255.0
137,138,5,0,1,0,1.0,1391.0
137,138,6,1,0,1,1.0,1298.0
137,138,7,0,1,1,1.0,4082.0
137,138,8,1,0,1,1.0,1041.0
137,138,9,3,0,0,0.0,703.0
137,138,10,1,0,0,1.0,1515.0
137,138,11,2,1,0,0.0,1767.0
137,138,12,0,1,1,1.0,1373.0
137,138,13,3,1,1,1.0,905.0
137,138,14,0,1,1,1.0,1638.0
137,138,15,2,0,1,1.0,1205.0
137,138,16,1,0,1,1.0,1603.0
137,138,17,3,1,1,1.0,958.0
137,138,18,1,0,1,1.0,1164.0
137,138,19,2,0,1,1.0,2749.0
137,138,20,0,1,1,1.0,1126.0
137,138,21,3,1,1,1.0,1201.0
137,138,22,0,1,1,1.0,1078.0
137,138,23,2,0,0,1.0,1720.0
137,138,24,1,0,1,1.0,942.0
137,138,25,0,1,1,1.0,973.0
137,138,26,1,0,1,1.0,836.0
137,138,27,3,1,1,1.0,1089.0
137,138,28,0,1,1,1.0,1298.0
137,138,29,3,0,0,0.0,1990.0
137,138,30,2,1,0,0.0,1199.0
137,138,31,2,0,1,1.0,1411.0
137,138,33,3,1,1,1.0,884.0
137,138,34,0,1,0,1.0,849.0
137,138,35,3,1,1,1.0,1375.0
137,138,36,1,0,0,1.0,837.0
137,138,37,0,0,0,0.0,3064.0
137,138,38,2,1,0,0.0,1523.0
137,138,39,1,0,1,1.0,3334.0
137,138,40,1,0,0,1.0,831.0
137,138,41,3,1,0,1.0,1169.0
137,138,42,0,1,1,1.0,1094.0
137,138,43,2,0,0,1.0,2050.0
137,138,44,1,0,1,1.0,2178.0
137,138,45,3,1,1,1.0,2109.0
137,138,46,0,1,1,1.0,1044.0
137,138,47,2,0,1,1.0,1875.0
137,138,48,3,1,1,1.0,1082.0
137,138,49,3,0,0,0.0,757.0
137,138,50,0,1,0,1.0,1270.0
137,138,51,2,0,1,1.0,1454.0
137,138,52,2,0,1,1.0,954.0
137,138,53,0,0,0,0.0,1926.0
137,138,54,1,0,1,1.0,1051.0
137,138,55,1,0,1,1.0,1559.0
137,138,56,3,1,1,1.0,1628.0
137,138,57,2,0,1,1.0,2714.0
137,138,58,0,1,1,1.0,2752.0
137,138,59,3,1,1,1.0,1233.0
137,138,60,1,0,1,1.0,767.0
137,138,61,2,0,0,1.0,2646.0
137,138,62,0,1,1,1.0,2038.0
137,138,63,1,0,1,1.0,2587.0
137,138,64,3,1,0,1.0,1673.0
137,138,65,0,1,1,1.0,1042.0
137,138,66,1,0,0,1.0,833.0
137,138,67,0,1,1,1.0,912.0
137,138,68,1,0,1,1.0,729.0
137,138,69,2,1,0,0.0,3033.0
137,138,70,3,1,1,1.0,1108.0
137,138,71,2,0,1,1.0,1250.0
137,138,72,0,1,1,1.0,965.0
137,138,73,1,0,1,1.0,1311.0
137,138,74,2,0,1,1.0,1613.0
137,138,75,3,1,1,1.0,864.0
137,138,76,3,0,0,0.0,721.0
137,138,77,1,0,1,1.0,2158.0
137,138,78,0,1,1,1.0,989.0
137,138,79,2,0,1,1.0,1247.0
137,138,80,1,0,1,1.0,3020.0
137,138,81,2,0,1,1.0,1313.0
137,138,82,1,0,0,1.0,829.0
137,138,83,2,0,1,1.0,2040.0
137,138,84,0,1,0,1.0,1798.0
137,138,85,3,1,1,1.0,962.0
137,138,86,0,1,1,1.0,945.0
137,138,87,3,0,1,0.0,1683.0
137,138,88,0,0,0,0.0,2209.0
137,138,89,0,1,1,1.0,803.0
137,138,90,1,1,0,0.0,2242.0
137,138,91,2,0,1,1.0,3232.0
137,138,92,3,1,1,1.0,1407.0
137,138,93,3,1,0,1.0,1239.0
137,138,94,1,0,1,1.0,4182.0
137,138,95,2,0,1,1.0,1017.0
137,138,96,2,1,0,0.0,1122.0
137,138,97,0,1,0,1.0,2233.0
137,138,98,0,1,1,1.0,740.0
137,138,99,3,1,1,1.0,1014.0
137,138,100,2,0,0,1.0,1331.0
137,138,101,1,0,1,1.0,1278.0
137,138,102,1,0,1,1.0,1328.0
137,138,103,3,1,1,1.0,2407.0
137,138,104,0,1,1,1.0,1263.0
137,138,105,3,1,1,1.0,1084.0
137,138,106,1,0,1,1.0,716.0
137,138,107,3,1,1,1.0,747.0
137,138,108,2,0,1,1.0,998.0
137,138,109,2,0,0,1.0,1034.0
137,138,110,1,0,1,1.0,1432.0
137,138,111,0,1,0,1.0,2653.0
137,138,112,2,0,1,1.0,3109.0
137,138,113,3,1,1,1.0,1244.0
137,138,114,1,0,1,1.0,1018.0
137,138,115,1,0,1,1.0,3123.0
137,138,116,2,0,1,1.0,1242.0
137,138,117,0,1,1,1.0,3082.0
137,138,118,3,1,0,1.0,1410.0
137,138,119,0,1,1,1.0,1153.0
138,139,0,3,0,1,0.0,2459.0
138,139,1,1,1,0,1.0,2483.0
138,139,2,0,1,0,0.0,2039.0
138,139,3,0,0,0,1.0,1830.0
138,139,4,2,1,0,0.0,1540.0
138,139,5,1,1,1,1.0,3367.0
138,139,6,2,0,0,1.0,3350.0
138,139,7,3,1,1,1.0,2436.0
138,139,8,0,0,1,1.0,2736.0
138,139,9,3,1,1,1.0,3555.0
138,139,10,3,1,0,1.0,1626.0
138,139,11,0,0,1,1.0,606.0
138,139,12,1,1,1,1.0,1041.0
138,139,13,1,0,1,0.0,417.0
138,139,14,2,1,0,0.0,880.0
138,139,15,2,1,1,0.0,4240.0
138,139,16,0,1,0,0.0,2307.0
138,139,17,1,0,0,0.0,698.0
138,139,18,2,0,1,1.0,1987.0
138,139,19,3,1,1,1.0,3165.0
138,139,20,0,0,1,1.0,883.0
138,139,21,3,1,1,1.0,587.0
138,139,22,2,1,0,0.0,933.0
138,139,23,1,0,0,0.0,522.0
138,139,24,3,1,1,1.0,774.0
138,139,25,1,1,1,1.0,1328.0
138,139,26,3,1,0,1.0,1333.0
138,139,27,2,0,1,1.0,587.0
138,139,28,0,0,1,1.0,885.0
138,139,29,0,0,0,1.0,748.0
138,139,30,1,1,1,1.0,1598.0
138,139,31,2,0,1,1.0,1624.0
138,139,32,3,0,0,0.0,1701.0
138,139,33,2,1,0,0.0,680.0
138,139,34,0,1,1,0.0,1445.0
138,139,35,3,0,0,0.0,1699.0
138,139,36,1,1,1,1.0,1010.0
138,139,37,1,1,1,1.0,855.0
138,139,38,0,1,0,0.0,1165.0
138,139,39,2,0,1,1.0,1250.0
138,139,40,1,0,0,0.0,1058.0
138,139,41,0,0,1,1.0,1063.0
138,139,42,1,1,1,1.0,3544.0
138,139,43,3,1,1,1.0,3132.0
138,139,44,0,1,0,0.0,1776.0
138,139,45,2,0,1,1.0,1482.0
138,139,46,2,1,0,0.0,722.0
138,139,47,3,1,1,1.0,2212.0
138,139,48,1,0,0,0.0,2388.0
138,139,49,0,1,1,0.0,864.0
138,139,50,2,0,0,1.0,1501.0
138,139,51,1,1,0,1.0,560.0
138,139,52,0,0,1,1.0,663.0
138,139,53,3,1,1,1.0,1139.0
138,139,54,2,0,1,1.0,494.0
138,139,55,3,1,1,1.0,600.0
138,139,56,3,0,0,0.0,573.0
138,139,57,0,1,0,0.0,2127.0
138,139,58,1,0,1,0.0,428.0
138,139,59,0,0,1,1.0,995.0
138,139,60,2,0,1,1.0,1097.0
138,139,61,2,0,1,1.0,1358.0
138,139,62,3,0,0,0.0,1040.0
138,139,63,1,0,0,0.0,3966.0
138,139,64,3,1,1,1.0,420.0
138,139,65,0,0,1,1.0,510.0
138,139,66,1,0,0,0.0,808.0
138,139,67,1,0,0,0.0,961.0
138,139,68,3,0,0,0.0,1602.0
138,139,69,2,1,1,0.0,781.0
138,139,70,2,1,0,0.0,700.0
138,139,71,0,0,0,1.0,605.0
138,139,72,3,1,0,1.0,1523.0
138,139,73,2,0,1,1.0,1960.0
138,139,74,0,1,0,0.0,1024.0
138,139,75,1,0,0,0.0,481.0
138,139,76,1,0,0,0.0,789.0
138,139,77,3,1,1,1.0,584.0
138,139,78,0,1,0,0.0,1122.0
138,139,79,2,0,1,1.0,827.0
138,139,80,0,1,0,0.0,769.0
138,139,81,0,1,1,0.0,1818.0
138,139,82,2,0,1,1.0,1071.0
138,139,83,1,0,0,0.0,2160.0
138,139,84,1,0,0,0.0,2209.0
138,139,85,2,0,0,1.0,964.0
138,139,86,3,1,1,1.0,1711.0
138,139,87,3,1,1,1.0,1175.0
138,139,88,3,1,0,1.0,973.0
138,139,89,1,1,1,1.0,1064.0
138,139,90,0,0,1,1.0,1470.0
138,139,91,0,0,1,1.0,1390.0
138,139,92,2,0,1,1.0,1933.0
138,139,93,2,1,0,0.0,720.0
138,139,94,3,1,1,1.0,1496.0
138,139,95,1,1,1,1.0,2441.0
138,139,96,0,0,1,1.0,864.0
138,139,97,2,0,1,1.0,823.0
138,139,98,1,0,1,0.0,640.0
138,139,99,1,1,0,1.0,244.0
138,139,100,2,1,0,0.0,239.0
138,139,101,3,0,1,0.0,905.0
138,139,102,3,1,1,1.0,1286.0
138,139,103,0,1,0,0.0,3362.0
138,139,104,2,0,0,1.0,1937.0
138,139,105,3,0,0,0.0,910.0
138,139,106,1,1,1,1.0,961.0
138,139,107,3,1,1,1.0,4475.0
138,139,108,2,0,1,1.0,1209.0
138,139,109,0,1,0,0.0,1003.0
138,139,110,0,1,0,0.0,2367.0
138,139,111,1,1,1,1.0,1748.0
138,139,112,2,0,1,1.0,1104.0
138,139,113,3,1,1,1.0,1003.0
138,139,114,1,1,1,1.0,1874.0
138,139,115,0,1,1,0.0,1175.0
138,139,116,3,1,1,1.0,1354.0
138,139,117,1,0,0,0.0,293.0
138,139,118,2,0,1,1.0,1165.0
138,139,119,0,1,0,0.0,1121.0
139,140,0,0,0,1,1.0,2422.0
139,140,1,1,1,0,1.0,1696.0
139,140,2,3,0,1,1.0,1149.0
139,140,3,2,1,1,1.0,1590.0
139,140,4,3,0,1,1.0,4249.0
139,140,5,0,0,1,1.0,1004.0
139,140,6,2,1,1,1.0,1358.0
139,140,7,1,1,1,1.0,1314.0
139,140,8,1,1,1,1.0,1092.0
139,140,9,2,0,0,0.0,5022.0
139,140,10,3,0,0,1.0,1779.0
139,140,11,3,0,1,1.0,622.0
139,140,12,0,0,1,1.0,1609.0
139,140,13,0,0,1,1.0,813.0
139,140,14,2,1,1,1.0,1856.0
139,140,15,1,0,1,0.0,1820.0
139,140,16,2,1,1,1.0,842.0
139,140,17,3,0,1,1.0,1092.0
139,140,18,0,0,1,1.0,1041.0
139,140,19,1,1,1,1.0,5526.0
139,140,20,0,0,1,1.0,685.0
139,140,21,3,0,1,1.0,752.0
139,140,22,1,1,1,1.0,1008.0
139,140,23,2,1,1,1.0,790.0
139,140,24,3,0,1,1.0,671.0
139,140,25,1,1,1,1.0,1455.0
139,140,26,2,1,1,1.0,2216.0
139,140,27,0,0,0,1.0,640.0
139,140,28,1,1,1,1.0,1194.0
139,140,29,0,0,1,1.0,477.0
139,140,30,3,0,0,1.0,732.0
139,140,31,2,1,0,1.0,644.0
139,140,32,2,1,1,1.0,7752.0
139,140,33,3,0,1,1.0,786.0
139,140,34,3,0,1,1.0,532.0
139,140,35,1,1,1,1.0,707.0
139,140,36,2,1,1,1.0,656.0
139,140,37,0,0,1,1.0,914.0
139,140,38,1,1,0,1.0,539.0
139,140,39,0,1,0,0.0,466.0
139,140,40,1,1,1,1.0,541.0
139,140,41,3,0,0,1.0,681.0
139,140,42,1,1,1,1.0,957.0
139,140,43,3,0,1,1.0,622.0
139,140,44,2,1,0,1.0,675.0
139,140,45,0,0,1,1.0,474.0
139,140,46,0,0,1,1.0,579.0
139,140,47,2,1,1,1.0,655.0
139,140,48,3,0,1,1.0,682.0
139,140,49,0,0,0,1.0,694.0
139,140,50,3,0,1,1.0,718.0
139,140,51,2,1,1,1.0,591.0
139,140,52,1,1,1,1.0,1073.0
139,140,53,1,1,1,1.0,1030.0
139,140,54,2,1,1,1.0,913.0
139,140,55,0,0,1,1.0,823.0
139,140,56,1,1,0,1.0,925.0
139,140,57,2,1,1,1.0,1355.0
139,140,58,1,1,1,1.0,675.0
139,140,59,0,0,1,1.0,697.0
139,140,60,2,1,0,1.0,517.0
139,140,61,0,0,1,1.0,1227.0
139,140,62,3,0,1,1.0,594.0
139,140,63,3,0,1,1.0,1379.0
139,140,64,3,0,0,1.0,851.0
139,140,65,2,1,1,1.0,543.0
139,140,66,1,1,0,1.0,1041.0
139,140,67,0,0,1,1.0,465.0
139,140,68,1,1,1,1.0,670.0
139,140,69,2,1,1,1.0,632.0
139,140,70,3,0,1,1.0,660.0
139,140,71,0,0,0,1.0,539.0
139,140,72,0,0,1,1.0,447.0
139,140,73,3,0,1,1.0,672.0
139,140,74,3,0,1,1.0,541.0
139,140,75,2,1,1,1.0,594.0
139,140,76,1,1,1,1.0,3488.0
139,140,77,1,1,1,1.0,781.0
139,140,78,0,0,1,1.0,647.0
139,140,79,2,1,1,1.0,539.0
139,140,80,3,0,1,1.0,836.0
139,140,81,1,1,1,1.0,781.0
139,140,82,2,1,1,1.0,597.0
139,140,83,1,1,1,1.0,1138.0
139,140,84,2,1,0,1.0,621.0
139,140,85,0,0,1,1.0,2249.0
139,140,86,3,0,1,1.0,626.0
139,140,87,0,0,1,1.0,597.0
139,140,88,3,0,1,1.0,579.0
139,140,89,0,0,1,1.0,543.0
139,140,90,1,1,1,1.0,931.0
139,140,91,3,0,0,1.0,516.0
139,140,92,2,1,1,1.0,614.0
139,140,93,2,1,1,1.0,818.0
139,140,94,1,1,0,1.0,1973.0
139,140,95,0,0,1,1.0,4770.0
139,140,96,0,0,0,1.0,497.0
139,140,97,1,1,1,1.0,953.0
139,140,98,3,0,1,1.0,652.0
139,140,99,1,1,1,1.0,804.0
139,140,100,0,0,0,1.0,1309.0
139,140,101,2,1,1,1.0,1228.0
139,140,102,2,1,1,1.0,618.0
139,140,103,3,0,0,1.0,669.0
139,140,104,0,0,1,1.0,667.0
139,140,105,3,0,1,1.0,890.0
139,140,106,2,1,1,1.0,664.0
139,140,107,1,1,1,1.0,836.0
139,140,108,1,1,1,1.0,759.0
139,140,109,3,0,1,1.0,806.0
139,140,110,2,1,0,1.0,1650.0
139,140,111,0,0,1,1.0,585.0
139,140,112,3,0,1,1.0,546.0
139,140,113,0,0,1,1.0,518.0
139,140,114,1,1,1,1.0,933.0
139,140,115,3,0,1,1.0,1926.0
139,140,116,2,1,1,1.0,1741.0
139,140,117,0,0,1,1.0,743.0
139,140,118,2,1,1,1.0,2598.0
139,140,119,1,1,0,1.0,2419.0
140,141,0,1,1,0,0.0,1361.0
140,141,1,2,0,1,1.0,1389.0
140,141,2,3,0,1,0.0,829.0
140,141,3,3,0,0,0.0,713.0
140,141,4,2,1,0,0.0,855.0
140,141,5,0,1,0,1.0,926.0
140,141,6,1,1,0,0.0,1503.0
140,141,7,0,0,0,0.0,2110.0
140,141,8,1,0,1,1.0,1378.0
140,141,9,3,0,0,0.0,815.0
140,141,10,1,1,0,0.0,1369.0
140,141,11,2,0,1,1.0,1980.0
140,141,12,0,0,0,0.0,950.0
140,141,13,3,0,0,0.0,1155.0
140,141,14,0,1,1,1.0,2229.0
140,141,15,2,0,1,1.0,2272.0
140,141,16,1,1,0,0.0,1933.0
140,141,17,3,0,0,0.0,3178.0
140,141,18,1,0,1,1.0,1669.0
140,141,19,2,0,0,1.0,1596.0
140,141,20,0,0,0,0.0,2338.0
140,141,21,3,1,0,1.0,1544.0
140,141,22,0,1,1,1.0,3771.0
140,141,23,2,0,1,1.0,1249.0
140,141,24,1,0,0,1.0,1393.0
140,141,25,0,1,1,1.0,785.0
140,141,26,1,0,1,1.0,1804.0
140,141,27,3,0,1,0.0,3003.0
140,141,28,0,1,1,1.0,941.0
140,141,29,3,0,0,0.0,1585.0
140,141,30,2,0,0,1.0,3253.0
140,141,31,2,0,1,1.0,2109.0
140,141,33,3,0,0,0.0,1895.0
140,141,34,0,1,1,1.0,1652.0
140,141,35,3,0,0,0.0,1775.0
140,141,36,1,0,1,1.0,1319.0
140,141,37,0,1,1,1.0,690.0
140,141,38,2,0,1,1.0,2476.0
140,141,39,1,0,1,1.0,2237.0
140,141,40,1,0,1,1.0,978.0
140,141,41,3,1,1,1.0,586.0
140,141,42,0,1,1,1.0,472.0
140,141,43,2,0,1,1.0,1280.0
140,141,44,1,0,0,1.0,1929.0
140,141,45,3,1,1,1.0,889.0
140,141,46,0,1,0,1.0,864.0
140,141,47,2,0,1,1.0,3277.0
140,141,48,3,0,0,0.0,1844.0
140,141,49,3,0,0,0.0,2003.0
140,141,50,0,1,1,1.0,1176.0
140,141,51,2,1,0,0.0,1257.0
140,141,52,2,0,0,1.0,778.0
140,141,53,0,1,1,1.0,1432.0
140,141,54,1,0,1,1.0,1827.0
140,141,55,1,0,0,1.0,2240.0
140,141,56,3,1,1,1.0,841.0
140,141,57,2,0,1,1.0,1992.0
140,141,58,0,1,0,1.0,1385.0
140,141,59,3,1,1,1.0,2234.0
140,141,60,1,0,1,1.0,638.0
140,141,61,2,0,1,1.0,1804.0
140,141,62,0,1,1,1.0,879.0
140,141,63,1,0,1,1.0,3999.0
140,141,64,3,1,1,1.0,2912.0
140,141,65,0,1,1,1.0,1446.0
140,141,66,1,0,1,1.0,2059.0
140,141,67,0,1,1,1.0,929.0
140,141,68,1,0,1,1.0,3101.0
140,141,69,2,0,1,1.0,5390.0
140,141,70,3,1,1,1.0,769.0
140,141,71,2,0,1,1.0,845.0
140,141,72,0,1,1,1.0,681.0
140,141,73,1,0,1,1.0,790.0
140,141,74,2,0,1,1.0,978.0
140,141,75,3,1,0,1.0,871.0
140,141,76,3,1,1,1.0,1021.0
140,141,77,1,0,0,1.0,930.0
140,141,78,0,1,1,1.0,776.0
140,141,79,2,0,1,1.0,974.0
140,141,80,1,0,1,1.0,962.0
140,141,81,2,0,1,1.0,875.0
140,141,82,1,0,1,1.0,825.0
140,141,83,2,0,0,1.0,802.0
140,141,84,0,1,1,1.0,1285.0
140,141,85,3,1,1,1.0,1167.0
140,141,86,0,1,0,1.0,1134.0
140,141,87,3,0,1,0.0,883.0
140,141,88,0,1,1,1.0,1758.0
140,141,89,0,1,1,1.0,860.0
140,141,90,1,0,1,1.0,1923.0
140,141,91,2,0,1,1.0,1449.0
140,141,92,3,1,1,1.0,2350.0
140,141,93,3,1,1,1.0,1634.0
140,141,94,1,0,1,1.0,3131.0
140,141,95,2,0,0,1.0,1547.0
140,141,96,2,1,0,0.0,1744.0
140,141,97,0,1,0,1.0,3080.0
140,141,98,0,1,1,1.0,1843.0
140,141,99,3,1,0,1.0,1422.0
140,141,101,1,0,0,1.0,3928.0
140,141,102,1,0,1,1.0,1185.0
140,141,103,3,1,1,1.0,1819.0
140,141,104,0,1,1,1.0,1339.0
140,141,105,3,1,1,1.0,1158.0
140,141,106,1,0,1,1.0,785.0
140,141,107,3,1,1,1.0,1068.0
140,141,108,2,0,1,1.0,887.0
140,141,109,2,0,1,1.0,2637.0
140,141,110,1,0,1,1.0,1527.0
140,141,111,0,1,0,1.0,1687.0
140,141,112,2,1,0,0.0,124.0
140,141,113,3,0,0,0.0,725.0
140,141,114,1,0,1,1.0,8094.0
140,141,115,1,1,1,0.0,104.0
140,141,116,2,1,0,0.0,1867.0
140,141,117,0,1,1,1.0,866.0
140,141,118,3,1,1,1.0,1108.0
140,141,119,0,1,1,1.0,1134.0
141,142,0,2,1,1,1.0,1615.0
141,142,1,0,0,1,1.0,1019.0
141,142,2,1,0,0,1.0,934.0
141,142,3,0,0,1,1.0,1256.0
141,142,4,3,1,1,1.0,996.0
141,142,5,2,0,0,0.0,1945.0
141,142,6,3,1,1,1.0,1342.0
141,142,7,1,1,0,0.0,1440.0
141,142,8,0,0,1,1.0,728.0
141,142,9,1,0,1,1.0,592.0
141,142,10,3,1,1,1.0,641.0
141,142,11,0,0,1,1.0,839.0
141,142,12,1,0,1,1.0,740.0
141,142,13,3,1,0,1.0,752.0
141,142,14,2,0,0,0.0,1029.0
141,142,15,2,1,0,1.0,588.0
141,142,16,0,0,1,1.0,693.0
141,142,17,0,0,1,1.0,1042.0
141,142,18,1,0,1,1.0,1116.0
141,142,19,3,1,1,1.0,1131.0
141,142,20,2,1,1,1.0,541.0
141,142,21,2,1,1,1.0,519.0
141,142,22,1,0,1,1.0,627.0
141,142,23,3,1,1,1.0,718.0
141,142,24,3,1,0,1.0,767.0
141,142,25,0,0,0,1.0,612.0
141,142,26,1,0,1,1.0,615.0
141,142,27,2,1,1,1.0,726.0
141,142,28,1,0,0,1.0,618.0
141,142,29,2,1,1,1.0,799.0
141,142,30,3,1,1,1.0,752.0
141,142,31,0,0,1,1.0,595.0
141,142,32,0,0,1,1.0,1011.0
141,142,33,3,1,1,1.0,586.0
141,142,34,1,0,1,1.0,708.0
141,142,35,3,1,1,1.0,490.0
141,142,36,2,0,0,0.0,1104.0
141,142,37,2,1,0,1.0,582.0
141,142,38,0,0,1,1.0,731.0
141,142,39,1,0,1,1.0,407.0
141,142,40,3,1,1,1.0,650.0
141,142,41,1,0,1,1.0,763.0
141,142,42,1,0,1,1.0,719.0
141,142,43,0,0,1,1.0,746.0
141,142,44,2,1,1,1.0,737.0
141,142,45,0,0,1,1.0,563.0
141,142,46,3,1,1,1.0,585.0
141,142,47,2,1,1,1.0,851.0
141,142,48,1,0,1,1.0,814.0
141,142,49,2,1,1,1.0,686.0
141,142,50,3,0,0,0.0,499.0
141,142,51,1,0,0,1.0,728.0
141,142,52,0,0,0,1.0,689.0
141,142,53,0,1,0,0.0,776.0
141,142,54,3,1,0,1.0,604.0
141,142,55,2,1,0,1.0,752.0
141,142,56,3,0,0,0.0,886.0
141,142,57,0,0,1,1.0,935.0
141,142,58,1,0,1,1.0,669.0
141,142,59,2,1,1,1.0,710.0
141,142,60,2,1,1,1.0,594.0
141,142,61,3,1,1,1.0,599.0
141,142,62,0,0,1,1.0,523.0
141,142,63,1,0,1,1.0,1172.0
141,142,64,2,1,1,1.0,616.0
141,142,65,1,0,1,1.0,581.0
141,142,66,0,0,1,1.0,886.0
141,142,67,0,0,0,1.0,610.0
141,142,68,3,1,0,1.0,672.0
141,142,69,2,1,1,1.0,1110.0
141,142,70,1,0,1,1.0,671.0
141,142,71,3,1,1,1.0,1160.0
141,142,72,2,1,1,1.0,1161.0
141,142,73,0,0,1,1.0,721.0
141,142,74,3,1,1,1.0,1306.0
141,142,75,1,0,0,1.0,776.0
141,142,76,1,0,1,1.0,989.0
141,142,77,2,1,0,1.0,863.0
141,142,78,3,1,1,1.0,665.0
141,142,79,0,0,1,1.0,701.0
141,142,80,2,1,1,1.0,926.0
141,142,81,0,0,1,1.0,621.0
141,142,82,2,1,1,1.0,532.0
141,142,83,0,0,0,1.0,1028.0
141,142,84,3,0,0,0.0,1584.0
141,142,85,1,0,0,1.0,753.0
141,142,86,3,1,1,1.0,490.0
141,142,87,1,0,1,1.0,1311.0
141,142,88,3,1,0,1.0,477.0
141,142,89,1,0,1,1.0,646.0
141,142,90,0,0,1,1.0,576.0
141,142,91,0,0,1,1.0,542.0
141,142,92,2,1,1,1.0,784.0
141,142,93,1,0,1,1.0,824.0
141,142,94,2,0,1,0.0,1322.0
141,142,95,3,0,1,0.0,839.0
141,142,96,3,1,1,1.0,1099.0
141,142,97,3,1,1,1.0,1629.0
141,142,98,0,0,1,1.0,553.0
141,142,99,1,0,1,1.0,589.0
141,142,100,0,0,1,1.0,639.0
141,142,101,2,1,1,1.0,730.0
141,142,102,1,0,1,1.0,488.0
141,142,103,2,1,1,1.0,723.0
141,142,104,3,1,1,1.0,657.0
141,142,105,0,0,1,1.0,611.0
141,142,106,1,0,1,1.0,988.0
141,142,107,2,1,0,1.0,641.0
141,142,108,0,0,0,1.0,624.0
141,142,109,2,0,0,0.0,879.0
141,142,110,3,1,1,1.0,1141.0
141,142,111,1,0,1,1.0,603.0
141,142,112,3,1,1,1.0,958.0
141,142,113,0,0,1,1.0,507.0
141,142,114,2,1,1,1.0,1399.0
141,142,115,0,0,1,1.0,533.0
141,142,116,2,1,1,1.0,496.0
141,142,117,1,0,1,1.0,663.0
141,142,118,1,0,0,1.0,1322.0
141,142,119,3,1,0,1.0,516.0
142,143,0,3,0,1,0.0,2941.0
142,143,1,1,1,0,1.0,1492.0
142,143,2,0,1,0,0.0,744.0
142,143,3,0,0,0,1.0,1486.0
142,143,4,2,0,0,1.0,2135.0
142,143,5,1,1,1,1.0,843.0
142,143,6,2,1,0,0.0,1120.0
142,143,7,3,0,0,0.0,2465.0
142,143,8,0,1,0,0.0,2151.0
142,143,9,3,1,1,1.0,1160.0
142,143,10,3,1,1,1.0,862.0
142,143,11,0,0,1,1.0,966.0
142,143,12,1,1,1,1.0,1961.0
142,143,13,1,1,1,1.0,2440.0
142,143,14,2,0,1,1.0,1079.0
142,143,15,2,0,1,1.0,778.0
142,143,16,0,0,1,1.0,522.0
142,143,17,1,1,1,1.0,837.0
142,143,18,2,0,1,1.0,721.0
142,143,19,3,1,0,1.0,1001.0
142,143,20,0,1,1,0.0,484.0
142,143,21,3,1,1,1.0,675.0
142,143,22,2,0,1,1.0,512.0
142,143,23,1,0,1,0.0,543.0
142,143,24,3,1,1,1.0,623.0
142,143,25,1,1,1,1.0,1655.0
142,143,26,3,1,1,1.0,5555.0
142,143,27,2,0,1,1.0,768.0
142,143,28,0,0,1,1.0,1997.0
142,143,29,0,0,1,1.0,961.0
142,143,30,1,1,1,1.0,747.0
142,143,31,2,0,0,1.0,2378.0
142,143,32,3,1,0,1.0,2468.0
142,143,33,2,0,1,1.0,747.0
142,143,34,0,0,0,1.0,830.0
142,143,35,3,0,0,0.0,684.0
142,143,36,1,1,1,1.0,645.0
142,143,37,1,0,0,0.0,553.0
142,143,38,0,1,0,0.0,458.0
142,143,39,2,0,1,1.0,532.0
142,143,40,1,1,0,1.0,1845.0
142,143,41,0,0,1,1.0,687.0
142,143,42,1,1,1,1.0,756.0
142,143,43,3,1,1,1.0,1104.0
142,143,44,0,0,1,1.0,1160.0
142,143,45,2,0,1,1.0,899.0
142,143,46,2,0,1,1.0,753.0
142,143,47,3,1,1,1.0,1034.0
142,143,48,1,1,1,1.0,1513.0
142,143,49,0,0,1,1.0,778.0
142,143,50,2,0,1,1.0,588.0
142,143,51,1,1,0,1.0,625.0
142,143,52,0,0,1,1.0,719.0
142,143,53,3,1,1,1.0,791.0
142,143,54,2,0,1,1.0,710.0
142,143,55,3,1,1,1.0,1465.0
142,143,56,3,1,1,1.0,957.0
142,143,57,0,0,0,1.0,1755.0
142,143,58,1,1,1,1.0,508.0
142,143,59,0,0,1,1.0,697.0
142,143,60,2,0,0,1.0,616.0
142,143,61,2,0,1,1.0,783.0
142,143,62,3,1,0,1.0,1623.0
142,143,63,1,1,1,1.0,1000.0
142,143,64,3,1,1,1.0,773.0
142,143,65,0,0,1,1.0,695.0
142,143,66,1,1,1,1.0,790.0
142,143,67,1,1,1,1.0,700.0
142,143,68,3,1,1,1.0,997.0
142,143,69,2,0,1,1.0,891.0
142,143,70,2,0,0,1.0,510.0
142,143,71,0,0,1,1.0,1902.0
142,143,72,3,1,1,1.0,1026.0
142,143,73,2,0,1,1.0,1086.0
142,143,74,0,1,0,0.0,887.0
142,143,75,1,1,1,1.0,862.0
142,143,76,1,1,1,1.0,589.0
142,143,77,3,1,0,1.0,855.0
142,143,78,0,0,0,1.0,906.0
142,143,79,2,0,1,1.0,757.0
142,143,80,0,0,1,1.0,1110.0
142,143,81,0,0,1,1.0,705.0
142,143,82,2,0,1,1.0,860.0
142,143,83,1,1,0,1.0,1150.0
142,143,84,1,1,1,1.0,658.0
142,143,85,2,0,1,1.0,587.0
142,143,86,3,1,1,1.0,904.0
142,143,87,3,1,1,1.0,410.0
142,143,88,3,1,1,1.0,474.0
142,143,89,1,1,1,1.0,697.0
142,143,90,0,0,1,1.0,452.0
142,143,91,0,0,1,1.0,450.0
142,143,92,2,0,1,1.0,348.0
142,143,93,2,0,0,1.0,487.0
142,143,94,3,1,1,1.0,1304.0
142,143,95,1,1,1,1.0,906.0
142,143,96,0,0,1,1.0,596.0
142,143,97,2,0,1,1.0,428.0
142,143,98,1,1,1,1.0,573.0
142,143,99,1,1,0,1.0,356.0
142,143,100,2,0,0,1.0,497.0
142,143,101,3,1,1,1.0,557.0
142,143,102,3,1,1,1.0,379.0
142,143,103,0,0,1,1.0,906.0
142,143,104,2,0,1,1.0,467.0
142,143,105,3,1,0,1.0,913.0
142,143,106,1,1,1,1.0,823.0
142,143,107,3,1,1,1.0,739.0
142,143,108,2,0,1,1.0,613.0
142,143,109,0,0,0,1.0,1019.0
142,143,110,0,0,1,1.0,1274.0
142,143,111,1,1,1,1.0,832.0
142,143,112,2,0,1,1.0,665.0
142,143,113,3,1,0,1.0,852.0
142,143,114,1,1,1,1.0,824.0
142,143,115,0,0,1,1.0,1051.0
142,143,116,3,1,1,1.0,627.0
142,143,117,1,1,0,1.0,781.0
142,143,118,2,0,1,1.0,339.0
142,143,119,0,0,1,1.0,378.0
143,144,0,1,0,1,1.0,2537.0
143,144,1,2,1,0,0.0,2583.0
143,144,2,3,0,1,0.0,4817.0
143,144,3,3,0,0,0.0,1263.0
143,144,4,2,0,1,1.0,2531.0
143,144,5,0,1,0,1.0,1802.0
143,144,6,1,0,1,1.0,2484.0
143,144,7,0,1,1,1.0,2289.0
143,144,8,1,0,0,1.0,1471.0
143,144,9,3,0,0,0.0,1815.0
143,144,10,1,0,1,1.0,1028.0
143,144,11,2,1,0,0.0,2776.0
143,144,12,0,1,1,1.0,1934.0
143,144,13,3,0,0,0.0,2199.0
143,144,14,0,1,1,1.0,1431.0
143,144,15,2,0,1,1.0,1608.0
143,144,16,1,0,1,1.0,988.0
143,144,17,3,0,0,0.0,1633.0
143,144,18,1,0,1,1.0,985.0
143,144,19,2,0,1,1.0,1797.0
143,144,20,0,1,1,1.0,1827.0
143,144,21,3,0,1,0.0,1187.0
143,144,22,0,1,1,1.0,3367.0
143,144,23,2,0,0,1.0,1342.0
143,144,24,1,0,1,1.0,664.0
143,144,25,0,1,1,1.0,1362.0
143,144,26,1,0,0,1.0,783.0
143,144,27,3,0,0,0.0,2246.0
143,144,28,0,1,1,1.0,2246.0
143,144,29,3,0,0,0.0,1919.0
143,144,30,2,0,1,1.0,2323.0
143,144,31,2,0,0,1.0,1909.0
143,144,32,2,0,1,1.0,1829.0
143,144,33,3,1,0,1.0,1461.0
143,144,34,0,1,0,1.0,1262.0
143,144,35,3,0,0,0.0,1001.0
143,144,36,1,0,1,1.0,812.0
143,144,37,0,1,1,1.0,2429.0
143,144,38,2,0,1,1.0,1022.0
143,144,39,1,0,0,1.0,905.0
143,144,40,1,0,1,1.0,572.0
143,144,41,3,0,0,0.0,1541.0
143,144,42,0,1,1,1.0,2029.0
143,144,43,2,0,1,1.0,1234.0
143,144,44,1,0,1,1.0,820.0
143,144,45,3,1,1,1.0,1232.0
143,144,46,0,1,0,1.0,2844.0
143,144,47,2,0,1,1.0,1259.0
143,144,48,3,0,0,0.0,1868.0
143,144,49,3,1,1,1.0,778.0
143,144,50,0,0,0,0.0,1798.0
143,144,51,2,0,0,1.0,1346.0
143,144,52,2,0,1,1.0,1019.0
143,144,53,0,1,1,1.0,2421.0
143,144,54,1,0,1,1.0,852.0
143,144,55,1,0,1,1.0,718.0
143,144,56,3,1,1,1.0,2132.0
143,144,57,2,0,1,1.0,1001.0
143,144,58,0,1,1,1.0,1870.0
143,144,59,3,1,1,1.0,1355.0
143,144,60,1,0,1,1.0,723.0
143,144,61,2,0,1,1.0,1765.0
143,144,62,0,1,1,1.0,1491.0
143,144,63,1,0,0,1.0,1084.0
143,144,64,3,0,1,0.0,2696.0
143,144,65,0,1,1,1.0,1125.0
143,144,66,1,0,1,1.0,804.0
143,144,67,0,1,1,1.0,1082.0
143,144,68,1,0,1,1.0,712.0
143,144,69,2,0,1,1.0,1003.0
143,144,70,3,1,1,1.0,1005.0
143,144,71,2,0,1,1.0,1003.0
143,144,72,0,1,1,1.0,847.0
143,144,73,1,0,1,1.0,803.0
143,144,74,2,0,1,1.0,1503.0
143,144,75,3,1,1,1.0,1204.0
143,144,76,3,1,0,1.0,897.0
143,144,77,1,0,1,1.0,830.0
143,144,78,0,1,0,1.0,847.0
143,144,79,2,0,1,1.0,916.0
143,144,80,1,0,0,1.0,731.0
143,144,81,2,0,0,1.0,840.0
143,144,82,1,0,1,1.0,739.0
143,144,83,2,0,1,1.0,918.0
143,144,84,0,1,1,1.0,1057.0
143,144,85,3,1,1,1.0,1080.0
143,144,86,0,1,1,1.0,1029.0
143,144,87,3,1,1,1.0,664.0
143,144,88,0,1,0,1.0,726.0
143,144,89,0,1,1,1.0,639.0
143,144,90,1,0,1,1.0,760.0
143,144,91,2,0,0,1.0,754.0
143,144,92,3,1,1,1.0,1158.0
143,144,93,3,1,1,1.0,960.0
143,144,94,1,0,1,1.0,968.0
143,144,95,2,0,1,1.0,1351.0
143,144,96,2,0,1,1.0,550.0
143,144,97,0,1,1,1.0,714.0
143,144,98,0,1,0,1.0,840.0
143,144,99,3,1,0,1.0,1084.0
143,144,100,2,0,1,1.0,890.0
143,144,101,1,0,1,1.0,845.0
143,144,102,1,0,1,1.0,716.0
143,144,103,3,1,1,1.0,927.0
143,144,104,0,1,1,1.0,1244.0
143,144,105,3,1,1,1.0,1004.0
143,144,106,1,0,1,1.0,707.0
143,144,107,3,1,1,1.0,1010.0
143,144,108,2,0,1,1.0,779.0
143,144,109,2,0,1,1.0,763.0
143,144,110,1,0,1,1.0,1004.0
143,144,111,0,1,1,1.0,889.0
143,144,112,2,0,1,1.0,1486.0
143,144,113,3,1,1,1.0,880.0
143,144,114,1,0,0,1.0,734.0
143,144,115,1,0,1,1.0,662.0
143,144,116,2,0,1,1.0,965.0
143,144,117,0,1,1,1.0,794.0
143,144,118,3,1,0,1.0,684.0
143,144,119,0,1,1,1.0,792.0
144,145,0,2,0,0,0.0,1595.0
144,145,1,0,1,0,0.0,1665.0
144,145,2,1,0,0,1.0,937.0
144,145,3,0,1,0,0.0,919.0
144,145,4,3,0,0,0.0,1544.0
144,145,5,2,1,1,1.0,1083.0
144,145,6,3,0,0,0.0,1061.0
144,145,7,1,1,0,0.0,1092.0
144,145,8,0,0,1,1.0,1115.0
144,145,9,1,1,0,0.0,848.0
144,145,10,3,0,0,0.0,1425.0
144,145,11,0,1,1,0.0,1090.0
144,145,12,1,1,0,0.0,1193.0
144,145,13,3,0,1,0.0,838.0
144,145,14,2,0,0,0.0,1396.0
144,145,15,2,1,0,1.0,689.0
144,145,16,0,0,1,1.0,974.0
144,145,17,0,0,1,1.0,843.0
144,145,18,1,0,1,1.0,1091.0
144,145,19,3,1,1,1.0,1540.0
144,145,20,2,1,1,1.0,897.0
144,145,21,2,1,1,1.0,1062.0
144,145,22,1,0,1,1.0,748.0
144,145,23,3,1,1,1.0,618.0
144,145,24,3,0,0,0.0,582.0
144,145,25,0,1,0,0.0,1066.0
144,145,26,1,0,1,1.0,773.0
144,145,27,2,1,1,1.0,643.0
144,145,28,1,0,1,1.0,974.0
144,145,29,2,1,1,1.0,817.0
144,145,30,3,1,1,1.0,838.0
144,145,31,0,0,1,1.0,807.0
144,145,32,0,1,1,0.0,3016.0
144,145,33,3,1,0,1.0,1111.0
144,145,34,1,1,1,0.0,973.0
144,145,35,3,1,1,1.0,1009.0
144,145,36,2,0,0,0.0,1195.0
144,145,37,2,1,0,1.0,1184.0
144,145,38,0,0,1,1.0,1003.0
144,145,39,1,1,1,0.0,1075.0
144,145,40,3,1,1,1.0,841.0
144,145,41,1,0,1,1.0,919.0
144,145,42,1,0,0,1.0,904.0
144,145,43,0,0,1,1.0,1031.0
144,145,44,2,1,1,1.0,902.0
144,145,45,0,1,0,0.0,893.0
144,145,46,3,1,0,1.0,958.0
144,145,47,2,1,1,1.0,1051.0
144,145,48,1,0,1,1.0,547.0
144,145,49,2,1,1,1.0,901.0
144,145,50,3,0,0,0.0,960.0
144,145,51,1,0,1,1.0,1205.0
144,145,52,0,1,0,0.0,804.0
144,145,53,0,1,0,0.0,805.0
144,145,54,3,1,1,1.0,1298.0
144,145,55,2,1,0,1.0,856.0
144,145,56,3,1,1,1.0,1278.0
144,145,57,0,0,0,1.0,1219.0
144,145,58,1,0,1,1.0,905.0
144,145,59,2,1,1,1.0,768.0
144,145,60,2,1,1,1.0,790.0
144,145,61,3,0,0,0.0,1324.0
144,145,62,0,0,1,1.0,1224.0
144,145,63,1,0,1,1.0,2014.0
144,145,64,2,1,1,1.0,698.0
144,145,65,1,0,1,1.0,1099.0
144,145,66,0,0,1,1.0,1455.0
144,145,67,0,0,1,1.0,1192.0
144,145,68,3,1,1,1.0,802.0
144,145,69,2,1,1,1.0,838.0
144,145,70,1,0,0,1.0,1017.0
144,145,71,3,1,1,1.0,1238.0
144,145,72,2,1,1,1.0,1018.0
144,145,73,0,0,1,1.0,1199.0
144,145,74,3,0,1,0.0,1362.0
144,145,75,1,0,1,1.0,1341.0
144,145,76,1,0,1,1.0,986.0
144,145,77,2,1,0,1.0,691.0
144,145,78,3,1,1,1.0,836.0
144,145,79,0,0,1,1.0,1099.0
144,145,80,2,1,1,1.0,820.0
144,145,81,0,0,0,1.0,1147.0
144,145,82,2,1,1,1.0,737.0
144,145,83,0,0,1,1.0,748.0
144,145,84,3,0,0,0.0,901.0
144,145,85,1,1,0,0.0,1012.0
144,145,86,3,0,0,0.0,898.0
144,145,87,1,1,0,0.0,895.0
144,145,88,3,0,1,0.0,1228.0
144,145,89,1,0,1,1.0,829.0
144,145,90,0,1,0,0.0,749.0
144,145,91,0,0,1,1.0,1302.0
144,145,92,2,0,1,0.0,964.0
144,145,93,1,1,0,0.0,749.0
144,145,94,2,0,0,0.0,2052.0
144,145,95,3,1,0,1.0,1093.0
144,145,96,3,1,1,1.0,1148.0
144,145,97,3,1,0,1.0,1091.0
144,145,98,0,0,1,1.0,1134.0
144,145,99,1,0,1,1.0,1195.0
144,145,100,0,0,0,1.0,894.0
144,145,101,2,1,1,1.0,711.0
144,145,102,1,0,0,1.0,808.0
144,145,103,2,0,1,0.0,684.0
144,145,104,3,1,1,1.0,937.0
144,145,105,0,0,1,1.0,973.0
144,145,106,1,1,0,0.0,1114.0
144,145,107,2,1,1,1.0,849.0
144,145,108,0,1,0,0.0,1036.0
144,145,109,2,1,1,1.0,913.0
144,145,110,3,0,0,0.0,1423.0
144,145,111,1,0,1,1.0,952.0
144,145,112,3,1,1,1.0,901.0
144,145,113,0,0,1,1.0,834.0
144,145,114,2,1,0,1.0,739.0
144,145,115,0,0,1,1.0,864.0
144,145,116,2,1,1,1.0,1226.0
144,145,117,1,0,0,1.0,947.0
144,145,118,1,1,0,0.0,843.0
144,145,119,3,1,1,1.0,1280.0
145,146,0,1,0,1,1.0,1486.0
145,146,1,2,0,1,1.0,1402.0
145,146,2,3,1,0,1.0,1090.0
145,146,3,3,0,1,0.0,1729.0
145,146,4,2,0,1,1.0,1322.0
145,146,5,0,1,0,1.0,933.0
145,146,6,1,1,0,0.0,1254.0
145,146,7,0,1,1,1.0,862.0
145,146,8,1,0,1,1.0,950.0
145,146,9,3,1,1,1.0,1171.0
145,146,10,1,0,0,1.0,1265.0
145,146,11,2,1,0,0.0,1535.0
145,146,12,0,0,0,0.0,1210.0
145,146,13,3,1,1,1.0,1020.0
145,146,14,0,1,1,1.0,827.0
145,146,15,2,0,1,1.0,2626.0
145,146,16,1,1,0,0.0,2257.0
145,146,17,3,0,0,0.0,1642.0
145,146,18,1,0,1,1.0,1796.0
145,146,19,2,0,0,1.0,2616.0
145,146,20,0,1,1,1.0,2964.0
145,146,21,3,1,1,1.0,1231.0
145,146,22,0,0,0,0.0,1902.0
145,146,23,2,0,1,1.0,1046.0
145,146,24,1,0,1,1.0,1212.0
145,146,25,0,1,1,1.0,1233.0
145,146,26,1,0,1,1.0,875.0
145,146,27,3,1,1,1.0,916.0
145,146,28,0,1,1,1.0,1179.0
145,146,29,3,1,1,1.0,1349.0
145,146,30,2,0,0,1.0,825.0
145,146,31,2,0,1,1.0,853.0
145,146,32,2,1,0,0.0,3301.0
145,146,33,3,1,1,1.0,1065.0
145,146,34,0,0,0,0.0,1797.0
145,146,35,3,1,0,1.0,847.0
145,146,36,1,0,1,1.0,706.0
145,146,37,0,1,1,1.0,915.0
145,146,38,2,0,1,1.0,1005.0
145,146,39,1,0,0,1.0,827.0
145,146,40,1,0,1,1.0,681.0
145,146,41,3,0,0,0.0,1322.0
145,146,42,0,0,1,0.0,1472.0
145,146,43,2,1,0,0.0,1059.0
145,146,44,1,0,0,1.0,1525.0
145,146,45,3,1,1,1.0,837.0
145,146,46,0,0,0,0.0,756.0
145,146,47,2,0,1,1.0,1820.0
145,146,48,3,0,0,0.0,1638.0
145,146,49,3,1,1,1.0,1014.0
145,146,50,0,1,1,1.0,986.0
145,146,51,2,0,1,1.0,643.0
145,146,52,2,0,0,1.0,1290.0
145,146,53,0,1,0,1.0,921.0
145,146,54,1,0,1,1.0,1248.0
145,146,55,1,0,1,1.0,821.0
145,146,56,3,1,1,1.0,1907.0
145,146,57,2,0,1,1.0,1089.0
145,146,58,0,0,0,0.0,1804.0
145,146,59,3,1,1,1.0,1318.0
145,146,60,1,0,1,1.0,1036.0
145,146,61,2,1,0,0.0,1288.0
145,146,62,0,0,0,0.0,1375.0
145,146,63,1,0,1,1.0,2855.0
145,146,64,3,1,0,1.0,1097.0
145,146,65,0,1,1,1.0,1059.0
145,146,66,1,0,1,1.0,696.0
145,146,67,0,0,0,0.0,615.0
145,146,68,1,0,0,1.0,1059.0
145,146,69,2,1,0,0.0,1059.0
145,146,70,3,0,0,0.0,677.0
145,146,71,2,1,0,0.0,2785.0
145,146,72,0,0,1,0.0,1283.0
145,146,73,1,0,1,1.0,1098.0
145,146,74,2,0,1,1.0,813.0
145,146,75,3,0,1,0.0,987.0
145,146,76,3,1,1,1.0,1506.0
145,146,77,1,0,1,1.0,901.0
145,146,78,0,1,1,1.0,1473.0
145,146,79,2,0,1,1.0,1516.0
145,146,80,1,0,1,1.0,810.0
145,146,81,2,0,1,1.0,695.0
145,146,82,1,0,1,1.0,1205.0
145,146,83,2,0,1,1.0,1242.0
145,146,84,0,1,0,1.0,1258.0
145,146,85,3,1,1,1.0,1455.0
145,146,86,0,0,1,0.0,702.0
145,146,87,3,1,1,1.0,1517.0
145,146,88,0,0,0,0.0,970.0
145,146,89,0,1,1,1.0,796.0
145,146,90,1,0,0,1.0,674.0
145,146,91,2,0,1,1.0,913.0
145,146,92,3,0,0,0.0,1259.0
145,146,93,3,0,0,0.0,1754.0
145,146,94,1,0,1,1.0,1266.0
145,146,95,2,1,0,0.0,887.0
145,146,96,2,0,1,1.0,666.0
145,146,97,0,0,0,0.0,1603.0
145,146,98,0,0,0,0.0,904.0
145,146,99,3,1,1,1.0,1116.0
145,146,100,2,0,0,1.0,646.0
145,146,101,1,0,1,1.0,807.0
145,146,102,1,0,1,1.0,1003.0
145,146,103,3,1,0,1.0,772.0
145,146,104,0,0,0,0.0,1892.0
145,146,105,3,1,1,1.0,884.0
145,146,106,1,0,1,1.0,1018.0
145,146,107,3,1,1,1.0,1204.0
145,146,108,2,0,1,1.0,825.0
145,146,109,2,1,1,0.0,1380.0
145,146,110,1,0,1,1.0,730.0
145,146,111,0,0,0,0.0,1847.0
145,146,112,2,0,0,1.0,914.0
145,146,113,3,1,1,1.0,1050.0
145,146,114,1,0,1,1.0,1122.0
145,146,115,1,0,1,1.0,603.0
145,146,116,2,0,1,1.0,1013.0
145,146,117,0,0,0,0.0,1204.0
145,146,118,3,1,1,1.0,1222.0
145,146,119,0,0,0,0.0,859.0
146,147,1,0,1,0,0.0,3061.0
146,147,2,1,0,0,1.0,2336.0
146,147,3,0,1,0,0.0,1071.0
146,147,4,3,0,0,0.0,1388.0
146,147,5,2,1,1,1.0,1314.0
146,147,6,3,0,0,0.0,1427.0
146,147,7,1,1,0,0.0,1763.0
146,147,8,0,0,1,1.0,1476.0
146,147,9,1,0,1,1.0,2670.0
146,147,10,3,0,0,0.0,1566.0
146,147,11,0,1,1,0.0,1478.0
146,147,12,1,0,1,1.0,1810.0
146,147,13,3,0,1,0.0,922.0
146,147,14,2,1,0,1.0,764.0
146,147,15,2,1,1,1.0,603.0
146,147,16,0,0,1,1.0,915.0
146,147,17,0,0,1,1.0,1338.0
146,147,18,1,1,0,0.0,1660.0
146,147,19,3,1,1,1.0,1275.0
146,147,20,2,1,1,1.0,1542.0
146,147,21,2,1,1,1.0,729.0
146,147,22,1,0,1,1.0,1391.0
146,147,23,3,0,0,0.0,1403.0
146,147,24,3,0,0,0.0,687.0
146,147,25,0,1,0,0.0,1478.0
146,147,26,1,1,0,0.0,1317.0
146,147,27,2,1,1,1.0,721.0
146,147,28,1,0,1,1.0,876.0
146,147,29,2,1,0,1.0,781.0
146,147,30,3,0,0,0.0,971.0
146,147,31,0,0,1,1.0,1059.0
146,147,32,0,1,1,0.0,1962.0
146,147,33,3,0,1,0.0,1109.0
146,147,34,1,0,1,1.0,1465.0
146,147,35,3,0,0,0.0,882.0
146,147,36,2,1,1,1.0,500.0
146,147,37,2,0,0,0.0,623.0
146,147,38,0,1,0,0.0,1721.0
146,147,39,1,1,1,0.0,2356.0
146,147,40,3,0,0,0.0,1424.0
146,147,41,1,0,0,1.0,1240.0
146,147,42,1,1,1,0.0,1154.0
146,147,43,0,0,1,1.0,1498.0
146,147,44,2,1,1,1.0,649.0
146,147,45,0,0,1,1.0,2181.0
146,147,46,3,1,1,1.0,1268.0
146,147,47,2,1,1,1.0,689.0
146,147,48,1,0,1,1.0,1926.0
146,147,49,2,1,0,1.0,702.0
146,147,50,3,1,1,1.0,609.0
146,147,51,1,0,1,1.0,1074.0
146,147,52,0,0,0,1.0,1334.0
146,147,53,0,1,0,0.0,547.0
146,147,54,3,1,0,1.0,1124.0
146,147,55,2,1,1,1.0,773.0
146,147,56,3,1,1,1.0,691.0
146,147,57,0,0,1,1.0,875.0
146,147,58,1,0,1,1.0,1253.0
146,147,59,2,1,1,1.0,453.0
146,147,60,2,1,1,1.0,619.0
146,147,61,3,1,1,1.0,706.0
146,147,62,0,0,1,1.0,555.0
146,147,63,1,0,1,1.0,2496.0
146,147,64,2,1,1,1.0,825.0
146,147,65,1,0,1,1.0,1064.0
146,147,66,0,0,1,1.0,1004.0
146,147,67,0,0,1,1.0,958.0
146,147,68,3,1,0,1.0,1621.0
146,147,69,2,1,1,1.0,543.0
146,147,70,1,0,0,1.0,817.0
146,147,71,3,1,1,1.0,585.0
146,147,72,2,1,0,1.0,506.0
146,147,73,0,0,1,1.0,658.0
146,147,74,3,1,1,1.0,896.0
146,147,75,1,0,1,1.0,1370.0
146,147,76,1,0,1,1.0,1025.0
146,147,77,2,1,1,1.0,561.0
146,147,78,3,1,1,1.0,1761.0
146,147,79,0,0,0,1.0,818.0
146,147,80,2,1,1,1.0,535.0
146,147,81,0,0,1,1.0,669.0
146,147,82,2,1,1,1.0,860.0
146,147,83,0,0,1,1.0,878.0
146,147,84,3,0,1,0.0,803.0
146,147,85,1,0,1,1.0,816.0
146,147,86,3,1,1,1.0,691.0
146,147,87,1,0,1,1.0,1503.0
146,147,88,3,1,1,1.0,655.0
146,147,89,1,0,0,1.0,908.0
146,147,90,0,0,1,1.0,1082.0
146,147,91,0,0,0,1.0,1088.0
146,147,92,2,1,1,1.0,790.0
146,147,93,1,0,1,1.0,857.0
146,147,94,2,1,1,1.0,1087.0
146,147,95,3,1,0,1.0,1318.0
146,147,96,3,1,1,1.0,617.0
146,147,97,3,1,0,1.0,652.0
146,147,98,0,0,1,1.0,599.0
146,147,99,1,0,0,1.0,660.0
146,147,100,0,0,1,1.0,828.0
146,147,101,2,1,0,1.0,693.0
146,147,102,1,0,1,1.0,704.0
146,147,103,2,1,1,1.0,549.0
146,147,104,3,1,1,1.0,898.0
146,147,105,0,0,1,1.0,645.0
146,147,106,1,0,1,1.0,828.0
146,147,107,2,1,1,1.0,548.0
146,147,108,0,0,0,1.0,1735.0
146,147,109,2,1,1,1.0,502.0
146,147,110,3,0,0,0.0,634.0
146,147,111,1,0,1,1.0,832.0
146,147,112,3,1,1,1.0,1100.0
146,147,113,0,0,1,1.0,997.0
146,147,114,2,1,1,1.0,901.0
146,147,115,0,0,1,1.0,822.0
146,147,116,2,1,0,1.0,732.0
146,147,117,1,0,1,1.0,1096.0
146,147,118,1,0,1,1.0,872.0
146,147,119,3,1,1,1.0,883.0
147,148,0,3,1,1,1.0,2527.0
147,148,1,1,0,1,0.0,1204.0
147,148,2,0,0,0,1.0,956.0
147,148,3,0,1,0,0.0,518.0
147,148,4,2,0,0,1.0,991.0
147,148,5,1,0,0,0.0,1057.0
147,148,6,2,1,0,0.0,509.0
147,148,7,3,0,1,0.0,666.0
147,148,8,0,0,1,1.0,853.0
147,148,9,3,0,0,0.0,763.0
147,148,10,3,1,1,1.0,1032.0
147,148,11,0,0,1,1.0,999.0
147,148,12,1,1,0,1.0,1101.0
147,148,13,1,0,0,0.0,541.0
147,148,14,2,0,1,1.0,864.0
147,148,15,2,0,1,1.0,567.0
147,148,16,0,1,0,0.0,2694.0
147,148,17,1,0,0,0.0,742.0
147,148,18,2,0,1,1.0,595.0
147,148,19,3,0,0,0.0,1243.0
147,148,20,0,1,1,0.0,855.0
147,148,21,3,1,0,1.0,884.0
147,148,22,2,0,1,1.0,510.0
147,148,23,1,1,1,1.0,2479.0
147,148,24,3,0,0,0.0,1450.0
147,148,25,1,1,1,1.0,1162.0
147,148,26,3,1,1,1.0,2582.0
147,148,27,2,0,1,1.0,673.0
147,148,28,0,1,0,0.0,2994.0
147,148,29,0,0,1,1.0,467.0
147,148,30,1,1,1,1.0,1004.0
147,148,31,2,0,0,1.0,905.0
147,148,32,3,1,1,1.0,2265.0
147,148,33,2,0,1,1.0,522.0
147,148,34,0,0,1,1.0,1444.0
147,148,35,3,1,1,1.0,1010.0
147,148,36,1,1,1,1.0,603.0
147,148,37,1,1,1,1.0,848.0
147,148,38,0,1,0,0.0,1413.0
147,148,39,2,0,1,1.0,598.0
147,148,40,1,1,1,1.0,679.0
147,148,41,0,0,0,1.0,2596.0
147,148,42,1,1,1,1.0,724.0
147,148,43,3,0,0,0.0,2244.0
147,148,44,0,1,1,0.0,959.0
147,148,45,2,0,1,1.0,545.0
147,148,46,2,0,1,1.0,1052.0
147,148,47,3,1,0,1.0,2012.0
147,148,48,1,0,0,0.0,1201.0
147,148,49,0,0,1,1.0,1526.0
147,148,50,2,0,1,1.0,661.0
147,148,51,1,1,0,1.0,1173.0
147,148,52,0,0,1,1.0,665.0
147,148,53,3,1,1,1.0,601.0
147,148,54,2,0,1,1.0,523.0
147,148,55,3,1,1,1.0,1011.0
147,148,56,3,1,1,1.0,797.0
147,148,57,0,0,1,1.0,1672.0
147,148,58,1,1,1,1.0,942.0
147,148,59,0,0,1,1.0,1041.0
147,148,60,2,0,0,1.0,516.0
147,148,61,2,0,1,1.0,620.0
147,148,62,3,1,1,1.0,1112.0
147,148,63,1,1,1,1.0,2501.0
147,148,64,3,1,1,1.0,834.0
147,148,65,0,0,0,1.0,904.0
147,148,66,1,1,0,1.0,580.0
147,148,67,1,1,1,1.0,564.0
147,148,68,3,1,0,1.0,2705.0
147,148,69,2,0,1,1.0,996.0
147,148,70,2,1,0,0.0,480.0
147,148,71,0,0,1,1.0,1413.0
147,148,72,3,1,1,1.0,662.0
147,148,73,2,0,0,1.0,571.0
147,148,74,0,1,0,0.0,1397.0
147,148,75,1,0,1,0.0,1363.0
147,148,76,1,1,1,1.0,697.0
147,148,77,3,0,0,0.0,952.0
147,148,78,0,0,1,1.0,1062.0
147,148,79,2,0,1,1.0,1191.0
147,148,80,0,1,0,0.0,882.0
147,148,81,0,1,0,0.0,567.0
147,148,82,2,0,1,1.0,957.0
147,148,83,1,0,0,0.0,829.0
147,148,84,1,1,1,1.0,656.0
147,148,85,2,0,1,1.0,560.0
147,148,86,3,0,1,0.0,905.0
147,148,87,3,1,1,1.0,671.0
147,148,88,3,1,1,1.0,663.0
147,148,89,1,0,0,0.0,1682.0
147,148,90,0,0,1,1.0,1584.0
147,148,91,0,0,0,1.0,536.0
147,148,92,2,0,1,1.0,966.0
147,148,93,2,1,1,0.0,503.0
147,148,94,3,1,0,1.0,2772.0
147,148,95,1,1,1,1.0,1097.0
147,148,96,0,0,1,1.0,955.0
147,148,97,2,0,1,1.0,412.0
147,148,98,1,1,1,1.0,1062.0
147,148,99,1,0,0,0.0,673.0
147,148,100,2,0,0,1.0,667.0
147,148,101,3,1,1,1.0,630.0
147,148,102,3,0,0,0.0,1193.0
147,148,103,0,0,1,1.0,708.0
147,148,104,2,0,1,1.0,1042.0
147,148,105,3,1,1,1.0,703.0
147,148,106,1,1,1,1.0,977.0
147,148,107,3,1,1,1.0,697.0
147,148,108,2,0,0,1.0,597.0
147,148,109,0,0,1,1.0,760.0
147,148,110,0,1,0,0.0,1171.0
147,148,111,1,1,0,1.0,976.0
147,148,112,2,0,1,1.0,531.0
147,148,113,3,0,0,0.0,879.0
147,148,114,1,0,0,0.0,789.0
147,148,115,0,1,1,0.0,818.0
147,148,116,3,1,1,1.0,1353.0
147,148,117,1,1,1,1.0,466.0
147,148,118,2,0,1,1.0,864.0
147,148,119,0,0,1,1.0,877.0
148,149,0,1,0,1,1.0,2799.0
148,149,1,2,1,0,0.0,1799.0
148,149,2,3,1,0,1.0,1687.0
148,149,3,3,0,1,0.0,386.0
148,149,4,2,0,1,1.0,1043.0
148,149,5,0,0,0,0.0,1091.0
148,149,6,1,0,1,1.0,1443.0
148,149,7,0,0,0,0.0,1133.0
148,149,8,1,0,0,1.0,757.0
148,149,9,3,1,1,1.0,681.0
148,149,10,1,0,1,1.0,1628.0
148,149,11,2,0,1,1.0,2002.0
148,149,12,0,1,0,1.0,989.0
148,149,13,3,0,0,0.0,575.0
148,149,14,0,0,0,0.0,1275.0
148,149,15,2,0,1,1.0,1320.0
148,149,16,1,0,1,1.0,1079.0
148,149,17,3,0,0,0.0,1037.0
148,149,18,1,0,1,1.0,976.0
148,149,19,2,0,0,1.0,933.0
148,149,20,0,1,1,1.0,1212.0
148,149,21,3,1,1,1.0,718.0
148,149,22,0,0,1,0.0,1000.0
148,149,23,2,0,1,1.0,1244.0
148,149,24,1,0,1,1.0,2069.0
148,149,25,0,0,0,0.0,683.0
148,149,26,1,0,0,1.0,827.0
148,149,27,3,1,1,1.0,933.0
148,149,28,0,1,1,1.0,1117.0
148,149,29,3,1,1,1.0,852.0
148,149,30,2,0,0,1.0,565.0
148,149,31,2,0,1,1.0,921.0
148,149,32,2,0,1,1.0,1768.0
148,149,33,3,1,1,1.0,1236.0
148,149,34,0,1,1,1.0,1052.0
148,149,35,3,1,1,1.0,1562.0
148,149,36,1,0,1,1.0,940.0
148,149,37,0,0,0,0.0,1039.0
148,149,38,2,0,1,1.0,974.0
148,149,39,1,0,0,1.0,758.0
148,149,40,1,0,1,1.0,863.0
148,149,41,3,1,0,1.0,1210.0
148,149,42,0,1,1,1.0,1944.0
148,149,43,2,0,1,1.0,894.0
148,149,44,1,0,1,1.0,914.0
148,149,45,3,1,1,1.0,1045.0
148,149,46,0,0,0,0.0,835.0
148,149,47,2,0,0,1.0,726.0
148,149,48,3,1,1,1.0,1243.0
148,149,49,3,0,0,0.0,1154.0
148,149,50,0,1,1,1.0,1026.0
148,149,51,2,0,1,1.0,733.0
148,149,52,2,0,1,1.0,1282.0
148,149,53,0,1,1,1.0,883.0
148,149,54,1,0,1,1.0,1133.0
148,149,55,1,0,1,1.0,929.0
148,149,56,3,1,1,1.0,880.0
148,149,57,2,0,1,1.0,604.0
148,149,58,0,1,1,1.0,758.0
148,149,59,3,1,1,1.0,1483.0
148,149,60,1,0,1,1.0,798.0
148,149,61,2,0,1,1.0,941.0
148,149,62,0,1,0,1.0,810.0
148,149,63,1,0,0,1.0,2109.0
148,149,64,3,1,0,1.0,822.0
148,149,65,0,0,0,0.0,903.0
148,149,66,1,0,1,1.0,1162.0
148,149,67,0,1,1,1.0,921.0
148,149,68,1,0,1,1.0,910.0
148,149,69,2,0,1,1.0,983.0
148,149,70,3,1,1,1.0,1103.0
148,149,71,2,0,1,1.0,981.0
148,149,72,0,1,1,1.0,1123.0
148,149,73,1,0,1,1.0,908.0
148,149,74,2,0,1,1.0,1035.0
148,149,75,3,1,1,1.0,987.0
148,149,76,3,1,1,1.0,1119.0
148,149,77,1,0,1,1.0,839.0
148,149,78,0,1,0,1.0,1448.0
148,149,79,2,0,0,1.0,757.0
148,149,80,1,0,0,1.0,643.0
148,149,81,2,1,0,0.0,914.0
148,149,82,1,0,1,1.0,754.0
148,149,83,2,0,1,1.0,1226.0
148,149,84,0,1,1,1.0,1489.0
148,149,85,3,1,1,1.0,993.0
148,149,86,0,1,1,1.0,1159.0
148,149,87,3,0,0,0.0,1069.0
148,149,88,0,1,1,1.0,918.0
148,149,89,0,1,1,1.0,999.0
148,149,90,1,0,1,1.0,998.0
148,149,91,2,0,0,1.0,1053.0
148,149,92,3,1,0,1.0,905.0
148,149,93,3,1,1,1.0,1846.0
148,149,94,1,0,1,1.0,1873.0
148,149,95,2,0,1,1.0,907.0
148,149,96,2,0,1,1.0,998.0
148,149,97,0,1,1,1.0,845.0
148,149,98,0,1,1,1.0,1007.0
148,149,99,3,1,1,1.0,1675.0
148,149,100,2,0,1,1.0,990.0
148,149,101,1,0,1,1.0,1123.0
148,149,102,1,0,1,1.0,537.0
148,149,103,3,1,1,1.0,833.0
148,149,104,0,1,0,1.0,1391.0
148,149,105,3,1,1,1.0,1311.0
148,149,106,1,0,1,1.0,1026.0
148,149,107,3,1,1,1.0,2219.0
148,149,108,2,0,1,1.0,1156.0
148,149,109,2,0,1,1.0,859.0
148,149,110,1,0,1,1.0,1405.0
148,149,111,0,1,1,1.0,860.0
148,149,112,2,0,1,1.0,888.0
148,149,113,3,1,0,1.0,1531.0
148,149,114,1,0,0,1.0,1185.0
148,149,115,1,0,1,1.0,638.0
148,149,116,2,0,1,1.0,1201.0
148,149,117,0,1,1,1.0,860.0
148,149,118,3,1,0,1.0,1200.0
148,149,119,0,1,0,1.0,1126.0
149,150,0,2,0,0,0.0,1786.0
149,150,1,0,1,0,0.0,1635.0
149,150,2,1,1,0,0.0,1345.0
149,150,3,0,0,1,1.0,1218.0
149,150,4,3,1,1,1.0,1009.0
149,150,5,2,0,0,0.0,998.0
149,150,6,3,1,1,1.0,892.0
149,150,7,1,1,0,0.0,1103.0
149,150,8,0,0,1,1.0,732.0
149,150,9,1,1,0,0.0,1533.0
149,150,10,3,1,1,1.0,922.0
149,150,11,0,0,1,1.0,3330.0
149,150,12,1,0,0,1.0,1735.0
149,150,13,3,1,0,1.0,668.0
149,150,14,2,1,1,1.0,1005.0
149,150,15,2,1,0,1.0,636.0
149,150,16,0,1,0,0.0,1824.0
149,150,17,0,0,1,1.0,1345.0
149,150,18,1,0,1,1.0,2011.0
149,150,19,3,1,1,1.0,2569.0
149,150,20,2,0,0,0.0,2365.0
149,150,21,2,1,1,1.0,1974.0
149,150,22,1,1,1,0.0,2473.0
149,150,23,3,1,1,1.0,2306.0
149,150,24,3,1,0,1.0,672.0
149,150,25,0,0,1,1.0,1452.0
149,150,26,1,1,1,0.0,1281.0
149,150,27,2,1,1,1.0,1531.0
149,150,28,1,0,1,1.0,1368.0
149,150,29,2,1,1,1.0,1289.0
149,150,30,3,1,1,1.0,1050.0
149,150,31,0,0,1,1.0,905.0
149,150,32,0,0,0,1.0,2330.0
149,150,33,3,1,1,1.0,1038.0
149,150,34,1,0,1,1.0,1086.0
149,150,35,3,1,1,1.0,721.0
149,150,36,2,1,1,1.0,1577.0
149,150,37,2,1,0,1.0,1202.0
149,150,38,0,0,1,1.0,4442.0
149,150,39,1,0,1,1.0,2215.0
149,150,40,3,1,1,1.0,724.0
149,150,41,1,0,1,1.0,2782.0
149,150,42,1,0,0,1.0,1386.0
149,150,43,0,0,1,1.0,1903.0
149,150,44,2,1,1,1.0,2493.0
149,150,45,0,0,1,1.0,3722.0
149,150,46,3,1,1,1.0,871.0
149,150,47,2,1,1,1.0,1731.0
149,150,48,1,0,1,1.0,2688.0
149,150,49,2,1,1,1.0,1231.0
149,150,50,3,1,0,1.0,647.0
149,150,51,1,0,1,1.0,1037.0
149,150,52,0,0,1,1.0,1887.0
149,150,53,0,1,1,0.0,1667.0
149,150,54,3,0,0,0.0,1001.0
149,150,55,2,1,0,1.0,1567.0
149,150,56,3,1,1,1.0,958.0
149,150,57,0,0,1,1.0,1817.0
149,150,58,1,0,1,1.0,1279.0
149,150,59,2,1,1,1.0,483.0
149,150,60,2,1,1,1.0,802.0
149,150,61,3,1,0,1.0,664.0
149,150,62,0,0,0,1.0,735.0
149,150,63,1,0,1,1.0,1245.0
149,150,64,2,1,1,1.0,746.0
149,150,65,1,0,1,1.0,1083.0
149,150,66,0,0,1,1.0,979.0
149,150,67,0,1,0,0.0,1300.0
149,150,68,3,1,1,1.0,830.0
149,150,69,2,1,1,1.0,2326.0
149,150,70,1,0,0,1.0,1456.0
149,150,71,3,1,1,1.0,974.0
149,150,72,2,1,1,1.0,1919.0
149,150,73,0,0,1,1.0,1501.0
149,150,74,3,1,1,1.0,3237.0
149,150,75,1,1,0,0.0,2589.0
149,150,76,1,0,1,1.0,691.0
149,150,77,2,1,0,1.0,1224.0
149,150,78,3,1,1,1.0,1261.0
149,150,79,0,1,1,0.0,619.0
149,150,80,2,1,1,1.0,1127.0
149,150,81,0,0,1,1.0,952.0
149,150,82,2,1,1,1.0,1345.0
149,150,83,0,0,0,1.0,1355.0
149,150,84,3,0,0,0.0,1396.0
149,150,85,1,0,1,1.0,1002.0
149,150,86,3,1,0,1.0,1064.0
149,150,87,1,0,1,1.0,1683.0
149,150,88,3,0,0,0.0,778.0
149,150,89,1,0,1,1.0,1506.0
149,150,90,0,0,1,1.0,869.0
149,150,91,0,1,0,0.0,1590.0
149,150,92,2,1,1,1.0,3594.0
149,150,93,1,0,0,1.0,1316.0
149,150,94,2,1,1,1.0,1731.0
149,150,95,3,1,1,1.0,755.0
149,150,96,3,0,1,0.0,373.0
149,150,97,3,1,1,1.0,712.0
149,150,98,0,0,1,1.0,859.0
149,150,99,1,0,1,1.0,981.0
149,150,100,0,0,1,1.0,699.0
149,150,101,2,1,1,1.0,712.0
149,150,102,1,0,0,1.0,662.0
149,150,103,2,1,0,1.0,691.0
149,150,104,3,1,1,1.0,1018.0
149,150,105,0,1,0,0.0,1318.0
149,150,106,1,0,1,1.0,1513.0
149,150,107,2,0,1,0.0,1012.0
149,150,108,0,1,0,0.0,703.0
149,150,109,2,1,1,1.0,1645.0
149,150,110,3,1,1,1.0,699.0
149,150,111,1,0,1,1.0,1592.0
149,150,112,3,1,1,1.0,586.0
149,150,113,0,0,0,1.0,2127.0
149,150,114,2,1,1,1.0,336.0
149,150,115,0,1,0,0.0,1232.0
149,150,116,2,1,1,1.0,424.0
149,150,117,1,0,1,1.0,789.0
149,150,118,1,0,1,1.0,1800.0
149,150,119,3,1,0,1.0,960.0
150,151,0,3,0,1,0.0,1387.0
150,151,1,1,1,0,1.0,1435.0
150,151,2,0,0,0,1.0,1233.0
150,151,3,0,1,0,0.0,876.0
150,151,4,2,0,0,1.0,1597.0
150,151,5,1,0,1,0.0,2056.0
150,151,6,2,0,1,1.0,1020.0
150,151,7,3,1,1,1.0,1177.0
150,151,8,0,1,0,0.0,670.0
150,151,9,3,0,0,0.0,2242.0
150,151,10,3,0,0,0.0,2432.0
150,151,11,0,1,1,0.0,2533.0
150,151,12,1,0,0,0.0,1619.0
150,151,13,1,1,1,1.0,831.0
150,151,14,2,1,0,0.0,2778.0
150,151,15,2,0,1,1.0,2430.0
150,151,16,0,1,0,0.0,1689.0
150,151,17,1,0,0,0.0,1884.0
150,151,18,2,1,0,0.0,2497.0
150,151,19,3,0,0,0.0,928.0
150,151,20,0,1,0,0.0,501.0
150,151,21,3,0,0,0.0,386.0
150,151,22,2,0,1,1.0,1005.0
150,151,23,1,1,1,1.0,2886.0
150,151,24,3,0,0,0.0,1244.0
150,151,25,1,1,1,1.0,1334.0
150,151,26,3,0,1,0.0,1403.0
150,151,27,2,1,1,0.0,1623.0
150,151,28,0,0,1,1.0,1564.0
150,151,29,0,1,1,0.0,1311.0
150,151,30,1,0,0,0.0,1412.0
150,151,31,2,1,0,0.0,1365.0
150,151,32,3,1,1,1.0,1205.0
150,151,33,2,0,1,1.0,1003.0
150,151,34,0,1,0,0.0,1058.0
150,151,35,3,0,0,0.0,1372.0
150,151,36,1,1,1,1.0,971.0
150,151,37,1,1,1,1.0,844.0
150,151,38,0,0,1,1.0,1293.0
150,151,39,2,1,0,0.0,2054.0
150,151,40,1,0,0,0.0,1189.0
150,151,41,0,1,0,0.0,1393.0
150,151,42,1,0,1,0.0,1230.0
150,151,43,3,1,0,1.0,644.0
150,151,44,0,1,0,0.0,1709.0
150,151,45,2,0,1,1.0,668.0
150,151,46,2,0,0,1.0,588.0
150,151,47,3,1,1,1.0,1602.0
150,151,48,1,1,1,1.0,893.0
150,151,49,0,1,0,0.0,1316.0
150,151,50,2,0,1,1.0,681.0
150,151,51,1,1,1,1.0,808.0
150,151,52,0,0,1,1.0,1172.0
150,151,53,3,1,1,1.0,1147.0
150,151,54,2,0,1,1.0,705.0
150,151,55,3,1,1,1.0,871.0
150,151,56,3,1,0,1.0,841.0
150,151,57,0,0,1,1.0,835.0
150,151,58,1,1,0,1.0,772.0
150,151,59,0,0,0,1.0,719.0
150,151,60,2,0,1,1.0,1211.0
150,151,61,2,0,1,1.0,712.0
150,151,62,3,1,1,1.0,640.0
150,151,63,1,0,0,0.0,913.0
150,151,64,3,1,1,1.0,969.0
150,151,65,0,1,1,0.0,895.0
150,151,66,1,0,0,0.0,1915.0
150,151,67,1,1,1,1.0,1232.0
150,151,68,3,0,0,0.0,1076.0
150,151,69,2,0,1,1.0,903.0
150,151,70,2,1,0,0.0,1602.0
150,151,71,0,1,0,0.0,1468.0
150,151,72,3,0,0,0.0,1407.0
150,151,73,2,0,1,1.0,1367.0
150,151,74,0,0,1,1.0,495.0
150,151,75,1,1,1,1.0,625.0
150,151,76,1,0,0,0.0,1107.0
150,151,77,3,0,0,0.0,943.0
150,151,78,0,0,1,1.0,1082.0
150,151,79,2,0,0,1.0,702.0
150,151,80,0,1,0,0.0,1990.0
150,151,81,0,0,1,1.0,889.0
150,151,82,2,0,1,1.0,2154.0
150,151,83,1,1,0,1.0,702.0
150,151,84,1,0,0,0.0,901.0
150,151,85,2,0,1,1.0,946.0
150,151,86,3,1,1,1.0,790.0
150,151,87,3,1,1,1.0,956.0
150,151,88,3,0,0,0.0,1440.0
150,151,89,1,1,1,1.0,764.0
150,151,90,0,0,1,1.0,1047.0
150,151,91,0,1,0,0.0,1518.0
150,151,92,2,0,0,1.0,722.0
150,151,93,2,0,1,1.0,1238.0
150,151,94,3,1,1,1.0,908.0
150,151,95,1,0,0,0.0,773.0
150,151,96,0,0,0,1.0,1300.0
150,151,97,2,1,1,0.0,920.0
150,151,98,1,1,1,1.0,855.0
150,151,99,1,0,0,0.0,945.0
150,151,100,2,0,1,1.0,786.0
150,151,101,3,1,0,1.0,711.0
150,151,102,3,0,0,0.0,1004.0
150,151,103,0,1,1,0.0,1362.0
150,151,104,2,0,1,1.0,920.0
150,151,105,3,1,1,1.0,662.0
150,151,106,1,0,0,0.0,862.0
150,151,107,3,1,1,1.0,956.0
150,151,108,2,0,1,1.0,1231.0
150,151,109,0,1,0,0.0,988.0
150,151,110,0,0,1,1.0,469.0
150,151,111,1,1,1,1.0,840.0
150,151,112,2,0,1,1.0,1357.0
150,151,113,3,1,1,1.0,731.0
150,151,114,1,0,1,0.0,1260.0
150,151,115,0,1,0,0.0,2183.0
150,151,116,3,1,0,1.0,1569.0
150,151,117,1,0,0,0.0,556.0
150,151,118,2,0,0,1.0,1067.0
150,151,119,0,1,0,0.0,663.0
151,152,0,0,0,1,1.0,3074.0
151,152,1,1,1,0,1.0,1052.0
151,152,2,3,1,0,0.0,1185.0
151,152,3,2,1,1,1.0,1473.0
151,152,4,3,0,1,1.0,647.0
151,152,5,0,0,1,1.0,1053.0
151,152,6,2,1,1,1.0,776.0
151,152,7,1,0,1,0.0,869.0
151,152,8,1,0,0,0.0,521.0
151,152,9,2,1,1,1.0,1311.0
151,152,10,3,0,1,1.0,949.0
151,152,11,3,0,0,1.0,827.0
151,152,12,0,0,1,1.0,953.0
151,152,13,0,1,0,0.0,670.0
151,152,14,2,1,1,1.0,965.0
151,152,15,1,0,0,0.0,945.0
151,152,16,2,1,1,1.0,1532.0
151,152,17,3,0,1,1.0,1047.0
151,152,18,0,0,1,1.0,1252.0
151,152,19,1,0,0,0.0,1007.0
151,152,20,0,0,1,1.0,1336.0
151,152,21,3,0,1,1.0,767.0
151,152,22,1,0,0,0.0,1291.0
151,152,23,2,1,1,1.0,1043.0
151,152,24,3,0,1,1.0,1310.0
151,152,25,1,1,1,1.0,540.0
151,152,26,2,1,0,1.0,858.0
151,152,27,0,0,1,1.0,1122.0
151,152,28,1,1,1,1.0,1089.0
151,152,29,0,0,0,1.0,882.0
151,152,30,3,0,1,1.0,918.0
151,152,31,2,0,0,0.0,719.0
151,152,32,2,0,0,0.0,2098.0
151,152,33,3,0,0,1.0,1498.0
151,152,34,3,1,0,0.0,555.0
151,152,35,1,0,1,0.0,1242.0
151,152,36,2,0,0,0.0,1533.0
151,152,37,0,1,0,0.0,2905.0
151,152,38,1,1,1,1.0,1684.0
151,152,39,0,1,1,0.0,1715.0
151,152,40,1,1,1,1.0,798.0
151,152,41,3,0,1,1.0,1561.0
151,152,42,1,1,1,1.0,809.0
151,152,43,3,0,1,1.0,1565.0
151,152,44,2,1,1,1.0,1924.0
151,152,45,0,1,0,0.0,1370.0
151,152,46,0,0,1,1.0,547.0
151,152,47,2,1,1,1.0,1157.0
151,152,48,3,1,0,0.0,960.0
151,152,49,0,1,0,0.0,802.0
151,152,50,3,0,0,1.0,1345.0
151,152,51,2,1,0,1.0,4000.0
151,152,52,1,1,1,1.0,878.0
151,152,53,1,1,1,1.0,984.0
151,152,54,2,0,1,0.0,1149.0
151,152,55,0,0,1,1.0,918.0
151,152,56,1,1,0,1.0,1153.0
151,152,57,2,0,0,0.0,1045.0
151,152,58,1,0,0,0.0,919.0
151,152,59,0,0,1,1.0,984.0
151,152,60,2,1,1,1.0,731.0
151,152,61,0,0,1,1.0,867.0
151,152,62,3,0,1,1.0,592.0
151,152,63,3,0,1,1.0,1608.0
151,152,64,3,0,1,1.0,614.0
151,152,65,2,1,1,1.0,697.0
151,152,66,1,1,1,1.0,450.0
151,152,67,0,0,0,1.0,506.0
151,152,68,1,0,0,0.0,1200.0
151,152,69,2,1,1,1.0,608.0
151,152,70,3,0,1,1.0,1077.0
151,152,71,0,1,0,0.0,595.0
151,152,72,0,0,1,1.0,939.0
151,152,73,3,0,1,1.0,627.0
151,152,74,3,0,0,1.0,552.0
151,152,75,2,1,1,1.0,828.0
151,152,76,1,1,1,1.0,614.0
151,152,77,1,1,1,1.0,795.0
151,152,78,0,1,0,0.0,609.0
151,152,79,2,1,0,1.0,764.0
151,152,80,3,0,1,1.0,880.0
151,152,81,1,1,1,1.0,1753.0
151,152,82,2,0,1,0.0,1227.0
151,152,83,1,1,0,1.0,871.0
151,152,84,2,0,0,0.0,976.0
151,152,85,0,0,1,1.0,782.0
151,152,86,3,0,1,1.0,987.0
151,152,87,0,0,1,1.0,702.0
151,152,88,3,0,1,1.0,632.0
151,152,89,0,0,1,1.0,710.0
151,152,90,1,1,1,1.0,1069.0
151,152,91,3,0,1,1.0,509.0
151,152,92,2,0,0,0.0,783.0
151,152,93,2,1,1,1.0,762.0
151,152,94,1,1,0,1.0,1897.0
151,152,95,0,0,0,1.0,875.0
151,152,96,0,1,1,0.0,816.0
151,152,97,1,0,0,0.0,1329.0
151,152,98,3,0,1,1.0,1095.0
151,152,99,1,1,1,1.0,880.0
151,152,100,0,0,1,1.0,1171.0
151,152,101,2,1,1,1.0,1442.0
151,152,102,2,1,1,1.0,884.0
151,152,103,3,0,1,1.0,694.0
151,152,104,0,0,1,1.0,2002.0
151,152,105,3,0,0,1.0,602.0
151,152,106,2,1,1,1.0,864.0
151,152,107,1,1,1,1.0,1143.0
151,152,108,1,1,1,1.0,579.0
151,152,109,3,0,1,1.0,650.0
151,152,110,2,1,1,1.0,736.0
151,152,111,0,0,1,1.0,1881.0
151,152,112,3,0,0,1.0,536.0
151,152,113,0,0,1,1.0,952.0
151,152,114,1,1,1,1.0,865.0
151,152,115,3,0,1,1.0,593.0
151,152,116,2,1,0,1.0,788.0
151,152,117,0,0,1,1.0,739.0
151,152,118,2,1,1,1.0,689.0
151,152,119,1,1,1,1.0,499.0
152,153,0,2,1,1,1.0,1784.0
152,153,1,0,0,1,1.0,684.0
152,153,2,1,1,0,0.0,1770.0
152,153,3,0,1,0,0.0,711.0
152,153,4,3,0,0,0.0,359.0
152,153,5,2,1,0,1.0,437.0
152,153,6,3,1,1,1.0,476.0
152,153,7,1,0,0,1.0,1126.0
152,153,8,0,1,0,0.0,468.0
152,153,9,1,1,0,0.0,675.0
152,153,10,3,0,0,0.0,606.0
152,153,11,0,0,1,1.0,439.0
152,153,12,1,0,1,1.0,466.0
152,153,13,3,0,0,0.0,607.0
152,153,14,2,0,0,0.0,1051.0
152,153,15,2,1,1,1.0,1029.0
152,153,16,0,0,1,1.0,1370.0
152,153,17,0,0,1,1.0,1111.0
152,153,18,1,1,0,0.0,7231.0
152,153,19,3,0,1,0.0,5511.0
152,153,20,2,1,1,1.0,366.0
152,153,21,2,1,1,1.0,950.0
152,153,22,1,1,1,0.0,640.0
152,153,23,3,0,0,0.0,1697.0
152,153,24,3,1,1,1.0,782.0
152,153,25,0,1,1,0.0,3227.0
152,153,26,1,0,1,1.0,966.0
152,153,27,2,0,0,0.0,993.0
152,153,28,1,1,1,0.0,712.0
152,153,29,2,1,1,1.0,1561.0
152,153,30,3,1,1,1.0,977.0
152,153,31,0,1,0,0.0,1741.0
152,153,32,0,0,1,1.0,5747.0
152,153,33,3,0,0,0.0,1643.0
152,153,34,1,1,0,0.0,1160.0
152,153,35,3,0,0,0.0,2530.0
152,153,36,2,1,0,1.0,1214.0
152,153,37,2,0,0,0.0,7294.0
152,153,38,0,1,1,0.0,891.0
152,153,39,1,1,0,0.0,1225.0
152,153,40,3,1,0,1.0,1925.0
152,153,41,1,0,1,1.0,1413.0
152,153,42,1,0,1,1.0,896.0
152,153,43,0,0,1,1.0,2084.0
152,153,44,2,0,1,0.0,3369.0
152,153,45,0,0,0,1.0,1094.0
152,153,46,3,1,1,1.0,1997.0
152,153,47,2,0,0,0.0,1672.0
152,153,48,1,0,1,1.0,1233.0
152,153,49,2,0,1,0.0,1493.0
152,153,50,3,0,1,0.0,1465.0
152,153,51,1,0,0,1.0,2293.0
152,153,52,0,1,0,0.0,961.0
152,153,53,0,0,1,1.0,730.0
152,153,54,3,0,0,0.0,2223.0
152,153,55,2,1,1,1.0,1470.0
152,153,56,3,1,1,1.0,1734.0
152,153,57,0,1,0,0.0,2029.0
152,153,58,1,1,0,0.0,1382.0
152,153,59,2,0,0,0.0,1479.0
152,153,60,2,1,1,1.0,649.0
152,153,61,3,1,0,1.0,3170.0
152,153,62,0,0,1,1.0,1098.0
152,153,63,1,0,1,1.0,2318.0
152,153,64,2,1,1,1.0,1468.0
152,153,65,1,1,0,0.0,1599.0
152,153,66,0,0,1,1.0,1143.0
152,153,67,0,0,1,1.0,880.0
152,153,68,3,1,1,1.0,1467.0
152,153,69,2,0,0,0.0,1155.0
152,153,70,1,0,1,1.0,2007.0
152,153,71,3,1,1,1.0,1072.0
152,153,72,2,0,0,0.0,1627.0
152,153,73,0,0,1,1.0,3882.0
152,153,74,3,1,1,1.0,1075.0
152,153,75,1,0,1,1.0,2203.0
152,153,76,1,1,0,0.0,2033.0
152,153,77,2,1,0,1.0,417.0
152,153,78,3,0,0,0.0,520.0
152,153,79,0,0,0,1.0,419.0
152,153,80,2,0,0,0.0,519.0
152,153,81,0,0,1,1.0,721.0
152,153,82,2,1,1,1.0,2656.0
152,153,83,0,0,1,1.0,898.0
152,153,84,3,1,1,1.0,631.0
152,153,85,1,0,1,1.0,1522.0
152,153,86,3,1,1,1.0,5449.0
152,153,87,1,0,1,1.0,2125.0
152,153,88,3,1,0,1.0,1434.0
152,153,89,1,0,0,1.0,1190.0
152,153,90,0,1,0,0.0,4711.0
152,153,91,0,1,0,0.0,1642.0
152,153,92,2,1,1,1.0,5334.0
152,153,93,1,0,1,1.0,845.0
152,153,94,2,1,1,1.0,3660.0
152,153,95,3,1,1,1.0,2275.0
152,153,96,3,1,0,1.0,1226.0
152,153,97,3,1,1,1.0,1789.0
152,153,98,0,0,1,1.0,1663.0
152,153,99,1,1,0,0.0,1063.0
152,153,100,0,0,0,1.0,1122.0
152,153,101,2,1,1,1.0,2719.0
152,153,102,1,0,1,1.0,1158.0
152,153,103,2,1,1,1.0,1392.0
152,153,104,3,1,1,1.0,1461.0
152,153,105,0,0,1,1.0,532.0
152,153,106,1,1,0,0.0,1465.0
152,153,107,2,1,0,1.0,1167.0
152,153,108,0,0,1,1.0,1659.0
152,153,109,2,1,1,1.0,1712.0
152,153,110,3,1,1,1.0,3368.0
152,153,111,1,0,1,1.0,5090.0
152,153,112,3,0,1,0.0,3878.0
152,153,113,0,0,1,1.0,1083.0
152,153,114,2,0,0,0.0,3015.0
152,153,115,0,1,0,0.0,1037.0
152,153,116,2,0,0,0.0,934.0
152,153,117,1,1,1,0.0,968.0
152,153,118,1,1,0,0.0,979.0
152,153,119,3,1,1,1.0,1431.0
153,154,0,3,0,1,0.0,2398.0
153,154,1,1,0,1,0.0,1410.0
153,154,2,0,0,0,1.0,1081.0
153,154,3,0,1,0,0.0,1853.0
153,154,4,2,0,0,1.0,3970.0
153,154,5,1,0,0,0.0,1293.0
153,154,6,2,0,1,1.0,2971.0
153,154,7,3,0,0,0.0,1113.0
153,154,8,0,0,1,1.0,3097.0
153,154,9,3,0,0,0.0,1330.0
153,154,10,3,0,0,0.0,1585.0
153,154,11,0,1,0,0.0,2987.0
153,154,12,1,0,0,0.0,1277.0
153,154,13,1,0,0,0.0,939.0
153,154,14,2,1,0,0.0,1571.0
153,154,15,2,1,0,0.0,1679.0
153,154,16,0,1,1,0.0,792.0
153,154,17,1,1,0,1.0,997.0
153,154,18,2,1,1,0.0,1088.0
153,154,19,3,0,0,0.0,2460.0
153,154,20,0,0,1,1.0,1743.0
153,154,21,3,0,0,0.0,1557.0
153,154,22,2,0,1,1.0,2207.0
153,154,23,1,0,0,0.0,1235.0
153,154,24,3,1,1,1.0,1299.0
153,154,25,1,1,1,1.0,842.0
153,154,26,3,1,1,1.0,1214.0
153,154,27,2,1,0,0.0,759.0
153,154,28,0,0,1,1.0,2533.0
153,154,29,0,0,1,1.0,1455.0
153,154,30,1,1,1,1.0,1359.0
153,154,31,2,0,1,1.0,2844.0
153,154,32,3,1,0,1.0,3811.0
153,154,33,2,0,1,1.0,1660.0
153,154,34,0,0,0,1.0,1457.0
153,154,35,3,0,1,0.0,977.0
153,154,36,1,1,1,1.0,2010.0
153,154,37,1,1,1,1.0,729.0
153,154,38,0,1,0,0.0,811.0
153,154,39,2,0,1,1.0,1617.0
153,154,40,1,1,1,1.0,937.0
153,154,41,0,0,1,1.0,2278.0
153,154,42,1,1,1,1.0,1240.0
153,154,43,3,0,0,0.0,1213.0
153,154,44,0,0,1,1.0,927.0
153,154,45,2,0,0,1.0,757.0
153,154,46,2,0,1,1.0,747.0
153,154,47,3,1,1,1.0,1854.0
153,154,48,1,1,1,1.0,586.0
153,154,49,0,0,1,1.0,1426.0
153,154,50,2,0,1,1.0,860.0
153,154,51,1,1,0,1.0,1003.0
153,154,52,0,0,1,1.0,2082.0
153,154,53,3,0,0,0.0,847.0
153,154,54,2,0,1,1.0,723.0
153,154,55,3,1,1,1.0,1086.0
153,154,56,3,1,1,1.0,1316.0
153,154,57,0,0,0,1.0,1500.0
153,154,58,1,1,1,1.0,1460.0
153,154,59,0,0,1,1.0,1260.0
153,154,60,2,0,1,1.0,1894.0
153,154,61,2,0,1,1.0,1225.0
153,154,62,3,1,0,1.0,950.0
153,154,63,1,1,1,1.0,2098.0
153,154,64,3,1,1,1.0,1087.0
153,154,65,0,0,1,1.0,2810.0
153,154,66,1,1,0,1.0,1225.0
153,154,67,1,1,1,1.0,5328.0
153,154,68,3,1,1,1.0,1116.0
153,154,69,2,0,1,1.0,1325.0
153,154,70,2,0,0,1.0,3677.0
153,154,71,0,0,1,1.0,1917.0
153,154,72,3,1,1,1.0,1727.0
153,154,73,2,0,1,1.0,771.0
153,154,74,0,0,0,1.0,3462.0
153,154,75,1,1,1,1.0,1233.0
153,154,76,1,1,1,1.0,3062.0
153,154,77,3,0,0,0.0,1663.0
153,154,78,0,0,1,1.0,3070.0
153,154,79,2,0,1,1.0,900.0
153,154,80,0,0,1,1.0,944.0
153,154,81,0,0,1,1.0,858.0
153,154,82,2,0,0,1.0,1522.0
153,154,83,1,1,1,1.0,819.0
153,154,84,1,1,1,1.0,912.0
153,154,85,2,0,1,1.0,1146.0
153,154,86,3,0,0,0.0,1140.0
153,154,87,3,0,0,0.0,883.0
153,154,88,3,1,1,1.0,1250.0
153,154,89,1,1,1,1.0,761.0
153,154,90,0,0,1,1.0,878.0
153,154,91,0,0,1,1.0,570.0
153,154,92,2,0,1,1.0,473.0
153,154,93,2,0,1,1.0,608.0
153,154,94,3,1,1,1.0,3048.0
153,154,95,1,1,0,1.0,1183.0
153,154,96,0,0,1,1.0,782.0
153,154,97,2,0,1,1.0,650.0
153,154,98,1,1,1,1.0,1033.0
153,154,99,1,1,1,1.0,828.0
153,154,100,2,0,1,1.0,1861.0
153,154,101,3,1,0,1.0,2176.0
153,154,102,3,1,1,1.0,1179.0
153,154,103,0,0,0,1.0,3777.0
153,154,104,2,0,0,1.0,792.0
153,154,105,3,1,1,1.0,2558.0
153,154,106,1,1,1,1.0,1417.0
153,154,107,3,1,1,1.0,3261.0
153,154,108,2,0,1,1.0,1310.0
153,154,109,0,0,1,1.0,1897.0
153,154,110,0,0,1,1.0,1106.0
153,154,111,1,1,1,1.0,2460.0
153,154,112,2,0,0,1.0,1656.0
153,154,113,3,0,0,0.0,952.0
153,154,114,1,1,0,1.0,1103.0
153,154,115,0,0,1,1.0,2901.0
153,154,116,3,1,0,1.0,1156.0
153,154,117,1,1,1,1.0,1321.0
153,154,118,2,0,1,1.0,1493.0
153,154,119,0,0,1,1.0,1594.0
154,155,0,0,1,0,0.0,5635.0
154,155,1,1,0,1,0.0,1964.0
154,155,2,3,0,1,1.0,2045.0
154,155,3,2,1,1,1.0,1469.0
154,155,4,3,0,1,1.0,1248.0
154,155,5,0,0,1,1.0,1213.0
154,155,6,2,1,1,1.0,1438.0
154,155,7,1,0,0,0.0,1638.0
154,155,8,1,1,0,1.0,1086.0
154,155,9,2,0,0,0.0,3672.0
154,155,10,3,0,0,1.0,1169.0
154,155,11,3,0,1,1.0,3381.0
154,155,12,0,1,0,0.0,1407.0
154,155,13,0,0,1,1.0,1688.0
154,155,14,2,0,0,0.0,2164.0
154,155,15,1,0,0,0.0,2221.0
154,155,16,2,1,1,1.0,4484.0
154,155,17,3,0,1,1.0,2447.0
154,155,18,0,1,1,0.0,2191.0
154,155,19,1,1,1,1.0,1400.0
154,155,20,0,0,1,1.0,1556.0
154,155,21,3,0,1,1.0,1729.0
154,155,22,1,1,1,1.0,2224.0
154,155,23,2,0,0,0.0,1325.0
154,155,24,3,0,1,1.0,1927.0
154,155,25,1,1,1,1.0,1612.0
154,155,26,2,1,1,1.0,1743.0
154,155,27,0,0,1,1.0,1319.0
154,155,28,1,1,1,1.0,1033.0
154,155,29,0,0,1,1.0,2278.0
154,155,30,3,0,0,1.0,2209.0
154,155,31,2,1,1,1.0,1152.0
154,155,32,2,0,1,0.0,5742.0
154,155,33,3,0,1,1.0,1256.0
154,155,34,3,1,0,0.0,1388.0
154,155,35,1,1,1,1.0,1251.0
154,155,36,2,1,1,1.0,1833.0
154,155,37,0,0,1,1.0,3401.0
154,155,38,1,1,1,1.0,1342.0
154,155,39,0,1,0,0.0,5730.0
154,155,40,1,0,0,0.0,2255.0
154,155,41,3,0,1,1.0,1722.0
154,155,42,1,1,1,1.0,873.0
154,155,43,3,0,0,1.0,1721.0
154,155,44,2,1,0,1.0,895.0
154,155,45,0,0,0,1.0,1081.0
154,155,46,0,1,0,0.0,864.0
154,155,47,2,1,1,1.0,1070.0
154,155,48,3,0,1,1.0,2759.0
154,155,49,0,1,0,0.0,1210.0
154,155,50,3,1,0,0.0,1244.0
154,155,51,2,0,0,0.0,1199.0
154,155,52,1,1,0,1.0,1027.0
154,155,53,1,1,1,1.0,1343.0
154,155,54,2,1,1,1.0,1775.0
154,155,55,0,0,1,1.0,1561.0
154,155,56,1,1,1,1.0,1399.0
154,155,57,2,0,1,0.0,1020.0
154,155,58,1,1,1,1.0,877.0
154,155,59,0,0,1,1.0,1130.0
154,155,60,2,1,0,1.0,995.0
154,155,61,0,1,0,0.0,947.0
154,155,62,3,1,0,0.0,1156.0
154,155,63,3,0,1,1.0,2695.0
154,155,64,3,1,1,0.0,2159.0
154,155,65,2,0,0,0.0,1784.0
154,155,66,1,1,1,1.0,1342.0
154,155,67,0,1,1,0.0,1523.0
154,155,68,1,1,0,1.0,1006.0
154,155,69,2,1,1,1.0,1536.0
154,155,70,3,0,1,1.0,2856.0
154,155,71,0,0,1,1.0,2410.0
154,155,72,0,0,1,1.0,2016.0
154,155,73,3,0,1,1.0,1551.0
154,155,74,3,1,0,0.0,1098.0
154,155,75,2,0,0,0.0,2108.0
154,155,76,1,1,1,1.0,1002.0
154,155,77,1,1,0,1.0,1180.0
154,155,78,0,0,0,1.0,2185.0
154,155,79,2,1,1,1.0,1032.0
154,155,80,3,0,1,1.0,1312.0
154,155,81,1,1,1,1.0,1138.0
154,155,82,2,0,0,0.0,1401.0
154,155,83,1,1,1,1.0,1303.0
154,155,84,2,0,0,0.0,1453.0
154,155,85,0,1,0,0.0,1042.0
154,155,86,3,0,0,1.0,836.0
154,155,87,0,0,1,1.0,939.0
154,155,88,3,1,0,0.0,842.0
154,155,89,0,0,1,1.0,739.0
154,155,90,1,1,1,1.0,996.0
154,155,91,3,0,1,1.0,775.0
154,155,92,2,1,1,1.0,712.0
154,155,93,2,1,1,1.0,1594.0
154,155,94,1,1,1,1.0,1229.0
154,155,95,0,0,1,1.0,832.0
154,155,96,0,0,1,1.0,1121.0
154,155,97,1,1,1,1.0,1005.0
154,155,98,3,0,1,1.0,1145.0
154,155,99,1,1,1,1.0,1156.0
154,155,100,0,0,0,1.0,990.0
154,155,101,2,0,0,0.0,1700.0
154,155,102,2,0,1,0.0,1650.0
154,155,103,3,1,0,0.0,1480.0
154,155,104,0,0,1,1.0,1160.0
154,155,105,3,1,0,0.0,1042.0
154,155,106,2,0,0,0.0,1170.0
154,155,107,1,1,0,1.0,1125.0
154,155,108,1,0,0,0.0,627.0
154,155,109,3,0,1,1.0,2201.0
154,155,110,2,0,0,0.0,983.0
154,155,111,0,0,1,1.0,870.0
154,155,112,3,0,1,1.0,917.0
154,155,113,0,0,1,1.0,882.0
154,155,114,1,1,1,1.0,875.0
154,155,115,3,0,1,1.0,1390.0
154,155,116,2,0,0,0.0,1570.0
154,155,117,0,1,0,0.0,1106.0
154,155,118,2,0,0,0.0,991.0
154,155,119,1,1,1,1.0,1256.0
155,156,0,1,0,1,1.0,1401.0
155,156,1,2,1,0,0.0,760.0
155,156,2,3,1,0,1.0,632.0
155,156,3,3,0,1,0.0,837.0
155,156,4,2,0,1,1.0,347.0
155,156,5,0,1,0,1.0,1339.0
155,156,6,1,0,1,1.0,425.0
155,156,7,0,0,0,0.0,720.0
155,156,8,1,0,0,1.0,478.0
155,156,9,3,1,1,1.0,823.0
155,156,10,1,1,0,0.0,703.0
155,156,11,2,0,1,1.0,633.0
155,156,12,0,0,0,0.0,954.0
155,156,13,3,0,0,0.0,1252.0
155,156,14,0,1,1,1.0,479.0
155,156,15,2,1,0,0.0,283.0
155,156,16,1,0,1,1.0,588.0
155,156,17,3,0,0,0.0,725.0
155,156,18,1,0,1,1.0,791.0
155,156,19,2,1,0,0.0,895.0
155,156,20,0,0,0,0.0,558.0
155,156,21,3,0,0,0.0,768.0
155,156,22,0,0,1,0.0,507.0
155,156,23,2,0,1,1.0,224.0
155,156,24,1,0,1,1.0,604.0
155,156,25,0,0,0,0.0,242.0
155,156,26,1,1,0,0.0,501.0
155,156,27,3,0,0,0.0,241.0
155,156,28,0,0,0,0.0,916.0
155,156,29,3,1,1,1.0,471.0
155,156,30,2,1,0,0.0,1060.0
155,156,31,2,0,0,1.0,515.0
155,156,32,2,0,1,1.0,1955.0
155,156,33,3,1,1,1.0,551.0
155,156,34,0,1,1,1.0,558.0
155,156,35,3,1,1,1.0,832.0
155,156,36,1,0,1,1.0,678.0
155,156,37,0,1,1,1.0,1013.0
155,156,38,2,0,0,1.0,394.0
155,156,39,1,0,0,1.0,557.0
155,156,40,1,1,0,0.0,564.0
155,156,41,3,0,1,0.0,591.0
155,156,42,0,0,0,0.0,547.0
155,156,43,2,0,1,1.0,604.0
155,156,44,1,0,1,1.0,539.0
155,156,45,3,1,1,1.0,633.0
155,156,46,0,1,1,1.0,318.0
155,156,47,2,0,1,1.0,1188.0
155,156,48,3,1,1,1.0,867.0
155,156,49,3,1,0,1.0,522.0
155,156,50,0,0,0,0.0,1064.0
155,156,51,2,0,1,1.0,1241.0
155,156,52,2,0,1,1.0,471.0
155,156,53,0,1,1,1.0,603.0
155,156,54,1,0,0,1.0,548.0
155,156,55,1,1,0,0.0,969.0
155,156,56,3,1,1,1.0,1980.0
155,156,57,2,0,0,1.0,788.0
155,156,58,0,1,1,1.0,1055.0
155,156,59,3,1,1,1.0,808.0
155,156,60,1,0,1,1.0,669.0
155,156,61,2,0,1,1.0,418.0
155,156,62,0,0,1,0.0,569.0
155,156,63,1,0,1,1.0,1211.0
155,156,64,3,0,0,0.0,585.0
155,156,65,0,1,1,1.0,867.0
155,156,66,1,0,1,1.0,503.0
155,156,67,0,1,0,1.0,687.0
155,156,68,1,0,1,1.0,610.0
155,156,69,2,0,1,1.0,789.0
155,156,70,3,1,1,1.0,969.0
155,156,71,2,0,1,1.0,730.0
155,156,72,0,1,1,1.0,610.0
155,156,73,1,0,1,1.0,375.0
155,156,74,2,0,1,1.0,349.0
155,156,75,3,1,1,1.0,719.0
155,156,76,3,1,0,1.0,625.0
155,156,77,1,0,0,1.0,494.0
155,156,78,0,0,1,0.0,987.0
155,156,79,2,1,0,0.0,653.0
155,156,80,1,1,1,0.0,654.0
155,156,81,2,0,1,1.0,1071.0
155,156,82,1,1,0,0.0,670.0
155,156,83,2,0,1,1.0,565.0
155,156,84,0,1,1,1.0,657.0
155,156,85,3,1,1,1.0,790.0
155,156,86,0,1,0,1.0,626.0
155,156,87,3,1,1,1.0,664.0
155,156,88,0,0,0,0.0,438.0
155,156,89,0,1,1,1.0,647.0
155,156,90,1,0,1,1.0,451.0
155,156,91,2,0,1,1.0,431.0
155,156,92,3,1,1,1.0,768.0
155,156,93,3,1,1,1.0,590.0
155,156,94,1,0,1,1.0,940.0
155,156,95,2,0,0,1.0,563.0
155,156,96,2,1,0,0.0,196.0
155,156,97,0,1,1,1.0,1223.0
155,156,98,0,1,1,1.0,423.0
155,156,99,3,1,0,1.0,1040.0
155,156,100,2,0,1,1.0,481.0
155,156,101,1,0,1,1.0,1253.0
155,156,102,1,0,1,1.0,637.0
155,156,103,3,1,1,1.0,597.0
155,156,104,0,1,1,1.0,570.0
155,156,105,3,1,1,1.0,953.0
155,156,106,1,0,0,1.0,461.0
155,156,107,3,1,1,1.0,635.0
155,156,108,2,0,0,1.0,754.0
155,156,109,2,1,0,0.0,711.0
155,156,110,1,0,1,1.0,1317.0
155,156,111,0,1,1,1.0,865.0
155,156,112,2,0,1,1.0,771.0
155,156,113,3,1,1,1.0,559.0
155,156,114,1,0,1,1.0,548.0
155,156,115,1,0,1,1.0,543.0
155,156,116,2,0,1,1.0,957.0
155,156,117,0,1,1,1.0,340.0
155,156,118,3,1,1,1.0,404.0
155,156,119,0,1,0,1.0,617.0
156,157,0,2,1,1,1.0,2496.0
156,157,1,0,0,1,1.0,647.0
156,157,2,1,0,0,1.0,1003.0
156,157,3,0,0,1,1.0,706.0
156,157,4,3,0,0,0.0,768.0
156,157,5,2,0,0,0.0,1131.0
156,157,6,3,0,0,0.0,826.0
156,157,7,1,1,0,0.0,2551.0
156,157,8,0,1,0,0.0,1083.0
156,157,9,1,1,0,0.0,2203.0
156,157,10,3,1,1,1.0,3676.0
156,157,11,0,1,0,0.0,1484.0
156,157,12,1,0,1,1.0,833.0
156,157,13,3,0,0,0.0,710.0
156,157,14,2,1,0,1.0,1127.0
156,157,15,2,1,1,1.0,542.0
156,157,16,0,0,1,1.0,1606.0
156,157,17,0,1,1,0.0,772.0
156,157,18,1,0,1,1.0,360.0
156,157,19,3,1,1,1.0,792.0
156,157,20,2,0,0,0.0,440.0
156,157,21,2,0,0,0.0,550.0
156,157,22,1,1,0,0.0,686.0
156,157,23,3,0,1,0.0,419.0
156,157,24,3,1,1,1.0,475.0
156,157,25,0,0,1,1.0,442.0
156,157,26,1,1,1,0.0,536.0
156,157,27,2,0,1,0.0,130.0
156,157,28,1,1,1,0.0,701.0
156,157,29,2,0,0,0.0,274.0
156,157,30,3,1,0,1.0,667.0
156,157,31,0,0,1,1.0,513.0
156,157,32,0,1,0,0.0,1291.0
156,157,33,3,0,0,0.0,529.0
156,157,34,1,0,1,1.0,126.0
156,157,35,3,1,1,1.0,463.0
156,157,36,2,0,1,0.0,423.0
156,157,37,2,1,1,1.0,455.0
156,157,38,0,0,1,1.0,491.0
156,157,39,1,1,0,0.0,568.0
156,157,40,3,0,0,0.0,1090.0
156,157,41,1,1,0,0.0,221.0
156,157,42,1,0,1,1.0,557.0
156,157,43,0,0,0,1.0,356.0
156,157,44,2,1,1,1.0,329.0
156,157,45,0,0,1,1.0,521.0
156,157,46,3,1,1,1.0,679.0
156,157,47,2,0,0,0.0,452.0
156,157,48,1,1,0,0.0,799.0
156,157,49,2,0,0,0.0,520.0
156,157,50,3,1,0,1.0,462.0
156,157,51,1,0,1,1.0,511.0
156,157,52,0,1,1,0.0,464.0
156,157,53,0,0,1,1.0,560.0
156,157,54,3,0,0,0.0,2251.0
156,157,55,2,1,1,1.0,482.0
156,157,56,3,0,1,0.0,423.0
156,157,57,0,1,0,0.0,505.0
156,157,58,1,0,0,1.0,692.0
156,157,59,2,1,0,1.0,443.0
156,157,60,2,0,0,0.0,853.0
156,157,61,3,0,0,0.0,761.0
156,157,62,0,1,0,0.0,1081.0
156,157,63,1,1,0,0.0,1479.0
156,157,64,2,0,0,0.0,477.0
156,157,65,1,1,0,0.0,364.0
156,157,66,0,0,1,1.0,253.0
156,157,67,0,1,0,0.0,805.0
156,157,68,3,0,0,0.0,764.0
156,157,69,2,1,1,1.0,1077.0
156,157,70,1,0,1,1.0,561.0
156,157,71,3,1,1,1.0,329.0
156,157,72,2,0,0,0.0,371.0
156,157,73,0,1,0,0.0,417.0
156,157,74,3,0,1,0.0,902.0
156,157,75,1,1,0,0.0,510.0
156,157,76,1,0,1,1.0,578.0
156,157,77,2,1,1,1.0,673.0
156,157,78,3,0,0,0.0,496.0
156,157,79,0,0,1,1.0,667.0
156,157,80,2,1,1,1.0,1021.0
156,157,81,0,0,1,1.0,969.0
156,157,82,2,1,0,1.0,593.0
156,157,83,0,0,0,1.0,654.0
156,157,84,3,1,1,1.0,1263.0
156,157,85,1,0,1,1.0,1080.0
156,157,86,3,0,0,0.0,1862.0
156,157,87,1,1,0,0.0,2192.0
156,157,88,3,0,0,0.0,4765.0
156,157,89,1,1,1,0.0,6608.0
156,157,90,0,0,1,1.0,3034.0
156,157,91,0,0,1,1.0,1321.0
156,157,92,2,1,1,1.0,2537.0
156,157,93,1,0,1,1.0,1672.0
156,157,94,2,0,0,0.0,4865.0
156,157,95,3,1,1,1.0,2306.0
156,157,96,3,1,1,1.0,1451.0
156,157,97,3,1,1,1.0,2304.0
156,157,98,0,0,1,1.0,3451.0
156,157,99,1,0,1,1.0,1454.0
156,157,100,0,1,0,0.0,2985.0
156,157,101,2,0,0,0.0,1185.0
156,157,102,1,0,0,1.0,1126.0
156,157,103,2,1,1,1.0,2145.0
156,157,104,3,1,0,1.0,1335.0
156,157,105,0,0,0,1.0,2774.0
156,157,106,1,0,1,1.0,1903.0
156,157,107,2,1,1,1.0,4401.0
156,157,108,0,1,0,0.0,3543.0
156,157,109,2,1,1,1.0,2755.0
156,157,110,3,1,1,1.0,1143.0
156,157,111,1,0,1,1.0,1555.0
156,157,112,3,1,0,1.0,1119.0
156,157,113,0,0,1,1.0,2343.0
156,157,114,2,1,1,1.0,2115.0
156,157,115,0,1,0,0.0,1893.0
156,157,116,2,0,1,0.0,2144.0
156,157,117,1,0,1,1.0,2589.0
156,157,118,1,0,1,1.0,2585.0
156,157,119,3,1,1,1.0,1943.0
157,158,0,1,0,1,1.0,1367.0
157,158,1,2,0,1,1.0,1365.0
157,158,2,3,0,1,0.0,1442.0
157,158,3,3,0,0,0.0,1217.0
157,158,4,2,0,1,1.0,1122.0
157,158,5,0,0,0,0.0,1153.0
157,158,6,1,0,1,1.0,1093.0
157,158,7,0,0,0,0.0,1769.0
157,158,8,1,0,0,1.0,884.0
157,158,9,3,1,0,1.0,1649.0
157,158,10,1,0,1,1.0,866.0
157,158,11,2,0,1,1.0,1362.0
157,158,12,0,1,0,1.0,1257.0
157,158,13,3,1,1,1.0,2295.0
157,158,14,0,1,1,1.0,914.0
157,158,15,2,0,0,1.0,1031.0
157,158,16,1,0,1,1.0,948.0
157,158,17,3,1,1,1.0,1722.0
157,158,18,1,0,1,1.0,715.0
157,158,19,2,0,1,1.0,1451.0
157,158,20,0,1,1,1.0,4061.0
157,158,21,3,1,1,1.0,663.0
157,158,22,0,1,1,1.0,745.0
157,158,23,2,1,0,0.0,1119.0
157,158,24,1,0,1,1.0,595.0
157,158,25,0,1,1,1.0,793.0
157,158,26,1,0,0,1.0,658.0
157,158,27,3,1,1,1.0,747.0
157,158,28,0,1,1,1.0,631.0
157,158,29,3,1,1,1.0,1674.0
157,158,30,2,0,0,1.0,508.0
157,158,31,2,0,1,1.0,590.0
157,158,32,2,0,1,1.0,2245.0
157,158,33,3,1,1,1.0,785.0
157,158,34,0,1,1,1.0,735.0
157,158,35,3,1,0,1.0,909.0
157,158,36,1,0,1,1.0,1361.0
157,158,37,0,1,1,1.0,790.0
157,158,38,2,0,1,1.0,696.0
157,158,39,1,0,0,1.0,839.0
157,158,40,1,0,1,1.0,584.0
157,158,41,3,1,1,1.0,788.0
157,158,42,0,1,0,1.0,794.0
157,158,43,2,0,1,1.0,1347.0
157,158,44,1,0,1,1.0,744.0
157,158,45,3,1,1,1.0,1440.0
157,158,46,0,1,1,1.0,665.0
157,158,47,2,0,0,1.0,703.0
157,158,48,3,1,1,1.0,709.0
157,158,49,3,1,1,1.0,1061.0
157,158,50,0,1,1,1.0,623.0
157,158,51,2,0,1,1.0,732.0
157,158,52,2,0,1,1.0,582.0
157,158,53,0,1,0,1.0,597.0
157,158,54,1,0,1,1.0,723.0
157,158,55,1,0,1,1.0,740.0
157,158,56,3,1,0,1.0,780.0
157,158,57,2,0,1,1.0,744.0
157,158,58,0,1,1,1.0,2069.0
157,158,59,3,1,1,1.0,594.0
157,158,60,1,0,1,1.0,572.0
157,158,61,2,0,1,1.0,1195.0
157,158,62,0,1,1,1.0,784.0
157,158,63,1,0,0,1.0,1709.0
157,158,64,3,1,1,1.0,753.0
157,158,65,0,1,1,1.0,745.0
157,158,66,1,0,1,1.0,614.0
157,158,67,0,1,1,1.0,933.0
157,158,68,1,0,1,1.0,750.0
157,158,69,2,0,1,1.0,666.0
157,158,70,3,1,1,1.0,751.0
157,158,71,2,0,1,1.0,752.0
157,158,72,0,1,1,1.0,679.0
157,158,73,1,0,1,1.0,525.0
157,158,74,2,0,1,1.0,713.0
157,158,75,3,1,1,1.0,588.0
157,158,76,3,1,0,1.0,681.0
157,158,77,1,0,1,1.0,547.0
157,158,78,0,1,1,1.0,555.0
157,158,79,2,0,0,1.0,824.0
157,158,80,1,0,0,1.0,560.0
157,158,81,2,0,1,1.0,719.0
157,158,82,1,0,1,1.0,552.0
157,158,83,2,0,0,1.0,1095.0
157,158,84,0,1,0,1.0,673.0
157,158,85,3,1,1,1.0,500.0
157,158,86,0,1,1,1.0,1170.0
157,158,87,3,1,1,1.0,1037.0
157,158,88,0,1,1,1.0,564.0
157,158,89,0,1,0,1.0,589.0
157,158,90,1,0,1,1.0,567.0
157,158,91,2,0,1,1.0,1059.0
157,158,92,3,1,1,1.0,638.0
157,158,93,3,1,1,1.0,736.0
157,158,94,1,0,1,1.0,1544.0
157,158,95,2,0,1,1.0,690.0
157,158,96,2,0,1,1.0,604.0
157,158,97,0,1,1,1.0,831.0
157,158,98,0,1,1,1.0,451.0
157,158,99,3,1,1,1.0,680.0
157,158,100,2,0,1,1.0,725.0
157,158,101,1,0,1,1.0,476.0
157,158,102,1,0,1,1.0,488.0
157,158,103,3,1,0,1.0,842.0
157,158,104,0,1,0,1.0,445.0
157,158,105,3,1,0,1.0,1051.0
157,158,106,1,0,1,1.0,638.0
157,158,107,3,1,1,1.0,840.0
157,158,108,2,0,1,1.0,598.0
157,158,109,2,0,1,1.0,750.0
157,158,110,1,0,1,1.0,660.0
157,158,111,0,1,1,1.0,636.0
157,158,112,2,0,1,1.0,801.0
157,158,113,3,1,1,1.0,1127.0
157,158,114,1,0,0,1.0,562.0
157,158,115,1,0,1,1.0,479.0
157,158,116,2,0,0,1.0,727.0
157,158,117,0,1,1,1.0,627.0
157,158,118,3,1,1,1.0,1056.0
157,158,119,0,1,1,1.0,1043.0
158,159,0,2,0,0,0.0,1017.0
158,159,1,0,1,0,0.0,1071.0
158,159,2,1,0,0,1.0,1175.0
158,159,3,0,0,1,1.0,1633.0
158,159,4,3,0,0,0.0,1380.0
158,159,5,2,0,0,0.0,925.0
158,159,6,3,1,1,1.0,1346.0
158,159,7,1,0,1,1.0,956.0
158,159,8,0,0,1,1.0,548.0
158,159,9,1,1,0,0.0,1386.0
158,159,10,3,1,1,1.0,979.0
158,159,11,0,0,1,1.0,646.0
158,159,12,1,0,1,1.0,1016.0
158,159,13,3,1,1,1.0,526.0
158,159,14,2,0,0,0.0,686.0
158,159,15,2,1,1,1.0,617.0
158,159,16,0,0,1,1.0,811.0
158,159,17,0,0,1,1.0,1957.0
158,159,18,1,1,0,0.0,2201.0
158,159,19,3,1,0,1.0,764.0
158,159,20,2,0,1,0.0,1622.0
158,159,21,2,0,0,0.0,684.0
158,159,22,1,0,1,1.0,1350.0
158,159,23,3,1,1,1.0,873.0
158,159,24,3,1,1,1.0,726.0
158,159,25,0,0,1,1.0,865.0
158,159,26,1,0,1,1.0,1134.0
158,159,27,2,0,1,0.0,656.0
158,159,28,1,0,1,1.0,1148.0
158,159,29,2,0,0,0.0,846.0
158,159,30,3,1,0,1.0,863.0
158,159,31,0,0,0,1.0,691.0
158,159,32,0,0,1,1.0,986.0
158,159,33,3,1,1,1.0,588.0
158,159,34,1,0,0,1.0,542.0
158,159,35,3,1,1,1.0,656.0
158,159,36,2,0,0,0.0,488.0
158,159,37,2,0,0,0.0,628.0
158,159,38,0,0,1,1.0,855.0
158,159,39,1,1,0,0.0,1372.0
158,159,40,3,1,1,1.0,794.0
158,159,41,1,1,1,0.0,1016.0
158,159,42,1,1,1,0.0,497.0
158,159,43,0,0,1,1.0,750.0
158,159,44,2,0,0,0.0,1357.0
158,159,45,0,0,1,1.0,1103.0
158,159,46,3,1,1,1.0,622.0
158,159,47,2,0,0,0.0,650.0
158,159,48,1,1,0,0.0,1168.0
158,159,49,2,1,0,1.0,750.0
158,159,50,3,1,1,1.0,661.0
158,159,51,1,1,0,0.0,838.0
158,159,52,0,0,1,1.0,1306.0
158,159,53,0,0,0,1.0,924.0
158,159,54,3,1,0,1.0,666.0
158,159,55,2,1,1,1.0,723.0
158,159,56,3,1,1,1.0,675.0
158,159,57,0,0,1,1.0,1347.0
158,159,58,1,1,0,0.0,1077.0
158,159,59,2,0,0,0.0,905.0
158,159,60,2,0,0,0.0,723.0
158,159,61,3,1,0,1.0,719.0
158,159,62,0,0,1,1.0,487.0
158,159,63,1,1,0,0.0,2373.0
158,159,64,2,1,1,1.0,773.0
158,159,65,1,0,1,1.0,889.0
158,159,66,0,1,0,0.0,979.0
158,159,67,0,0,1,1.0,1113.0
158,159,68,3,1,1,1.0,921.0
158,159,69,2,0,1,0.0,2761.0
158,159,70,1,0,1,1.0,1776.0
158,159,71,3,1,1,1.0,699.0
158,159,72,2,1,1,1.0,985.0
158,159,73,0,1,1,0.0,900.0
158,159,74,3,1,1,1.0,736.0
158,159,75,1,1,0,0.0,2118.0
158,159,76,1,0,1,1.0,895.0
158,159,77,2,1,1,1.0,607.0
158,159,78,3,1,1,1.0,805.0
158,159,79,0,0,0,1.0,1128.0
158,159,80,2,1,0,1.0,1282.0
158,159,81,0,0,1,1.0,1022.0
158,159,82,2,1,1,1.0,1005.0
158,159,83,0,0,1,1.0,961.0
158,159,84,3,1,0,1.0,997.0
158,159,85,1,0,1,1.0,1342.0
158,159,86,3,1,1,1.0,645.0
158,159,87,1,0,1,1.0,1920.0
158,159,88,3,1,1,1.0,706.0
158,159,89,1,0,0,1.0,837.0
158,159,90,0,0,1,1.0,1149.0
158,159,91,0,0,0,1.0,1409.0
158,159,92,2,1,1,1.0,1169.0
158,159,93,1,0,1,1.0,902.0
158,159,94,2,1,1,1.0,1861.0
158,159,95,3,1,1,1.0,684.0
158,159,96,3,1,1,1.0,706.0
158,159,97,3,1,1,1.0,617.0
158,159,98,0,0,1,1.0,936.0
158,159,99,1,0,1,1.0,1163.0
158,159,100,0,0,1,1.0,719.0
158,159,101,2,1,0,1.0,936.0
158,159,102,1,0,1,1.0,882.0
158,159,103,2,1,1,1.0,463.0
158,159,104,3,1,0,1.0,872.0
158,159,105,0,0,1,1.0,849.0
158,159,106,1,0,1,1.0,1112.0
158,159,107,2,1,1,1.0,1376.0
158,159,108,0,0,1,1.0,1158.0
158,159,109,2,1,1,1.0,811.0
158,159,110,3,1,1,1.0,1432.0
158,159,111,1,0,0,1.0,1569.0
158,159,112,3,1,1,1.0,683.0
158,159,113,0,0,1,1.0,1111.0
158,159,114,2,1,1,1.0,1497.0
158,159,115,0,0,0,1.0,1012.0
158,159,116,2,1,1,1.0,691.0
158,159,117,1,0,1,1.0,947.0
158,159,118,1,0,0,1.0,738.0
158,159,119,3,1,1,1.0,769.0
159,160,1,1,1,0,1.0,1207.0
159,160,2,0,1,0,0.0,2600.0
159,160,3,0,0,0,1.0,1781.0
159,160,4,2,0,0,1.0,2938.0
159,160,5,1,1,1,1.0,1759.0
159,160,6,2,1,0,0.0,3386.0
159,160,7,3,1,1,1.0,2604.0
159,160,8,0,1,0,0.0,2798.0
159,160,9,3,0,1,0.0,2772.0
159,160,10,3,0,0,0.0,1181.0
159,160,11,0,1,1,0.0,1769.0
159,160,12,1,0,1,0.0,945.0
159,160,13,1,0,0,0.0,1023.0
159,160,14,2,1,0,0.0,866.0
159,160,15,2,0,1,1.0,1901.0
159,160,16,0,0,1,1.0,3163.0
159,160,17,1,0,0,0.0,2199.0
159,160,18,2,0,1,1.0,2066.0
159,160,19,3,1,1,1.0,2235.0
159,160,20,0,0,1,1.0,3080.0
159,160,21,3,1,0,1.0,1624.0
159,160,22,2,0,1,1.0,1448.0
159,160,23,1,1,1,1.0,2552.0
159,160,24,3,0,0,0.0,2845.0
159,160,25,1,1,1,1.0,2050.0
159,160,26,3,1,1,1.0,1228.0
159,160,27,2,0,1,1.0,1537.0
159,160,28,0,0,1,1.0,2839.0
159,160,29,0,0,1,1.0,2193.0
159,160,30,1,1,1,1.0,1643.0
159,160,31,2,0,1,1.0,1749.0
159,160,32,3,0,0,0.0,2384.0
159,160,33,2,0,0,1.0,2916.0
159,160,34,0,0,0,1.0,2350.0
159,160,35,3,1,1,1.0,3261.0
159,160,36,1,1,1,1.0,3145.0
159,160,37,1,1,1,1.0,1160.0
159,160,38,0,0,1,1.0,1463.0
159,160,39,2,0,1,1.0,2351.0
159,160,40,1,0,0,0.0,2884.0
159,160,41,0,0,1,1.0,1157.0
159,160,42,1,1,1,1.0,3030.0
159,160,43,3,1,1,1.0,1496.0
159,160,44,0,0,1,1.0,1624.0
159,160,45,2,0,1,1.0,2649.0
159,160,46,2,0,1,1.0,1088.0
159,160,47,3,1,0,1.0,1747.0
159,160,48,1,1,0,1.0,3464.0
159,160,49,0,0,1,1.0,1656.0
159,160,50,2,0,1,1.0,3025.0
159,160,51,1,1,1,1.0,1611.0
159,160,52,0,0,0,1.0,932.0
159,160,53,3,1,1,1.0,1691.0
159,160,54,2,0,1,1.0,1728.0
159,160,55,3,1,1,1.0,1847.0
159,160,56,3,1,1,1.0,1034.0
159,160,57,0,1,0,0.0,2135.0
159,160,58,1,0,0,0.0,2263.0
159,160,59,0,0,1,1.0,1357.0
159,160,60,2,1,1,0.0,2334.0
159,160,61,2,1,0,0.0,1618.0
159,160,62,3,1,1,1.0,2443.0
159,160,63,1,0,1,0.0,2170.0
159,160,64,3,0,0,0.0,1319.0
159,160,65,0,0,1,1.0,1368.0
159,160,66,1,1,1,1.0,2317.0
159,160,67,1,1,0,1.0,731.0
159,160,68,3,1,1,1.0,1910.0
159,160,69,2,1,0,0.0,1066.0
159,160,70,2,0,1,1.0,1061.0
159,160,71,0,0,1,1.0,2620.0
159,160,72,3,0,0,0.0,2061.0
159,160,73,2,1,0,0.0,1375.0
159,160,74,0,0,0,1.0,1210.0
159,160,75,1,1,1,1.0,1578.0
159,160,76,1,1,1,1.0,1113.0
159,160,77,3,1,0,1.0,3858.0
159,160,78,0,0,1,1.0,1998.0
159,160,79,2,1,1,0.0,1748.0
159,160,80,0,0,1,1.0,2650.0
159,160,81,0,0,1,1.0,810.0
159,160,82,2,1,0,0.0,3465.0
159,160,83,1,0,0,0.0,1424.0
159,160,84,1,1,1,1.0,931.0
159,160,85,2,1,0,0.0,1773.0
159,160,86,3,1,1,1.0,2661.0
159,160,87,3,1,1,1.0,905.0
159,160,88,3,1,1,1.0,840.0
159,160,89,1,1,1,1.0,1907.0
159,160,90,0,0,1,1.0,1317.0
159,160,91,0,0,1,1.0,1254.0
159,160,92,2,1,0,0.0,1227.0
159,160,93,2,0,0,1.0,1055.0
159,160,94,3,0,1,0.0,2696.0
159,160,95,1,1,1,1.0,2424.0
159,160,96,0,0,1,1.0,1760.0
159,160,97,2,1,0,0.0,1255.0
159,160,98,1,1,1,1.0,1630.0
159,160,99,1,1,0,1.0,912.0
159,160,100,2,1,0,0.0,1555.0
159,160,101,3,1,0,1.0,1346.0
159,160,102,3,0,0,0.0,861.0
159,160,103,0,0,0,1.0,1718.0
159,160,104,2,1,1,0.0,905.0
159,160,105,3,0,0,0.0,973.0
159,160,106,1,0,0,0.0,1779.0
159,160,107,3,1,1,1.0,1370.0
159,160,108,2,1,0,0.0,883.0
159,160,109,0,1,0,0.0,953.0
159,160,110,0,0,1,1.0,1594.0
159,160,111,1,1,1,1.0,2461.0
159,160,112,2,1,0,0.0,1149.0
159,160,113,3,1,1,1.0,1051.0
159,160,114,1,0,0,0.0,1659.0
159,160,115,0,0,1,1.0,1155.0
159,160,116,3,1,1,1.0,1513.0
159,160,117,1,1,1,1.0,1500.0
159,160,118,2,1,0,0.0,2100.0
159,160,119,0,0,1,1.0,1387.0
160,161,0,0,0,1,1.0,2527.0
160,161,1,1,1,0,1.0,968.0
160,161,2,3,1,0,0.0,1068.0
160,161,3,2,1,1,1.0,1079.0
160,161,4,3,0,1,1.0,728.0
160,161,5,0,0,1,1.0,1351.0
160,161,6,2,1,1,1.0,1552.0
160,161,7,1,0,1,0.0,1181.0
160,161,8,1,0,0,0.0,665.0
160,161,9,2,1,1,1.0,1478.0
160,161,10,3,0,1,1.0,1429.0
160,161,11,3,1,0,0.0,1135.0
160,161,12,0,0,1,1.0,1754.0
160,161,13,0,0,1,1.0,1067.0
160,161,14,2,1,1,1.0,1447.0
160,161,15,1,0,0,0.0,929.0
160,161,16,2,1,1,1.0,1150.0
160,161,17,3,0,0,1.0,1924.0
160,161,18,0,1,0,0.0,2627.0
160,161,19,1,1,1,1.0,1031.0
160,161,20,0,0,1,1.0,836.0
160,161,21,3,0,1,1.0,1102.0
160,161,22,1,1,1,1.0,1166.0
160,161,23,2,1,1,1.0,1176.0
160,161,24,3,0,1,1.0,646.0
160,161,25,1,1,1,1.0,1669.0
160,161,26,2,1,0,1.0,2153.0
160,161,27,0,0,1,1.0,581.0
160,161,28,1,0,0,0.0,1280.0
160,161,29,0,0,0,1.0,911.0
160,161,30,3,1,0,0.0,816.0
160,161,31,2,1,1,1.0,913.0
160,161,32,2,1,1,1.0,3058.0
160,161,33,3,0,1,1.0,874.0
160,161,34,3,0,1,1.0,564.0
160,161,35,1,1,1,1.0,1370.0
160,161,36,2,1,0,1.0,846.0
160,161,37,0,0,1,1.0,660.0
160,161,38,1,1,1,1.0,1125.0
160,161,39,0,0,1,1.0,620.0
160,161,40,1,1,1,1.0,880.0
160,161,41,3,0,0,1.0,736.0
160,161,42,1,1,1,1.0,754.0
160,161,43,3,1,1,0.0,900.0
160,161,44,2,1,1,1.0,1508.0
160,161,45,0,0,1,1.0,674.0
160,161,46,0,0,1,1.0,502.0
160,161,47,2,1,1,1.0,750.0
160,161,48,3,0,1,1.0,1026.0
160,161,49,0,0,0,1.0,623.0
160,161,50,3,0,1,1.0,826.0
160,161,51,2,1,1,1.0,617.0
160,161,52,1,1,0,1.0,1045.0
160,161,53,1,1,1,1.0,525.0
160,161,54,2,1,1,1.0,641.0
160,161,55,0,0,1,1.0,624.0
160,161,56,1,1,1,1.0,794.0
160,161,57,2,1,0,1.0,1052.0
160,161,58,1,1,1,1.0,946.0
160,161,59,0,0,1,1.0,686.0
160,161,60,2,1,1,1.0,706.0
160,161,61,0,0,1,1.0,846.0
160,161,62,3,0,0,1.0,1389.0
160,161,63,3,1,0,0.0,2542.0
160,161,64,3,1,0,0.0,947.0
160,161,65,2,1,1,1.0,635.0
160,161,66,1,1,1,1.0,1553.0
160,161,67,0,0,1,1.0,856.0
160,161,68,1,1,0,1.0,1177.0
160,161,69,2,1,1,1.0,839.0
160,161,70,3,0,1,1.0,1050.0
160,161,71,0,0,0,1.0,480.0
160,161,72,0,0,1,1.0,443.0
160,161,73,3,0,1,1.0,1921.0
160,161,74,3,0,1,1.0,510.0
160,161,75,2,1,1,1.0,748.0
160,161,76,1,1,1,1.0,2944.0
160,161,77,1,1,0,1.0,665.0
160,161,78,0,0,1,1.0,632.0
160,161,79,2,1,1,1.0,1062.0
160,161,80,3,0,1,1.0,922.0
160,161,81,1,1,1,1.0,857.0
160,161,82,2,1,0,1.0,837.0
160,161,83,1,1,1,1.0,872.0
160,161,84,2,1,1,1.0,774.0
160,161,85,0,0,1,1.0,553.0
160,161,86,3,0,1,1.0,2783.0
160,161,87,0,0,1,1.0,3415.0
160,161,88,3,0,0,1.0,3661.0
160,161,89,0,0,1,1.0,594.0
160,161,90,1,1,1,1.0,1551.0
160,161,91,3,0,1,1.0,691.0
160,161,92,2,1,1,1.0,823.0
160,161,93,2,1,1,1.0,837.0
160,161,94,1,1,1,1.0,1393.0
160,161,95,0,0,1,1.0,670.0
160,161,96,0,0,0,1.0,478.0
160,161,97,1,1,1,1.0,1257.0
160,161,98,3,0,1,1.0,1609.0
160,161,99,1,1,1,1.0,727.0
160,161,100,0,0,0,1.0,476.0
160,161,101,2,1,1,1.0,716.0
160,161,102,2,1,1,1.0,609.0
160,161,103,3,0,1,1.0,770.0
160,161,104,0,0,1,1.0,666.0
160,161,105,3,0,1,1.0,2787.0
160,161,106,2,1,0,1.0,700.0
160,161,107,1,1,0,1.0,1328.0
160,161,108,1,1,1,1.0,545.0
160,161,109,3,0,1,1.0,1518.0
160,161,110,2,1,1,1.0,689.0
160,161,111,0,0,1,1.0,705.0
160,161,112,3,0,1,1.0,2394.0
160,161,113,0,0,1,1.0,784.0
160,161,114,1,1,1,1.0,800.0
160,161,115,3,0,0,1.0,1289.0
160,161,116,2,1,1,1.0,753.0
160,161,117,0,0,1,1.0,684.0
160,161,118,2,1,0,1.0,668.0
160,161,119,1,0,0,0.0,713.0
161,162,0,1,0,1,1.0,4325.0
161,162,1,2,0,1,1.0,1982.0
161,162,2,3,1,0,1.0,1611.0
161,162,3,3,0,1,0.0,673.0
161,162,4,2,0,1,1.0,1156.0
161,162,5,0,1,0,1.0,962.0
161,162,6,1,0,1,1.0,809.0
161,162,7,0,0,0,0.0,739.0
161,162,8,1,0,0,1.0,1028.0
161,162,9,3,0,0,0.0,1365.0
161,162,10,1,0,1,1.0,934.0
161,162,11,2,0,1,1.0,807.0
161,162,12,0,0,0,0.0,1165.0
161,162,13,3,0,0,0.0,988.0
161,162,14,0,1,1,1.0,865.0
161,162,15,2,0,0,1.0,1126.0
161,162,16,1,0,1,1.0,741.0
161,162,17,3,1,1,1.0,751.0
161,162,18,1,0,1,1.0,764.0
161,162,19,2,0,1,1.0,1030.0
161,162,20,0,1,1,1.0,598.0
161,162,21,3,1,1,1.0,629.0
161,162,22,0,1,1,1.0,928.0
161,162,23,2,0,0,1.0,3168.0
161,162,24,1,0,1,1.0,620.0
161,162,25,0,1,1,1.0,715.0
161,162,26,1,0,0,1.0,864.0
161,162,27,3,1,1,1.0,770.0
161,162,28,0,1,1,1.0,821.0
161,162,29,3,1,1,1.0,710.0
161,162,30,2,0,1,1.0,1053.0
161,162,31,2,0,1,1.0,632.0
161,162,32,2,0,1,1.0,1967.0
161,162,33,3,1,1,1.0,743.0
161,162,34,0,1,1,1.0,788.0
161,162,35,3,1,1,1.0,706.0
161,162,36,1,0,1,1.0,516.0
161,162,37,0,1,1,1.0,751.0
161,162,38,2,0,1,1.0,1008.0
161,162,39,1,0,0,1.0,569.0
161,162,40,1,0,1,1.0,508.0
161,162,41,3,1,0,1.0,748.0
161,162,42,0,1,0,1.0,645.0
161,162,43,2,0,0,1.0,3309.0
161,162,44,1,0,1,1.0,660.0
161,162,45,3,1,1,1.0,757.0
161,162,46,0,1,1,1.0,726.0
161,162,47,2,0,1,1.0,905.0
161,162,48,3,1,1,1.0,818.0
161,162,49,3,1,1,1.0,706.0
161,162,50,0,1,1,1.0,593.0
161,162,51,2,0,1,1.0,900.0
161,162,52,2,0,1,1.0,1233.0
161,162,53,0,1,0,1.0,756.0
161,162,54,1,0,1,1.0,700.0
161,162,55,1,0,1,1.0,626.0
161,162,56,3,1,1,1.0,917.0
161,162,57,2,0,1,1.0,864.0
161,162,58,0,1,1,1.0,874.0
161,162,59,3,1,0,1.0,1167.0
161,162,60,1,0,1,1.0,1067.0
161,162,61,2,0,1,1.0,1119.0
161,162,62,0,1,1,1.0,687.0
161,162,63,1,0,0,1.0,939.0
161,162,64,3,1,1,1.0,881.0
161,162,65,0,1,1,1.0,680.0
161,162,66,1,0,1,1.0,773.0
161,162,67,0,1,1,1.0,775.0
161,162,68,1,0,1,1.0,569.0
161,162,69,2,0,1,1.0,1002.0
161,162,70,3,1,1,1.0,697.0
161,162,71,2,0,1,1.0,735.0
161,162,72,0,1,1,1.0,948.0
161,162,73,1,0,1,1.0,888.0
161,162,74,2,0,0,1.0,1465.0
161,162,75,3,1,1,1.0,694.0
161,162,76,3,1,1,1.0,777.0
161,162,77,1,0,1,1.0,649.0
161,162,78,0,1,1,1.0,1713.0
161,162,79,2,0,1,1.0,1847.0
161,162,80,1,0,0,1.0,1098.0
161,162,81,2,0,0,1.0,983.0
161,162,82,1,0,1,1.0,723.0
161,162,83,2,0,1,1.0,1336.0
161,162,84,0,1,0,1.0,863.0
161,162,85,3,1,0,1.0,709.0
161,162,86,0,1,1,1.0,756.0
161,162,87,3,1,1,1.0,1153.0
161,162,88,0,1,1,1.0,3231.0
161,162,89,0,1,0,1.0,739.0
161,162,90,1,0,1,1.0,683.0
161,162,91,2,0,1,1.0,1356.0
161,162,92,3,1,1,1.0,743.0
161,162,93,3,1,1,1.0,778.0
161,162,94,1,0,1,1.0,802.0
161,162,95,2,0,1,1.0,1056.0
161,162,96,2,0,1,1.0,581.0
161,162,97,0,1,1,1.0,1012.0
161,162,98,0,1,1,1.0,816.0
161,162,99,3,1,1,1.0,723.0
161,162,100,2,0,1,1.0,721.0
161,162,101,1,0,1,1.0,860.0
161,162,102,1,0,1,1.0,931.0
161,162,103,3,1,1,1.0,837.0
161,162,104,0,1,0,1.0,4510.0
161,162,105,3,1,0,1.0,653.0
161,162,106,1,0,1,1.0,966.0
161,162,107,3,1,0,1.0,808.0
161,162,108,2,0,1,1.0,838.0
161,162,109,2,0,1,1.0,3155.0
161,162,110,1,0,1,1.0,611.0
161,162,111,0,1,1,1.0,748.0
161,162,112,2,0,0,1.0,929.0
161,162,113,3,1,1,1.0,731.0
161,162,114,1,0,0,1.0,642.0
161,162,115,1,0,1,1.0,910.0
161,162,116,2,0,1,1.0,1408.0
161,162,117,0,1,1,1.0,1095.0
161,162,118,3,1,1,1.0,1096.0
161,162,119,0,1,1,1.0,1623.0
162,163,0,2,0,0,0.0,1030.0
162,163,1,0,1,0,0.0,1387.0
162,163,2,1,0,0,1.0,1335.0
162,163,3,0,1,0,0.0,830.0
162,163,4,3,1,1,1.0,1373.0
162,163,5,2,1,1,1.0,987.0
162,163,6,3,1,1,1.0,878.0
162,163,7,1,1,0,0.0,1668.0
162,163,8,0,0,1,1.0,1153.0
162,163,9,1,0,1,1.0,797.0
162,163,10,3,1,1,1.0,575.0
162,163,11,0,0,1,1.0,708.0
162,163,12,1,0,1,1.0,949.0
162,163,13,3,1,0,1.0,748.0
162,163,14,2,1,0,1.0,655.0
162,163,15,2,1,1,1.0,798.0
162,163,16,0,0,1,1.0,774.0
162,163,17,0,0,1,1.0,550.0
162,163,18,1,0,1,1.0,568.0
162,163,19,3,1,1,1.0,855.0
162,163,20,2,1,1,1.0,543.0
162,163,21,2,1,1,1.0,626.0
162,163,22,1,0,1,1.0,744.0
162,163,23,3,1,1,1.0,654.0
162,163,24,3,1,0,1.0,626.0
162,163,25,0,0,1,1.0,657.0
162,163,26,1,0,1,1.0,817.0
162,163,27,2,1,1,1.0,742.0
162,163,28,1,0,0,1.0,832.0
162,163,29,2,1,0,1.0,2116.0
162,163,30,3,1,1,1.0,627.0
162,163,31,0,0,1,1.0,942.0
162,163,32,0,0,0,1.0,1938.0
162,163,33,3,1,1,1.0,843.0
162,163,34,1,0,1,1.0,1005.0
162,163,35,3,1,1,1.0,728.0
162,163,36,2,0,0,0.0,653.0
162,163,37,2,1,1,1.0,708.0
162,163,38,0,0,1,1.0,814.0
162,163,39,1,0,1,1.0,701.0
162,163,40,3,1,1,1.0,771.0
162,163,41,1,0,1,1.0,860.0
162,163,42,1,0,1,1.0,775.0
162,163,43,0,0,1,1.0,983.0
162,163,44,2,1,1,1.0,703.0
162,163,45,0,0,1,1.0,747.0
162,163,46,3,1,1,1.0,779.0
162,163,47,2,0,0,0.0,690.0
162,163,48,1,0,1,1.0,815.0
162,163,49,2,1,1,1.0,776.0
162,163,50,3,1,0,1.0,598.0
162,163,51,1,0,0,1.0,624.0
162,163,52,0,0,1,1.0,514.0
162,163,53,0,0,1,1.0,937.0
162,163,54,3,1,1,1.0,420.0
162,163,55,2,1,0,1.0,378.0
162,163,56,3,1,0,1.0,800.0
162,163,57,0,0,0,1.0,685.0
162,163,58,1,0,1,1.0,619.0
162,163,59,2,1,1,1.0,710.0
162,163,60,2,1,1,1.0,746.0
162,163,61,3,1,1,1.0,642.0
162,163,62,0,0,1,1.0,1030.0
162,163,63,1,0,1,1.0,1611.0
162,163,64,2,1,1,1.0,551.0
162,163,65,1,0,1,1.0,1067.0
162,163,66,0,0,1,1.0,931.0
162,163,67,0,0,1,1.0,769.0
162,163,68,3,1,1,1.0,651.0
162,163,69,2,0,1,0.0,1102.0
162,163,70,1,0,1,1.0,1015.0
162,163,71,3,1,1,1.0,588.0
162,163,72,2,1,1,1.0,462.0
162,163,73,0,0,0,1.0,433.0
162,163,74,3,1,1,1.0,647.0
162,163,75,1,0,0,1.0,658.0
162,163,76,1,0,1,1.0,736.0
162,163,77,2,1,1,1.0,439.0
162,163,78,3,1,0,1.0,531.0
162,163,79,0,0,1,1.0,727.0
162,163,80,2,1,0,1.0,648.0
162,163,81,0,0,1,1.0,664.0
162,163,82,2,1,1,1.0,438.0
162,163,83,0,0,1,1.0,745.0
162,163,84,3,1,1,1.0,772.0
162,163,85,1,0,0,1.0,647.0
162,163,86,3,1,1,1.0,699.0
162,163,87,1,0,1,1.0,771.0
162,163,88,3,1,1,1.0,595.0
162,163,89,1,0,1,1.0,1018.0
162,163,90,0,0,0,1.0,489.0
162,163,91,0,0,1,1.0,745.0
162,163,92,2,1,1,1.0,712.0
162,163,93,1,0,1,1.0,779.0
162,163,94,2,1,1,1.0,1274.0
162,163,95,3,1,1,1.0,617.0
162,163,96,3,1,1,1.0,575.0
162,163,97,3,1,0,1.0,562.0
162,163,98,0,0,1,1.0,827.0
162,163,99,1,0,1,1.0,659.0
162,163,100,0,0,1,1.0,702.0
162,163,101,2,1,1,1.0,655.0
162,163,102,1,0,1,1.0,495.0
162,163,103,2,0,0,0.0,669.0
162,163,104,3,1,1,1.0,879.0
162,163,105,0,0,1,1.0,639.0
162,163,106,1,0,1,1.0,456.0
162,163,107,2,1,1,1.0,1264.0
162,163,108,0,0,1,1.0,536.0
162,163,109,2,1,0,1.0,1226.0
162,163,110,3,1,1,1.0,522.0
162,163,111,1,0,1,1.0,667.0
162,163,112,3,1,1,1.0,446.0
162,163,113,0,0,0,1.0,1224.0
162,163,114,2,1,1,1.0,769.0
162,163,115,0,0,1,1.0,973.0
162,163,116,2,1,1,1.0,746.0
162,163,117,1,0,1,1.0,581.0
162,163,118,1,0,0,1.0,613.0
162,163,119,3,1,1,1.0,695.0
163,164,0,3,0,1,0.0,5480.0
163,164,1,1,1,0,1.0,2183.0
163,164,2,0,0,0,1.0,2065.0
163,164,3,0,1,0,0.0,780.0
163,164,4,2,0,0,1.0,1254.0
163,164,5,1,0,1,0.0,2376.0
163,164,6,2,1,0,0.0,1431.0
163,164,7,3,0,0,0.0,3986.0
163,164,8,0,1,0,0.0,3932.0
163,164,9,3,1,1,1.0,2672.0
163,164,10,3,1,1,1.0,2528.0
163,164,11,0,0,1,1.0,2960.0
163,164,12,1,0,0,0.0,2083.0
163,164,13,1,1,1,1.0,808.0
163,164,14,2,0,1,1.0,1280.0
163,164,15,2,0,1,1.0,682.0
163,164,16,0,1,1,0.0,1226.0
163,164,17,1,1,1,1.0,989.0
163,164,18,2,0,1,1.0,867.0
163,164,19,3,0,0,0.0,800.0
163,164,20,0,1,0,0.0,928.0
163,164,21,3,1,0,1.0,2372.0
163,164,22,2,0,1,1.0,4420.0
163,164,23,1,1,1,1.0,1382.0
163,164,24,3,0,0,0.0,2891.0
163,164,25,1,1,1,1.0,1319.0
163,164,26,3,1,1,1.0,856.0
163,164,27,2,0,1,1.0,922.0
163,164,28,0,0,1,1.0,2921.0
163,164,29,0,0,1,1.0,673.0
163,164,30,1,1,1,1.0,777.0
163,164,31,2,0,0,1.0,704.0
163,164,32,3,1,1,1.0,4301.0
163,164,33,2,0,1,1.0,2497.0
163,164,34,0,1,0,0.0,3081.0
163,164,35,3,1,1,1.0,897.0
163,164,36,1,1,1,1.0,977.0
163,164,37,1,1,1,1.0,698.0
163,164,38,0,0,1,1.0,1554.0
163,164,39,2,0,1,1.0,850.0
163,164,40,1,1,0,1.0,772.0
163,164,41,0,0,0,1.0,2882.0
163,164,42,1,1,1,1.0,1546.0
163,164,43,3,1,0,1.0,1234.0
163,164,44,0,0,1,1.0,2778.0
163,164,45,2,0,1,1.0,3363.0
163,164,46,2,0,1,1.0,1010.0
163,164,47,3,1,1,1.0,1494.0
163,164,48,1,0,0,0.0,947.0
163,164,49,0,0,1,1.0,1001.0
163,164,50,2,0,1,1.0,799.0
163,164,51,1,1,1,1.0,745.0
163,164,52,0,0,1,1.0,840.0
163,164,53,3,1,1,1.0,939.0
163,164,54,2,0,1,1.0,889.0
163,164,55,3,1,1,1.0,1006.0
163,164,56,3,1,1,1.0,1308.0
163,164,57,0,0,1,1.0,1661.0
163,164,58,1,1,0,1.0,1141.0
163,164,59,0,0,0,1.0,1217.0
163,164,60,2,0,0,1.0,1718.0
163,164,61,2,0,1,1.0,2285.0
163,164,62,3,0,0,0.0,804.0
163,164,63,1,1,1,1.0,2120.0
163,164,64,3,1,1,1.0,2096.0
163,164,65,0,0,1,1.0,907.0
163,164,66,1,1,1,1.0,3471.0
163,164,67,1,1,1,1.0,1793.0
163,164,68,3,1,0,1.0,1530.0
163,164,69,2,0,1,1.0,1583.0
163,164,70,2,0,0,1.0,1000.0
163,164,71,0,0,1,1.0,1120.0
163,164,72,3,1,1,1.0,1573.0
163,164,73,2,0,1,1.0,774.0
163,164,74,0,0,1,1.0,1557.0
163,164,75,1,1,1,1.0,1158.0
163,164,76,1,1,1,1.0,936.0
163,164,77,3,1,1,1.0,3561.0
163,164,78,0,0,0,1.0,1235.0
163,164,79,2,0,1,1.0,868.0
163,164,80,0,0,1,1.0,1762.0
163,164,81,0,0,1,1.0,839.0
163,164,82,2,0,1,1.0,998.0
163,164,83,1,1,1,1.0,958.0
163,164,84,1,1,0,1.0,609.0
163,164,85,2,0,1,1.0,1264.0
163,164,86,3,1,1,1.0,877.0
163,164,87,3,1,0,1.0,592.0
163,164,88,3,1,1,1.0,1266.0
163,164,89,1,1,1,1.0,847.0
163,164,90,0,0,1,1.0,732.0
163,164,91,0,0,1,1.0,721.0
163,164,92,2,0,1,1.0,1321.0
163,164,93,2,0,0,1.0,717.0
163,164,94,3,1,1,1.0,1912.0
163,164,95,1,1,1,1.0,2044.0
163,164,96,0,0,1,1.0,907.0
163,164,97,2,0,1,1.0,1049.0
163,164,98,1,1,1,1.0,792.0
163,164,99,1,0,0,0.0,1173.0
163,164,100,2,0,0,1.0,827.0
163,164,101,3,1,1,1.0,1730.0
163,164,102,3,1,1,1.0,630.0
163,164,103,0,0,1,1.0,1164.0
163,164,104,2,0,1,1.0,803.0
163,164,105,3,1,1,1.0,860.0
163,164,106,1,1,1,1.0,818.0
163,164,107,3,1,1,1.0,934.0
163,164,108,2,0,1,1.0,795.0
163,164,109,0,1,1,0.0,871.0
163,164,110,0,0,0,1.0,2422.0
163,164,111,1,1,0,1.0,761.0
163,164,112,2,0,1,1.0,876.0
163,164,113,3,1,0,1.0,684.0
163,164,114,1,1,1,1.0,886.0
163,164,115,0,0,1,1.0,989.0
163,164,116,3,1,1,1.0,867.0
163,164,117,1,1,1,1.0,670.0
163,164,118,2,0,1,1.0,677.0
163,164,119,0,1,0,0.0,639.0
164,165,0,1,0,1,1.0,1332.0
164,165,1,2,1,0,0.0,1178.0
164,165,2,3,1,0,1.0,1736.0
164,165,3,3,0,1,0.0,1092.0
164,165,4,2,1,0,0.0,1638.0
164,165,5,0,1,0,1.0,1141.0
164,165,6,1,0,1,1.0,967.0
164,165,7,0,0,0,0.0,866.0
164,165,8,1,0,0,1.0,755.0
164,165,9,3,0,0,0.0,948.0
164,165,10,1,0,1,1.0,1027.0
164,165,11,2,1,0,0.0,897.0
164,165,12,0,1,1,1.0,942.0
164,165,13,3,1,1,1.0,1443.0
164,165,14,0,1,1,1.0,1599.0
164,165,15,2,0,1,1.0,1324.0
164,165,16,1,0,1,1.0,765.0
164,165,17,3,0,0,0.0,1601.0
164,165,18,1,0,1,1.0,643.0
164,165,19,2,0,1,1.0,1652.0
164,165,20,0,1,1,1.0,666.0
164,165,21,3,0,0,0.0,2324.0
164,165,22,0,1,1,1.0,845.0
164,165,23,2,0,1,1.0,1642.0
164,165,24,1,0,1,1.0,841.0
164,165,25,0,1,1,1.0,727.0
164,165,26,1,0,0,1.0,764.0
164,165,27,3,0,0,0.0,1955.0
164,165,28,0,1,1,1.0,790.0
164,165,29,3,1,1,1.0,846.0
164,165,30,2,0,0,1.0,1065.0
164,165,31,2,0,1,1.0,765.0
164,165,32,2,1,0,0.0,2427.0
164,165,33,3,1,1,1.0,2126.0
164,165,34,0,1,1,1.0,996.0
164,165,35,3,0,1,0.0,1179.0
164,165,36,1,0,1,1.0,729.0
164,165,37,0,1,0,1.0,537.0
164,165,38,2,0,0,1.0,977.0
164,165,39,1,0,0,1.0,805.0
164,165,40,1,0,1,1.0,925.0
164,165,41,3,1,1,1.0,1429.0
164,165,42,0,1,1,1.0,1006.0
164,165,43,2,0,1,1.0,1001.0
164,165,44,1,0,1,1.0,606.0
164,165,45,3,1,1,1.0,1703.0
164,165,46,0,1,1,1.0,1074.0
164,165,47,2,0,1,1.0,1166.0
164,165,48,3,1,1,1.0,1114.0
164,165,49,3,1,0,1.0,722.0
164,165,50,0,1,0,1.0,1016.0
164,165,51,2,0,1,1.0,1427.0
164,165,52,2,1,0,0.0,1028.0
164,165,53,0,1,1,1.0,961.0
164,165,54,1,0,1,1.0,802.0
164,165,55,1,0,1,1.0,660.0
164,165,56,3,1,1,1.0,1302.0
164,165,57,2,0,1,1.0,1037.0
164,165,58,0,1,1,1.0,813.0
164,165,59,3,0,0,0.0,887.0
164,165,60,1,0,1,1.0,642.0
164,165,61,2,0,0,1.0,1038.0
164,165,62,0,1,1,1.0,664.0
164,165,63,1,0,0,1.0,1931.0
164,165,64,3,1,1,1.0,2134.0
164,165,65,0,1,1,1.0,989.0
164,165,66,1,0,1,1.0,632.0
164,165,67,0,1,1,1.0,884.0
164,165,68,1,0,1,1.0,709.0
164,165,69,2,0,1,1.0,1006.0
164,165,70,3,1,1,1.0,954.0
164,165,71,2,0,1,1.0,873.0
164,165,72,0,1,1,1.0,946.0
164,165,73,1,0,1,1.0,635.0
164,165,74,2,1,0,0.0,726.0
164,165,75,3,1,1,1.0,536.0
164,165,76,3,1,0,1.0,960.0
164,165,77,1,0,1,1.0,548.0
164,165,78,0,1,0,1.0,796.0
164,165,79,2,0,1,1.0,974.0
164,165,80,1,0,0,1.0,1554.0
164,165,81,2,0,1,1.0,1581.0
164,165,82,1,0,1,1.0,926.0
164,165,83,2,0,1,1.0,1526.0
164,165,84,0,1,1,1.0,1554.0
164,165,85,3,1,1,1.0,1488.0
164,165,86,0,1,1,1.0,1956.0
164,165,87,3,1,1,1.0,2007.0
164,165,88,0,1,0,1.0,1908.0
164,165,89,0,1,1,1.0,1011.0
164,165,90,1,0,1,1.0,1080.0
164,165,91,2,0,1,1.0,1036.0
164,165,92,3,1,1,1.0,971.0
164,165,93,3,1,1,1.0,596.0
164,165,94,1,0,1,1.0,1160.0
164,165,95,2,0,1,1.0,1198.0
164,165,96,2,0,0,1.0,640.0
164,165,97,0,1,1,1.0,924.0
164,165,98,0,1,0,1.0,570.0
164,165,99,3,1,0,1.0,1199.0
164,165,100,2,0,1,1.0,2675.0
164,165,101,1,0,1,1.0,1559.0
164,165,102,1,0,1,1.0,735.0
164,165,103,3,1,1,1.0,2297.0
164,165,104,0,1,1,1.0,1099.0
164,165,105,3,1,1,1.0,2040.0
164,165,106,1,0,1,1.0,1700.0
164,165,107,3,1,1,1.0,1120.0
164,165,108,2,0,0,1.0,1538.0
164,165,109,2,0,1,1.0,788.0
164,165,110,1,0,1,1.0,896.0
164,165,111,0,1,1,1.0,770.0
164,165,112,2,0,1,1.0,1149.0
164,165,113,3,1,1,1.0,841.0
164,165,114,1,0,0,1.0,1352.0
164,165,115,1,0,1,1.0,1001.0
164,165,116,2,0,1,1.0,1215.0
164,165,117,0,1,1,1.0,744.0
164,165,118,3,1,1,1.0,1036.0
164,165,119,0,1,1,1.0,876.0
165,166,0,2,0,0,0.0,1783.0
165,166,1,0,0,1,1.0,1402.0
165,166,2,1,1,0,0.0,1189.0
165,166,3,0,0,1,1.0,828.0
165,166,4,3,0,0,0.0,936.0
165,166,5,2,1,1,1.0,768.0
165,166,6,3,1,1,1.0,740.0
165,166,7,1,0,0,1.0,895.0
165,166,8,0,1,0,0.0,812.0
165,166,9,1,0,1,1.0,1185.0
165,166,10,3,1,1,1.0,904.0
165,166,11,0,0,1,1.0,712.0
165,166,12,1,0,1,1.0,1083.0
165,166,13,3,1,1,1.0,1268.0
165,166,14,2,1,0,1.0,1764.0
165,166,15,2,0,0,0.0,764.0
165,166,16,0,0,1,1.0,878.0
165,166,17,0,0,1,1.0,668.0
165,166,18,1,0,1,1.0,721.0
165,166,19,3,1,0,1.0,441.0
165,166,20,2,0,0,0.0,705.0
165,166,21,2,1,1,1.0,750.0
165,166,22,1,0,1,1.0,755.0
165,166,23,3,1,1,1.0,575.0
165,166,24,3,1,1,1.0,606.0
165,166,25,0,0,1,1.0,709.0
165,166,26,1,0,1,1.0,607.0
165,166,27,2,0,1,0.0,627.0
165,166,28,1,0,0,1.0,634.0
165,166,29,2,0,0,0.0,605.0
165,166,30,3,1,0,1.0,483.0
165,166,31,0,0,0,1.0,442.0
165,166,32,0,0,1,1.0,1800.0
165,166,33,3,0,0,0.0,1316.0
165,166,34,1,1,0,0.0,787.0
165,166,35,3,1,1,1.0,904.0
165,166,36,2,0,1,0.0,510.0
165,166,37,2,0,0,0.0,653.0
165,166,38,0,0,1,1.0,858.0
165,166,39,1,0,1,1.0,837.0
165,166,40,3,1,1,1.0,374.0
165,166,41,1,0,1,1.0,583.0
165,166,42,1,0,1,1.0,558.0
165,166,43,0,0,1,1.0,463.0
165,166,44,2,0,0,0.0,887.0
165,166,45,0,0,1,1.0,722.0
165,166,46,3,1,1,1.0,732.0
165,166,47,2,0,0,0.0,721.0
165,166,48,1,0,1,1.0,528.0
165,166,49,2,1,1,1.0,751.0
165,166,50,3,1,1,1.0,612.0
165,166,51,1,0,1,1.0,457.0
165,166,52,0,0,1,1.0,603.0
165,166,53,0,0,0,1.0,681.0
165,166,54,3,1,1,1.0,648.0
165,166,55,2,0,0,0.0,548.0
165,166,56,3,1,0,1.0,528.0
165,166,57,0,0,1,1.0,645.0
165,166,58,1,0,0,1.0,524.0
165,166,59,2,1,1,1.0,779.0
165,166,60,2,1,1,1.0,542.0
165,166,61,3,1,1,1.0,715.0
165,166,62,0,0,1,1.0,961.0
165,166,63,1,0,1,1.0,1187.0
165,166,64,2,0,0,0.0,580.0
165,166,65,1,0,1,1.0,625.0
165,166,66,0,0,1,1.0,1104.0
165,166,67,0,0,0,1.0,550.0
165,166,68,3,1,0,1.0,536.0
165,166,69,2,1,0,1.0,660.0
165,166,70,1,0,1,1.0,537.0
165,166,71,3,1,1,1.0,657.0
165,166,72,2,1,1,1.0,551.0
165,166,73,0,0,1,1.0,622.0
165,166,74,3,1,1,1.0,620.0
165,166,75,1,0,1,1.0,592.0
165,166,76,1,0,0,1.0,609.0
165,166,77,2,1,1,1.0,750.0
165,166,78,3,1,1,1.0,513.0
165,166,79,0,0,1,1.0,590.0
165,166,80,2,1,1,1.0,581.0
165,166,81,0,0,1,1.0,575.0
165,166,82,2,1,0,1.0,501.0
165,166,83,0,0,0,1.0,1127.0
165,166,84,3,1,1,1.0,519.0
165,166,85,1,0,1,1.0,602.0
165,166,86,3,1,0,1.0,669.0
165,166,87,1,0,0,1.0,653.0
165,166,88,3,1,1,1.0,519.0
165,166,89,1,0,1,1.0,812.0
165,166,90,0,0,1,1.0,654.0
165,166,91,0,0,1,1.0,632.0
165,166,92,2,1,1,1.0,874.0
165,166,93,1,0,1,1.0,650.0
165,166,94,2,1,1,1.0,1151.0
165,166,95,3,1,1,1.0,510.0
165,166,96,3,1,1,1.0,587.0
165,166,97,3,1,1,1.0,577.0
165,166,98,0,0,1,1.0,759.0
165,166,99,1,0,1,1.0,481.0
165,166,100,0,0,1,1.0,739.0
165,166,101,2,1,1,1.0,672.0
165,166,102,1,0,1,1.0,613.0
165,166,103,2,1,1,1.0,745.0
165,166,104,3,0,0,0.0,548.0
165,166,105,0,0,1,1.0,858.0
165,166,106,1,0,1,1.0,693.0
165,166,107,2,0,0,0.0,512.0
165,166,108,0,0,0,1.0,532.0
165,166,109,2,1,1,1.0,716.0
165,166,110,3,1,1,1.0,619.0
165,166,111,1,0,1,1.0,598.0
165,166,112,3,1,0,1.0,700.0
165,166,113,0,0,1,1.0,507.0
165,166,114,2,1,0,1.0,630.0
165,166,115,0,0,1,1.0,941.0
165,166,116,2,1,1,1.0,818.0
165,166,117,1,0,1,1.0,709.0
165,166,118,1,0,1,1.0,629.0
165,166,119,3,1,1,1.0,486.0
166,167,0,3,1,1,1.0,3144.0
166,167,1,1,0,1,0.0,1320.0
166,167,2,0,0,0,1.0,2112.0
166,167,3,0,1,0,0.0,814.0
166,167,4,2,0,0,1.0,2402.0
166,167,5,1,1,0,1.0,1782.0
166,167,6,2,0,1,1.0,1943.0
166,167,7,3,1,1,1.0,894.0
166,167,8,0,0,1,1.0,1963.0
166,167,9,3,1,0,1.0,1526.0
166,167,10,3,1,1,1.0,886.0
166,167,11,0,0,1,1.0,1266.0
166,167,12,1,1,1,1.0,1266.0
166,167,13,1,1,1,1.0,1203.0
166,167,14,2,1,0,0.0,1578.0
166,167,15,2,1,0,0.0,660.0
166,167,16,0,0,1,1.0,1538.0
166,167,17,1,1,1,1.0,1243.0
166,167,18,2,1,1,0.0,1443.0
166,167,19,3,1,1,1.0,815.0
166,167,20,0,0,1,1.0,1172.0
166,167,21,3,1,1,1.0,793.0
166,167,22,2,1,0,0.0,964.0
166,167,23,1,1,1,1.0,1077.0
166,167,24,3,1,0,1.0,667.0
166,167,25,1,1,1,1.0,915.0
166,167,26,3,1,1,1.0,697.0
166,167,27,2,1,0,0.0,806.0
166,167,28,0,0,0,1.0,987.0
166,167,29,0,0,1,1.0,576.0
166,167,30,1,1,1,1.0,570.0
166,167,31,2,1,0,0.0,504.0
166,167,32,3,1,1,1.0,1213.0
166,167,33,2,1,1,0.0,635.0
166,167,34,0,0,1,1.0,801.0
166,167,35,3,1,1,1.0,645.0
166,167,36,1,1,1,1.0,591.0
166,167,37,1,1,0,1.0,570.0
166,167,38,0,0,1,1.0,722.0
166,167,39,2,1,0,0.0,690.0
166,167,40,1,1,1,1.0,702.0
166,167,41,0,0,1,1.0,675.0
166,167,42,1,1,1,1.0,700.0
166,167,43,3,1,1,1.0,676.0
166,167,44,0,0,0,1.0,743.0
166,167,45,2,1,0,0.0,606.0
166,167,46,2,1,0,0.0,771.0
166,167,47,3,1,1,1.0,702.0
166,167,48,1,1,0,1.0,768.0
166,167,49,0,0,1,1.0,721.0
166,167,50,2,1,0,0.0,721.0
166,167,51,1,1,1,1.0,867.0
166,167,52,0,0,1,1.0,637.0
166,167,53,3,1,0,1.0,610.0
166,167,54,2,1,0,0.0,821.0
166,167,55,3,1,1,1.0,642.0
166,167,56,3,1,1,1.0,1025.0
166,167,57,0,0,1,1.0,622.0
166,167,58,1,1,1,1.0,510.0
166,167,59,0,0,0,1.0,715.0
166,167,60,2,1,1,0.0,1108.0
166,167,61,2,1,0,0.0,508.0
166,167,62,3,1,1,1.0,1128.0
166,167,63,1,1,1,1.0,1001.0
166,167,64,3,1,0,1.0,701.0
166,167,65,0,0,1,1.0,637.0
166,167,66,1,1,1,1.0,919.0
166,167,67,1,1,1,1.0,557.0
166,167,68,3,1,1,1.0,677.0
166,167,69,2,1,0,0.0,868.0
166,167,70,2,1,0,0.0,670.0
166,167,71,0,0,1,1.0,617.0
166,167,72,3,1,1,1.0,721.0
166,167,73,2,1,1,0.0,840.0
166,167,74,0,0,1,1.0,748.0
166,167,75,1,1,1,1.0,928.0
166,167,76,1,1,0,1.0,641.0
166,167,77,3,1,1,1.0,626.0
166,167,78,0,0,1,1.0,1572.0
166,167,79,2,1,0,0.0,738.0
166,167,80,0,0,1,1.0,1120.0
166,167,81,0,0,1,1.0,808.0
166,167,82,2,1,0,0.0,729.0
166,167,83,1,1,1,1.0,919.0
166,167,84,1,1,1,1.0,762.0
166,167,85,2,1,0,0.0,1949.0
166,167,86,3,1,1,1.0,885.0
166,167,87,3,1,1,1.0,591.0
166,167,88,3,1,1,1.0,743.0
166,167,89,1,1,1,1.0,1216.0
166,167,90,0,0,0,1.0,898.0
166,167,91,0,0,1,1.0,704.0
166,167,92,2,0,1,1.0,592.0
166,167,93,2,0,1,1.0,627.0
166,167,94,3,1,0,1.0,990.0
166,167,95,1,1,1,1.0,771.0
166,167,96,0,0,1,1.0,660.0
166,167,97,2,0,1,1.0,430.0
166,167,98,1,1,0,1.0,967.0
166,167,99,1,1,1,1.0,619.0
166,167,100,2,0,1,1.0,828.0
166,167,101,3,1,1,1.0,735.0
166,167,102,3,1,0,1.0,847.0
166,167,103,0,0,1,1.0,893.0
166,167,104,2,0,0,1.0,925.0
166,167,105,3,1,1,1.0,669.0
166,167,106,1,1,1,1.0,1622.0
166,167,107,3,1,1,1.0,998.0
166,167,108,2,0,1,1.0,856.0
166,167,109,0,0,1,1.0,1877.0
166,167,110,0,0,1,1.0,740.0
166,167,111,1,1,1,1.0,842.0
166,167,112,2,0,1,1.0,1106.0
166,167,113,3,1,1,1.0,942.0
166,167,114,1,1,0,1.0,1375.0
166,167,115,0,0,1,1.0,914.0
166,167,116,3,1,1,1.0,929.0
166,167,117,1,1,1,1.0,1553.0
166,167,118,2,0,1,1.0,2163.0
166,167,119,0,0,0,1.0,1012.0
167,168,0,0,1,0,0.0,2214.0
167,168,1,1,1,0,1.0,1230.0
167,168,2,3,1,0,0.0,958.0
167,168,3,2,1,1,1.0,714.0
167,168,4,3,1,0,0.0,1834.0
167,168,5,0,0,1,1.0,1238.0
167,168,6,2,1,1,1.0,1271.0
167,168,7,1,0,1,0.0,980.0
167,168,8,1,0,0,0.0,1480.0
167,168,9,2,1,1,1.0,754.0
167,168,10,3,0,1,1.0,697.0
167,168,11,3,0,1,1.0,773.0
167,168,12,0,0,1,1.0,783.0
167,168,13,0,0,1,1.0,965.0
167,168,14,2,1,1,1.0,781.0
167,168,15,1,1,1,1.0,1334.0
167,168,16,2,1,1,1.0,842.0
167,168,17,3,0,0,1.0,633.0
167,168,18,0,0,1,1.0,1079.0
167,168,19,1,1,1,1.0,1766.0
167,168,20,0,0,1,1.0,1544.0
167,168,21,3,0,1,1.0,1237.0
167,168,22,1,1,1,1.0,960.0
167,168,23,2,1,1,1.0,735.0
167,168,24,3,0,1,1.0,656.0
167,168,25,1,1,1,1.0,1449.0
167,168,26,2,1,0,1.0,842.0
167,168,27,0,0,1,1.0,838.0
167,168,28,1,1,1,1.0,1020.0
167,168,29,0,0,0,1.0,1012.0
167,168,30,3,0,1,1.0,798.0
167,168,31,2,1,1,1.0,741.0
167,168,32,2,1,1,1.0,1228.0
167,168,33,3,0,1,1.0,870.0
167,168,34,3,0,0,1.0,793.0
167,168,35,1,1,1,1.0,802.0
167,168,36,2,1,0,1.0,1154.0
167,168,37,0,0,1,1.0,917.0
167,168,38,1,1,1,1.0,916.0
167,168,39,0,0,1,1.0,806.0
167,168,40,1,1,0,1.0,716.0
167,168,41,3,0,1,1.0,787.0
167,168,42,1,1,1,1.0,875.0
167,168,43,3,0,1,1.0,759.0
167,168,44,2,1,1,1.0,764.0
167,168,45,0,0,1,1.0,873.0
167,168,46,0,0,1,1.0,683.0
167,168,47,2,1,1,1.0,1402.0
167,168,48,3,0,0,1.0,763.0
167,168,49,0,0,0,1.0,1243.0
167,168,50,3,0,1,1.0,2298.0
167,168,51,2,1,1,1.0,728.0
167,168,52,1,1,1,1.0,843.0
167,168,53,1,1,1,1.0,1189.0
167,168,54,2,1,1,1.0,713.0
167,168,55,0,0,1,1.0,831.0
167,168,56,1,1,1,1.0,1511.0
167,168,57,2,1,0,1.0,806.0
167,168,58,1,1,0,1.0,945.0
167,168,59,0,0,1,1.0,1048.0
167,168,60,2,1,1,1.0,628.0
167,168,61,0,0,1,1.0,823.0
167,168,62,3,0,1,1.0,1563.0
167,168,63,3,0,1,1.0,1191.0
167,168,64,3,0,1,1.0,1372.0
167,168,65,2,1,1,1.0,649.0
167,168,66,1,1,1,1.0,793.0
167,168,67,0,0,1,1.0,745.0
167,168,68,1,1,0,1.0,868.0
167,168,69,2,1,1,1.0,725.0
167,168,70,3,0,1,1.0,707.0
167,168,71,0,0,0,1.0,754.0
167,168,72,0,0,1,1.0,755.0
167,168,73,3,0,0,1.0,919.0
167,168,74,3,0,1,1.0,918.0
167,168,75,2,1,1,1.0,788.0
167,168,76,1,1,1,1.0,752.0
167,168,77,1,1,1,1.0,709.0
167,168,78,0,0,1,1.0,803.0
167,168,79,2,1,1,1.0,706.0
167,168,80,3,0,1,1.0,709.0
167,168,81,1,1,1,1.0,1337.0
167,168,82,2,1,0,1.0,784.0
167,168,83,1,1,1,1.0,705.0
167,168,84,2,1,1,1.0,678.0
167,168,85,0,0,1,1.0,723.0
167,168,86,3,0,1,1.0,757.0
167,168,87,0,0,1,1.0,744.0
167,168,88,3,0,1,1.0,756.0
167,168,89,0,0,1,1.0,633.0
167,168,90,1,1,1,1.0,949.0
167,168,91,3,0,1,1.0,669.0
167,168,92,2,1,1,1.0,670.0
167,168,93,2,1,1,1.0,631.0
167,168,94,1,1,1,1.0,1143.0
167,168,95,0,0,1,1.0,744.0
167,168,96,0,0,0,1.0,759.0
167,168,97,1,1,0,1.0,881.0
167,168,98,3,0,1,1.0,756.0
167,168,99,1,1,1,1.0,767.0
167,168,100,0,0,0,1.0,721.0
167,168,101,2,1,1,1.0,623.0
167,168,102,2,1,1,1.0,666.0
167,168,103,3,0,0,1.0,781.0
167,168,104,0,0,1,1.0,1440.0
167,168,105,3,0,1,1.0,708.0
167,168,106,2,1,0,1.0,882.0
167,168,107,1,1,1,1.0,833.0
167,168,108,1,1,1,1.0,709.0
167,168,109,3,0,0,1.0,756.0
167,168,110,2,1,1,1.0,771.0
167,168,111,0,0,1,1.0,914.0
167,168,112,3,0,1,1.0,756.0
167,168,113,0,0,1,1.0,838.0
167,168,114,1,0,0,0.0,919.0
167,168,115,3,0,1,1.0,629.0
167,168,116,2,1,1,1.0,805.0
167,168,117,0,0,1,1.0,763.0
167,168,118,2,1,0,1.0,808.0
167,168,119,1,1,1,1.0,752.0
168,169,0,1,0,1,1.0,1752.0
168,169,1,2,1,0,0.0,1051.0
168,169,2,3,0,1,0.0,752.0
168,169,3,3,0,0,0.0,642.0
168,169,4,2,0,1,1.0,992.0
168,169,5,0,0,0,0.0,1153.0
168,169,6,1,0,1,1.0,728.0
168,169,7,0,1,0,1.0,1595.0
168,169,8,1,0,0,1.0,789.0
168,169,9,3,0,0,0.0,1163.0
168,169,10,1,0,1,1.0,823.0
168,169,11,2,0,1,1.0,1059.0
168,169,12,0,0,0,0.0,1118.0
168,169,13,3,1,0,1.0,1172.0
168,169,14,0,0,0,0.0,2611.0
168,169,15,2,0,1,1.0,1798.0
168,169,16,1,0,1,1.0,797.0
168,169,17,3,0,0,0.0,1484.0
168,169,18,1,0,1,1.0,753.0
168,169,19,2,0,0,1.0,876.0
168,169,20,0,0,1,0.0,2082.0
168,169,21,3,1,1,1.0,1141.0
168,169,22,0,0,0,0.0,1291.0
168,169,23,2,0,1,1.0,994.0
168,169,24,1,0,1,1.0,784.0
168,169,25,0,1,1,1.0,868.0
168,169,26,1,0,0,1.0,728.0
168,169,27,3,1,1,1.0,2144.0
168,169,28,0,0,0,0.0,1405.0
168,169,29,3,1,1,1.0,2282.0
168,169,30,2,0,0,1.0,924.0
168,169,31,2,1,0,0.0,2077.0
168,169,32,2,1,0,0.0,1975.0
168,169,33,3,1,1,1.0,1650.0
168,169,34,0,0,0,0.0,809.0
168,169,35,3,1,1,1.0,1182.0
168,169,36,1,0,1,1.0,623.0
168,169,37,0,0,0,0.0,756.0
168,169,38,2,1,0,0.0,972.0
168,169,39,1,0,0,1.0,803.0
168,169,40,1,1,0,0.0,994.0
168,169,41,3,1,1,1.0,1403.0
168,169,42,0,0,1,0.0,1613.0
168,169,43,2,1,0,0.0,1357.0
168,169,44,1,0,1,1.0,839.0
168,169,45,3,1,0,1.0,1068.0
168,169,46,0,1,1,1.0,1225.0
168,169,47,2,0,1,1.0,860.0
168,169,48,3,0,0,0.0,1060.0
168,169,49,3,1,1,1.0,1180.0
168,169,50,0,1,1,1.0,1460.0
168,169,51,2,0,1,1.0,1614.0
168,169,52,2,0,1,1.0,1394.0
168,169,53,0,1,1,1.0,740.0
168,169,54,1,0,1,1.0,698.0
168,169,55,1,0,1,1.0,1011.0
168,169,56,3,1,1,1.0,724.0
168,169,57,2,0,1,1.0,930.0
168,169,58,0,1,1,1.0,931.0
168,169,59,3,1,1,1.0,1070.0
168,169,60,1,0,1,1.0,739.0
168,169,61,2,0,0,1.0,884.0
168,169,62,0,1,1,1.0,926.0
168,169,63,1,0,1,1.0,1579.0
168,169,64,3,1,1,1.0,667.0
168,169,65,0,1,1,1.0,542.0
168,169,66,1,0,0,1.0,763.0
168,169,67,0,1,0,1.0,757.0
168,169,68,1,1,0,0.0,1051.0
168,169,69,2,0,1,1.0,1913.0
168,169,70,3,1,0,1.0,648.0
168,169,71,2,0,1,1.0,790.0
168,169,72,0,0,1,0.0,534.0
168,169,73,1,0,1,1.0,855.0
168,169,74,2,0,1,1.0,716.0
168,169,75,3,0,1,0.0,713.0
168,169,76,3,0,0,0.0,426.0
168,169,77,1,0,1,1.0,626.0
168,169,78,0,0,0,0.0,496.0
168,169,79,2,0,1,1.0,830.0
168,169,80,1,0,1,1.0,792.0
168,169,81,2,0,1,1.0,819.0
168,169,82,1,0,1,1.0,745.0
168,169,83,2,0,1,1.0,791.0
168,169,84,0,1,1,1.0,707.0
168,169,85,3,1,1,1.0,602.0
168,169,86,0,1,1,1.0,1301.0
168,169,87,3,1,1,1.0,822.0
168,169,88,0,1,0,1.0,626.0
168,169,89,0,0,0,0.0,948.0
168,169,90,1,0,0,1.0,706.0
168,169,91,2,0,1,1.0,749.0
168,169,92,3,0,0,0.0,862.0
168,169,93,3,1,1,1.0,808.0
168,169,94,1,1,0,0.0,1130.0
168,169,95,2,0,0,1.0,996.0
168,169,96,2,1,0,0.0,593.0
168,169,97,0,0,0,0.0,838.0
168,169,98,0,1,1,1.0,581.0
168,169,99,3,1,1,1.0,689.0
168,169,100,2,0,1,1.0,711.0
168,169,101,1,0,1,1.0,561.0
168,169,102,1,0,1,1.0,613.0
168,169,103,3,1,0,1.0,716.0
168,169,104,0,1,1,1.0,901.0
168,169,105,3,0,0,0.0,765.0
168,169,106,1,0,1,1.0,700.0
168,169,107,3,1,1,1.0,641.0
168,169,108,2,0,0,1.0,666.0
168,169,109,2,1,0,0.0,1423.0
168,169,110,1,0,1,1.0,692.0
168,169,111,0,1,1,1.0,876.0
168,169,112,2,0,1,1.0,625.0
168,169,113,3,1,1,1.0,786.0
168,169,114,1,0,1,1.0,639.0
168,169,115,1,0,1,1.0,586.0
168,169,116,2,0,1,1.0,720.0
168,169,117,0,1,1,1.0,631.0
168,169,118,3,1,1,1.0,803.0
168,169,119,0,1,1,1.0,1092.0
169,170,0,2,0,0,0.0,2507.0
169,170,1,0,1,0,0.0,3214.0
169,170,2,1,1,0,0.0,1065.0
169,170,3,0,0,1,1.0,441.0
169,170,4,3,1,1,1.0,1189.0
169,170,5,2,0,0,0.0,1279.0
169,170,6,3,1,1,1.0,622.0
169,170,7,1,0,0,1.0,860.0
169,170,8,0,0,1,1.0,752.0
169,170,9,1,1,0,0.0,947.0
169,170,10,3,1,1,1.0,3558.0
169,170,11,0,0,1,1.0,1201.0
169,170,12,1,0,1,1.0,997.0
169,170,13,3,1,0,1.0,479.0
169,170,14,2,0,0,0.0,804.0
169,170,15,2,1,1,1.0,695.0
169,170,16,0,1,0,0.0,3696.0
169,170,17,0,0,1,1.0,829.0
169,170,18,1,1,0,0.0,918.0
169,170,19,3,1,1,1.0,2004.0
169,170,20,2,0,1,0.0,994.0
169,170,21,2,0,0,0.0,735.0
169,170,22,1,1,1,0.0,504.0
169,170,23,3,0,0,0.0,2574.0
169,170,24,3,1,1,1.0,867.0
169,170,25,0,0,1,1.0,1564.0
169,170,26,1,0,1,1.0,1170.0
169,170,27,2,1,0,1.0,583.0
169,170,28,1,0,1,1.0,801.0
169,170,29,2,1,1,1.0,774.0
169,170,30,3,0,0,0.0,1030.0
169,170,31,0,1,1,0.0,2953.0
169,170,32,0,1,0,0.0,3511.0
169,170,33,3,1,0,1.0,433.0
169,170,34,1,0,1,1.0,493.0
169,170,35,3,1,1,1.0,579.0
169,170,36,2,0,1,0.0,3723.0
169,170,37,2,1,1,1.0,1023.0
169,170,38,0,0,1,1.0,4084.0
169,170,39,1,1,1,0.0,2561.0
169,170,40,3,0,0,0.0,720.0
169,170,41,1,0,1,1.0,557.0
169,170,42,1,1,0,0.0,899.0
169,170,43,0,0,0,1.0,1296.0
169,170,44,2,1,1,1.0,591.0
169,170,45,0,1,1,0.0,3866.0
169,170,46,3,0,1,0.0,643.0
169,170,47,2,0,0,0.0,933.0
169,170,48,1,1,0,0.0,850.0
169,170,49,2,1,1,1.0,589.0
169,170,50,3,0,0,0.0,2848.0
169,170,51,1,0,0,1.0,525.0
169,170,52,0,0,1,1.0,2381.0
169,170,53,0,1,0,0.0,442.0
169,170,54,3,1,1,1.0,979.0
169,170,55,2,1,0,1.0,835.0
169,170,56,3,0,0,0.0,936.0
169,170,57,0,1,0,0.0,789.0
169,170,58,1,1,0,0.0,317.0
169,170,59,2,1,1,1.0,291.0
169,170,60,2,0,0,0.0,863.0
169,170,61,3,0,0,0.0,445.0
169,170,62,0,1,0,0.0,377.0
169,170,63,1,0,1,1.0,3342.0
169,170,64,2,1,1,1.0,753.0
169,170,65,1,0,1,1.0,730.0
169,170,66,0,1,0,0.0,358.0
169,170,67,0,0,1,1.0,1608.0
169,170,68,3,1,1,1.0,2713.0
169,170,69,2,1,1,1.0,3522.0
169,170,70,1,0,1,1.0,1249.0
169,170,71,3,1,1,1.0,513.0
169,170,72,2,0,0,0.0,1461.0
169,170,73,0,1,0,0.0,1097.0
169,170,74,3,0,1,0.0,2573.0
169,170,75,1,0,1,1.0,4021.0
169,170,76,1,0,1,1.0,1156.0
169,170,77,2,1,0,1.0,433.0
169,170,78,3,1,1,1.0,514.0
169,170,79,0,0,1,1.0,1030.0
169,170,80,2,1,1,1.0,785.0
169,170,81,0,0,1,1.0,2569.0
169,170,82,2,1,1,1.0,316.0
169,170,83,0,0,1,1.0,281.0
169,170,84,3,1,0,1.0,1623.0
169,170,85,1,1,0,0.0,819.0
169,170,86,3,0,0,0.0,896.0
169,170,87,1,1,0,0.0,677.0
169,170,88,3,0,0,0.0,409.0
169,170,89,1,0,0,1.0,296.0
169,170,90,0,1,0,0.0,409.0
169,170,91,0,1,0,0.0,288.0
169,170,92,2,0,0,0.0,402.0
169,170,93,1,1,0,0.0,10.0
169,170,94,2,0,0,0.0,585.0
169,170,95,3,1,1,1.0,1412.0
169,170,96,3,0,1,0.0,2236.0
169,170,97,3,1,0,1.0,1203.0
169,170,98,0,0,0,1.0,591.0
169,170,99,1,1,0,0.0,434.0
169,170,100,0,0,1,1.0,596.0
169,170,101,2,1,1,1.0,4600.0
169,170,102,1,0,1,1.0,339.0
169,170,103,2,1,1,1.0,309.0
169,170,104,3,0,0,0.0,2845.0
169,170,105,0,0,1,1.0,273.0
169,170,106,1,1,1,0.0,794.0
169,170,107,2,1,1,1.0,530.0
169,170,108,0,0,1,1.0,434.0
169,170,109,2,1,0,1.0,393.0
169,170,110,3,1,1,1.0,1215.0
169,170,111,1,0,1,1.0,3773.0
169,170,112,3,1,1,1.0,769.0
169,170,113,0,0,0,1.0,425.0
169,170,114,2,0,0,0.0,805.0
169,170,115,0,1,1,0.0,1034.0
169,170,116,2,1,1,1.0,366.0
169,170,117,1,0,1,1.0,694.0
169,170,118,1,1,0,0.0,4218.0
169,170,119,3,0,0,0.0,399.0
170,171,0,3,1,1,1.0,1905.0
170,171,1,1,1,0,1.0,1481.0
170,171,2,0,1,0,0.0,1435.0
170,171,3,0,0,0,1.0,1235.0
170,171,4,2,0,0,1.0,1801.0
170,171,5,1,0,1,0.0,1042.0
170,171,6,2,1,0,0.0,1452.0
170,171,7,3,1,1,1.0,1256.0
170,171,8,0,1,0,0.0,705.0
170,171,9,3,1,0,1.0,1269.0
170,171,10,3,1,1,1.0,934.0
170,171,11,0,1,1,0.0,1504.0
170,171,12,1,0,0,0.0,1162.0
170,171,13,1,1,1,1.0,1242.0
170,171,14,2,1,0,0.0,1524.0
170,171,15,2,0,1,1.0,732.0
170,171,16,0,0,1,1.0,2070.0
170,171,17,1,0,0,0.0,2610.0
170,171,18,2,0,1,1.0,1162.0
170,171,19,3,1,1,1.0,549.0
170,171,20,0,0,1,1.0,890.0
170,171,21,3,1,1,1.0,1817.0
170,171,22,2,0,1,1.0,925.0
170,171,23,1,1,1,1.0,1548.0
170,171,24,3,1,0,1.0,886.0
170,171,25,1,1,1,1.0,1159.0
170,171,26,3,1,1,1.0,586.0
170,171,27,2,0,1,1.0,1264.0
170,171,28,0,0,1,1.0,1141.0
170,171,29,0,0,1,1.0,1294.0
170,171,30,1,0,0,0.0,797.0
170,171,31,2,0,1,1.0,758.0
170,171,32,3,0,1,0.0,1671.0
170,171,33,2,1,1,0.0,838.0
170,171,34,0,1,0,0.0,700.0
170,171,35,3,0,0,0.0,2356.0
170,171,36,1,0,0,0.0,1720.0
170,171,37,1,1,1,1.0,1042.0
170,171,38,0,1,0,0.0,546.0
170,171,39,2,1,0,0.0,518.0
170,171,40,1,0,1,0.0,995.0
170,171,41,0,0,0,1.0,1994.0
170,171,42,1,1,1,1.0,943.0
170,171,43,3,0,0,0.0,1637.0
170,171,44,0,0,1,1.0,928.0
170,171,45,2,0,0,1.0,729.0
170,171,46,2,0,1,1.0,829.0
170,171,47,3,1,1,1.0,772.0
170,171,48,1,1,1,1.0,726.0
170,171,49,0,0,1,1.0,581.0
170,171,50,2,0,1,1.0,592.0
170,171,51,1,1,1,1.0,838.0
170,171,52,0,0,1,1.0,1009.0
170,171,53,3,1,1,1.0,988.0
170,171,54,2,0,1,1.0,1310.0
170,171,55,3,1,1,1.0,2607.0
170,171,56,3,1,1,1.0,631.0
170,171,57,0,0,1,1.0,915.0
170,171,58,1,1,0,1.0,455.0
170,171,59,0,0,0,1.0,651.0
170,171,60,2,0,1,1.0,535.0
170,171,61,2,0,1,1.0,996.0
170,171,62,3,1,0,1.0,676.0
170,171,63,1,1,1,1.0,1267.0
170,171,64,3,1,1,1.0,621.0
170,171,65,0,1,1,0.0,508.0
170,171,66,1,1,1,1.0,1914.0
170,171,67,1,1,0,1.0,697.0
170,171,68,3,1,1,1.0,737.0
170,171,69,2,0,1,1.0,654.0
170,171,70,2,0,0,1.0,607.0
170,171,71,0,1,0,0.0,1247.0
170,171,72,3,1,1,1.0,557.0
170,171,73,2,0,1,1.0,656.0
170,171,74,0,1,0,0.0,972.0
170,171,75,1,1,1,1.0,814.0
170,171,76,1,1,1,1.0,679.0
170,171,77,3,1,0,1.0,834.0
170,171,78,0,1,0,0.0,1518.0
170,171,79,2,0,1,1.0,796.0
170,171,80,0,0,1,1.0,568.0
170,171,81,0,0,1,1.0,723.0
170,171,82,2,0,0,1.0,904.0
170,171,83,1,1,1,1.0,1038.0
170,171,84,1,1,1,1.0,787.0
170,171,85,2,0,1,1.0,1641.0
170,171,86,3,1,1,1.0,720.0
170,171,87,3,1,1,1.0,810.0
170,171,88,3,1,1,1.0,665.0
170,171,89,1,1,1,1.0,990.0
170,171,90,0,0,1,1.0,781.0
170,171,91,0,0,0,1.0,1463.0
170,171,92,2,0,1,1.0,621.0
170,171,93,2,0,1,1.0,769.0
170,171,94,3,1,1,1.0,1027.0
170,171,95,1,1,1,1.0,707.0
170,171,96,0,0,1,1.0,519.0
170,171,97,2,0,1,1.0,555.0
170,171,98,1,1,0,1.0,1014.0
170,171,99,1,0,0,0.0,485.0
170,171,100,2,0,1,1.0,842.0
170,171,101,3,1,1,1.0,560.0
170,171,102,3,1,1,1.0,498.0
170,171,103,0,0,1,1.0,665.0
170,171,104,2,0,0,1.0,700.0
170,171,105,3,1,0,1.0,720.0
170,171,106,1,1,1,1.0,1065.0
170,171,107,3,1,1,1.0,4497.0
170,171,108,2,0,1,1.0,663.0
170,171,109,0,0,1,1.0,1095.0
170,171,110,0,0,1,1.0,799.0
170,171,111,1,1,1,1.0,995.0
170,171,112,2,0,0,1.0,519.0
170,171,113,3,1,0,1.0,837.0
170,171,114,1,1,1,1.0,897.0
170,171,115,0,0,1,1.0,760.0
170,171,116,3,1,1,1.0,940.0
170,171,117,1,1,1,1.0,713.0
170,171,118,2,0,1,1.0,791.0
170,171,119,0,0,1,1.0,1615.0
171,172,0,0,1,0,0.0,2215.0
171,172,1,1,1,0,1.0,1314.0
171,172,2,3,1,0,0.0,1331.0
171,172,3,2,1,1,1.0,1532.0
171,172,4,3,0,1,1.0,1746.0
171,172,5,0,0,1,1.0,568.0
171,172,6,2,1,1,1.0,1124.0
171,172,7,1,0,1,0.0,542.0
171,172,8,1,0,0,0.0,728.0
171,172,9,2,1,1,1.0,974.0
171,172,10,3,0,1,1.0,1454.0
171,172,11,3,1,0,0.0,1195.0
171,172,12,0,0,1,1.0,1215.0
171,172,13,0,0,1,1.0,581.0
171,172,14,2,1,1,1.0,942.0
171,172,15,1,0,0,0.0,1386.0
171,172,16,2,1,1,1.0,1832.0
171,172,17,3,0,0,1.0,1297.0
171,172,18,0,0,1,1.0,990.0
171,172,19,1,0,0,0.0,516.0
171,172,20,0,0,1,1.0,1478.0
171,172,21,3,0,1,1.0,1742.0
171,172,22,1,1,1,1.0,653.0
171,172,23,2,1,1,1.0,985.0
171,172,24,3,0,1,1.0,946.0
171,172,25,1,1,1,1.0,1197.0
171,172,26,2,1,0,1.0,2470.0
171,172,27,0,0,1,1.0,845.0
171,172,28,1,1,1,1.0,1096.0
171,172,29,0,0,0,1.0,837.0
171,172,30,3,0,1,1.0,2839.0
171,172,31,2,1,1,1.0,872.0
171,172,32,2,1,1,1.0,1986.0
171,172,33,3,0,1,1.0,1223.0
171,172,34,3,0,0,1.0,985.0
171,172,35,1,0,0,0.0,2460.0
171,172,36,2,1,0,1.0,1798.0
171,172,37,0,0,1,1.0,2904.0
171,172,38,1,1,1,1.0,1931.0
171,172,39,0,0,1,1.0,867.0
171,172,40,1,1,1,1.0,1006.0
171,172,41,3,1,0,0.0,966.0
171,172,42,1,1,1,1.0,1276.0
171,172,43,3,0,1,1.0,739.0
171,172,44,2,1,1,1.0,1887.0
171,172,45,0,0,1,1.0,1182.0
171,172,46,0,0,1,1.0,680.0
171,172,47,2,1,1,1.0,817.0
171,172,48,3,0,1,1.0,1482.0
171,172,49,0,0,0,1.0,1593.0
171,172,50,3,1,1,0.0,1232.0
171,172,51,2,1,1,1.0,994.0
171,172,52,1,1,1,1.0,958.0
171,172,53,1,1,0,1.0,600.0
171,172,54,2,1,1,1.0,1284.0
171,172,55,0,0,1,1.0,923.0
171,172,56,1,1,1,1.0,924.0
171,172,57,2,1,0,1.0,983.0
171,172,58,1,1,1,1.0,752.0
171,172,59,0,0,1,1.0,866.0
171,172,60,2,1,1,1.0,874.0
171,172,61,0,0,1,1.0,642.0
171,172,62,3,1,0,0.0,764.0
171,172,63,3,1,0,0.0,2850.0
171,172,64,3,0,0,1.0,613.0
171,172,65,2,1,1,1.0,2124.0
171,172,66,1,1,1,1.0,1157.0
171,172,67,0,0,1,1.0,709.0
171,172,68,1,1,1,1.0,720.0
171,172,69,2,1,1,1.0,877.0
171,172,70,3,0,1,1.0,847.0
171,172,71,0,0,0,1.0,917.0
171,172,72,0,0,1,1.0,1302.0
171,172,73,3,1,0,0.0,1226.0
171,172,74,3,1,0,0.0,1105.0
171,172,75,2,1,1,1.0,1156.0
171,172,76,1,1,0,1.0,933.0
171,172,77,1,1,1,1.0,504.0
171,172,78,0,0,1,1.0,761.0
171,172,79,2,1,1,1.0,789.0
171,172,80,3,0,1,1.0,1043.0
171,172,81,1,1,0,1.0,645.0
171,172,82,2,1,0,1.0,1322.0
171,172,83,1,1,1,1.0,717.0
171,172,84,2,1,1,1.0,761.0
171,172,85,0,0,1,1.0,2401.0
171,172,86,3,1,1,0.0,749.0
171,172,87,0,0,1,1.0,1071.0
171,172,88,3,1,0,0.0,680.0
171,172,89,0,0,1,1.0,1000.0
171,172,90,1,1,1,1.0,745.0
171,172,91,3,0,1,1.0,706.0
171,172,92,2,1,1,1.0,798.0
171,172,93,2,1,1,1.0,962.0
171,172,94,1,1,1,1.0,1230.0
171,172,95,0,0,1,1.0,762.0
171,172,96,0,0,0,1.0,563.0
171,172,97,1,1,1,1.0,894.0
171,172,98,3,0,1,1.0,959.0
171,172,99,1,0,1,0.0,1546.0
171,172,100,0,0,0,1.0,1550.0
171,172,101,2,1,1,1.0,1470.0
171,172,102,2,0,0,0.0,1808.0
171,172,103,3,0,1,1.0,3382.0
171,172,104,0,0,1,1.0,1305.0
171,172,105,3,1,0,0.0,923.0
171,172,106,2,1,1,1.0,1509.0
171,172,107,1,1,1,1.0,1441.0
171,172,108,1,1,1,1.0,703.0
171,172,109,3,0,0,1.0,818.0
171,172,110,2,1,0,1.0,1152.0
171,172,111,0,0,1,1.0,1044.0
171,172,112,3,0,1,1.0,1560.0
171,172,113,0,0,1,1.0,736.0
171,172,114,1,1,0,1.0,983.0
171,172,115,3,0,1,1.0,794.0
171,172,116,2,1,1,1.0,797.0
171,172,117,0,0,1,1.0,849.0
171,172,118,2,1,1,1.0,837.0
171,172,119,1,1,1,1.0,1121.0
172,173,0,1,0,1,1.0,1745.0
172,173,1,2,1,0,0.0,1366.0
172,173,2,3,0,1,0.0,571.0
172,173,3,3,0,0,0.0,526.0
172,173,4,2,0,1,1.0,887.0
172,173,5,0,0,0,0.0,777.0
172,173,6,1,0,1,1.0,511.0
172,173,7,0,0,0,0.0,1250.0
172,173,8,1,0,0,1.0,515.0
172,173,9,3,0,0,0.0,517.0
172,173,10,1,0,1,1.0,537.0
172,173,11,2,0,1,1.0,937.0
172,173,12,0,1,0,1.0,759.0
172,173,13,3,0,0,0.0,670.0
172,173,14,0,1,1,1.0,1095.0
172,173,15,2,0,1,1.0,546.0
172,173,16,1,0,1,1.0,770.0
172,173,17,3,0,0,0.0,940.0
172,173,18,1,0,1,1.0,893.0
172,173,19,2,1,0,0.0,900.0
172,173,20,0,0,0,0.0,735.0
172,173,21,3,1,0,1.0,928.0
172,173,22,0,1,1,1.0,798.0
172,173,23,2,1,0,0.0,1005.0
172,173,24,1,0,1,1.0,1478.0
172,173,25,0,1,1,1.0,894.0
172,173,26,1,0,0,1.0,697.0
172,173,27,3,0,1,0.0,1631.0
172,173,28,0,1,1,1.0,810.0
172,173,29,3,0,0,0.0,864.0
172,173,30,2,0,0,1.0,968.0
172,173,31,2,1,0,0.0,584.0
172,173,32,2,0,1,1.0,5259.0
172,173,33,3,1,1,1.0,670.0
172,173,34,0,1,1,1.0,657.0
172,173,35,3,1,1,1.0,696.0
172,173,36,1,0,1,1.0,1146.0
172,173,37,0,1,1,1.0,2105.0
172,173,38,2,0,0,1.0,1277.0
172,173,39,1,0,0,1.0,756.0
172,173,40,1,0,1,1.0,570.0
172,173,41,3,1,1,1.0,464.0
172,173,42,0,1,1,1.0,480.0
172,173,43,2,1,0,0.0,988.0
172,173,44,1,0,1,1.0,658.0
172,173,45,3,1,1,1.0,465.0
172,173,46,0,1,0,1.0,979.0
172,173,47,2,0,1,1.0,1245.0
172,173,48,3,1,1,1.0,1131.0
172,173,49,3,1,1,1.0,472.0
172,173,50,0,1,1,1.0,1191.0
172,173,51,2,0,1,1.0,934.0
172,173,52,2,0,1,1.0,613.0
172,173,53,0,1,1,1.0,1107.0
172,173,54,1,0,1,1.0,628.0
172,173,55,1,0,1,1.0,480.0
172,173,56,3,1,0,1.0,722.0
172,173,57,2,0,1,1.0,557.0
172,173,58,0,1,0,1.0,876.0
172,173,59,3,1,1,1.0,495.0
172,173,60,1,0,1,1.0,816.0
172,173,61,2,0,0,1.0,1355.0
172,173,62,0,1,1,1.0,448.0
172,173,63,1,0,0,1.0,2628.0
172,173,64,3,1,1,1.0,747.0
172,173,65,0,1,1,1.0,569.0
172,173,66,1,0,1,1.0,681.0
172,173,67,0,1,1,1.0,848.0
172,173,68,1,0,1,1.0,672.0
172,173,69,2,1,0,0.0,801.0
172,173,70,3,1,1,1.0,707.0
172,173,71,2,0,1,1.0,572.0
172,173,72,0,1,1,1.0,530.0
172,173,73,1,0,1,1.0,1047.0
172,173,74,2,0,1,1.0,986.0
172,173,75,3,1,1,1.0,697.0
172,173,76,3,1,0,1.0,417.0
172,173,77,1,0,1,1.0,921.0
172,173,78,0,1,1,1.0,916.0
172,173,79,2,0,1,1.0,1486.0
172,173,80,1,0,0,1.0,629.0
172,173,81,2,0,1,1.0,1105.0
172,173,82,1,0,1,1.0,634.0
172,173,83,2,0,1,1.0,1187.0
172,173,84,0,1,1,1.0,444.0
172,173,85,3,0,0,0.0,911.0
172,173,86,0,1,0,1.0,506.0
172,173,87,3,1,1,1.0,407.0
172,173,88,0,1,1,1.0,724.0
172,173,89,0,1,1,1.0,510.0
172,173,90,1,0,1,1.0,626.0
172,173,91,2,0,1,1.0,851.0
172,173,92,3,1,1,1.0,1279.0
172,173,93,3,1,1,1.0,645.0
172,173,94,1,0,1,1.0,2191.0
172,173,95,2,0,1,1.0,2215.0
172,173,96,2,0,0,1.0,774.0
172,173,97,0,1,0,1.0,595.0
172,173,98,0,1,1,1.0,437.0
172,173,99,3,1,1,1.0,919.0
172,173,100,2,0,1,1.0,649.0
172,173,101,1,0,1,1.0,754.0
172,173,102,1,0,1,1.0,548.0
172,173,103,3,1,0,1.0,1640.0
172,173,104,0,1,1,1.0,424.0
172,173,105,3,1,1,1.0,1077.0
172,173,106,1,0,1,1.0,630.0
172,173,107,3,1,1,1.0,1108.0
172,173,108,2,0,0,1.0,1047.0
172,173,109,2,0,1,1.0,623.0
172,173,110,1,0,1,1.0,725.0
172,173,111,0,1,0,1.0,772.0
172,173,112,2,0,1,1.0,572.0
172,173,113,3,1,1,1.0,741.0
172,173,114,1,0,0,1.0,679.0
172,173,115,1,0,1,1.0,584.0
172,173,116,2,0,1,1.0,1442.0
172,173,117,0,1,1,1.0,1633.0
172,173,118,3,1,1,1.0,1055.0
172,173,119,0,1,1,1.0,1389.0
173,174,0,2,1,1,1.0,2680.0
173,174,1,0,0,1,1.0,1547.0
173,174,2,1,0,0,1.0,1745.0
173,174,3,0,1,0,0.0,881.0
173,174,4,3,0,0,0.0,2120.0
173,174,5,2,1,0,1.0,813.0
173,174,6,3,1,1,1.0,2684.0
173,174,7,1,1,0,0.0,1008.0
173,174,8,0,0,1,1.0,3370.0
173,174,9,1,0,1,1.0,1157.0
173,174,10,3,1,1,1.0,951.0
173,174,11,0,0,1,1.0,1499.0
173,174,12,1,1,0,0.0,1020.0
173,174,13,3,1,1,1.0,1432.0
173,174,14,2,1,1,1.0,1072.0
173,174,15,2,1,1,1.0,812.0
173,174,16,0,0,1,1.0,1363.0
173,174,17,0,0,1,1.0,826.0
173,174,18,1,0,1,1.0,967.0
173,174,19,3,1,0,1.0,626.0
173,174,20,2,1,1,1.0,944.0
173,174,21,2,1,1,1.0,861.0
173,174,22,1,0,1,1.0,776.0
173,174,23,3,1,1,1.0,1051.0
173,174,24,3,1,1,1.0,1110.0
173,174,25,0,0,1,1.0,1143.0
173,174,26,1,0,1,1.0,1359.0
173,174,27,2,1,0,1.0,865.0
173,174,28,1,0,1,1.0,656.0
173,174,29,2,1,1,1.0,700.0
173,174,30,3,1,0,1.0,779.0
173,174,31,0,0,0,1.0,937.0
173,174,32,0,0,1,1.0,1852.0
173,174,33,3,1,1,1.0,653.0
173,174,34,1,0,0,1.0,773.0
173,174,35,3,1,1,1.0,897.0
173,174,36,2,1,1,1.0,848.0
173,174,37,2,1,1,1.0,687.0
173,174,38,0,0,1,1.0,656.0
173,174,39,1,0,1,1.0,1469.0
173,174,40,3,1,1,1.0,629.0
173,174,41,1,0,1,1.0,1630.0
173,174,42,1,0,1,1.0,805.0
173,174,43,0,0,1,1.0,1104.0
173,174,44,2,1,0,1.0,617.0
173,174,45,0,0,1,1.0,1375.0
173,174,46,3,1,1,1.0,1348.0
173,174,47,2,1,1,1.0,1247.0
173,174,48,1,0,1,1.0,895.0
173,174,49,2,1,1,1.0,889.0
173,174,50,3,1,1,1.0,782.0
173,174,51,1,0,1,1.0,788.0
173,174,52,0,0,1,1.0,926.0
173,174,53,0,0,0,1.0,920.0
173,174,54,3,1,0,1.0,775.0
173,174,55,2,0,0,0.0,826.0
173,174,56,3,1,1,1.0,2058.0
173,174,57,0,0,1,1.0,765.0
173,174,58,1,0,0,1.0,699.0
173,174,59,2,1,1,1.0,802.0
173,174,60,2,1,1,1.0,1136.0
173,174,61,3,1,0,1.0,1000.0
173,174,62,0,1,0,0.0,1249.0
173,174,63,1,0,1,1.0,1994.0
173,174,64,2,1,1,1.0,1130.0
173,174,65,1,0,1,1.0,761.0
173,174,66,0,0,1,1.0,1044.0
173,174,67,0,0,1,1.0,1156.0
173,174,68,3,1,1,1.0,809.0
173,174,69,2,1,0,1.0,685.0
173,174,70,1,0,1,1.0,1151.0
173,174,71,3,1,1,1.0,1006.0
173,174,72,2,1,1,1.0,818.0
173,174,73,0,1,1,0.0,663.0
173,174,74,3,0,0,0.0,1060.0
173,174,75,1,0,1,1.0,1246.0
173,174,76,1,0,0,1.0,777.0
173,174,77,2,1,1,1.0,1073.0
173,174,78,3,1,1,1.0,1626.0
173,174,79,0,0,0,1.0,3470.0
173,174,80,2,0,0,0.0,1778.0
173,174,81,0,0,1,1.0,826.0
173,174,82,2,1,1,1.0,1223.0
173,174,83,0,0,1,1.0,1139.0
173,174,84,3,1,1,1.0,880.0
173,174,85,1,0,1,1.0,681.0
173,174,86,3,1,0,1.0,2108.0
173,174,87,1,0,0,1.0,581.0
173,174,88,3,1,1,1.0,910.0
173,174,89,1,0,1,1.0,1272.0
173,174,90,0,0,1,1.0,1259.0
173,174,91,0,0,0,1.0,1160.0
173,174,92,2,0,0,0.0,1170.0
173,174,93,1,0,1,1.0,1458.0
173,174,94,2,1,1,1.0,1973.0
173,174,95,3,1,1,1.0,784.0
173,174,96,3,1,1,1.0,717.0
173,174,97,3,1,1,1.0,1443.0
173,174,98,0,0,1,1.0,839.0
173,174,99,1,0,1,1.0,895.0
173,174,100,0,0,1,1.0,1091.0
173,174,101,2,1,1,1.0,1456.0
173,174,102,1,0,1,1.0,761.0
173,174,103,2,1,0,1.0,1217.0
173,174,104,3,1,1,1.0,1091.0
173,174,105,0,0,1,1.0,908.0
173,174,106,1,0,1,1.0,639.0
173,174,107,2,1,1,1.0,1643.0
173,174,108,0,0,1,1.0,908.0
173,174,109,2,1,1,1.0,1561.0
173,174,110,3,1,0,1.0,2022.0
173,174,111,1,0,1,1.0,883.0
173,174,112,3,1,1,1.0,1064.0
173,174,113,0,0,1,1.0,804.0
173,174,114,2,1,1,1.0,1627.0
173,174,115,0,0,0,1.0,716.0
173,174,116,2,1,1,1.0,648.0
173,174,117,1,0,1,1.0,705.0
173,174,118,1,0,1,1.0,1087.0
173,174,119,3,1,1,1.0,877.0
174,175,0,3,1,1,1.0,1618.0
174,175,1,1,0,1,0.0,1598.0
174,175,2,0,0,0,1.0,2181.0
174,175,3,0,1,0,0.0,878.0
174,175,4,2,0,0,1.0,2442.0
174,175,5,1,1,0,1.0,3001.0
174,175,6,2,0,1,1.0,2783.0
174,175,7,3,1,1,1.0,3237.0
174,175,8,0,0,1,1.0,1680.0
174,175,9,3,1,0,1.0,1162.0
174,175,10,3,1,1,1.0,1454.0
174,175,11,0,0,1,1.0,900.0
174,175,12,1,1,1,1.0,2544.0
174,175,13,1,1,1,1.0,885.0
174,175,14,2,0,1,1.0,1506.0
174,175,15,2,0,1,1.0,726.0
174,175,16,0,0,1,1.0,1597.0
174,175,17,1,1,1,1.0,1252.0
174,175,18,2,0,1,1.0,2175.0
174,175,19,3,1,1,1.0,1988.0
174,175,20,0,0,1,1.0,1173.0
174,175,21,3,1,1,1.0,2396.0
174,175,22,2,0,1,1.0,1250.0
174,175,23,1,1,1,1.0,3151.0
174,175,24,3,1,0,1.0,1420.0
174,175,25,1,1,1,1.0,1895.0
174,175,26,3,1,1,1.0,2531.0
174,175,27,2,0,0,1.0,933.0
174,175,28,0,0,0,1.0,1153.0
174,175,29,0,0,1,1.0,647.0
174,175,30,1,1,1,1.0,1646.0
174,175,31,2,0,1,1.0,961.0
174,175,32,3,1,1,1.0,3034.0
174,175,33,2,0,1,1.0,754.0
174,175,34,0,0,1,1.0,1326.0
174,175,35,3,1,1,1.0,1902.0
174,175,36,1,0,0,0.0,946.0
174,175,37,1,0,0,0.0,1567.0
174,175,38,0,0,1,1.0,1743.0
174,175,39,2,0,1,1.0,1492.0
174,175,40,1,1,1,1.0,1019.0
174,175,41,0,0,1,1.0,1983.0
174,175,42,1,1,0,1.0,3674.0
174,175,43,3,1,1,1.0,1214.0
174,175,44,0,0,0,1.0,1872.0
174,175,45,2,0,1,1.0,1330.0
174,175,46,2,0,1,1.0,768.0
174,175,47,3,1,1,1.0,885.0
174,175,48,1,0,0,0.0,3506.0
174,175,49,0,0,1,1.0,785.0
174,175,50,2,0,1,1.0,1451.0
174,175,51,1,1,1,1.0,1686.0
174,175,52,0,0,1,1.0,760.0
174,175,53,3,1,0,1.0,1408.0
174,175,54,2,1,0,0.0,891.0
174,175,55,3,1,1,1.0,1100.0
174,175,56,3,1,1,1.0,877.0
174,175,57,0,0,1,1.0,1448.0
174,175,58,1,1,1,1.0,3357.0
174,175,59,0,0,0,1.0,790.0
174,175,60,2,0,0,1.0,1005.0
174,175,61,2,1,0,0.0,1182.0
174,175,62,3,1,1,1.0,1417.0
174,175,63,1,0,0,0.0,2311.0
174,175,64,3,1,0,1.0,1556.0
174,175,65,0,0,1,1.0,861.0
174,175,66,1,1,0,1.0,1594.0
174,175,67,1,0,1,0.0,2299.0
174,175,68,3,1,1,1.0,1640.0
174,175,69,2,0,1,1.0,1088.0
174,175,70,2,0,1,1.0,1389.0
174,175,71,0,0,1,1.0,1466.0
174,175,72,3,1,1,1.0,1074.0
174,175,73,2,0,0,1.0,2177.0
174,175,74,0,0,1,1.0,1915.0
174,175,75,1,1,1,1.0,1893.0
174,175,76,1,1,1,1.0,634.0
174,175,77,3,1,1,1.0,1238.0
174,175,78,0,0,1,1.0,923.0
174,175,79,2,0,1,1.0,2339.0
174,175,80,0,0,1,1.0,1240.0
174,175,81,0,0,1,1.0,1166.0
174,175,82,2,0,1,1.0,2785.0
174,175,83,1,1,1,1.0,1692.0
174,175,84,1,1,1,1.0,1298.0
174,175,85,2,0,1,1.0,1654.0
174,175,86,3,1,1,1.0,2918.0
174,175,87,3,1,1,1.0,773.0
174,175,88,3,1,1,1.0,640.0
174,175,89,1,1,1,1.0,1691.0
174,175,90,0,0,0,1.0,873.0
174,175,91,0,0,1,1.0,522.0
174,175,92,2,0,1,1.0,1354.0
174,175,93,2,0,1,1.0,891.0
174,175,94,3,1,0,1.0,3278.0
174,175,95,1,0,0,0.0,1051.0
174,175,96,0,0,1,1.0,1324.0
174,175,97,2,0,0,1.0,1819.0
174,175,98,1,1,1,1.0,1168.0
174,175,99,1,1,0,1.0,1322.0
174,175,100,2,0,1,1.0,920.0
174,175,101,3,1,1,1.0,2738.0
174,175,102,3,1,0,1.0,2452.0
174,175,103,0,0,1,1.0,5973.0
174,175,104,2,0,0,1.0,4409.0
174,175,105,3,1,1,1.0,1684.0
174,175,106,1,0,0,0.0,1115.0
174,175,107,3,1,1,1.0,2589.0
174,175,108,2,0,1,1.0,1658.0
174,175,109,0,0,1,1.0,3177.0
174,175,110,0,0,1,1.0,707.0
174,175,111,1,1,1,1.0,1886.0
174,175,112,2,0,1,1.0,2774.0
174,175,113,3,1,1,1.0,2063.0
174,175,114,1,1,1,1.0,1684.0
174,175,115,0,0,1,1.0,2260.0
174,175,116,3,1,1,1.0,1728.0
174,175,117,1,1,1,1.0,2891.0
174,175,118,2,0,1,1.0,2798.0
174,175,119,0,0,0,1.0,1733.0
175,176,0,0,1,0,0.0,4886.0
175,176,1,1,1,0,1.0,1807.0
175,176,2,3,1,0,0.0,777.0
175,176,3,2,1,1,1.0,939.0
175,176,4,3,0,1,1.0,1733.0
175,176,5,0,0,1,1.0,1015.0
175,176,6,2,1,1,1.0,873.0
175,176,7,1,0,1,0.0,837.0
175,176,8,1,0,0,0.0,712.0
175,176,9,2,1,1,1.0,4822.0
175,176,10,3,0,1,1.0,887.0
175,176,11,3,0,0,1.0,2160.0
175,176,12,0,0,1,1.0,2476.0
175,176,13,0,0,1,1.0,1226.0
175,176,14,2,1,1,1.0,1467.0
175,176,15,1,1,1,1.0,575.0
175,176,16,2,1,1,1.0,1824.0
175,176,17,3,1,0,0.0,2315.0
175,176,18,0,0,1,1.0,1174.0
175,176,19,1,1,1,1.0,1743.0
175,176,20,0,0,1,1.0,1444.0
175,176,21,3,0,1,1.0,1201.0
175,176,22,1,1,1,1.0,993.0
175,176,23,2,1,1,1.0,792.0
175,176,24,3,0,1,1.0,1013.0
175,176,25,1,1,1,1.0,729.0
175,176,26,2,1,0,1.0,735.0
175,176,27,0,0,1,1.0,1680.0
175,176,28,1,1,1,1.0,3171.0
175,176,29,0,0,0,1.0,1465.0
175,176,30,3,0,1,1.0,2772.0
175,176,31,2,1,1,1.0,1855.0
175,176,32,2,1,1,1.0,5372.0
175,176,33,3,0,1,1.0,1037.0
175,176,34,3,0,0,1.0,1145.0
175,176,35,1,1,1,1.0,883.0
175,176,36,2,1,0,1.0,621.0
175,176,37,0,0,1,1.0,3532.0
175,176,38,1,1,1,1.0,808.0
175,176,39,0,0,1,1.0,1165.0
175,176,40,1,1,0,1.0,772.0
175,176,41,3,0,1,1.0,1353.0
175,176,42,1,1,1,1.0,837.0
175,176,43,3,0,1,1.0,1389.0
175,176,44,2,1,1,1.0,824.0
175,176,45,0,0,1,1.0,964.0
175,176,46,0,0,1,1.0,906.0
175,176,47,2,1,1,1.0,560.0
175,176,48,3,0,0,1.0,807.0
175,176,49,0,0,0,1.0,4851.0
175,176,50,3,0,1,1.0,2193.0
175,176,51,2,1,1,1.0,680.0
175,176,52,1,1,1,1.0,1016.0
175,176,53,1,1,1,1.0,683.0
175,176,54,2,1,1,1.0,1084.0
175,176,55,0,0,1,1.0,1294.0
175,176,56,1,1,1,1.0,925.0
175,176,57,2,1,0,1.0,991.0
175,176,58,1,1,0,1.0,1917.0
175,176,59,0,0,1,1.0,1818.0
175,176,60,2,1,1,1.0,1173.0
175,176,61,0,0,1,1.0,1342.0
175,176,62,3,1,0,0.0,3458.0
175,176,64,3,1,1,0.0,1331.0
175,176,65,2,1,1,1.0,1032.0
175,176,66,1,1,1,1.0,796.0
175,176,67,0,0,1,1.0,989.0
175,176,68,1,1,0,1.0,2903.0
175,176,69,2,1,1,1.0,840.0
175,176,70,3,1,0,0.0,2204.0
175,176,71,0,0,0,1.0,923.0
175,176,72,0,1,0,0.0,841.0
175,176,73,3,1,0,0.0,2930.0
175,176,74,3,0,1,1.0,1000.0
175,176,75,2,1,1,1.0,1688.0
175,176,76,1,1,1,1.0,684.0
175,176,77,1,1,1,1.0,468.0
175,176,78,0,0,1,1.0,1185.0
175,176,79,2,1,1,1.0,624.0
175,176,80,3,1,0,0.0,671.0
175,176,81,1,1,1,1.0,791.0
175,176,82,2,1,0,1.0,725.0
175,176,83,1,1,1,1.0,890.0
175,176,84,2,1,1,1.0,1238.0
175,176,85,0,0,1,1.0,4269.0
175,176,86,3,0,1,1.0,5758.0
175,176,87,0,1,1,0.0,1040.0
175,176,88,3,0,1,1.0,1075.0
175,176,89,0,1,0,0.0,642.0
175,176,90,1,1,1,1.0,2725.0
175,176,91,3,0,1,1.0,4259.0
175,176,92,2,1,1,1.0,1354.0
175,176,93,2,1,1,1.0,799.0
175,176,94,1,1,1,1.0,4573.0
175,176,95,0,0,1,1.0,1527.0
175,176,96,0,0,1,1.0,1134.0
175,176,97,1,1,0,1.0,759.0
175,176,98,3,0,0,1.0,1980.0
175,176,99,1,1,1,1.0,1046.0
175,176,100,0,0,1,1.0,2378.0
175,176,101,2,1,1,1.0,955.0
175,176,102,2,1,1,1.0,3294.0
175,176,103,3,0,1,1.0,4321.0
175,176,104,0,0,1,1.0,3507.0
175,176,105,3,1,0,0.0,4229.0
175,176,106,2,1,0,1.0,793.0
175,176,107,1,1,1,1.0,1207.0
175,176,108,1,1,1,1.0,844.0
175,176,109,3,0,1,1.0,1584.0
175,176,110,2,1,1,1.0,3540.0
175,176,111,0,0,0,1.0,1765.0
175,176,112,3,0,1,1.0,1914.0
175,176,113,0,0,0,1.0,3596.0
175,176,114,1,1,1,1.0,707.0
175,176,115,3,0,1,1.0,1057.0
175,176,116,2,1,1,1.0,788.0
175,176,117,0,1,0,0.0,6474.0
175,176,118,2,1,0,1.0,794.0
175,176,119,1,0,0,0.0,905.0
176,177,0,1,1,0,0.0,3118.0
176,177,1,2,0,1,1.0,3491.0
176,177,2,3,1,0,1.0,1667.0
176,177,3,3,0,1,0.0,813.0
176,177,4,2,0,1,1.0,1062.0
176,177,5,0,1,0,1.0,1352.0
176,177,6,1,0,1,1.0,1727.0
176,177,7,0,0,0,0.0,1576.0
176,177,8,1,0,1,1.0,1448.0
176,177,9,3,1,1,1.0,1082.0
176,177,10,1,0,0,1.0,933.0
176,177,11,2,0,1,1.0,2331.0
176,177,12,0,1,1,1.0,1070.0
176,177,13,3,1,1,1.0,953.0
176,177,14,0,1,1,1.0,953.0
176,177,15,2,0,0,1.0,1005.0
176,177,16,1,0,1,1.0,1180.0
176,177,17,3,0,0,0.0,1372.0
176,177,18,1,0,1,1.0,1236.0
176,177,19,2,0,1,1.0,931.0
176,177,20,0,1,1,1.0,1543.0
176,177,21,3,0,0,0.0,1221.0
176,177,22,0,1,1,1.0,835.0
176,177,23,2,0,0,1.0,865.0
176,177,24,1,0,1,1.0,1406.0
176,177,25,0,1,1,1.0,2315.0
176,177,26,1,1,0,0.0,1138.0
176,177,27,3,1,1,1.0,1235.0
176,177,28,0,1,1,1.0,3630.0
176,177,29,3,1,1,1.0,1052.0
176,177,30,2,0,1,1.0,1699.0
176,177,31,2,0,1,1.0,1027.0
176,177,32,2,1,0,0.0,3755.0
176,177,33,3,1,1,1.0,775.0
176,177,34,0,1,1,1.0,1609.0
176,177,35,3,1,1,1.0,1101.0
176,177,36,1,1,0,0.0,3009.0
176,177,37,0,1,0,1.0,818.0
176,177,38,2,0,1,1.0,999.0
176,177,39,1,0,1,1.0,922.0
176,177,40,1,0,0,1.0,762.0
176,177,41,3,1,0,1.0,868.0
176,177,42,0,1,1,1.0,940.0
176,177,43,2,0,1,1.0,983.0
176,177,44,1,0,1,1.0,1875.0
176,177,45,3,1,1,1.0,1978.0
176,177,46,0,1,1,1.0,1009.0
176,177,47,2,0,0,1.0,5637.0
176,177,48,3,1,1,1.0,871.0
176,177,49,3,0,0,0.0,3616.0
176,177,50,0,1,0,1.0,1078.0
176,177,51,2,0,1,1.0,642.0
176,177,52,2,0,1,1.0,594.0
176,177,53,0,0,0,0.0,774.0
176,177,54,1,0,0,1.0,843.0
176,177,55,1,1,0,0.0,840.0
176,177,56,3,1,1,1.0,1029.0
176,177,57,2,1,0,0.0,1510.0
176,177,58,0,1,1,1.0,1233.0
176,177,59,3,0,0,0.0,1176.0
176,177,60,1,0,1,1.0,1054.0
176,177,61,2,0,1,1.0,1824.0
176,177,62,0,1,1,1.0,1302.0
176,177,63,1,0,1,1.0,1289.0
176,177,64,3,1,1,1.0,856.0
176,177,65,0,1,1,1.0,1004.0
176,177,66,1,1,1,0.0,1584.0
176,177,67,0,1,1,1.0,1037.0
176,177,68,1,1,0,0.0,736.0
176,177,69,2,0,1,1.0,1155.0
176,177,70,3,1,0,1.0,2442.0
176,177,71,2,0,1,1.0,946.0
176,177,72,0,1,1,1.0,1767.0
176,177,73,1,0,1,1.0,1897.0
176,177,74,2,0,1,1.0,5719.0
176,177,75,3,0,1,0.0,1015.0
176,177,76,3,0,0,0.0,680.0
176,177,77,1,0,1,1.0,929.0
176,177,78,0,0,0,0.0,748.0
176,177,79,2,0,1,1.0,724.0
176,177,80,1,0,1,1.0,2601.0
176,177,81,2,1,0,0.0,1081.0
176,177,82,1,0,0,1.0,934.0
176,177,83,2,0,0,1.0,1324.0
176,177,84,0,1,1,1.0,731.0
176,177,85,3,1,1,1.0,954.0
176,177,86,0,1,0,1.0,881.0
176,177,87,3,1,1,1.0,836.0
176,177,88,0,1,1,1.0,905.0
176,177,89,0,0,1,0.0,1112.0
176,177,90,1,1,0,0.0,1727.0
176,177,91,2,1,0,0.0,2123.0
176,177,92,3,1,1,1.0,1384.0
176,177,93,3,0,0,0.0,716.0
176,177,94,1,0,1,1.0,1235.0
176,177,95,2,0,1,1.0,670.0
176,177,96,2,0,0,1.0,576.0
176,177,97,0,0,0,0.0,1720.0
176,177,98,0,1,1,1.0,652.0
176,177,99,3,1,1,1.0,775.0
176,177,100,2,0,1,1.0,1751.0
176,177,101,1,0,1,1.0,652.0
176,177,102,1,0,1,1.0,753.0
176,177,103,3,1,0,1.0,1593.0
176,177,104,0,0,0,0.0,1385.0
176,177,105,3,1,1,1.0,795.0
176,177,106,1,0,1,1.0,850.0
176,177,107,3,1,1,1.0,1509.0
176,177,108,2,0,1,1.0,1410.0
176,177,109,2,1,0,0.0,604.0
176,177,110,1,0,0,1.0,1082.0
176,177,111,0,1,0,1.0,705.0
176,177,112,2,1,0,0.0,1735.0
176,177,113,3,0,0,0.0,590.0
176,177,114,1,1,0,0.0,883.0
176,177,115,1,1,0,0.0,727.0
176,177,116,2,0,1,1.0,624.0
176,177,117,0,0,0,0.0,1346.0
176,177,118,3,1,1,1.0,761.0
176,177,119,0,1,1,1.0,1015.0
177,178,0,3,1,1,1.0,3153.0
177,178,1,1,0,1,0.0,2727.0
177,178,2,0,1,0,0.0,1423.0
177,178,3,0,0,0,1.0,1558.0
177,178,4,2,1,0,0.0,541.0
177,178,5,1,1,0,1.0,462.0
177,178,6,2,0,0,1.0,398.0
177,178,7,3,0,1,0.0,627.0
177,178,8,0,0,1,1.0,1363.0
177,178,9,3,1,1,1.0,825.0
177,178,10,3,1,0,1.0,969.0
177,178,11,0,0,1,1.0,975.0
177,178,12,1,0,0,0.0,1223.0
177,178,13,1,1,1,1.0,685.0
177,178,14,2,1,0,0.0,1777.0
177,178,15,2,0,1,1.0,2562.0
177,178,16,0,1,0,0.0,1465.0
177,178,17,1,0,0,0.0,1198.0
177,178,18,2,1,1,0.0,1211.0
177,178,19,3,1,1,1.0,626.0
177,178,20,0,0,1,1.0,360.0
177,178,21,3,1,1,1.0,1139.0
177,178,22,2,0,1,1.0,583.0
177,178,23,1,1,1,1.0,336.0
177,178,24,3,0,0,0.0,143.0
177,178,25,1,1,1,1.0,324.0
177,178,26,3,1,1,1.0,1225.0
177,178,27,2,0,1,1.0,580.0
177,178,28,0,1,1,0.0,836.0
177,178,29,0,0,1,1.0,371.0
177,178,30,1,1,1,1.0,448.0
177,178,31,2,0,1,1.0,561.0
177,178,32,3,1,0,1.0,2099.0
177,178,33,2,1,0,0.0,831.0
177,178,34,0,0,0,1.0,575.0
177,178,35,3,1,1,1.0,549.0
177,178,36,1,1,1,1.0,319.0
177,178,37,1,0,0,0.0,336.0
177,178,38,0,1,0,0.0,337.0
177,178,39,2,0,1,1.0,350.0
177,178,40,1,0,0,0.0,3020.0
177,178,41,0,1,0,0.0,517.0
177,178,42,1,0,1,0.0,303.0
177,178,43,3,1,1,1.0,861.0
177,178,44,0,0,1,1.0,781.0
177,178,45,2,0,0,1.0,1195.0
177,178,46,2,1,0,0.0,710.0
177,178,47,3,1,1,1.0,740.0
177,178,48,1,1,1,1.0,858.0
177,178,49,0,0,1,1.0,382.0
177,178,50,2,1,0,0.0,706.0
177,178,51,1,1,1,1.0,985.0
177,178,52,0,0,1,1.0,432.0
177,178,53,3,0,0,0.0,1002.0
177,178,54,2,1,1,0.0,366.0
177,178,55,3,0,0,0.0,353.0
177,178,56,3,1,1,1.0,485.0
177,178,57,0,0,1,1.0,638.0
177,178,58,1,0,0,0.0,602.0
177,178,59,0,1,1,0.0,294.0
177,178,60,2,1,0,0.0,942.0
177,178,61,2,1,0,0.0,1050.0
177,178,62,3,0,0,0.0,549.0
177,178,63,1,1,0,1.0,2090.0
177,178,64,3,1,1,1.0,1523.0
177,178,65,0,0,0,1.0,1917.0
177,178,66,1,0,0,0.0,1300.0
177,178,67,1,1,1,1.0,595.0
177,178,68,3,1,0,1.0,3044.0
177,178,69,2,0,1,1.0,1577.0
177,178,70,2,1,0,0.0,1219.0
177,178,71,0,1,0,0.0,842.0
177,178,72,3,0,0,0.0,1109.0
177,178,73,2,1,0,0.0,470.0
177,178,74,0,0,1,1.0,294.0
177,178,75,1,1,1,1.0,1267.0
177,178,76,1,1,0,1.0,717.0
177,178,77,3,0,1,0.0,326.0
177,178,78,0,0,1,1.0,982.0
177,178,79,2,1,0,0.0,399.0
177,178,80,0,0,1,1.0,300.0
177,178,81,0,0,0,1.0,1335.0
177,178,82,2,1,1,0.0,483.0
177,178,83,1,0,0,0.0,989.0
177,178,84,1,1,1,1.0,550.0
177,178,85,2,1,0,0.0,894.0
177,178,86,3,0,0,0.0,516.0
177,178,87,3,0,0,0.0,748.0
177,178,88,3,1,1,1.0,550.0
177,178,89,1,1,1,1.0,1399.0
177,178,90,0,1,0,0.0,1984.0
177,178,91,0,1,0,0.0,582.0
177,178,92,2,0,1,1.0,1731.0
177,178,93,2,0,1,1.0,1397.0
177,178,94,3,0,0,0.0,3826.0
177,178,95,1,1,1,1.0,1022.0
177,178,96,0,0,1,1.0,1188.0
177,178,97,2,1,0,0.0,1448.0
177,178,98,1,1,1,1.0,1144.0
177,178,99,1,1,1,1.0,942.0
177,178,100,2,0,1,1.0,1033.0
177,178,101,3,1,1,1.0,895.0
177,178,102,3,1,1,1.0,785.0
177,178,103,0,1,0,0.0,949.0
177,178,104,2,1,0,0.0,1027.0
177,178,105,3,0,0,0.0,441.0
177,178,106,1,1,1,1.0,467.0
177,178,107,3,1,0,1.0,887.0
177,178,108,2,0,1,1.0,405.0
177,178,109,0,1,1,0.0,863.0
177,178,110,0,0,1,1.0,855.0
177,178,111,1,0,0,0.0,1311.0
177,178,112,2,1,1,0.0,471.0
177,178,113,3,1,1,1.0,739.0
177,178,114,1,1,0,1.0,388.0
177,178,115,0,0,1,1.0,335.0
177,178,116,3,0,0,0.0,952.0
177,178,117,1,1,1,1.0,289.0
177,178,118,2,0,1,1.0,1151.0
177,178,119,0,1,0,0.0,928.0
178,179,0,0,1,0,0.0,1300.0
178,179,1,1,0,1,0.0,2134.0
178,179,2,3,1,0,0.0,924.0
178,179,3,2,1,1,1.0,1711.0
178,179,4,3,1,0,0.0,1039.0
178,179,5,0,0,1,1.0,499.0
178,179,6,2,0,0,0.0,1230.0
178,179,7,1,1,0,1.0,612.0
178,179,8,1,0,0,0.0,328.0
178,179,9,2,1,1,1.0,738.0
178,179,10,3,1,0,0.0,740.0
178,179,11,3,0,1,1.0,832.0
178,179,12,0,0,1,1.0,799.0
178,179,13,0,0,1,1.0,626.0
178,179,14,2,1,1,1.0,1459.0
178,179,15,1,1,1,1.0,1202.0
178,179,16,2,1,1,1.0,766.0
178,179,17,3,0,1,1.0,1025.0
178,179,18,0,0,1,1.0,741.0
178,179,19,1,1,1,1.0,1457.0
178,179,20,0,0,1,1.0,745.0
178,179,21,3,1,1,0.0,1552.0
178,179,22,1,0,0,0.0,956.0
178,179,23,2,1,1,1.0,1230.0
178,179,24,3,1,0,0.0,980.0
178,179,25,1,1,1,1.0,1028.0
178,179,26,2,1,1,1.0,1251.0
178,179,27,0,0,1,1.0,772.0
178,179,28,1,0,0,0.0,1491.0
178,179,29,0,0,0,1.0,807.0
178,179,30,3,1,0,0.0,1381.0
178,179,31,2,1,0,1.0,1104.0
178,179,32,2,1,1,1.0,2632.0
178,179,33,3,0,0,1.0,1477.0
178,179,34,3,1,0,0.0,1004.0
178,179,35,1,1,1,1.0,1254.0
178,179,36,2,1,1,1.0,1220.0
178,179,37,0,0,1,1.0,701.0
178,179,38,1,0,0,0.0,675.0
178,179,39,0,0,1,1.0,815.0
178,179,40,1,0,1,0.0,745.0
178,179,41,3,1,0,0.0,1915.0
178,179,42,1,1,1,1.0,1468.0
178,179,43,3,1,1,0.0,809.0
178,179,44,2,1,0,1.0,1539.0
178,179,45,0,0,1,1.0,855.0
178,179,46,0,0,1,1.0,687.0
178,179,47,2,1,1,1.0,1124.0
178,179,48,3,1,0,0.0,1203.0
178,179,49,0,1,0,0.0,1256.0
178,179,50,3,0,1,1.0,1506.0
178,179,51,2,1,1,1.0,1343.0
178,179,52,1,1,1,1.0,1215.0
178,179,53,1,1,1,1.0,758.0
178,179,54,2,0,0,0.0,1218.0
178,179,55,0,0,0,1.0,1058.0
178,179,56,1,1,0,1.0,1117.0
178,179,57,2,0,0,0.0,1304.0
178,179,58,1,1,1,1.0,1014.0
178,179,59,0,0,1,1.0,966.0
178,179,60,2,1,1,1.0,1514.0
178,179,61,0,0,1,1.0,1298.0
178,179,62,3,1,0,0.0,849.0
178,179,63,3,1,0,0.0,1502.0
178,179,64,3,0,1,1.0,1010.0
178,179,65,2,1,1,1.0,1263.0
178,179,66,1,1,1,1.0,988.0
178,179,67,0,0,1,1.0,2565.0
178,179,68,1,1,1,1.0,3806.0
178,179,69,2,0,1,0.0,2338.0
178,179,70,3,1,0,0.0,686.0
178,179,71,0,0,1,1.0,801.0
178,179,72,0,0,0,1.0,984.0
178,179,73,3,1,1,0.0,709.0
178,179,74,3,1,0,0.0,832.0
178,179,75,2,0,0,0.0,1430.0
178,179,76,1,1,1,1.0,864.0
178,179,77,1,1,0,1.0,568.0
178,179,78,0,0,1,1.0,1050.0
178,179,79,2,0,1,0.0,1709.0
178,179,80,3,1,0,0.0,846.0
178,179,81,1,1,1,1.0,1172.0
178,179,82,2,0,0,0.0,1496.0
178,179,83,1,1,0,1.0,675.0
178,179,84,2,1,0,1.0,898.0
178,179,85,0,0,1,1.0,966.0
178,179,86,3,1,0,0.0,777.0
178,179,87,0,1,1,0.0,791.0
178,179,88,3,1,0,0.0,685.0
178,179,89,0,1,0,0.0,898.0
178,179,90,1,0,0,0.0,1113.0
178,179,91,3,1,1,0.0,775.0
178,179,92,2,1,1,1.0,748.0
178,179,93,2,1,1,1.0,823.0
178,179,94,1,1,1,1.0,1370.0
178,179,95,0,0,1,1.0,1079.0
178,179,96,0,0,1,1.0,622.0
178,179,97,1,1,1,1.0,684.0
178,179,98,3,1,0,0.0,794.0
178,179,99,1,0,0,0.0,1120.0
178,179,100,0,1,0,0.0,724.0
178,179,101,2,1,1,1.0,649.0
178,179,102,2,1,1,1.0,660.0
178,179,103,3,1,0,0.0,704.0
178,179,104,0,0,1,1.0,996.0
178,179,105,3,0,1,1.0,1340.0
178,179,106,2,1,1,1.0,672.0
178,179,107,1,1,1,1.0,737.0
178,179,108,1,1,1,1.0,759.0
178,179,109,3,0,1,1.0,1707.0
178,179,110,2,1,0,1.0,583.0
178,179,111,0,0,1,1.0,801.0
178,179,112,3,0,0,1.0,722.0
178,179,113,0,1,0,0.0,537.0
178,179,114,1,0,0,0.0,788.0
178,179,115,3,1,1,0.0,810.0
178,179,116,2,1,1,1.0,880.0
178,179,117,0,1,0,0.0,744.0
178,179,118,2,0,0,0.0,1554.0
178,179,119,1,1,1,1.0,835.0
179,180,0,2,0,0,0.0,1576.0
179,180,1,0,1,0,0.0,1178.0
179,180,2,1,0,0,1.0,1764.0
179,180,3,0,0,1,1.0,2212.0
179,180,4,3,0,0,0.0,2806.0
179,180,5,2,1,1,1.0,1668.0
179,180,6,3,0,0,0.0,2397.0
179,180,7,1,1,0,0.0,1442.0
179,180,8,0,0,1,1.0,2387.0
179,180,9,1,0,1,1.0,2815.0
179,180,10,3,1,1,1.0,1747.0
179,180,11,0,0,1,1.0,2229.0
179,180,12,1,0,1,1.0,1329.0
179,180,13,3,1,1,1.0,597.0
179,180,14,2,1,0,1.0,2220.0
179,180,15,2,0,0,0.0,627.0
179,180,16,0,0,1,1.0,1866.0
179,180,17,0,0,1,1.0,666.0
179,180,18,1,0,1,1.0,1177.0
179,180,19,3,1,1,1.0,633.0
179,180,20,2,0,0,0.0,2628.0
179,180,21,2,1,1,1.0,626.0
179,180,22,1,0,1,1.0,1155.0
179,180,23,3,1,0,1.0,996.0
179,180,24,3,1,1,1.0,2224.0
179,180,25,0,0,1,1.0,876.0
179,180,26,1,0,1,1.0,935.0
179,180,27,2,1,1,1.0,1296.0
179,180,28,1,0,0,1.0,769.0
179,180,29,2,1,1,1.0,1218.0
179,180,30,3,1,1,1.0,665.0
179,180,31,0,0,0,1.0,719.0
179,180,32,0,1,0,0.0,1428.0
179,180,33,3,1,0,1.0,1538.0
179,180,34,1,0,1,1.0,1087.0
179,180,35,3,1,1,1.0,785.0
179,180,36,2,1,1,1.0,929.0
179,180,37,2,1,0,1.0,794.0
179,180,38,0,0,1,1.0,688.0
179,180,39,1,0,1,1.0,956.0
179,180,40,3,1,1,1.0,916.0
179,180,41,1,0,1,1.0,1093.0
179,180,42,1,0,1,1.0,722.0
179,180,43,0,0,1,1.0,912.0
179,180,44,2,1,1,1.0,805.0
179,180,45,0,0,1,1.0,923.0
179,180,46,3,1,1,1.0,1116.0
179,180,47,2,1,1,1.0,2257.0
179,180,48,1,0,1,1.0,651.0
179,180,49,2,1,1,1.0,817.0
179,180,50,3,1,1,1.0,945.0
179,180,51,1,0,0,1.0,598.0
179,180,52,0,0,1,1.0,875.0
179,180,53,0,0,1,1.0,1432.0
179,180,54,3,1,1,1.0,958.0
179,180,55,2,1,0,1.0,1143.0
179,180,56,3,1,0,1.0,1227.0
179,180,57,0,0,0,1.0,784.0
179,180,58,1,0,1,1.0,833.0
179,180,59,2,1,1,1.0,827.0
179,180,60,2,0,1,0.0,1085.0
179,180,61,3,1,1,1.0,1056.0
179,180,62,0,0,1,1.0,705.0
179,180,63,1,0,1,1.0,2204.0
179,180,64,2,1,1,1.0,2463.0
179,180,65,1,0,1,1.0,822.0
179,180,66,0,0,1,1.0,986.0
179,180,67,0,0,1,1.0,1751.0
179,180,68,3,1,0,1.0,720.0
179,180,69,2,1,1,1.0,1362.0
179,180,70,1,0,1,1.0,795.0
179,180,71,3,1,1,1.0,1413.0
179,180,72,2,1,1,1.0,1110.0
179,180,73,0,0,0,1.0,819.0
179,180,74,3,0,0,0.0,1873.0
179,180,75,1,0,0,1.0,932.0
179,180,76,1,0,1,1.0,2427.0
179,180,77,2,1,1,1.0,1236.0
179,180,78,3,1,1,1.0,2598.0
179,180,79,0,0,1,1.0,722.0
179,180,80,2,1,0,1.0,833.0
179,180,81,0,0,1,1.0,675.0
179,180,82,2,1,1,1.0,2169.0
179,180,83,0,0,1,1.0,877.0
179,180,84,3,1,1,1.0,1654.0
179,180,85,1,0,0,1.0,917.0
179,180,86,3,1,1,1.0,1086.0
179,180,87,1,0,1,1.0,758.0
179,180,88,3,1,0,1.0,928.0
179,180,89,1,0,1,1.0,758.0
179,180,90,0,0,0,1.0,685.0
179,180,91,0,0,1,1.0,1671.0
179,180,92,2,0,0,0.0,829.0
179,180,93,1,0,1,1.0,965.0
179,180,94,2,1,1,1.0,1877.0
179,180,95,3,1,1,1.0,1688.0
179,180,96,3,1,1,1.0,717.0
179,180,97,3,1,1,1.0,568.0
179,180,98,0,0,1,1.0,1125.0
179,180,99,1,0,1,1.0,773.0
179,180,100,0,0,1,1.0,457.0
179,180,101,2,1,1,1.0,817.0
179,180,102,1,0,1,1.0,569.0
179,180,103,2,1,1,1.0,713.0
179,180,104,3,1,1,1.0,711.0
179,180,105,0,0,1,1.0,1216.0
179,180,106,1,0,1,1.0,1173.0
179,180,107,2,1,1,1.0,879.0
179,180,108,0,0,1,1.0,983.0
179,180,109,2,1,0,1.0,1817.0
179,180,110,3,1,1,1.0,1796.0
179,180,111,1,0,1,1.0,674.0
179,180,112,3,1,0,1.0,2009.0
179,180,113,0,0,0,1.0,1046.0
179,180,114,2,1,1,1.0,771.0
179,180,115,0,0,1,1.0,673.0
179,180,116,2,1,1,1.0,1022.0
179,180,117,1,0,1,1.0,713.0
179,180,118,1,0,0,1.0,663.0
179,180,119,3,1,1,1.0,944.0
180,181,0,3,1,1,1.0,2292.0
180,181,1,1,0,1,0.0,1397.0
180,181,2,0,0,0,1.0,2130.0
180,181,3,0,0,1,1.0,892.0
180,181,4,2,1,0,0.0,1327.0
180,181,5,1,0,0,0.0,1341.0
180,181,6,2,0,0,1.0,624.0
180,181,7,3,1,1,1.0,494.0
180,181,8,0,1,0,0.0,1262.0
180,181,9,3,1,0,1.0,1592.0
180,181,10,3,1,1,1.0,547.0
180,181,11,0,0,1,1.0,1604.0
180,181,12,1,1,0,1.0,3256.0
180,181,13,1,0,0,0.0,1383.0
180,181,14,2,1,0,0.0,2286.0
180,181,15,2,1,1,0.0,797.0
180,181,16,0,1,0,0.0,1593.0
180,181,17,1,1,1,1.0,527.0
180,181,18,2,1,0,0.0,886.0
180,181,19,3,1,1,1.0,698.0
180,181,20,0,0,1,1.0,1043.0
180,181,21,3,1,1,1.0,575.0
180,181,22,2,0,1,1.0,732.0
180,181,23,1,0,0,0.0,2197.0
180,181,24,3,1,0,1.0,689.0
180,181,25,1,0,0,0.0,1630.0
180,181,26,3,1,1,1.0,657.0
180,181,27,2,0,1,1.0,801.0
180,181,28,0,1,1,0.0,1459.0
180,181,29,0,0,1,1.0,995.0
180,181,30,1,0,1,0.0,2204.0
180,181,31,2,0,1,1.0,722.0
180,181,32,3,0,1,0.0,2350.0
180,181,33,2,0,1,1.0,1056.0
180,181,34,0,0,0,1.0,1182.0
180,181,35,3,0,0,0.0,1345.0
180,181,36,1,0,0,0.0,814.0
180,181,37,1,0,0,0.0,3087.0
180,181,38,0,0,1,1.0,762.0
180,181,39,2,0,1,1.0,1571.0
180,181,40,1,0,0,0.0,701.0
180,181,41,0,1,0,0.0,3239.0
180,181,42,1,1,1,1.0,1268.0
180,181,43,3,1,1,1.0,928.0
180,181,44,0,0,1,1.0,877.0
180,181,45,2,0,0,1.0,749.0
180,181,46,2,0,1,1.0,575.0
180,181,47,3,1,1,1.0,1286.0
180,181,48,1,0,0,0.0,991.0
180,181,49,0,1,0,0.0,1693.0
180,181,50,2,0,1,1.0,695.0
180,181,51,1,1,1,1.0,1048.0
180,181,52,0,1,1,0.0,925.0
180,181,53,3,1,1,1.0,561.0
180,181,54,2,0,1,1.0,610.0
180,181,55,3,1,1,1.0,662.0
180,181,56,3,1,0,1.0,1009.0
180,181,57,0,1,0,0.0,156.0
180,181,58,1,1,1,1.0,752.0
180,181,59,0,1,0,0.0,1176.0
180,181,60,2,0,1,1.0,724.0
180,181,61,2,0,1,1.0,1040.0
180,181,62,3,1,1,1.0,700.0
180,181,63,1,1,1,1.0,1057.0
180,181,64,3,1,1,1.0,766.0
180,181,65,0,1,0,0.0,1085.0
180,181,66,1,1,1,1.0,776.0
180,181,67,1,1,1,1.0,635.0
180,181,68,3,1,1,1.0,701.0
180,181,69,2,0,1,1.0,738.0
180,181,70,2,0,0,1.0,576.0
180,181,71,0,1,0,0.0,660.0
180,181,72,3,1,0,1.0,737.0
180,181,73,2,0,1,1.0,748.0
180,181,74,0,1,1,0.0,751.0
180,181,75,1,1,0,1.0,1789.0
180,181,76,1,1,1,1.0,770.0
180,181,77,3,1,1,1.0,740.0
180,181,78,0,0,1,1.0,1387.0
180,181,79,2,0,1,1.0,906.0
180,181,80,0,1,0,0.0,941.0
180,181,81,0,1,0,0.0,1047.0
180,181,82,2,0,0,1.0,992.0
180,181,83,1,1,1,1.0,727.0
180,181,84,1,1,0,1.0,1211.0
180,181,85,2,0,1,1.0,630.0
180,181,86,3,1,1,1.0,869.0
180,181,87,3,1,1,1.0,652.0
180,181,88,3,1,1,1.0,642.0
180,181,89,1,1,1,1.0,1458.0
180,181,90,0,1,0,0.0,760.0
180,181,91,0,1,1,0.0,1160.0
180,181,92,2,0,1,1.0,732.0
180,181,93,2,0,1,1.0,687.0
180,181,94,3,1,1,1.0,959.0
180,181,95,1,1,1,1.0,942.0
180,181,96,0,0,1,1.0,842.0
180,181,97,2,0,1,1.0,670.0
180,181,98,1,1,1,1.0,729.0
180,181,99,1,1,1,1.0,898.0
180,181,100,2,0,1,1.0,642.0
180,181,101,3,0,0,0.0,1822.0
180,181,102,3,0,0,0.0,742.0
180,181,103,0,1,0,0.0,450.0
180,181,104,2,0,0,1.0,717.0
180,181,105,3,1,1,1.0,1101.0
180,181,106,1,1,1,1.0,534.0
180,181,107,3,1,0,1.0,703.0
180,181,108,2,0,1,1.0,683.0
180,181,109,0,0,0,1.0,771.0
180,181,110,0,1,0,0.0,499.0
180,181,111,1,1,1,1.0,819.0
180,181,112,2,0,0,1.0,666.0
180,181,113,3,1,1,1.0,1156.0
180,181,114,1,1,0,1.0,813.0
180,181,115,0,1,0,0.0,518.0
180,181,116,3,0,0,0.0,945.0
180,181,117,1,1,1,1.0,648.0
180,181,118,2,0,1,1.0,1022.0
180,181,119,0,1,0,0.0,640.0
181,182,0,1,1,0,0.0,5796.0
181,182,1,2,1,0,0.0,1260.0
181,182,2,3,1,0,1.0,957.0
181,182,3,3,0,1,0.0,929.0
181,182,4,2,0,1,1.0,773.0
181,182,5,0,1,0,1.0,908.0
181,182,6,1,0,1,1.0,716.0
181,182,7,0,0,0,0.0,616.0
181,182,8,1,0,1,1.0,1121.0
181,182,9,3,0,0,0.0,1562.0
181,182,10,1,0,0,1.0,1024.0
181,182,11,2,0,1,1.0,2267.0
181,182,12,0,1,1,1.0,1277.0
181,182,13,3,1,1,1.0,963.0
181,182,14,0,1,1,1.0,1632.0
181,182,15,2,0,1,1.0,1853.0
181,182,16,1,0,1,1.0,1270.0
181,182,17,3,1,1,1.0,1147.0
181,182,18,1,0,1,1.0,1351.0
181,182,19,2,0,0,1.0,1178.0
181,182,20,0,1,1,1.0,892.0
181,182,21,3,1,1,1.0,781.0
181,182,22,0,1,1,1.0,1207.0
181,182,23,2,0,1,1.0,910.0
181,182,24,1,0,1,1.0,420.0
181,182,25,0,1,1,1.0,1080.0
181,182,26,1,0,1,1.0,953.0
181,182,27,3,1,1,1.0,634.0
181,182,28,0,1,1,1.0,1011.0
181,182,29,3,1,1,1.0,1357.0
181,182,30,2,0,0,1.0,837.0
181,182,31,2,0,1,1.0,2096.0
181,182,32,2,0,1,1.0,4105.0
181,182,33,3,1,1,1.0,997.0
181,182,34,0,1,1,1.0,1139.0
181,182,35,3,1,0,1.0,1092.0
181,182,36,1,0,0,1.0,2964.0
181,182,37,0,1,0,1.0,1035.0
181,182,38,2,0,1,1.0,6150.0
181,182,39,1,1,0,0.0,2819.0
181,182,40,1,0,1,1.0,803.0
181,182,41,3,1,1,1.0,1500.0
181,182,42,0,1,1,1.0,3153.0
181,182,43,2,0,1,1.0,1786.0
181,182,44,1,0,0,1.0,1746.0
181,182,45,3,1,1,1.0,837.0
181,182,46,0,1,1,1.0,805.0
181,182,47,2,0,0,1.0,1196.0
181,182,48,3,1,1,1.0,815.0
181,182,49,3,1,1,1.0,665.0
181,182,50,0,1,0,1.0,938.0
181,182,51,2,1,0,0.0,2297.0
181,182,52,2,0,1,1.0,1658.0
181,182,53,0,1,1,1.0,1165.0
181,182,54,1,0,1,1.0,3337.0
181,182,55,1,0,1,1.0,1039.0
181,182,56,3,1,0,1.0,804.0
181,182,57,2,0,1,1.0,899.0
181,182,58,0,1,1,1.0,2167.0
181,182,59,3,1,1,1.0,4600.0
181,182,60,1,0,1,1.0,1256.0
181,182,61,2,0,1,1.0,1881.0
181,182,62,0,1,1,1.0,1101.0
181,182,63,1,0,1,1.0,3289.0
181,182,64,3,1,1,1.0,884.0
181,182,65,0,1,1,1.0,933.0
181,182,66,1,0,1,1.0,734.0
181,182,67,0,1,1,1.0,619.0
181,182,68,1,0,0,1.0,980.0
181,182,69,2,0,1,1.0,1941.0
181,182,70,3,1,1,1.0,1042.0
181,182,71,2,0,1,1.0,3053.0
181,182,72,0,1,1,1.0,795.0
181,182,73,1,0,1,1.0,718.0
181,182,74,2,0,1,1.0,721.0
181,182,75,3,1,1,1.0,707.0
181,182,76,3,1,0,1.0,515.0
181,182,77,1,0,1,1.0,794.0
181,182,78,0,1,0,1.0,769.0
181,182,79,2,0,1,1.0,767.0
181,182,80,1,0,1,1.0,1213.0
181,182,81,2,0,0,1.0,1575.0
181,182,82,1,0,1,1.0,1910.0
181,182,83,2,0,1,1.0,754.0
181,182,84,0,1,1,1.0,784.0
181,182,85,3,1,1,1.0,529.0
181,182,86,0,1,1,1.0,450.0
181,182,87,3,1,1,1.0,613.0
181,182,88,0,1,0,1.0,824.0
181,182,89,0,1,1,1.0,1438.0
181,182,90,1,0,0,1.0,811.0
181,182,91,2,0,0,1.0,1414.0
181,182,92,3,1,1,1.0,796.0
181,182,93,3,1,1,1.0,867.0
181,182,94,1,0,1,1.0,2422.0
181,182,95,2,0,1,1.0,1018.0
181,182,96,2,0,1,1.0,1646.0
181,182,97,0,1,1,1.0,1930.0
181,182,98,0,1,0,1.0,597.0
181,182,99,3,1,1,1.0,950.0
181,182,100,2,0,1,1.0,1161.0
181,182,101,1,0,1,1.0,869.0
181,182,102,1,0,1,1.0,847.0
181,182,103,3,1,0,1.0,1374.0
181,182,104,0,1,1,1.0,2517.0
181,182,105,3,1,0,1.0,1003.0
181,182,106,1,0,1,1.0,785.0
181,182,107,3,1,1,1.0,3154.0
181,182,108,2,0,1,1.0,2476.0
181,182,109,2,0,1,1.0,402.0
181,182,110,1,0,1,1.0,510.0
181,182,111,0,0,0,0.0,1707.0
181,182,112,2,0,1,1.0,663.0
181,182,113,3,1,1,1.0,3897.0
181,182,114,1,0,1,1.0,793.0
181,182,115,1,0,1,1.0,891.0
181,182,116,2,0,1,1.0,750.0
181,182,117,0,1,1,1.0,2202.0
181,182,118,3,1,1,1.0,641.0
181,182,119,0,1,1,1.0,696.0
182,183,0,2,0,0,0.0,3663.0
182,183,1,0,1,0,0.0,3836.0
182,183,2,1,0,0,1.0,2725.0
182,183,3,0,0,1,1.0,2609.0
182,183,4,3,0,0,0.0,1943.0
182,183,5,2,0,0,0.0,3870.0
182,183,6,3,0,0,0.0,2260.0
182,183,7,1,0,1,1.0,3801.0
182,183,8,0,0,1,1.0,4219.0
182,183,9,1,0,1,1.0,1167.0
182,183,10,3,1,1,1.0,2035.0
182,183,11,0,0,1,1.0,1223.0
182,183,12,1,0,1,1.0,1354.0
182,183,13,3,1,1,1.0,705.0
182,183,14,2,1,1,1.0,1296.0
182,183,15,2,1,0,1.0,1046.0
182,183,16,0,0,1,1.0,1785.0
182,183,17,0,0,1,1.0,1857.0
182,183,18,1,0,1,1.0,783.0
182,183,19,3,1,1,1.0,919.0
182,183,20,2,0,0,0.0,2066.0
182,183,21,2,1,1,1.0,687.0
182,183,22,1,0,1,1.0,938.0
182,183,23,3,1,0,1.0,915.0
182,183,24,3,0,0,0.0,1361.0
182,183,25,0,0,1,1.0,924.0
182,183,26,1,0,0,1.0,725.0
182,183,27,2,1,1,1.0,3165.0
182,183,28,1,0,1,1.0,720.0
182,183,29,2,1,1,1.0,1914.0
182,183,30,3,1,1,1.0,1649.0
182,183,31,0,0,0,1.0,895.0
182,183,32,0,0,1,1.0,1647.0
182,183,33,3,1,1,1.0,907.0
182,183,34,1,0,1,1.0,1198.0
182,183,35,3,1,0,1.0,730.0
182,183,36,2,1,1,1.0,1138.0
182,183,37,2,0,1,0.0,1264.0
182,183,38,0,0,1,1.0,1363.0
182,183,39,1,0,1,1.0,726.0
182,183,40,3,1,1,1.0,1142.0
182,183,41,1,0,1,1.0,943.0
182,183,42,1,0,1,1.0,950.0
182,183,43,0,0,1,1.0,1152.0
182,183,44,2,1,0,1.0,1175.0
182,183,45,0,0,1,1.0,1409.0
182,183,46,3,1,1,1.0,931.0
182,183,47,2,1,1,1.0,949.0
182,183,48,1,0,0,1.0,629.0
182,183,49,2,1,1,1.0,1122.0
182,183,50,3,1,1,1.0,939.0
182,183,51,1,0,1,1.0,790.0
182,183,52,0,0,1,1.0,615.0
182,183,53,0,0,0,1.0,643.0
182,183,54,3,1,1,1.0,670.0
182,183,55,2,1,1,1.0,776.0
182,183,56,3,0,1,0.0,660.0
182,183,57,0,0,1,1.0,712.0
182,183,58,1,0,1,1.0,1698.0
182,183,59,2,1,0,1.0,897.0
182,183,60,2,1,1,1.0,784.0
182,183,61,3,1,1,1.0,603.0
182,183,62,0,0,1,1.0,746.0
182,183,63,1,0,1,1.0,1192.0
182,183,64,2,1,1,1.0,809.0
182,183,65,1,0,1,1.0,767.0
182,183,66,0,0,1,1.0,694.0
182,183,67,0,0,0,1.0,686.0
182,183,68,3,1,0,1.0,865.0
182,183,69,2,1,1,1.0,593.0
182,183,70,1,0,0,1.0,795.0
182,183,71,3,1,1,1.0,876.0
182,183,72,2,1,1,1.0,851.0
182,183,73,0,0,1,1.0,1073.0
182,183,74,3,1,0,1.0,816.0
182,183,75,1,1,0,0.0,745.0
182,183,76,1,1,0,0.0,1335.0
182,183,77,2,1,1,1.0,735.0
182,183,78,3,1,1,1.0,751.0
182,183,79,0,0,1,1.0,801.0
182,183,80,2,1,0,1.0,781.0
182,183,81,0,0,1,1.0,1436.0
182,183,82,2,1,1,1.0,1065.0
182,183,83,0,0,0,1.0,737.0
182,183,84,3,1,1,1.0,734.0
182,183,85,1,0,1,1.0,978.0
182,183,86,3,1,1,1.0,820.0
182,183,87,1,0,0,1.0,1561.0
182,183,88,3,1,1,1.0,861.0
182,183,89,1,0,1,1.0,1044.0
182,183,90,0,0,1,1.0,828.0
182,183,91,0,0,1,1.0,675.0
182,183,92,2,1,1,1.0,740.0
182,183,93,1,0,1,1.0,1744.0
182,183,94,2,1,1,1.0,1399.0
182,183,95,3,1,0,1.0,768.0
182,183,96,3,0,0,0.0,1006.0
182,183,97,3,1,1,1.0,823.0
182,183,98,0,0,1,1.0,1083.0
182,183,99,1,0,1,1.0,720.0
182,183,100,0,0,1,1.0,841.0
182,183,101,2,1,1,1.0,970.0
182,183,102,1,0,1,1.0,1127.0
182,183,103,2,1,1,1.0,901.0
182,183,104,3,1,1,1.0,1006.0
182,183,105,0,0,1,1.0,964.0
182,183,106,1,0,1,1.0,751.0
182,183,107,2,1,0,1.0,934.0
182,183,108,0,0,0,1.0,717.0
182,183,109,2,1,1,1.0,800.0
182,183,110,3,1,1,1.0,866.0
182,183,111,1,0,1,1.0,1291.0
182,183,112,3,1,1,1.0,739.0
182,183,113,0,0,1,1.0,847.0
182,183,114,2,1,1,1.0,790.0
182,183,115,0,0,1,1.0,691.0
182,183,116,2,1,1,1.0,699.0
182,183,117,1,0,1,1.0,760.0
182,183,118,1,0,1,1.0,595.0
182,183,119,3,1,1,1.0,749.0
183,184,0,3,1,1,1.0,2736.0
183,184,1,1,1,0,1.0,1632.0
183,184,2,0,1,0,0.0,1470.0
183,184,3,0,0,0,1.0,1591.0
183,184,4,2,1,0,0.0,1678.0
183,184,5,1,0,1,0.0,998.0
183,184,6,2,1,0,0.0,2047.0
183,184,7,3,0,1,0.0,952.0
183,184,8,0,1,0,0.0,1640.0
183,184,9,3,0,0,0.0,1246.0
183,184,10,3,1,1,1.0,676.0
183,184,11,0,1,1,0.0,1272.0
183,184,12,1,0,0,0.0,1184.0
183,184,13,1,1,1,1.0,1059.0
183,184,14,2,0,0,1.0,2679.0
183,184,15,2,1,1,0.0,1356.0
183,184,16,0,1,0,0.0,2122.0
183,184,17,1,0,0,0.0,2862.0
183,184,18,2,1,0,0.0,2588.0
183,184,19,3,1,0,1.0,1269.0
183,184,20,0,1,0,0.0,1695.0
183,184,21,3,0,0,0.0,1241.0
183,184,22,2,0,1,1.0,2945.0
183,184,23,1,0,0,0.0,773.0
183,184,24,3,0,0,0.0,3668.0
183,184,25,1,0,0,0.0,1712.0
183,184,26,3,1,1,1.0,2135.0
183,184,27,2,1,0,0.0,1312.0
183,184,28,0,1,1,0.0,2819.0
183,184,29,0,1,0,0.0,1002.0
183,184,30,1,0,1,0.0,1141.0
183,184,31,2,0,1,1.0,1385.0
183,184,32,3,1,1,1.0,1960.0
183,184,33,2,0,1,1.0,1537.0
183,184,34,0,1,0,0.0,1431.0
183,184,35,3,1,1,1.0,1422.0
183,184,36,1,0,0,0.0,1122.0
183,184,37,1,1,1,1.0,788.0
183,184,38,0,1,0,0.0,769.0
183,184,39,2,0,1,1.0,1264.0
183,184,40,1,0,0,0.0,2134.0
183,184,41,0,1,0,0.0,937.0
183,184,42,1,1,1,1.0,723.0
183,184,43,3,1,0,1.0,1385.0
183,184,44,0,1,1,0.0,2308.0
183,184,45,2,0,1,1.0,971.0
183,184,46,2,0,0,1.0,653.0
183,184,47,3,1,1,1.0,791.0
183,184,48,1,1,1,1.0,736.0
183,184,49,0,1,0,0.0,471.0
183,184,50,2,0,1,1.0,677.0
183,184,51,1,1,1,1.0,1545.0
183,184,52,0,1,0,0.0,1111.0
183,184,53,3,1,1,1.0,891.0
183,184,54,2,0,1,1.0,955.0
183,184,55,3,1,1,1.0,834.0
183,184,56,3,1,1,1.0,463.0
183,184,57,0,0,1,1.0,1468.0
183,184,58,1,1,1,1.0,1119.0
183,184,59,0,0,1,1.0,987.0
183,184,60,2,0,1,1.0,992.0
183,184,61,2,0,1,1.0,505.0
183,184,62,3,1,1,1.0,1172.0
183,184,63,1,1,1,1.0,872.0
183,184,64,3,1,0,1.0,1017.0
183,184,65,0,0,1,1.0,1033.0
183,184,66,1,1,0,1.0,613.0
183,184,67,1,1,1,1.0,656.0
183,184,68,3,1,1,1.0,2351.0
183,184,69,2,0,1,1.0,689.0
183,184,70,2,0,1,1.0,566.0
183,184,71,0,0,1,1.0,484.0
183,184,72,3,1,1,1.0,577.0
183,184,73,2,0,0,1.0,827.0
183,184,74,0,0,0,1.0,857.0
183,184,75,1,1,1,1.0,1249.0
183,184,76,1,1,0,1.0,705.0
183,184,77,3,1,1,1.0,751.0
183,184,78,0,0,1,1.0,856.0
183,184,79,2,0,1,1.0,713.0
183,184,80,0,0,1,1.0,517.0
183,184,81,0,0,1,1.0,534.0
183,184,82,2,0,1,1.0,615.0
183,184,83,1,1,1,1.0,848.0
183,184,84,1,1,1,1.0,695.0
183,184,85,2,0,0,1.0,697.0
183,184,86,3,1,0,1.0,768.0
183,184,87,3,1,1,1.0,514.0
183,184,88,3,1,1,1.0,505.0
183,184,89,1,1,1,1.0,780.0
183,184,90,0,0,1,1.0,917.0
183,184,91,0,0,0,1.0,833.0
183,184,92,2,0,1,1.0,430.0
183,184,93,2,0,1,1.0,591.0
183,184,94,3,1,1,1.0,2706.0
183,184,95,1,1,1,1.0,588.0
183,184,96,0,0,1,1.0,550.0
183,184,97,2,0,1,1.0,744.0
183,184,98,1,1,1,1.0,643.0
183,184,99,1,1,1,1.0,625.0
183,184,100,2,0,1,1.0,737.0
183,184,101,3,1,1,1.0,1360.0
183,184,102,3,1,1,1.0,2382.0
183,184,103,0,0,1,1.0,682.0
183,184,104,2,0,1,1.0,803.0
183,184,105,3,1,1,1.0,885.0
183,184,106,1,1,0,1.0,1044.0
183,184,107,3,1,0,1.0,849.0
183,184,108,2,0,0,1.0,411.0
183,184,109,0,0,1,1.0,705.0
183,184,110,0,0,0,1.0,495.0
183,184,111,1,1,1,1.0,667.0
183,184,112,2,0,1,1.0,779.0
183,184,113,3,1,1,1.0,745.0
183,184,114,1,1,1,1.0,1034.0
183,184,115,0,0,1,1.0,655.0
183,184,116,3,1,0,1.0,1106.0
183,184,117,1,1,1,1.0,697.0
183,184,118,2,0,0,1.0,831.0
183,184,119,0,0,1,1.0,2001.0
184,185,0,0,0,1,1.0,2726.0
184,185,1,1,1,0,1.0,1097.0
184,185,2,3,0,1,1.0,508.0
184,185,3,2,0,0,0.0,415.0
184,185,4,3,0,1,1.0,1025.0
184,185,5,0,1,0,0.0,923.0
184,185,6,2,1,1,1.0,938.0
184,185,7,1,1,1,1.0,836.0
184,185,8,1,1,1,1.0,624.0
184,185,9,2,0,0,0.0,1066.0
184,185,10,3,0,0,1.0,2112.0
184,185,11,3,1,0,0.0,2586.0
184,185,12,0,1,0,0.0,1040.0
184,185,13,0,0,1,1.0,388.0
184,185,14,2,0,0,0.0,434.0
184,185,15,1,0,1,0.0,2378.0
184,185,16,2,1,1,1.0,1594.0
184,185,17,3,1,0,0.0,1691.0
184,185,18,0,1,1,0.0,1106.0
184,185,19,1,0,0,0.0,3334.0
184,185,20,0,0,1,1.0,1615.0
184,185,21,3,1,0,0.0,1866.0
184,185,22,1,1,1,1.0,1235.0
184,185,23,2,0,1,0.0,1105.0
184,185,24,3,1,1,0.0,1367.0
184,185,25,1,1,1,1.0,692.0
184,185,26,2,0,0,0.0,1064.0
184,185,27,0,1,0,0.0,339.0
184,185,28,1,1,1,1.0,649.0
184,185,29,0,1,0,0.0,570.0
184,185,30,3,0,1,1.0,214.0
184,185,31,2,0,1,0.0,620.0
184,185,32,2,0,0,0.0,1878.0
184,185,33,3,0,1,1.0,1185.0
184,185,34,3,0,1,1.0,914.0
184,185,35,1,0,0,0.0,1730.0
184,185,36,2,1,1,1.0,2486.0
184,185,37,0,0,1,1.0,1436.0
184,185,38,1,0,0,0.0,1931.0
184,185,39,0,0,1,1.0,2469.0
184,185,40,1,1,1,1.0,1968.0
184,185,41,3,0,1,1.0,1108.0
184,185,42,1,1,1,1.0,1488.0
184,185,43,3,0,0,1.0,2490.0
184,185,44,2,1,1,1.0,1430.0
184,185,45,0,0,1,1.0,4042.0
184,185,46,0,0,0,1.0,2123.0
184,185,47,2,1,1,1.0,1687.0
184,185,48,3,1,0,0.0,1819.0
184,185,49,0,1,0,0.0,1778.0
184,185,50,3,0,1,1.0,733.0
184,185,51,2,1,1,1.0,1122.0
184,185,52,1,1,0,1.0,1582.0
184,185,53,1,1,1,1.0,721.0
184,185,54,2,1,0,1.0,776.0
184,185,55,0,1,0,0.0,1545.0
184,185,56,1,1,1,1.0,817.0
184,185,57,2,1,1,1.0,1022.0
184,185,58,1,0,0,0.0,1592.0
184,185,59,0,1,1,0.0,2112.0
184,185,60,2,1,1,1.0,1195.0
184,185,61,0,0,1,1.0,1154.0
184,185,62,3,0,1,1.0,1297.0
184,185,63,3,0,0,1.0,1654.0
184,185,64,3,1,0,0.0,426.0
184,185,65,2,1,0,1.0,962.0
184,185,66,1,1,1,1.0,1739.0
184,185,67,0,0,1,1.0,2401.0
184,185,68,1,1,1,1.0,962.0
184,185,69,2,1,1,1.0,676.0
184,185,70,3,0,1,1.0,4222.0
184,185,71,0,0,1,1.0,2839.0
184,185,72,0,0,1,1.0,828.0
184,185,73,3,0,1,1.0,880.0
184,185,74,3,0,1,1.0,687.0
184,185,75,2,1,1,1.0,847.0
184,185,76,1,1,0,1.0,1374.0
184,185,77,1,1,1,1.0,723.0
184,185,78,0,0,0,1.0,1952.0
184,185,79,2,1,1,1.0,631.0
184,185,80,3,0,1,1.0,2443.0
184,185,81,1,1,0,1.0,3788.0
184,185,82,2,1,1,1.0,639.0
184,185,83,1,1,1,1.0,618.0
184,185,84,2,1,0,1.0,729.0
184,185,85,0,0,1,1.0,917.0
184,185,86,3,0,1,1.0,765.0
184,185,87,0,0,1,1.0,740.0
184,185,88,3,0,0,1.0,634.0
184,185,89,0,0,1,1.0,682.0
184,185,90,1,1,1,1.0,978.0
184,185,91,3,0,1,1.0,1618.0
184,185,92,2,1,1,1.0,1096.0
184,185,93,2,1,1,1.0,754.0
184,185,94,1,1,1,1.0,3087.0
184,185,95,0,0,1,1.0,1319.0
184,185,96,0,0,0,1.0,687.0
184,185,97,1,1,1,1.0,896.0
184,185,98,3,0,1,1.0,948.0
184,185,99,1,1,1,1.0,1241.0
184,185,100,0,0,1,1.0,643.0
184,185,101,2,1,1,1.0,777.0
184,185,102,2,1,1,1.0,1437.0
184,185,103,3,1,0,0.0,1155.0
184,185,104,0,0,1,1.0,1955.0
184,185,105,3,0,1,1.0,1094.0
184,185,106,2,1,1,1.0,709.0
184,185,107,1,1,1,1.0,3493.0
184,185,108,1,1,0,1.0,674.0
184,185,109,3,0,1,1.0,691.0
184,185,110,2,1,0,1.0,840.0
184,185,111,0,0,1,1.0,840.0
184,185,112,3,0,1,1.0,1353.0
184,185,113,0,0,1,1.0,676.0
184,185,114,1,1,1,1.0,859.0
184,185,115,3,0,1,1.0,1219.0
184,185,116,2,1,1,1.0,709.0
184,185,117,0,0,1,1.0,1701.0
184,185,118,2,1,1,1.0,1408.0
184,185,119,1,1,1,1.0,883.0
185,186,0,1,1,0,0.0,6063.0
185,186,1,2,1,0,0.0,1125.0
185,186,2,3,1,0,1.0,1282.0
185,186,3,3,1,1,1.0,817.0
185,186,4,2,0,1,1.0,2370.0
185,186,5,0,1,0,1.0,2187.0
185,186,6,1,0,1,1.0,984.0
185,186,7,0,0,0,0.0,1743.0
185,186,8,1,0,1,1.0,1996.0
185,186,9,3,1,1,1.0,939.0
185,186,10,1,0,0,1.0,760.0
185,186,11,2,0,1,1.0,2680.0
185,186,12,0,0,0,0.0,1732.0
185,186,13,3,1,1,1.0,1342.0
185,186,14,0,0,0,0.0,4487.0
185,186,15,2,0,1,1.0,2360.0
185,186,16,1,0,1,1.0,1148.0
185,186,17,3,1,1,1.0,5668.0
185,186,18,1,0,1,1.0,1067.0
185,186,19,2,0,0,1.0,874.0
185,186,20,0,1,1,1.0,642.0
185,186,21,3,1,1,1.0,879.0
185,186,22,0,1,1,1.0,733.0
185,186,23,2,0,1,1.0,788.0
185,186,24,1,0,1,1.0,1896.0
185,186,25,0,1,1,1.0,1970.0
185,186,26,1,0,1,1.0,1246.0
185,186,27,3,1,1,1.0,3467.0
185,186,28,0,1,1,1.0,5755.0
185,186,29,3,1,0,1.0,1180.0
185,186,30,2,0,0,1.0,768.0
185,186,31,2,0,1,1.0,1855.0
185,186,32,2,0,1,1.0,3469.0
185,186,33,3,1,1,1.0,1162.0
185,186,34,0,1,1,1.0,2436.0
185,186,35,3,1,1,1.0,822.0
185,186,36,1,0,0,1.0,755.0
185,186,37,0,1,1,1.0,1060.0
185,186,38,2,0,1,1.0,1278.0
185,186,39,1,0,1,1.0,1645.0
185,186,40,1,0,0,1.0,728.0
185,186,41,3,1,1,1.0,1067.0
185,186,42,0,1,1,1.0,851.0
185,186,43,2,0,1,1.0,767.0
185,186,44,1,0,1,1.0,543.0
185,186,45,3,1,1,1.0,701.0
185,186,46,0,1,0,1.0,500.0
185,186,47,2,0,0,1.0,1584.0
185,186,48,3,1,0,1.0,1296.0
185,186,49,3,1,1,1.0,1092.0
185,186,50,0,1,1,1.0,1257.0
185,186,51,2,0,1,1.0,1552.0
185,186,52,2,1,0,0.0,921.0
185,186,53,0,1,1,1.0,1265.0
185,186,54,1,0,1,1.0,1156.0
185,186,55,1,0,1,1.0,787.0
185,186,56,3,1,1,1.0,1005.0
185,186,57,2,0,1,1.0,3518.0
185,186,58,0,1,0,1.0,895.0
185,186,59,3,1,1,1.0,777.0
185,186,60,1,0,1,1.0,885.0
185,186,61,2,0,1,1.0,1255.0
185,186,62,0,1,1,1.0,1935.0
185,186,63,1,0,1,1.0,1740.0
185,186,64,3,1,1,1.0,986.0
185,186,65,0,1,1,1.0,932.0
185,186,66,1,0,0,1.0,653.0
185,186,67,0,1,1,1.0,592.0
185,186,68,1,0,1,1.0,1559.0
185,186,69,2,0,1,1.0,1336.0
185,186,70,3,1,0,1.0,1062.0
185,186,71,2,0,1,1.0,1136.0
185,186,72,0,1,1,1.0,831.0
185,186,73,1,0,1,1.0,966.0
185,186,74,2,0,1,1.0,2421.0
185,186,75,3,1,1,1.0,876.0
185,186,76,3,1,1,1.0,587.0
185,186,77,1,0,1,1.0,682.0
185,186,78,0,1,1,1.0,904.0
185,186,79,2,0,1,1.0,731.0
185,186,80,1,0,1,1.0,1173.0
185,186,81,2,0,0,1.0,4474.0
185,186,82,1,0,0,1.0,1064.0
185,186,83,2,0,1,1.0,3471.0
185,186,84,0,1,1,1.0,903.0
185,186,85,3,1,1,1.0,922.0
185,186,86,0,1,0,1.0,1111.0
185,186,87,3,1,1,1.0,765.0
185,186,88,0,1,1,1.0,877.0
185,186,89,0,1,1,1.0,829.0
185,186,90,1,0,1,1.0,1182.0
185,186,91,2,0,0,1.0,668.0
185,186,92,3,1,1,1.0,1986.0
185,186,93,3,1,0,1.0,837.0
185,186,94,1,0,1,1.0,1217.0
185,186,95,2,0,1,1.0,1030.0
185,186,96,2,0,1,1.0,625.0
185,186,97,0,1,0,1.0,809.0
185,186,98,0,1,1,1.0,692.0
185,186,99,3,1,0,1.0,670.0
185,186,100,2,0,1,1.0,1296.0
185,186,101,1,0,1,1.0,730.0
185,186,102,1,0,1,1.0,708.0
185,186,103,3,1,1,1.0,962.0
185,186,104,0,1,1,1.0,922.0
185,186,105,3,1,1,1.0,727.0
185,186,106,1,0,1,1.0,1754.0
185,186,107,3,1,1,1.0,862.0
185,186,108,2,0,1,1.0,1169.0
185,186,109,2,0,1,1.0,757.0
185,186,110,1,0,1,1.0,1124.0
185,186,111,0,1,0,1.0,923.0
185,186,112,2,0,1,1.0,1066.0
185,186,113,3,1,1,1.0,776.0
185,186,114,1,0,1,1.0,850.0
185,186,115,1,0,0,1.0,602.0
185,186,116,2,0,1,1.0,1179.0
185,186,117,0,1,1,1.0,1738.0
185,186,118,3,1,1,1.0,942.0
185,186,119,0,1,1,1.0,1230.0
186,187,0,2,1,1,1.0,3147.0
186,187,1,0,0,1,1.0,2775.0
186,187,2,1,1,0,0.0,2471.0
186,187,3,0,0,1,1.0,2094.0
186,187,4,3,1,1,1.0,1755.0
186,187,5,2,1,0,1.0,950.0
186,187,6,3,1,1,1.0,1227.0
186,187,7,1,0,0,1.0,1901.0
186,187,8,0,0,1,1.0,1533.0
186,187,9,1,1,0,0.0,1555.0
186,187,10,3,0,0,0.0,2000.0
186,187,11,0,0,1,1.0,1653.0
186,187,12,1,1,0,0.0,2074.0
186,187,13,3,0,0,0.0,1614.0
186,187,14,2,1,1,1.0,660.0
186,187,15,2,1,1,1.0,663.0
186,187,16,0,0,1,1.0,950.0
186,187,17,0,0,1,1.0,564.0
186,187,18,1,0,1,1.0,2057.0
186,187,19,3,1,1,1.0,1886.0
186,187,20,2,1,1,1.0,798.0
186,187,21,2,1,1,1.0,833.0
186,187,22,1,0,1,1.0,1292.0
186,187,23,3,1,0,1.0,1215.0
186,187,24,3,1,1,1.0,1355.0
186,187,25,0,0,0,1.0,1973.0
186,187,26,1,1,1,0.0,1094.0
186,187,27,2,1,0,1.0,884.0
186,187,28,1,0,1,1.0,1174.0
186,187,29,2,1,1,1.0,1327.0
186,187,30,3,1,1,1.0,1877.0
186,187,31,0,0,1,1.0,977.0
186,187,32,0,0,1,1.0,3038.0
186,187,33,3,1,0,1.0,1023.0
186,187,34,1,0,1,1.0,682.0
186,187,35,3,1,1,1.0,1070.0
186,187,36,2,1,1,1.0,694.0
186,187,37,2,1,1,1.0,606.0
186,187,38,0,0,1,1.0,700.0
186,187,39,1,0,1,1.0,997.0
186,187,40,3,1,1,1.0,1443.0
186,187,41,1,0,0,1.0,992.0
186,187,42,1,1,1,0.0,1534.0
186,187,43,0,0,1,1.0,792.0
186,187,44,2,1,0,1.0,632.0
186,187,45,0,0,1,1.0,585.0
186,187,46,3,1,1,1.0,1238.0
186,187,47,2,1,1,1.0,732.0
186,187,48,1,0,1,1.0,948.0
186,187,49,2,1,1,1.0,631.0
186,187,50,3,1,1,1.0,1055.0
186,187,51,1,0,1,1.0,1693.0
186,187,52,0,0,0,1.0,3124.0
186,187,53,0,0,1,1.0,1272.0
186,187,54,3,1,1,1.0,1124.0
186,187,55,2,1,1,1.0,823.0
186,187,56,3,1,0,1.0,1330.0
186,187,57,0,0,1,1.0,902.0
186,187,58,1,0,1,1.0,849.0
186,187,59,2,1,1,1.0,829.0
186,187,60,2,0,0,0.0,1740.0
186,187,61,3,1,1,1.0,1279.0
186,187,62,0,0,1,1.0,606.0
186,187,63,1,0,1,1.0,2502.0
186,187,64,2,1,1,1.0,554.0
186,187,65,1,0,1,1.0,596.0
186,187,66,0,0,0,1.0,706.0
186,187,67,0,1,0,0.0,1282.0
186,187,68,3,1,0,1.0,858.0
186,187,69,2,1,0,1.0,712.0
186,187,70,1,0,0,1.0,1291.0
186,187,71,3,1,1,1.0,984.0
186,187,72,2,1,1,1.0,884.0
186,187,73,0,0,1,1.0,675.0
186,187,74,3,1,1,1.0,3579.0
186,187,75,1,0,1,1.0,716.0
186,187,76,1,0,1,1.0,619.0
186,187,77,2,1,1,1.0,925.0
186,187,78,3,1,1,1.0,2227.0
186,187,79,0,0,1,1.0,575.0
186,187,80,2,1,1,1.0,991.0
186,187,81,0,0,1,1.0,939.0
186,187,82,2,1,1,1.0,4267.0
186,187,83,0,0,0,1.0,891.0
186,187,84,3,1,1,1.0,949.0
186,187,85,1,0,1,1.0,723.0
186,187,86,3,1,0,1.0,2776.0
186,187,87,1,0,1,1.0,709.0
186,187,88,3,1,1,1.0,674.0
186,187,89,1,0,0,1.0,1769.0
186,187,90,0,0,1,1.0,1145.0
186,187,91,0,0,1,1.0,985.0
186,187,92,2,1,1,1.0,5459.0
186,187,93,1,0,1,1.0,827.0
186,187,94,2,1,0,1.0,2221.0
186,187,95,3,1,1,1.0,950.0
186,187,96,3,1,1,1.0,1040.0
186,187,97,3,1,1,1.0,1334.0
186,187,98,0,0,1,1.0,975.0
186,187,99,1,0,0,1.0,3141.0
186,187,100,0,0,1,1.0,1110.0
186,187,101,2,1,1,1.0,1218.0
186,187,102,1,1,0,0.0,5364.0
186,187,103,2,1,1,1.0,1524.0
186,187,104,3,1,1,1.0,2381.0
186,187,105,0,0,1,1.0,887.0
186,187,106,1,0,1,1.0,1415.0
186,187,107,2,1,1,1.0,459.0
186,187,108,0,0,0,1.0,728.0
186,187,109,2,1,1,1.0,525.0
186,187,110,3,1,0,1.0,933.0
186,187,111,1,0,1,1.0,1255.0
186,187,112,3,1,1,1.0,733.0
186,187,113,0,0,1,1.0,1019.0
186,187,114,2,1,0,1.0,727.0
186,187,115,0,0,1,1.0,733.0
186,187,116,2,1,1,1.0,619.0
186,187,117,1,0,1,1.0,810.0
186,187,118,1,0,1,1.0,1221.0
186,187,119,3,0,0,0.0,1811.0
187,188,0,3,0,1,0.0,5339.0
187,188,1,1,1,0,1.0,1023.0
187,188,2,0,0,0,1.0,1982.0
187,188,3,0,1,0,0.0,2264.0
187,188,4,2,1,0,0.0,1275.0
187,188,5,1,0,1,0.0,1838.0
187,188,6,2,1,0,0.0,1867.0
187,188,7,3,0,0,0.0,3275.0
187,188,8,0,1,0,0.0,3378.0
187,188,9,3,1,1,1.0,1894.0
187,188,10,3,0,0,0.0,1120.0
187,188,11,0,0,1,1.0,2289.0
187,188,12,1,1,1,1.0,2638.0
187,188,13,1,1,1,1.0,792.0
187,188,14,2,1,1,0.0,2157.0
187,188,15,2,1,0,0.0,777.0
187,188,16,0,0,1,1.0,1018.0
187,188,17,1,0,0,0.0,2769.0
187,188,18,2,0,0,1.0,3305.0
187,188,19,3,1,1,1.0,1187.0
187,188,20,0,0,1,1.0,4338.0
187,188,21,3,1,0,1.0,946.0
187,188,22,2,1,0,0.0,1181.0
187,188,23,1,1,1,1.0,822.0
187,188,24,3,0,0,0.0,2124.0
187,188,25,1,1,1,1.0,1693.0
187,188,26,3,0,0,0.0,1563.0
187,188,27,2,0,1,1.0,1180.0
187,188,28,0,0,1,1.0,967.0
187,188,29,0,0,0,1.0,975.0
187,188,30,1,1,1,1.0,7145.0
187,188,31,2,0,1,1.0,506.0
187,188,32,3,0,0,0.0,2617.0
187,188,33,2,0,1,1.0,794.0
187,188,34,0,1,1,0.0,765.0
187,188,35,3,1,1,1.0,425.0
187,188,36,1,1,1,1.0,600.0
187,188,37,1,1,1,1.0,565.0
187,188,38,0,0,1,1.0,660.0
187,188,39,2,1,0,0.0,570.0
187,188,40,1,0,0,0.0,526.0
187,188,41,0,0,1,1.0,829.0
187,188,42,1,0,0,0.0,1204.0
187,188,43,3,1,1,1.0,528.0
187,188,44,0,1,0,0.0,671.0
187,188,45,2,0,1,1.0,593.0
187,188,46,2,1,1,0.0,1072.0
187,188,47,3,0,1,0.0,962.0
187,188,48,1,0,0,0.0,4501.0
187,188,49,0,1,0,0.0,436.0
187,188,50,2,1,0,0.0,417.0
187,188,51,1,0,1,0.0,402.0
187,188,52,0,1,1,0.0,425.0
187,188,53,3,1,1,1.0,447.0
187,188,54,2,1,0,0.0,878.0
187,188,55,3,0,0,0.0,708.0
187,188,56,3,1,0,1.0,365.0
187,188,57,0,1,0,0.0,471.0
187,188,58,1,1,0,1.0,774.0
187,188,59,0,0,1,1.0,634.0
187,188,60,2,1,0,0.0,842.0
187,188,61,2,1,0,0.0,760.0
187,188,62,3,0,0,0.0,549.0
187,188,63,1,1,1,1.0,1408.0
187,188,64,3,0,0,0.0,692.0
187,188,65,0,0,1,1.0,937.0
187,188,66,1,1,1,1.0,1956.0
187,188,67,1,1,0,1.0,664.0
187,188,68,3,0,0,0.0,295.0
187,188,69,2,1,0,0.0,517.0
187,188,70,2,1,1,0.0,993.0
187,188,71,0,0,0,1.0,1179.0
187,188,72,3,1,1,1.0,694.0
187,188,73,2,0,1,1.0,1304.0
187,188,74,0,1,0,0.0,1014.0
187,188,75,1,0,0,0.0,694.0
187,188,76,1,1,1,1.0,342.0
187,188,77,3,1,1,1.0,688.0
187,188,78,0,1,0,0.0,504.0
187,188,79,2,0,0,1.0,1038.0
187,188,80,0,1,0,0.0,809.0
187,188,81,0,0,1,1.0,315.0
187,188,82,2,1,0,0.0,626.0
187,188,83,1,1,1,1.0,504.0
187,188,84,1,1,1,1.0,509.0
187,188,85,2,1,0,0.0,759.0
187,188,86,3,0,0,0.0,492.0
187,188,87,3,1,1,1.0,885.0
187,188,88,3,0,0,0.0,1168.0
187,188,89,1,1,1,1.0,503.0
187,188,90,0,1,1,0.0,1164.0
187,188,91,0,0,1,1.0,1150.0
187,188,92,2,1,0,0.0,899.0
187,188,93,2,1,1,0.0,845.0
187,188,94,3,0,1,0.0,2684.0
187,188,95,1,0,0,0.0,766.0
187,188,96,0,1,0,0.0,1947.0
187,188,97,2,0,1,1.0,1065.0
187,188,98,1,1,1,1.0,1489.0
187,188,99,1,0,0,0.0,1115.0
187,188,100,2,0,1,1.0,822.0
187,188,101,3,1,1,1.0,968.0
187,188,102,3,1,1,1.0,1139.0
187,188,103,0,0,1,1.0,1077.0
187,188,104,2,0,1,1.0,1153.0
187,188,105,3,1,0,1.0,6114.0
187,188,106,1,0,0,0.0,635.0
187,188,107,3,1,1,1.0,942.0
187,188,108,2,1,0,0.0,813.0
187,188,109,0,0,0,1.0,810.0
187,188,110,0,1,0,0.0,852.0
187,188,111,1,1,1,1.0,685.0
187,188,112,2,0,1,1.0,665.0
187,188,113,3,1,1,1.0,1166.0
187,188,114,1,0,0,0.0,907.0
187,188,115,0,0,1,1.0,847.0
187,188,116,3,1,1,1.0,1023.0
187,188,117,1,1,0,1.0,1143.0
187,188,118,2,0,1,1.0,861.0
187,188,119,0,0,1,1.0,1140.0
188,189,0,0,0,1,1.0,1023.0
188,189,1,1,1,0,1.0,1264.0
188,189,2,3,1,0,0.0,992.0
188,189,3,2,0,0,0.0,617.0
188,189,4,3,0,1,1.0,923.0
188,189,5,0,0,1,1.0,597.0
188,189,6,2,0,0,0.0,999.0
188,189,7,1,0,1,0.0,1167.0
188,189,8,1,0,0,0.0,731.0
188,189,9,2,0,0,0.0,2011.0
188,189,10,3,0,1,1.0,798.0
188,189,11,3,0,0,1.0,660.0
188,189,12,0,0,1,1.0,891.0
188,189,13,0,0,1,1.0,517.0
188,189,14,2,1,1,1.0,962.0
188,189,15,1,1,1,1.0,842.0
188,189,16,2,1,1,1.0,661.0
188,189,17,3,0,1,1.0,554.0
188,189,18,0,0,1,1.0,635.0
188,189,19,1,1,1,1.0,724.0
188,189,20,0,0,1,1.0,585.0
188,189,21,3,0,1,1.0,587.0
188,189,22,1,1,1,1.0,713.0
188,189,23,2,1,1,1.0,723.0
188,189,24,3,0,1,1.0,602.0
188,189,25,1,1,1,1.0,956.0
188,189,26,2,1,1,1.0,835.0
188,189,27,0,0,0,1.0,576.0
188,189,28,1,1,1,1.0,867.0
188,189,29,0,0,1,1.0,536.0
188,189,30,3,0,1,1.0,559.0
188,189,31,2,1,1,1.0,382.0
188,189,32,2,0,1,0.0,981.0
188,189,33,3,0,0,1.0,642.0
188,189,34,3,0,1,1.0,544.0
188,189,35,1,0,0,0.0,840.0
188,189,36,2,0,0,0.0,799.0
188,189,37,0,0,1,1.0,854.0
188,189,38,1,0,0,0.0,1278.0
188,189,39,0,0,1,1.0,565.0
188,189,40,1,1,1,1.0,703.0
188,189,41,3,0,1,1.0,1434.0
188,189,42,1,1,1,1.0,812.0
188,189,43,3,0,0,1.0,418.0
188,189,44,2,1,1,1.0,991.0
188,189,45,0,0,1,1.0,610.0
188,189,46,0,0,0,1.0,498.0
188,189,47,2,1,0,1.0,1406.0
188,189,48,3,0,1,1.0,976.0
188,189,49,0,0,1,1.0,666.0
188,189,50,3,0,1,1.0,587.0
188,189,51,2,1,1,1.0,773.0
188,189,52,1,1,0,1.0,980.0
188,189,53,1,0,0,0.0,326.0
188,189,54,2,1,1,1.0,920.0
188,189,55,0,0,1,1.0,1638.0
188,189,56,1,0,1,0.0,918.0
188,189,57,2,1,0,1.0,1149.0
188,189,58,1,0,0,0.0,654.0
188,189,59,0,0,1,1.0,614.0
188,189,60,2,0,1,0.0,615.0
188,189,61,0,0,1,1.0,547.0
188,189,62,3,0,1,1.0,262.0
188,189,63,3,0,1,1.0,1073.0
188,189,64,3,0,1,1.0,250.0
188,189,65,2,0,0,0.0,486.0
188,189,66,1,0,0,0.0,462.0
188,189,67,0,0,0,1.0,564.0
188,189,68,1,1,1,1.0,591.0
188,189,69,2,1,1,1.0,469.0
188,189,70,3,0,0,1.0,437.0
188,189,71,0,1,0,0.0,606.0
188,189,72,0,1,0,0.0,634.0
188,189,73,3,0,1,1.0,443.0
188,189,74,3,0,1,1.0,403.0
188,189,75,2,1,1,1.0,1379.0
188,189,76,1,1,1,1.0,1396.0
188,189,77,1,1,1,1.0,496.0
188,189,78,0,0,1,1.0,643.0
188,189,79,2,1,1,1.0,1106.0
188,189,80,3,0,1,1.0,525.0
188,189,81,1,1,1,1.0,615.0
188,189,82,2,1,1,1.0,716.0
188,189,83,1,1,0,1.0,632.0
188,189,84,2,1,0,1.0,1119.0
188,189,85,0,0,1,1.0,764.0
188,189,86,3,0,1,1.0,441.0
188,189,87,0,0,1,1.0,488.0
188,189,88,3,0,1,1.0,604.0
188,189,89,0,0,1,1.0,442.0
188,189,90,1,0,0,0.0,1084.0
188,189,91,3,0,1,1.0,618.0
188,189,92,2,0,0,0.0,666.0
188,189,93,2,0,0,0.0,457.0
188,189,94,1,0,1,0.0,541.0
188,189,95,0,0,1,1.0,239.0
188,189,96,0,0,1,1.0,337.0
188,189,97,1,0,0,0.0,359.0
188,189,98,3,0,0,1.0,527.0
188,189,99,1,0,0,0.0,371.0
188,189,100,0,0,0,1.0,485.0
188,189,101,2,0,0,0.0,862.0
188,189,102,2,0,0,0.0,761.0
188,189,103,3,0,1,1.0,891.0
188,189,104,0,0,0,1.0,692.0
188,189,105,3,0,0,1.0,618.0
188,189,106,2,1,1,1.0,996.0
188,189,107,1,1,1,1.0,1039.0
188,189,108,1,1,0,1.0,544.0
188,189,109,3,0,1,1.0,1796.0
188,189,110,2,1,1,1.0,662.0
188,189,111,0,0,1,1.0,1359.0
188,189,112,3,0,1,1.0,754.0
188,189,113,0,0,1,1.0,780.0
188,189,114,1,1,1,1.0,585.0
188,189,115,3,0,1,1.0,692.0
188,189,116,2,1,1,1.0,821.0
188,189,117,0,0,1,1.0,784.0
188,189,118,2,1,1,1.0,567.0
188,189,119,1,1,1,1.0,693.0
189,190,0,2,0,0,0.0,3593.0
189,190,1,0,0,1,1.0,3878.0
189,190,2,1,1,0,0.0,4206.0
189,190,3,0,0,1,1.0,4097.0
189,190,4,3,1,1,1.0,2053.0
189,190,5,2,0,0,0.0,2990.0
189,190,6,3,1,1,1.0,2948.0
189,190,7,1,0,0,1.0,2561.0
189,190,8,0,1,0,0.0,3402.0
189,190,9,1,0,1,1.0,1408.0
189,190,10,3,1,1,1.0,4062.0
189,190,11,0,0,1,1.0,1713.0
189,190,12,1,0,1,1.0,1840.0
189,190,13,3,0,0,0.0,1929.0
189,190,14,2,1,1,1.0,1132.0
189,190,15,2,1,0,1.0,943.0
189,190,16,0,0,1,1.0,4416.0
189,190,17,0,0,1,1.0,932.0
189,190,18,1,0,1,1.0,704.0
189,190,19,3,0,0,0.0,1906.0
189,190,20,2,1,1,1.0,1126.0
189,190,21,2,0,0,0.0,3050.0
189,190,22,1,0,1,1.0,1642.0
189,190,23,3,1,0,1.0,2477.0
189,190,24,3,0,0,0.0,784.0
189,190,25,0,0,1,1.0,1825.0
189,190,26,1,0,1,1.0,831.0
189,190,27,2,1,1,1.0,3875.0
189,190,28,1,0,0,1.0,1246.0
189,190,29,2,1,1,1.0,1791.0
189,190,30,3,1,1,1.0,1437.0
189,190,31,0,0,0,1.0,949.0
189,190,32,0,0,1,1.0,2699.0
189,190,33,3,1,1,1.0,939.0
189,190,34,1,0,1,1.0,1414.0
189,190,35,3,1,0,1.0,814.0
189,190,36,2,1,1,1.0,1499.0
189,190,37,2,0,1,0.0,1161.0
189,190,38,0,0,1,1.0,1093.0
189,190,39,1,0,1,1.0,825.0
189,190,40,3,1,1,1.0,1252.0
189,190,41,1,0,1,1.0,1209.0
189,190,42,1,0,1,1.0,2372.0
189,190,43,0,0,1,1.0,1586.0
189,190,44,2,1,0,1.0,2150.0
189,190,45,0,0,1,1.0,3065.0
189,190,46,3,1,1,1.0,1298.0
189,190,47,2,1,1,1.0,1875.0
189,190,48,1,0,1,1.0,1476.0
189,190,49,2,1,1,1.0,2006.0
189,190,50,3,1,1,1.0,1007.0
189,190,51,1,0,0,1.0,843.0
189,190,52,0,0,1,1.0,743.0
189,190,53,0,0,0,1.0,877.0
189,190,54,3,1,1,1.0,978.0
189,190,55,2,1,1,1.0,3986.0
189,190,56,3,1,1,1.0,2579.0
189,190,57,0,0,1,1.0,1267.0
189,190,58,1,0,1,1.0,998.0
189,190,59,2,1,0,1.0,1274.0
189,190,60,2,1,1,1.0,1454.0
189,190,61,3,1,0,1.0,1397.0
189,190,62,0,0,1,1.0,1554.0
189,190,63,1,0,1,1.0,1797.0
189,190,64,2,1,1,1.0,1526.0
189,190,65,1,0,1,1.0,1567.0
189,190,66,0,0,1,1.0,1527.0
189,190,67,0,0,0,1.0,1015.0
189,190,68,3,1,1,1.0,2255.0
189,190,69,2,1,1,1.0,1049.0
189,190,70,1,0,1,1.0,807.0
189,190,71,3,1,0,1.0,1392.0
189,190,72,2,1,1,1.0,1057.0
189,190,73,0,0,1,1.0,1388.0
189,190,74,3,1,1,1.0,1293.0
189,190,75,1,0,0,1.0,1679.0
189,190,76,1,0,1,1.0,1394.0
189,190,77,2,1,1,1.0,1263.0
189,190,78,3,1,1,1.0,5472.0
189,190,79,0,0,1,1.0,2035.0
189,190,80,2,1,0,1.0,1171.0
189,190,81,0,0,1,1.0,1563.0
189,190,82,2,1,1,1.0,1943.0
189,190,83,0,0,0,1.0,2049.0
189,190,84,3,1,1,1.0,939.0
189,190,85,1,0,0,1.0,1584.0
189,190,86,3,1,1,1.0,1140.0
189,190,87,1,1,0,0.0,2207.0
189,190,88,3,1,0,1.0,1448.0
189,190,89,1,0,1,1.0,2046.0
189,190,90,0,0,1,1.0,1075.0
189,190,91,0,1,0,0.0,1796.0
189,190,92,2,0,0,0.0,1590.0
189,190,93,1,0,1,1.0,1279.0
189,190,94,2,1,1,1.0,3497.0
189,190,95,3,1,1,1.0,861.0
189,190,96,3,1,1,1.0,934.0
189,190,97,3,1,1,1.0,1407.0
189,190,98,0,0,1,1.0,1008.0
189,190,99,1,0,1,1.0,1021.0
189,190,100,0,0,1,1.0,2351.0
189,190,101,2,1,1,1.0,1960.0
189,190,102,1,0,1,1.0,3044.0
189,190,103,2,1,1,1.0,2641.0
189,190,104,3,1,1,1.0,1929.0
189,190,105,0,0,1,1.0,1281.0
189,190,106,1,0,1,1.0,983.0
189,190,107,2,1,1,1.0,1409.0
189,190,108,0,0,1,1.0,1447.0
189,190,109,2,1,0,1.0,2399.0
189,190,110,3,1,1,1.0,891.0
189,190,111,1,0,1,1.0,1684.0
189,190,112,3,1,0,1.0,1595.0
189,190,113,0,0,0,1.0,830.0
189,190,114,2,0,1,0.0,1810.0
189,190,115,0,1,1,0.0,1785.0
189,190,116,2,0,0,0.0,1108.0
189,190,117,1,1,0,0.0,4006.0
189,190,118,1,0,1,1.0,643.0
189,190,119,3,1,1,1.0,948.0
190,191,0,3,0,1,0.0,3712.0
190,191,1,1,1,0,1.0,2110.0
190,191,2,0,1,0,0.0,1752.0
190,191,3,0,1,0,0.0,1072.0
190,191,4,2,0,0,1.0,390.0
190,191,5,1,0,1,0.0,271.0
190,191,6,2,0,1,1.0,260.0
190,191,7,3,0,0,0.0,274.0
190,191,8,0,0,0,1.0,193.0
190,191,9,3,0,0,0.0,195.0
190,191,10,3,0,0,0.0,220.0
190,191,11,0,0,1,1.0,261.0
190,191,12,1,1,1,1.0,263.0
190,191,13,1,1,1,1.0,293.0
190,191,14,2,1,0,0.0,337.0
190,191,15,2,1,0,0.0,195.0
190,191,16,0,1,1,0.0,92.0
190,191,17,1,1,1,1.0,386.0
190,191,18,2,0,1,1.0,1793.0
190,191,19,3,0,0,0.0,1542.0
190,191,20,0,0,1,1.0,2093.0
190,191,21,3,1,1,1.0,2037.0
190,191,22,2,1,1,0.0,1755.0
190,191,23,1,0,0,0.0,1166.0
190,191,24,3,1,1,1.0,1113.0
190,191,25,1,0,0,0.0,3930.0
190,191,26,3,1,0,1.0,1020.0
190,191,27,2,0,1,1.0,1911.0
190,191,28,0,1,0,0.0,3361.0
190,191,29,0,1,0,0.0,3651.0
190,191,30,1,1,1,1.0,1831.0
190,191,31,2,0,1,1.0,3430.0
190,191,32,3,0,0,0.0,7334.0
190,191,33,2,0,1,1.0,2526.0
190,191,34,0,1,1,0.0,3600.0
190,191,35,3,0,1,0.0,2305.0
190,191,36,1,0,0,0.0,1180.0
190,191,37,1,1,1,1.0,1032.0
190,191,38,0,0,1,1.0,5017.0
190,191,39,2,1,0,0.0,5315.0
190,191,40,1,0,0,0.0,663.0
190,191,41,0,0,1,1.0,2192.0
190,191,42,1,0,1,0.0,3857.0
190,191,44,0,0,0,1.0,1111.0
190,191,45,2,0,0,1.0,2337.0
190,191,46,2,1,0,0.0,2032.0
190,191,47,3,1,1,1.0,1642.0
190,191,48,1,1,1,1.0,2427.0
190,191,49,0,0,1,1.0,2027.0
190,191,50,2,0,1,1.0,4776.0
190,191,51,1,1,1,1.0,2337.0
190,191,52,0,0,1,1.0,2003.0
190,191,53,3,1,1,1.0,2142.0
190,191,54,2,0,1,1.0,2329.0
190,191,55,3,0,0,0.0,2189.0
190,191,56,3,0,0,0.0,1527.0
190,191,57,0,0,1,1.0,1248.0
190,191,58,1,1,0,1.0,2370.0
190,191,59,0,0,1,1.0,811.0
190,191,60,2,1,0,0.0,1641.0
190,191,61,2,0,1,1.0,1235.0
190,191,62,3,1,1,1.0,2389.0
190,191,63,1,0,0,0.0,4168.0
190,191,64,3,1,0,1.0,1925.0
190,191,65,0,1,0,0.0,801.0
190,191,66,1,1,1,1.0,1871.0
190,191,67,1,0,0,0.0,875.0
190,191,68,3,0,0,0.0,2285.0
190,191,69,2,0,1,1.0,1498.0
190,191,70,2,0,1,1.0,814.0
190,191,71,0,0,0,1.0,1692.0
190,191,72,3,0,0,0.0,2017.0
190,191,73,2,0,1,1.0,1899.0
190,191,74,0,1,0,0.0,1654.0
190,191,75,1,1,1,1.0,1297.0
190,191,76,1,1,0,1.0,686.0
190,191,77,3,0,0,0.0,1688.0
190,191,78,0,0,1,1.0,919.0
190,191,79,2,0,0,1.0,1096.0
190,191,80,0,1,0,0.0,1601.0
190,191,81,0,0,1,1.0,667.0
190,191,82,2,0,1,1.0,798.0
190,191,83,1,1,1,1.0,769.0
190,191,84,1,1,1,1.0,630.0
190,191,85,2,0,1,1.0,959.0
190,191,86,3,1,1,1.0,1817.0
190,191,87,3,1,1,1.0,1941.0
190,191,88,3,1,1,1.0,756.0
190,191,89,1,1,1,1.0,700.0
190,191,90,0,0,1,1.0,1745.0
190,191,91,0,0,0,1.0,1053.0
190,191,92,2,0,0,1.0,1162.0
190,191,93,2,0,1,1.0,615.0
190,191,94,3,1,1,1.0,1523.0
190,191,95,1,1,1,1.0,1421.0
190,191,96,0,0,1,1.0,867.0
190,191,97,2,0,1,1.0,773.0
190,191,98,1,1,1,1.0,797.0
190,191,99,1,1,1,1.0,679.0
190,191,100,2,0,1,1.0,1297.0
190,191,101,3,1,1,1.0,1371.0
190,191,102,3,1,0,1.0,1571.0
190,191,103,0,0,1,1.0,738.0
190,191,104,2,0,1,1.0,988.0
190,191,105,3,1,1,1.0,986.0
190,191,106,1,1,0,1.0,713.0
190,191,107,3,1,1,1.0,609.0
190,191,108,2,0,1,1.0,1278.0
190,191,109,0,0,1,1.0,919.0
190,191,110,0,0,1,1.0,414.0
190,191,111,1,1,1,1.0,623.0
190,191,112,2,0,0,1.0,745.0
190,191,113,3,1,1,1.0,891.0
190,191,114,1,1,1,1.0,704.0
190,191,115,0,0,1,1.0,833.0
190,191,116,3,1,0,1.0,1740.0
190,191,117,1,1,1,1.0,616.0
190,191,118,2,0,1,1.0,1620.0
190,191,119,0,0,1,1.0,2257.0
191,192,0,0,0,1,1.0,2115.0
191,192,1,1,0,1,0.0,867.0
191,192,2,3,0,1,1.0,862.0
191,192,3,2,0,0,0.0,1168.0
191,192,4,3,0,1,1.0,926.0
191,192,5,0,0,1,1.0,562.0
191,192,6,2,1,1,1.0,802.0
191,192,7,1,0,0,0.0,499.0
191,192,8,1,0,0,0.0,837.0
191,192,9,2,1,1,1.0,654.0
191,192,10,3,0,0,1.0,824.0
191,192,11,3,0,1,1.0,768.0
191,192,12,0,0,1,1.0,729.0
191,192,13,0,0,1,1.0,665.0
191,192,14,2,1,1,1.0,530.0
191,192,15,1,1,0,1.0,360.0
191,192,16,2,1,1,1.0,876.0
191,192,17,3,0,1,1.0,614.0
191,192,18,0,0,1,1.0,464.0
191,192,19,1,1,1,1.0,567.0
191,192,20,0,0,1,1.0,595.0
191,192,21,3,0,1,1.0,991.0
191,192,22,1,1,1,1.0,931.0
191,192,23,2,1,1,1.0,515.0
191,192,24,3,0,1,1.0,432.0
191,192,25,1,1,1,1.0,1120.0
191,192,26,2,1,1,1.0,436.0
191,192,27,0,0,0,1.0,511.0
191,192,28,1,1,1,1.0,848.0
191,192,29,0,0,1,1.0,638.0
191,192,30,3,0,0,1.0,875.0
191,192,31,2,1,0,1.0,696.0
191,192,32,2,1,1,1.0,2710.0
191,192,33,3,0,1,1.0,840.0
191,192,34,3,0,1,1.0,506.0
191,192,35,1,1,1,1.0,769.0
191,192,36,2,1,1,1.0,543.0
191,192,37,0,0,1,1.0,913.0
191,192,38,1,1,1,1.0,464.0
191,192,39,0,0,1,1.0,504.0
191,192,40,1,1,1,1.0,1064.0
191,192,41,3,0,0,1.0,477.0
191,192,42,1,1,0,1.0,706.0
191,192,43,3,0,1,1.0,1801.0
191,192,44,2,1,0,1.0,534.0
191,192,45,0,0,1,1.0,551.0
191,192,46,0,0,0,1.0,523.0
191,192,47,2,1,1,1.0,571.0
191,192,48,3,0,1,1.0,1598.0
191,192,49,0,0,1,1.0,658.0
191,192,50,3,0,1,1.0,524.0
191,192,51,2,1,1,1.0,506.0
191,192,52,1,1,1,1.0,497.0
191,192,53,1,1,1,1.0,499.0
191,192,54,2,1,1,1.0,521.0
191,192,55,0,0,1,1.0,508.0
191,192,56,1,1,1,1.0,409.0
191,192,57,2,1,1,1.0,444.0
191,192,58,1,1,1,1.0,454.0
191,192,59,0,0,1,1.0,544.0
191,192,60,2,1,0,1.0,836.0
191,192,61,0,0,1,1.0,489.0
191,192,62,3,0,1,1.0,582.0
191,192,63,3,0,1,1.0,1029.0
191,192,64,3,0,0,1.0,1032.0
191,192,65,2,1,1,1.0,1023.0
191,192,66,1,1,0,1.0,467.0
191,192,67,0,0,0,1.0,568.0
191,192,68,1,1,1,1.0,1486.0
191,192,69,2,1,1,1.0,488.0
191,192,70,3,0,1,1.0,636.0
191,192,71,0,0,1,1.0,431.0
191,192,72,0,0,1,1.0,515.0
191,192,73,3,0,1,1.0,711.0
191,192,74,3,0,1,1.0,461.0
191,192,75,2,1,1,1.0,650.0
191,192,76,1,1,0,1.0,422.0
191,192,77,1,1,1,1.0,532.0
191,192,78,0,0,1,1.0,550.0
191,192,79,2,1,1,1.0,505.0
191,192,80,3,0,1,1.0,546.0
191,192,81,1,1,1,1.0,605.0
191,192,82,2,1,1,1.0,506.0
191,192,83,1,1,1,1.0,668.0
191,192,84,2,1,0,1.0,466.0
191,192,85,0,0,1,1.0,512.0
191,192,86,3,0,1,1.0,546.0
191,192,87,0,0,1,1.0,548.0
191,192,88,3,0,1,1.0,939.0
191,192,89,0,0,1,1.0,457.0
191,192,90,1,1,1,1.0,460.0
191,192,91,3,0,0,1.0,395.0
191,192,92,2,1,1,1.0,381.0
191,192,93,2,1,1,1.0,461.0
191,192,94,1,1,1,1.0,1991.0
191,192,95,0,0,0,1.0,1001.0
191,192,96,0,0,0,1.0,510.0
191,192,97,1,1,1,1.0,3371.0
191,192,98,3,0,1,1.0,1071.0
191,192,99,1,1,0,1.0,996.0
191,192,100,0,0,1,1.0,767.0
191,192,101,2,1,1,1.0,572.0
191,192,102,2,1,1,1.0,701.0
191,192,103,3,0,0,1.0,574.0
191,192,104,0,0,1,1.0,468.0
191,192,105,3,0,1,1.0,521.0
191,192,106,2,1,1,1.0,409.0
191,192,107,1,1,1,1.0,752.0
191,192,108,1,1,1,1.0,482.0
191,192,109,3,0,1,1.0,604.0
191,192,110,2,1,0,1.0,787.0
191,192,111,0,0,1,1.0,578.0
191,192,112,3,0,1,1.0,1430.0
191,192,113,0,0,1,1.0,624.0
191,192,114,1,1,1,1.0,405.0
191,192,115,3,0,1,1.0,412.0
191,192,116,2,1,1,1.0,785.0
191,192,117,0,0,1,1.0,1152.0
191,192,118,2,1,1,1.0,1225.0
191,192,119,1,1,1,1.0,420.0
192,193,0,3,0,1,0.0,3166.0
192,193,1,1,1,0,1.0,1479.0
192,193,2,0,1,0,0.0,1378.0
192,193,3,0,0,0,1.0,973.0
192,193,4,2,0,0,1.0,1082.0
192,193,5,1,0,1,0.0,1474.0
192,193,6,2,0,1,1.0,1651.0
192,193,7,3,1,1,1.0,1111.0
192,193,8,0,0,1,1.0,1314.0
192,193,9,3,1,1,1.0,1384.0
192,193,10,3,1,0,1.0,710.0
192,193,11,0,0,1,1.0,1020.0
192,193,12,1,0,0,0.0,1401.0
192,193,13,1,0,0,0.0,782.0
192,193,14,2,1,0,0.0,440.0
192,193,15,2,0,1,1.0,368.0
192,193,16,0,0,1,1.0,631.0
192,193,17,1,0,0,0.0,506.0
192,193,18,2,0,1,1.0,442.0
192,193,19,3,0,0,0.0,485.0
192,193,20,0,1,0,0.0,520.0
192,193,21,3,0,0,0.0,228.0
192,193,22,2,0,1,1.0,170.0
192,193,23,1,0,0,0.0,696.0
192,193,24,3,0,0,0.0,278.0
192,193,25,1,1,1,1.0,518.0
192,193,26,3,0,0,0.0,274.0
192,193,27,2,0,1,1.0,283.0
192,193,28,0,1,1,0.0,306.0
192,193,29,0,0,1,1.0,398.0
192,193,30,1,1,1,1.0,394.0
192,193,31,2,0,0,1.0,325.0
192,193,32,3,0,0,0.0,798.0
192,193,33,2,0,1,1.0,338.0
192,193,34,0,1,0,0.0,331.0
192,193,35,3,0,1,0.0,255.0
192,193,36,1,1,1,1.0,686.0
192,193,37,1,1,1,1.0,717.0
192,193,38,0,0,0,1.0,1016.0
192,193,39,2,0,1,1.0,1184.0
192,193,40,1,1,1,1.0,1506.0
192,193,41,0,0,1,1.0,1251.0
192,193,42,1,0,1,0.0,916.0
192,193,43,3,0,0,0.0,771.0
192,193,44,0,0,1,1.0,458.0
192,193,45,2,0,1,1.0,603.0
192,193,46,2,0,1,1.0,412.0
192,193,47,3,0,0,0.0,460.0
192,193,48,1,1,1,1.0,318.0
192,193,49,0,0,1,1.0,299.0
192,193,50,2,0,1,1.0,469.0
192,193,51,1,1,1,1.0,362.0
192,193,52,0,0,1,1.0,387.0
192,193,53,3,1,1,1.0,204.0
192,193,54,2,0,1,1.0,664.0
192,193,55,3,1,1,1.0,263.0
192,193,56,3,0,0,0.0,287.0
192,193,57,0,0,0,1.0,528.0
192,193,58,1,0,0,0.0,242.0
192,193,59,0,1,0,0.0,123.0
192,193,60,2,0,0,1.0,4.0
192,193,61,2,1,0,0.0,129.0
192,193,62,3,0,0,0.0,83.0
192,193,63,1,0,0,0.0,709.0
192,193,64,3,1,1,1.0,829.0
192,193,65,0,0,1,1.0,293.0
192,193,66,1,0,0,0.0,393.0
192,193,67,1,1,0,1.0,326.0
192,193,68,3,0,0,0.0,211.0
192,193,69,2,1,1,0.0,269.0
192,193,70,2,0,1,1.0,305.0
192,193,71,0,1,1,0.0,251.0
192,193,72,3,0,0,0.0,280.0
192,193,73,2,0,1,1.0,262.0
192,193,74,0,1,0,0.0,347.0
192,193,75,1,0,0,0.0,734.0
192,193,76,1,0,0,0.0,302.0
192,193,77,3,1,0,1.0,264.0
192,193,78,0,0,1,1.0,289.0
192,193,79,2,0,0,1.0,256.0
192,193,80,0,0,1,1.0,386.0
192,193,81,0,0,0,1.0,548.0
192,193,82,2,1,0,0.0,109.0
192,193,83,1,0,0,0.0,412.0
192,193,84,1,1,1,1.0,556.0
192,193,85,2,1,0,0.0,305.0
192,193,86,3,0,1,0.0,106.0
192,193,87,3,0,0,0.0,451.0
192,193,88,3,1,1,1.0,273.0
192,193,89,1,0,0,0.0,289.0
192,193,90,0,0,1,1.0,216.0
192,193,91,0,1,0,0.0,371.0
192,193,92,2,0,1,1.0,284.0
192,193,93,2,1,0,0.0,324.0
192,193,94,3,0,1,0.0,817.0
192,193,95,1,1,1,1.0,332.0
192,193,96,0,1,0,0.0,728.0
192,193,97,2,1,1,0.0,269.0
192,193,98,1,0,1,0.0,235.0
192,193,99,1,1,0,1.0,326.0
192,193,100,2,0,1,1.0,267.0
192,193,101,3,1,1,1.0,372.0
192,193,102,3,0,0,0.0,234.0
192,193,103,0,1,0,0.0,306.0
192,193,104,2,0,1,1.0,215.0
192,193,105,3,1,1,1.0,287.0
192,193,106,1,0,0,0.0,371.0
192,193,107,3,1,1,1.0,336.0
192,193,108,2,0,1,1.0,364.0
192,193,109,0,1,1,0.0,304.0
192,193,110,0,0,1,1.0,299.0
192,193,111,1,1,1,1.0,507.0
192,193,112,2,0,1,1.0,259.0
192,193,113,3,1,1,1.0,423.0
192,193,114,1,0,0,0.0,295.0
192,193,115,0,1,0,0.0,340.0
192,193,116,3,1,0,1.0,452.0
192,193,117,1,0,0,0.0,390.0
192,193,118,2,0,0,1.0,334.0
192,193,119,0,0,1,1.0,257.0
193,194,0,0,1,0,0.0,1217.0
193,194,1,1,0,1,0.0,935.0
193,194,2,3,0,1,1.0,1510.0
193,194,3,2,0,0,0.0,873.0
193,194,4,3,0,1,1.0,766.0
193,194,5,0,0,1,1.0,1284.0
193,194,6,2,1,1,1.0,653.0
193,194,7,1,1,0,1.0,702.0
193,194,8,1,0,0,0.0,767.0
193,194,9,2,1,1,1.0,1379.0
193,194,10,3,0,0,1.0,629.0
193,194,11,3,0,1,1.0,513.0
193,194,12,0,0,1,1.0,589.0
193,194,13,0,0,1,1.0,884.0
193,194,14,2,1,1,1.0,639.0
193,194,15,1,1,1,1.0,601.0
193,194,16,2,1,1,1.0,862.0
193,194,17,3,0,1,1.0,727.0
193,194,18,0,0,1,1.0,662.0
193,194,19,1,1,1,1.0,593.0
193,194,20,0,0,1,1.0,786.0
193,194,21,3,0,1,1.0,1032.0
193,194,22,1,1,1,1.0,692.0
193,194,23,2,1,1,1.0,441.0
193,194,24,3,0,1,1.0,642.0
193,194,25,1,1,1,1.0,654.0
193,194,26,2,1,1,1.0,519.0
193,194,27,0,0,1,1.0,702.0
193,194,28,1,1,1,1.0,613.0
193,194,29,0,0,0,1.0,818.0
193,194,30,3,0,0,1.0,420.0
193,194,31,2,1,0,1.0,614.0
193,194,32,2,1,1,1.0,1386.0
193,194,33,3,0,1,1.0,468.0
193,194,34,3,0,1,1.0,570.0
193,194,35,1,1,1,1.0,645.0
193,194,36,2,1,1,1.0,1307.0
193,194,37,0,0,1,1.0,699.0
193,194,38,1,1,1,1.0,1145.0
193,194,39,0,0,1,1.0,759.0
193,194,40,1,0,0,0.0,554.0
193,194,41,3,0,0,1.0,671.0
193,194,42,1,1,0,1.0,600.0
193,194,43,3,0,1,1.0,723.0
193,194,44,2,1,0,1.0,657.0
193,194,45,0,0,1,1.0,924.0
193,194,46,0,0,1,1.0,488.0
193,194,47,2,1,1,1.0,562.0
193,194,48,3,0,1,1.0,881.0
193,194,49,0,1,0,0.0,913.0
193,194,50,3,0,1,1.0,931.0
193,194,51,2,1,1,1.0,512.0
193,194,52,1,1,1,1.0,589.0
193,194,53,1,1,1,1.0,643.0
193,194,54,2,1,1,1.0,517.0
193,194,55,0,0,0,1.0,613.0
193,194,56,1,1,1,1.0,520.0
193,194,57,2,1,1,1.0,418.0
193,194,58,1,1,1,1.0,637.0
193,194,59,0,0,1,1.0,893.0
193,194,60,2,1,0,1.0,549.0
193,194,61,0,0,1,1.0,627.0
193,194,62,3,0,1,1.0,388.0
193,194,63,3,0,1,1.0,774.0
193,194,64,3,0,0,1.0,458.0
193,194,65,2,1,1,1.0,505.0
193,194,66,1,1,0,1.0,698.0
193,194,67,0,0,1,1.0,978.0
193,194,68,1,1,1,1.0,598.0
193,194,69,2,1,1,1.0,498.0
193,194,70,3,0,1,1.0,558.0
193,194,71,0,0,1,1.0,1015.0
193,194,72,0,0,0,1.0,558.0
193,194,73,3,0,1,1.0,841.0
193,194,74,3,0,1,1.0,535.0
193,194,75,2,1,1,1.0,609.0
193,194,76,1,1,0,1.0,444.0
193,194,77,1,1,1,1.0,603.0
193,194,78,0,0,1,1.0,887.0
193,194,79,2,1,1,1.0,459.0
193,194,80,3,0,1,1.0,674.0
193,194,81,1,1,1,1.0,758.0
193,194,82,2,1,1,1.0,724.0
193,194,83,1,1,1,1.0,732.0
193,194,84,2,1,0,1.0,742.0
193,194,85,0,0,1,1.0,581.0
193,194,86,3,0,1,1.0,429.0
193,194,87,0,0,1,1.0,840.0
193,194,88,3,0,1,1.0,1155.0
193,194,89,0,0,1,1.0,955.0
193,194,90,1,1,1,1.0,744.0
193,194,91,3,0,0,1.0,828.0
193,194,92,2,1,1,1.0,487.0
193,194,93,2,1,1,1.0,594.0
193,194,94,1,1,1,1.0,982.0
193,194,95,0,0,1,1.0,846.0
193,194,96,0,0,1,1.0,648.0
193,194,97,1,1,1,1.0,517.0
193,194,98,3,0,1,1.0,546.0
193,194,99,1,1,0,1.0,791.0
193,194,100,0,0,0,1.0,423.0
193,194,101,2,1,1,1.0,539.0
193,194,102,2,1,1,1.0,524.0
193,194,103,3,0,0,1.0,756.0
193,194,104,0,0,0,1.0,916.0
193,194,105,3,0,1,1.0,544.0
193,194,106,2,1,1,1.0,714.0
193,194,107,1,1,1,1.0,663.0
193,194,108,1,1,1,1.0,589.0
193,194,109,3,0,1,1.0,458.0
193,194,110,2,1,0,1.0,590.0
193,194,111,0,0,1,1.0,599.0
193,194,112,3,0,1,1.0,450.0
193,194,113,0,0,1,1.0,913.0
193,194,114,1,1,1,1.0,733.0
193,194,115,3,0,1,1.0,699.0
193,194,116,2,1,1,1.0,659.0
193,194,117,0,0,1,1.0,833.0
193,194,118,2,1,1,1.0,496.0
193,194,119,1,1,1,1.0,707.0
194,195,0,2,1,1,1.0,1444.0
194,195,1,0,0,1,1.0,1266.0
194,195,2,1,0,0,1.0,1191.0
194,195,3,0,0,1,1.0,1115.0
194,195,4,3,1,1,1.0,1048.0
194,195,5,2,0,0,0.0,593.0
194,195,6,3,1,1,1.0,1145.0
194,195,7,1,1,0,0.0,1739.0
194,195,8,0,1,0,0.0,1040.0
194,195,9,1,1,0,0.0,1068.0
194,195,10,3,1,1,1.0,649.0
194,195,11,0,0,1,1.0,1700.0
194,195,12,1,0,1,1.0,1253.0
194,195,13,3,1,0,1.0,730.0
194,195,14,2,0,0,0.0,512.0
194,195,15,2,1,0,1.0,727.0
194,195,16,0,0,1,1.0,831.0
194,195,17,0,0,1,1.0,599.0
194,195,18,1,0,1,1.0,995.0
194,195,19,3,1,1,1.0,498.0
194,195,20,2,1,1,1.0,1235.0
194,195,21,2,1,1,1.0,961.0
194,195,22,1,0,1,1.0,597.0
194,195,23,3,1,1,1.0,556.0
194,195,24,3,1,0,1.0,723.0
194,195,25,0,0,1,1.0,757.0
194,195,26,1,0,1,1.0,539.0
194,195,27,2,0,0,0.0,700.0
194,195,28,1,0,1,1.0,753.0
194,195,29,2,0,1,0.0,850.0
194,195,30,3,1,1,1.0,649.0
194,195,31,0,0,0,1.0,704.0
194,195,32,0,0,1,1.0,1340.0
194,195,33,3,1,1,1.0,604.0
194,195,34,1,0,0,1.0,683.0
194,195,35,3,1,1,1.0,598.0
194,195,36,2,0,0,0.0,520.0
194,195,37,2,1,1,1.0,580.0
194,195,38,0,0,1,1.0,613.0
194,195,39,1,0,1,1.0,478.0
194,195,40,3,1,1,1.0,545.0
194,195,41,1,0,1,1.0,641.0
194,195,42,1,0,1,1.0,1330.0
194,195,43,0,0,1,1.0,665.0
194,195,44,2,1,1,1.0,1243.0
194,195,45,0,0,1,1.0,391.0
194,195,46,3,1,1,1.0,686.0
194,195,47,2,1,0,1.0,1555.0
194,195,48,1,0,1,1.0,482.0
194,195,49,2,1,1,1.0,698.0
194,195,50,3,1,0,1.0,655.0
194,195,51,1,0,1,1.0,577.0
194,195,52,0,0,1,1.0,400.0
194,195,53,0,0,0,1.0,701.0
194,195,54,3,1,1,1.0,912.0
194,195,55,2,0,1,0.0,644.0
194,195,56,3,1,0,1.0,840.0
194,195,57,0,0,1,1.0,674.0
194,195,58,1,0,0,1.0,572.0
194,195,59,2,1,1,1.0,918.0
194,195,60,2,1,1,1.0,655.0
194,195,61,3,1,1,1.0,692.0
194,195,62,0,0,1,1.0,779.0
194,195,63,1,0,1,1.0,1309.0
194,195,64,2,0,0,0.0,566.0
194,195,65,1,0,1,1.0,573.0
194,195,66,0,0,1,1.0,530.0
194,195,67,0,0,0,1.0,518.0
194,195,68,3,1,1,1.0,576.0
194,195,69,2,1,0,1.0,861.0
194,195,70,1,0,1,1.0,773.0
194,195,71,3,1,1,1.0,520.0
194,195,72,2,1,1,1.0,501.0
194,195,73,0,0,1,1.0,534.0
194,195,74,3,1,1,1.0,553.0
194,195,75,1,0,1,1.0,774.0
194,195,76,1,0,0,1.0,644.0
194,195,77,2,1,1,1.0,931.0
194,195,78,3,0,0,0.0,1455.0
194,195,79,0,0,1,1.0,596.0
194,195,80,2,1,1,1.0,1487.0
194,195,81,0,0,1,1.0,604.0
194,195,82,2,0,0,0.0,658.0
194,195,83,0,0,0,1.0,695.0
194,195,84,3,1,0,1.0,659.0
194,195,85,1,0,1,1.0,741.0
194,195,86,3,1,1,1.0,598.0
194,195,87,1,0,0,1.0,572.0
194,195,88,3,1,1,1.0,663.0
194,195,89,1,0,1,1.0,607.0
194,195,90,0,0,1,1.0,864.0
194,195,91,0,0,1,1.0,835.0
194,195,92,2,1,1,1.0,1122.0
194,195,93,1,0,1,1.0,633.0
194,195,94,2,1,1,1.0,1884.0
194,195,95,3,1,1,1.0,778.0
194,195,96,3,1,1,1.0,590.0
194,195,97,3,1,1,1.0,822.0
194,195,98,0,0,1,1.0,746.0
194,195,99,1,0,1,1.0,808.0
194,195,100,0,1,0,0.0,852.0
194,195,101,2,1,0,1.0,845.0
194,195,102,1,0,1,1.0,469.0
194,195,103,2,1,1,1.0,943.0
194,195,104,3,1,0,1.0,1064.0
194,195,105,0,0,1,1.0,1424.0
194,195,106,1,0,1,1.0,702.0
194,195,107,2,1,1,1.0,1483.0
194,195,108,0,0,1,1.0,1061.0
194,195,109,2,1,1,1.0,902.0
194,195,110,3,1,1,1.0,751.0
194,195,111,1,0,1,1.0,691.0
194,195,112,3,1,1,1.0,688.0
194,195,113,0,1,1,0.0,929.0
194,195,114,2,1,1,1.0,998.0
194,195,115,0,0,0,1.0,827.0
194,195,116,2,1,1,1.0,787.0
194,195,117,1,0,1,1.0,878.0
194,195,118,1,0,1,1.0,562.0
194,195,119,3,1,1,1.0,761.0
195,196,0,0,0,1,1.0,2212.0
195,196,1,1,0,1,0.0,1529.0
195,196,2,3,0,1,1.0,950.0
195,196,3,2,0,0,0.0,892.0
195,196,4,3,0,1,1.0,929.0
195,196,5,0,0,1,1.0,638.0
195,196,6,2,1,1,1.0,940.0
195,196,7,1,1,0,1.0,863.0
195,196,8,1,0,0,0.0,778.0
195,196,9,2,1,1,1.0,757.0
195,196,10,3,0,0,1.0,930.0
195,196,11,3,0,1,1.0,493.0
195,196,12,0,0,1,1.0,648.0
195,196,13,0,0,1,1.0,581.0
195,196,14,2,1,1,1.0,735.0
195,196,15,1,1,1,1.0,1129.0
195,196,16,2,1,1,1.0,675.0
195,196,17,3,0,1,1.0,490.0
195,196,18,0,0,1,1.0,921.0
195,196,19,1,1,1,1.0,694.0
195,196,20,0,0,1,1.0,713.0
195,196,21,3,0,1,1.0,990.0
195,196,22,1,1,1,1.0,897.0
195,196,23,2,1,1,1.0,579.0
195,196,24,3,0,1,1.0,1163.0
195,196,25,1,1,1,1.0,1846.0
195,196,26,2,1,1,1.0,572.0
195,196,27,0,0,0,1.0,729.0
195,196,28,1,1,1,1.0,741.0
195,196,29,0,1,0,0.0,637.0
195,196,30,3,1,0,0.0,1159.0
195,196,31,2,1,0,1.0,791.0
195,196,32,2,1,1,1.0,1573.0
195,196,33,3,0,0,1.0,851.0
195,196,34,3,0,1,1.0,550.0
195,196,35,1,1,1,1.0,933.0
195,196,36,2,1,1,1.0,471.0
195,196,37,0,0,1,1.0,1133.0
195,196,38,1,1,1,1.0,835.0
195,196,39,0,0,1,1.0,902.0
195,196,40,1,1,0,1.0,747.0
195,196,41,3,0,1,1.0,626.0
195,196,42,1,1,1,1.0,787.0
195,196,43,3,0,0,1.0,890.0
195,196,44,2,1,0,1.0,567.0
195,196,45,0,0,1,1.0,688.0
195,196,46,0,0,1,1.0,758.0
195,196,47,2,1,1,1.0,749.0
195,196,48,3,0,1,1.0,639.0
195,196,49,0,1,0,0.0,776.0
195,196,50,3,0,1,1.0,3277.0
195,196,51,2,1,1,1.0,731.0
195,196,52,1,1,1,1.0,403.0
195,196,53,1,1,1,1.0,563.0
195,196,54,2,1,1,1.0,618.0
195,196,55,0,0,0,1.0,933.0
195,196,56,1,1,1,1.0,698.0
195,196,57,2,1,1,1.0,629.0
195,196,58,1,1,0,1.0,993.0
195,196,59,0,0,1,1.0,1039.0
195,196,60,2,1,0,1.0,747.0
195,196,61,0,0,1,1.0,631.0
195,196,62,3,0,1,1.0,975.0
195,196,63,3,0,1,1.0,1678.0
195,196,64,3,0,1,1.0,618.0
195,196,65,2,1,1,1.0,672.0
195,196,66,1,1,1,1.0,501.0
195,196,67,0,0,1,1.0,778.0
195,196,68,1,1,0,1.0,881.0
195,196,69,2,1,1,1.0,624.0
195,196,70,3,0,0,1.0,514.0
195,196,71,0,0,1,1.0,1118.0
195,196,72,0,0,0,1.0,642.0
195,196,73,3,1,0,0.0,519.0
195,196,74,3,0,1,1.0,863.0
195,196,75,2,1,1,1.0,557.0
195,196,76,1,1,1,1.0,553.0
195,196,77,1,1,1,1.0,626.0
195,196,78,0,0,1,1.0,759.0
195,196,79,2,1,1,1.0,696.0
195,196,80,3,0,1,1.0,701.0
195,196,81,1,1,1,1.0,802.0
195,196,82,2,1,1,1.0,937.0
195,196,83,1,1,1,1.0,656.0
195,196,84,2,1,0,1.0,587.0
195,196,85,0,0,1,1.0,1230.0
195,196,86,3,0,1,1.0,1069.0
195,196,87,0,0,1,1.0,761.0
195,196,88,3,0,1,1.0,582.0
195,196,89,0,0,1,1.0,739.0
195,196,90,1,1,1,1.0,916.0
195,196,91,3,0,1,1.0,1064.0
195,196,92,2,1,1,1.0,596.0
195,196,93,2,1,1,1.0,673.0
195,196,94,1,1,1,1.0,1120.0
195,196,95,0,0,1,1.0,749.0
195,196,96,0,0,1,1.0,590.0
195,196,97,1,1,0,1.0,641.0
195,196,98,3,0,1,1.0,638.0
195,196,99,1,1,1,1.0,818.0
195,196,100,0,0,0,1.0,782.0
195,196,101,2,1,1,1.0,654.0
195,196,102,2,1,1,1.0,409.0
195,196,103,3,0,0,1.0,881.0
195,196,104,0,0,0,1.0,431.0
195,196,105,3,0,1,1.0,601.0
195,196,106,2,1,1,1.0,834.0
195,196,107,1,1,1,1.0,829.0
195,196,108,1,1,1,1.0,879.0
195,196,109,3,0,0,1.0,956.0
195,196,110,2,1,0,1.0,986.0
195,196,111,0,0,1,1.0,683.0
195,196,112,3,0,1,1.0,814.0
195,196,113,0,0,1,1.0,740.0
195,196,114,1,1,1,1.0,705.0
195,196,115,3,0,1,1.0,629.0
195,196,116,2,1,1,1.0,699.0
195,196,117,0,0,1,1.0,559.0
195,196,118,2,1,1,1.0,574.0
195,196,119,1,1,1,1.0,594.0
196,197,0,1,1,0,0.0,2768.0
196,197,1,2,0,1,1.0,928.0
196,197,2,3,1,0,1.0,1811.0
196,197,3,3,0,1,0.0,733.0
196,197,4,2,0,1,1.0,836.0
196,197,5,0,0,0,0.0,1321.0
196,197,6,1,1,0,0.0,781.0
196,197,7,0,0,0,0.0,604.0
196,197,8,1,1,0,0.0,905.0
196,197,9,3,0,0,0.0,431.0
196,197,10,1,0,1,1.0,672.0
196,197,11,2,1,0,0.0,1175.0
196,197,12,0,0,0,0.0,1098.0
196,197,13,3,0,0,0.0,2775.0
196,197,14,0,1,0,1.0,1001.0
196,197,15,2,0,1,1.0,643.0
196,197,16,1,0,1,1.0,628.0
196,197,17,3,0,0,0.0,886.0
196,197,18,1,0,0,1.0,2850.0
196,197,19,2,0,0,1.0,1410.0
196,197,20,0,1,1,1.0,1139.0
196,197,21,3,0,0,0.0,628.0
196,197,22,0,1,1,1.0,904.0
196,197,23,2,0,1,1.0,1252.0
196,197,24,1,0,1,1.0,1856.0
196,197,25,0,1,1,1.0,899.0
196,197,26,1,0,1,1.0,1049.0
196,197,27,3,0,1,0.0,1139.0
196,197,28,0,1,1,1.0,1176.0
196,197,29,3,0,0,0.0,1242.0
196,197,30,2,1,0,0.0,463.0
196,197,31,2,0,0,1.0,800.0
196,197,32,2,0,1,1.0,2333.0
196,197,33,3,0,0,0.0,1616.0
196,197,34,0,1,1,1.0,1613.0
196,197,35,3,0,0,0.0,904.0
196,197,36,1,1,0,0.0,1474.0
196,197,37,0,1,1,1.0,1631.0
196,197,38,2,1,0,0.0,1488.0
196,197,39,1,0,1,1.0,1106.0
196,197,40,1,0,1,1.0,656.0
196,197,41,3,0,0,0.0,1658.0
196,197,42,0,0,1,0.0,2467.0
196,197,43,2,1,0,0.0,1017.0
196,197,44,1,0,0,1.0,1222.0
196,197,45,3,0,0,0.0,970.0
196,197,46,0,0,0,0.0,1952.0
196,197,47,2,1,0,0.0,1836.0
196,197,48,3,1,1,1.0,1924.0
196,197,49,3,1,1,1.0,673.0
196,197,50,0,0,0,0.0,1291.0
196,197,51,2,1,0,0.0,1588.0
196,197,52,2,1,0,0.0,2751.0
196,197,53,0,0,0,0.0,2547.0
196,197,54,1,0,1,1.0,968.0
196,197,55,1,0,0,1.0,687.0
196,197,56,3,0,1,0.0,1305.0
196,197,57,2,0,1,1.0,2051.0
196,197,58,0,1,1,1.0,1325.0
196,197,59,3,1,1,1.0,1300.0
196,197,60,1,0,1,1.0,3522.0
196,197,61,2,1,1,0.0,1171.0
196,197,62,0,1,0,1.0,4649.0
196,197,63,1,1,1,0.0,1544.0
196,197,64,3,1,1,1.0,1460.0
196,197,65,0,1,1,1.0,972.0
196,197,66,1,1,0,0.0,720.0
196,197,67,0,1,1,1.0,818.0
196,197,68,1,1,0,0.0,443.0
196,197,69,2,1,0,0.0,364.0
196,197,70,3,1,1,1.0,369.0
196,197,71,2,1,0,0.0,1696.0
196,197,72,0,0,0,0.0,2011.0
196,197,73,1,1,0,0.0,1509.0
196,197,74,2,1,0,0.0,678.0
196,197,75,3,1,1,1.0,899.0
196,197,76,3,1,0,1.0,664.0
196,197,77,1,0,1,1.0,1093.0
196,197,78,0,0,1,0.0,879.0
196,197,79,2,1,0,0.0,1138.0
196,197,80,1,0,1,1.0,622.0
196,197,81,2,0,1,1.0,577.0
196,197,82,1,0,1,1.0,1368.0
196,197,83,2,0,1,1.0,1015.0
196,197,84,0,0,1,0.0,444.0
196,197,85,3,0,0,0.0,839.0
196,197,86,0,1,0,1.0,1093.0
196,197,87,3,1,1,1.0,1067.0
196,197,88,0,1,1,1.0,847.0
196,197,89,0,1,1,1.0,1050.0
196,197,90,1,1,0,0.0,777.0
196,197,91,2,1,0,0.0,735.0
196,197,92,3,1,1,1.0,1281.0
196,197,93,3,1,1,1.0,874.0
196,197,94,1,1,0,0.0,1347.0
196,197,95,2,1,1,0.0,835.0
196,197,96,2,1,0,0.0,883.0
196,197,97,0,1,1,1.0,722.0
196,197,98,0,1,1,1.0,670.0
196,197,99,3,1,1,1.0,664.0
196,197,100,2,1,0,0.0,719.0
196,197,101,1,1,1,0.0,452.0
196,197,102,1,1,0,0.0,699.0
196,197,103,3,1,0,1.0,988.0
196,197,104,0,1,1,1.0,622.0
196,197,105,3,1,1,1.0,1417.0
196,197,106,1,1,0,0.0,680.0
196,197,107,3,1,1,1.0,1461.0
196,197,108,2,1,0,0.0,813.0
196,197,109,2,0,0,1.0,767.0
196,197,110,1,0,1,1.0,1491.0
196,197,111,0,1,1,1.0,1417.0
196,197,112,2,0,1,1.0,774.0
196,197,113,3,1,1,1.0,2110.0
196,197,114,1,0,0,1.0,921.0
196,197,115,1,1,0,0.0,722.0
196,197,116,2,1,0,0.0,768.0
196,197,117,0,1,0,1.0,688.0
196,197,118,3,1,1,1.0,985.0
196,197,119,0,0,0,0.0,1638.0
197,198,0,2,0,0,0.0,1042.0
197,198,1,0,1,0,0.0,1084.0
197,198,2,1,0,0,1.0,826.0
197,198,3,0,0,1,1.0,1894.0
197,198,4,3,1,1,1.0,1030.0
197,198,5,2,1,1,1.0,1112.0
197,198,6,3,1,1,1.0,1608.0
197,198,7,1,1,0,0.0,1407.0
197,198,8,0,1,0,0.0,830.0
197,198,9,1,0,1,1.0,1614.0
197,198,10,3,1,1,1.0,1146.0
197,198,11,0,0,1,1.0,1154.0
197,198,12,1,0,1,1.0,2245.0
197,198,13,3,1,0,1.0,691.0
197,198,14,2,1,0,1.0,1430.0
197,198,15,2,0,0,0.0,947.0
197,198,16,0,0,1,1.0,1328.0
197,198,17,0,0,1,1.0,858.0
197,198,18,1,0,1,1.0,1072.0
197,198,19,3,1,1,1.0,1297.0
197,198,20,2,0,0,0.0,1057.0
197,198,21,2,1,1,1.0,876.0
197,198,22,1,0,1,1.0,1399.0
197,198,23,3,1,1,1.0,996.0
197,198,24,3,1,0,1.0,684.0
197,198,25,0,0,1,1.0,1002.0
197,198,26,1,0,1,1.0,1166.0
197,198,27,2,1,1,1.0,1066.0
197,198,28,1,0,0,1.0,1016.0
197,198,29,2,1,1,1.0,946.0
197,198,30,3,1,1,1.0,1094.0
197,198,31,0,0,1,1.0,1897.0
197,198,32,0,0,0,1.0,1185.0
197,198,33,3,1,1,1.0,935.0
197,198,34,1,0,1,1.0,1100.0
197,198,35,3,1,1,1.0,693.0
197,198,36,2,1,1,1.0,1606.0
197,198,37,2,1,0,1.0,681.0
197,198,38,0,0,1,1.0,1112.0
197,198,39,1,0,1,1.0,2305.0
197,198,40,3,1,1,1.0,813.0
197,198,41,1,1,0,0.0,838.0
197,198,42,1,0,1,1.0,1251.0
197,198,43,0,0,1,1.0,1494.0
197,198,44,2,1,1,1.0,787.0
197,198,45,0,0,1,1.0,822.0
197,198,46,3,1,1,1.0,778.0
197,198,47,2,1,1,1.0,1422.0
197,198,48,1,0,1,1.0,1382.0
197,198,49,2,1,1,1.0,848.0
197,198,50,3,1,0,1.0,920.0
197,198,51,1,0,1,1.0,1158.0
197,198,52,0,0,1,1.0,1292.0
197,198,53,0,0,1,1.0,542.0
197,198,54,3,1,1,1.0,732.0
197,198,55,2,1,0,1.0,977.0
197,198,56,3,1,0,1.0,1463.0
197,198,57,0,0,0,1.0,942.0
197,198,58,1,0,0,1.0,836.0
197,198,59,2,1,1,1.0,2270.0
197,198,60,2,1,1,1.0,962.0
197,198,61,3,1,1,1.0,1253.0
197,198,62,0,0,1,1.0,1017.0
197,198,63,1,0,1,1.0,1303.0
197,198,64,2,1,1,1.0,953.0
197,198,65,1,0,1,1.0,933.0
197,198,66,0,0,1,1.0,1542.0
197,198,67,0,0,1,1.0,618.0
197,198,68,3,1,1,1.0,823.0
197,198,69,2,1,1,1.0,1267.0
197,198,70,1,0,1,1.0,809.0
197,198,71,3,1,1,1.0,767.0
197,198,72,2,1,1,1.0,1051.0
197,198,73,0,0,0,1.0,1029.0
197,198,74,3,1,1,1.0,1157.0
197,198,75,1,0,1,1.0,939.0
197,198,76,1,0,0,1.0,762.0
197,198,77,2,1,0,1.0,1310.0
197,198,78,3,1,0,1.0,1163.0
197,198,79,0,0,1,1.0,1155.0
197,198,80,2,1,1,1.0,1457.0
197,198,81,0,0,1,1.0,1192.0
197,198,82,2,1,1,1.0,1035.0
197,198,83,0,0,1,1.0,935.0
197,198,84,3,1,1,1.0,863.0
197,198,85,1,0,1,1.0,1207.0
197,198,86,3,1,1,1.0,960.0
197,198,87,1,0,0,1.0,773.0
197,198,88,3,1,1,1.0,831.0
197,198,89,1,0,1,1.0,1180.0
197,198,90,0,0,0,1.0,744.0
197,198,91,0,1,1,0.0,1219.0
197,198,92,2,1,1,1.0,1249.0
197,198,93,1,0,1,1.0,985.0
197,198,94,2,1,1,1.0,1927.0
197,198,95,3,1,1,1.0,821.0
197,198,96,3,1,1,1.0,564.0
197,198,97,3,1,0,1.0,703.0
197,198,98,0,0,1,1.0,1021.0
197,198,99,1,0,1,1.0,736.0
197,198,100,0,0,1,1.0,523.0
197,198,101,2,1,1,1.0,1013.0
197,198,102,1,0,1,1.0,1034.0
197,198,103,2,1,0,1.0,1087.0
197,198,104,3,1,1,1.0,688.0
197,198,105,0,0,1,1.0,1008.0
197,198,106,1,0,1,1.0,732.0
197,198,107,2,1,1,1.0,1014.0
197,198,108,0,0,1,1.0,1623.0
197,198,109,2,1,1,1.0,883.0
197,198,110,3,1,1,1.0,967.0
197,198,111,1,0,1,1.0,676.0
197,198,112,3,1,1,1.0,738.0
197,198,113,0,0,1,1.0,1192.0
197,198,114,2,1,1,1.0,1032.0
197,198,115,0,0,0,1.0,857.0
197,198,116,2,1,1,1.0,922.0
197,198,117,1,0,1,1.0,778.0
197,198,118,1,0,1,1.0,812.0
197,198,119,3,1,1,1.0,1061.0
198,199,0,3,0,1,0.0,5345.0
198,199,1,1,1,0,1.0,1169.0
198,199,2,0,0,0,1.0,423.0
198,199,3,0,1,0,0.0,558.0
198,199,4,2,0,0,1.0,1797.0
198,199,5,1,1,1,1.0,792.0
198,199,6,2,1,0,0.0,627.0
198,199,7,3,0,0,0.0,639.0
198,199,8,0,1,0,0.0,819.0
198,199,9,3,0,0,0.0,357.0
198,199,10,3,1,1,1.0,198.0
198,199,11,0,0,1,1.0,2028.0
198,199,12,1,0,1,0.0,647.0
198,199,13,1,1,1,1.0,712.0
198,199,14,2,1,0,0.0,2675.0
198,199,15,2,0,1,1.0,307.0
198,199,16,0,0,1,1.0,458.0
198,199,17,1,0,0,0.0,602.0
198,199,18,2,1,1,0.0,383.0
198,199,19,3,0,0,0.0,1016.0
198,199,20,0,1,1,0.0,691.0
198,199,21,3,1,1,1.0,2893.0
198,199,22,2,1,0,0.0,1212.0
198,199,23,1,0,0,0.0,382.0
198,199,24,3,1,0,1.0,331.0
198,199,25,1,0,0,0.0,2840.0
198,199,26,3,1,1,1.0,2464.0
198,199,27,2,0,1,1.0,1071.0
198,199,28,0,0,1,1.0,1351.0
198,199,29,0,1,0,0.0,974.0
198,199,30,1,0,0,0.0,426.0
198,199,31,2,1,0,0.0,610.0
198,199,32,3,0,0,0.0,1136.0
198,199,33,2,1,0,0.0,537.0
198,199,34,0,1,0,0.0,77.0
198,199,35,3,0,0,0.0,319.0
198,199,36,1,1,1,1.0,389.0
198,199,37,1,1,1,1.0,672.0
198,199,38,0,1,1,0.0,1003.0
198,199,39,2,1,1,0.0,1263.0
198,199,40,1,1,1,1.0,718.0
198,199,41,0,1,0,0.0,914.0
198,199,42,1,0,1,0.0,4926.0
198,199,43,3,0,1,0.0,2902.0
198,199,44,0,1,0,0.0,1007.0
198,199,45,2,0,1,1.0,304.0
198,199,46,2,1,0,0.0,643.0
198,199,47,3,0,0,0.0,69.0
198,199,48,1,1,1,1.0,405.0
198,199,49,0,0,1,1.0,1271.0
198,199,50,2,1,0,0.0,2428.0
198,199,51,1,1,1,1.0,298.0
198,199,52,0,1,0,0.0,1115.0
198,199,53,3,0,0,0.0,975.0
198,199,54,2,1,0,0.0,1128.0
198,199,55,3,0,0,0.0,1336.0
198,199,56,3,1,1,1.0,1223.0
198,199,57,0,1,0,0.0,590.0
198,199,58,1,0,0,0.0,437.0
198,199,59,0,0,0,1.0,2262.0
198,199,60,2,1,0,0.0,608.0
198,199,61,2,0,1,1.0,1734.0
198,199,62,3,0,0,0.0,443.0
198,199,63,1,1,0,1.0,3706.0
198,199,64,3,0,0,0.0,818.0
198,199,65,0,0,1,1.0,822.0
198,199,66,1,1,1,1.0,2645.0
198,199,67,1,1,1,1.0,430.0
198,199,68,3,1,1,1.0,37.0
198,199,69,2,0,1,1.0,833.0
198,199,70,2,1,0,0.0,566.0
198,199,71,0,0,1,1.0,278.0
198,199,72,3,1,0,1.0,994.0
198,199,73,2,0,0,1.0,493.0
198,199,74,0,1,1,0.0,5983.0
198,199,75,1,0,0,0.0,2685.0
198,199,76,1,1,0,1.0,3107.0
198,199,77,3,0,0,0.0,640.0
198,199,78,0,1,0,0.0,1661.0
198,199,79,2,0,1,1.0,68.0
198,199,80,0,1,0,0.0,972.0
198,199,81,0,0,1,1.0,389.0
198,199,82,2,1,1,0.0,1848.0
198,199,83,1,1,1,1.0,476.0
198,199,84,1,1,1,1.0,1834.0
198,199,85,2,1,0,0.0,361.0
198,199,86,3,0,1,0.0,372.0
198,199,87,3,0,0,0.0,595.0
198,199,88,3,1,1,1.0,698.0
198,199,89,1,1,1,1.0,56.0
198,199,90,0,1,0,0.0,854.0
198,199,91,0,1,1,0.0,7767.0
198,199,92,2,0,1,1.0,1135.0
198,199,93,2,0,1,1.0,1064.0
198,199,94,3,1,1,1.0,5211.0
198,199,95,1,1,1,1.0,286.0
198,199,96,0,1,0,0.0,350.0
198,199,98,1,0,0,0.0,358.0
198,199,99,1,1,1,1.0,739.0
198,199,100,2,1,0,0.0,7139.0
198,199,101,3,0,1,0.0,360.0
198,199,102,3,0,0,0.0,3431.0
198,199,103,0,1,0,0.0,531.0
198,199,104,2,0,1,1.0,904.0
198,199,105,3,1,1,1.0,648.0
198,199,106,1,1,1,1.0,931.0
198,199,107,3,1,1,1.0,825.0
198,199,108,2,1,0,0.0,710.0
198,199,109,0,1,0,0.0,984.0
198,199,110,0,1,0,0.0,654.0
198,199,111,1,1,0,1.0,1503.0
198,199,112,2,1,1,0.0,732.0
198,199,113,3,1,1,1.0,714.0
198,199,114,1,1,1,1.0,2266.0
198,199,115,0,0,1,1.0,474.0
198,199,116,3,1,0,1.0,328.0
198,199,117,1,0,0,0.0,483.0
198,199,118,2,1,0,0.0,531.0
198,199,119,0,0,0,1.0,778.0
199,200,0,0,0,1,1.0,1416.0
199,200,1,1,0,1,0.0,545.0
199,200,2,3,0,1,1.0,1032.0
199,200,3,2,0,0,0.0,533.0
199,200,4,3,0,1,1.0,813.0
199,200,5,0,0,1,1.0,666.0
199,200,6,2,1,1,1.0,887.0
199,200,7,1,0,0,0.0,474.0
199,200,8,1,0,0,0.0,910.0
199,200,9,2,1,1,1.0,615.0
199,200,10,3,0,0,1.0,563.0
199,200,11,3,0,1,1.0,445.0
199,200,12,0,0,1,1.0,1178.0
199,200,13,0,0,1,1.0,552.0
199,200,14,2,1,1,1.0,790.0
199,200,15,1,1,0,1.0,367.0
199,200,16,2,1,1,1.0,610.0
199,200,17,3,0,1,1.0,1124.0
199,200,18,0,0,1,1.0,518.0
199,200,19,1,1,1,1.0,504.0
199,200,20,0,0,1,1.0,463.0
199,200,21,3,0,1,1.0,436.0
199,200,22,1,1,1,1.0,637.0
199,200,23,2,1,1,1.0,370.0
199,200,24,3,0,1,1.0,448.0
199,200,25,1,1,1,1.0,481.0
199,200,26,2,1,1,1.0,698.0
199,200,27,0,0,0,1.0,404.0
199,200,28,1,1,1,1.0,786.0
199,200,29,0,0,1,1.0,542.0
199,200,30,3,0,0,1.0,531.0
199,200,31,2,1,0,1.0,523.0
199,200,32,2,1,1,1.0,1285.0
199,200,33,3,0,1,1.0,589.0
199,200,34,3,0,1,1.0,456.0
199,200,35,1,1,1,1.0,916.0
199,200,36,2,1,1,1.0,444.0
199,200,37,0,0,1,1.0,675.0
199,200,38,1,1,1,1.0,809.0
199,200,39,0,0,1,1.0,841.0
199,200,40,1,0,0,0.0,862.0
199,200,41,3,0,0,1.0,548.0
199,200,42,1,1,1,1.0,636.0
199,200,43,3,0,1,1.0,673.0
199,200,44,2,1,0,1.0,383.0
199,200,45,0,0,1,1.0,582.0
199,200,46,0,0,0,1.0,798.0
199,200,47,2,1,1,1.0,606.0
199,200,48,3,0,1,1.0,522.0
199,200,49,0,0,1,1.0,446.0
199,200,50,3,0,1,1.0,771.0
199,200,51,2,1,1,1.0,631.0
199,200,52,1,1,0,1.0,1188.0
199,200,53,1,1,1,1.0,388.0
199,200,54,2,1,1,1.0,785.0
199,200,55,0,0,1,1.0,585.0
199,200,56,1,1,1,1.0,624.0
199,200,57,2,1,1,1.0,680.0
199,200,58,1,1,1,1.0,761.0
199,200,59,0,0,1,1.0,577.0
199,200,60,2,1,0,1.0,673.0
199,200,61,0,0,1,1.0,744.0
199,200,62,3,0,1,1.0,846.0
199,200,63,3,0,1,1.0,1023.0
199,200,64,3,0,0,1.0,1169.0
199,200,65,2,1,1,1.0,1299.0
199,200,66,1,1,1,1.0,1260.0
199,200,67,0,0,0,1.0,2275.0
199,200,68,1,1,0,1.0,630.0
199,200,69,2,1,1,1.0,471.0
199,200,70,3,0,1,1.0,451.0
199,200,71,0,0,1,1.0,1141.0
199,200,72,0,0,1,1.0,731.0
199,200,73,3,0,1,1.0,605.0
199,200,74,3,0,1,1.0,1111.0
199,200,75,2,1,1,1.0,764.0
199,200,76,1,1,1,1.0,943.0
199,200,77,1,1,0,1.0,661.0
199,200,78,0,0,1,1.0,751.0
199,200,79,2,1,1,1.0,1600.0
199,200,80,3,0,1,1.0,787.0
199,200,81,1,1,1,1.0,558.0
199,200,82,2,1,1,1.0,695.0
199,200,83,1,1,1,1.0,422.0
199,200,84,2,1,0,1.0,504.0
199,200,85,0,0,1,1.0,599.0
199,200,86,3,0,1,1.0,624.0
199,200,87,0,0,1,1.0,620.0
199,200,88,3,0,1,1.0,753.0
199,200,89,0,0,1,1.0,551.0
199,200,90,1,1,1,1.0,779.0
199,200,91,3,0,0,1.0,593.0
199,200,92,2,1,1,1.0,735.0
199,200,93,2,1,1,1.0,641.0
199,200,94,1,1,1,1.0,1315.0
199,200,95,0,0,0,1.0,1223.0
199,200,96,0,0,0,1.0,500.0
199,200,97,1,1,1,1.0,661.0
199,200,98,3,0,1,1.0,536.0
199,200,99,1,1,1,1.0,625.0
199,200,100,0,0,1,1.0,1815.0
199,200,101,2,1,1,1.0,607.0
199,200,102,2,1,1,1.0,607.0
199,200,103,3,0,0,1.0,573.0
199,200,104,0,0,1,1.0,528.0
199,200,105,3,0,1,1.0,582.0
199,200,106,2,1,1,1.0,863.0
199,200,107,1,1,0,1.0,342.0
199,200,108,1,1,1,1.0,612.0
199,200,109,3,0,1,1.0,505.0
199,200,110,2,1,0,1.0,575.0
199,200,111,0,0,1,1.0,471.0
199,200,112,3,0,1,1.0,589.0
199,200,113,0,0,1,1.0,595.0
199,200,114,1,1,1,1.0,1266.0
199,200,115,3,0,1,1.0,996.0
199,200,116,2,1,1,1.0,625.0
199,200,117,0,0,1,1.0,1514.0
199,200,118,2,1,1,1.0,646.0
199,200,119,1,0,0,0.0,1300.0
200,201,0,1,1,0,0.0,3358.0
200,201,1,2,0,1,1.0,1895.0
200,201,2,3,1,0,1.0,1680.0
200,201,3,3,0,1,0.0,1233.0
200,201,4,2,0,1,1.0,1109.0
200,201,5,0,1,0,1.0,980.0
200,201,6,1,1,0,0.0,1285.0
200,201,7,0,1,1,1.0,2032.0
200,201,8,1,0,1,1.0,1547.0
200,201,9,3,1,1,1.0,1656.0
200,201,10,1,0,1,1.0,1070.0
200,201,11,2,0,1,1.0,783.0
200,201,12,0,1,1,1.0,886.0
200,201,13,3,1,1,1.0,1217.0
200,201,14,0,1,1,1.0,1405.0
200,201,15,2,0,0,1.0,1191.0
200,201,16,1,0,0,1.0,3721.0
200,201,17,3,1,1,1.0,2005.0
200,201,18,1,0,1,1.0,766.0
200,201,19,2,0,1,1.0,2167.0
200,201,20,0,1,1,1.0,652.0
200,201,21,3,1,1,1.0,1056.0
200,201,22,0,1,1,1.0,807.0
200,201,23,2,0,0,1.0,780.0
200,201,24,1,0,1,1.0,1635.0
200,201,25,0,1,1,1.0,709.0
200,201,26,1,0,1,1.0,1555.0
200,201,27,3,1,1,1.0,861.0
200,201,28,0,1,1,1.0,390.0
200,201,29,3,1,1,1.0,1572.0
200,201,30,2,0,1,1.0,797.0
200,201,31,2,0,1,1.0,803.0
200,201,32,2,0,1,1.0,3136.0
200,201,33,3,1,0,1.0,3061.0
200,201,34,0,1,0,1.0,510.0
200,201,35,3,1,1,1.0,903.0
200,201,36,1,0,1,1.0,718.0
200,201,37,0,1,1,1.0,820.0
200,201,38,2,0,1,1.0,665.0
200,201,39,1,0,0,1.0,776.0
200,201,40,1,0,1,1.0,730.0
200,201,41,3,1,1,1.0,361.0
200,201,42,0,1,1,1.0,612.0
200,201,43,2,0,0,1.0,457.0
200,201,44,1,0,0,1.0,814.0
200,201,45,3,1,1,1.0,708.0
200,201,46,0,1,0,1.0,486.0
200,201,47,2,0,1,1.0,558.0
200,201,48,3,1,1,1.0,729.0
200,201,49,3,1,0,1.0,745.0
200,201,50,0,1,1,1.0,768.0
200,201,51,2,0,1,1.0,797.0
200,201,52,2,0,1,1.0,452.0
200,201,53,0,1,1,1.0,855.0
200,201,54,1,0,1,1.0,602.0
200,201,55,1,0,1,1.0,499.0
200,201,56,3,1,1,1.0,893.0
200,201,57,2,0,1,1.0,799.0
200,201,58,0,1,1,1.0,902.0
200,201,59,3,1,1,1.0,814.0
200,201,60,1,0,1,1.0,865.0
200,201,61,2,0,1,1.0,668.0
200,201,62,0,1,1,1.0,889.0
200,201,63,1,0,1,1.0,1832.0
200,201,64,3,1,1,1.0,943.0
200,201,65,0,1,1,1.0,899.0
200,201,66,1,0,1,1.0,703.0
200,201,67,0,1,1,1.0,698.0
200,201,68,1,0,0,1.0,939.0
200,201,69,2,0,1,1.0,797.0
200,201,70,3,1,1,1.0,523.0
200,201,71,2,0,1,1.0,861.0
200,201,72,0,1,0,1.0,644.0
200,201,73,1,0,1,1.0,792.0
200,201,74,2,0,0,1.0,1038.0
200,201,75,3,1,0,1.0,677.0
200,201,76,3,1,1,1.0,804.0
200,201,77,1,0,1,1.0,519.0
200,201,78,0,1,1,1.0,1121.0
200,201,79,2,0,1,1.0,772.0
200,201,80,1,0,1,1.0,440.0
200,201,81,2,0,0,1.0,728.0
200,201,82,1,0,1,1.0,734.0
200,201,83,2,0,1,1.0,491.0
200,201,84,0,1,1,1.0,687.0
200,201,85,3,1,1,1.0,666.0
200,201,86,0,1,0,1.0,764.0
200,201,87,3,1,1,1.0,834.0
200,201,88,0,1,1,1.0,946.0
200,201,89,0,1,1,1.0,723.0
200,201,90,1,0,0,1.0,687.0
200,201,91,2,0,1,1.0,560.0
200,201,92,3,1,1,1.0,780.0
200,201,93,3,1,1,1.0,469.0
200,201,94,1,0,1,1.0,1849.0
200,201,95,2,0,1,1.0,614.0
200,201,96,2,0,1,1.0,425.0
200,201,97,0,1,0,1.0,719.0
200,201,98,0,1,1,1.0,787.0
200,201,99,3,1,0,1.0,842.0
200,201,100,2,0,1,1.0,708.0
200,201,101,1,0,1,1.0,803.0
200,201,102,1,0,1,1.0,558.0
200,201,103,3,0,0,0.0,967.0
200,201,104,0,1,1,1.0,818.0
200,201,105,3,1,0,1.0,512.0
200,201,106,1,0,1,1.0,710.0
200,201,107,3,1,1,1.0,977.0
200,201,108,2,0,1,1.0,778.0
200,201,109,2,0,1,1.0,644.0
200,201,110,1,0,1,1.0,2007.0
200,201,111,0,1,1,1.0,808.0
200,201,112,2,0,0,1.0,708.0
200,201,113,3,1,1,1.0,779.0
200,201,114,1,0,1,1.0,914.0
200,201,115,1,0,1,1.0,682.0
200,201,116,2,0,1,1.0,780.0
200,201,117,0,1,1,1.0,774.0
200,201,118,3,1,1,1.0,648.0
200,201,119,0,1,1,1.0,654.0
201,202,0,2,0,0,0.0,6985.0
201,202,1,0,0,1,1.0,3178.0
201,202,2,1,1,0,0.0,1948.0
201,202,3,0,0,1,1.0,929.0
201,202,4,3,1,1,1.0,1662.0
201,202,5,2,1,1,1.0,3392.0
201,202,6,3,1,1,1.0,853.0
201,202,7,1,0,0,1.0,1520.0
201,202,8,0,0,1,1.0,1168.0
201,202,9,1,1,0,0.0,724.0
201,202,10,3,1,1,1.0,1019.0
201,202,11,0,0,1,1.0,761.0
201,202,12,1,1,0,0.0,1101.0
201,202,13,3,1,0,1.0,710.0
201,202,14,2,1,0,1.0,1085.0
201,202,15,2,0,0,0.0,1747.0
201,202,16,0,0,1,1.0,932.0
201,202,17,0,0,1,1.0,694.0
201,202,18,1,0,1,1.0,2253.0
201,202,19,3,1,1,1.0,1371.0
201,202,20,2,0,0,0.0,1377.0
201,202,21,2,0,1,0.0,680.0
201,202,22,1,1,1,0.0,2250.0
201,202,23,3,1,1,1.0,2316.0
201,202,24,3,1,0,1.0,623.0
201,202,25,0,0,0,1.0,788.0
201,202,26,1,1,1,0.0,1623.0
201,202,27,2,0,0,0.0,1347.0
201,202,28,1,0,1,1.0,1717.0
201,202,29,2,1,1,1.0,1476.0
201,202,30,3,1,1,1.0,1361.0
201,202,31,0,0,1,1.0,1119.0
201,202,32,0,0,1,1.0,2303.0
201,202,33,3,1,1,1.0,922.0
201,202,34,1,0,1,1.0,1097.0
201,202,35,3,1,1,1.0,841.0
201,202,36,2,1,1,1.0,2013.0
201,202,37,2,1,1,1.0,619.0
201,202,38,0,0,1,1.0,749.0
201,202,39,1,0,1,1.0,1644.0
201,202,40,3,1,1,1.0,923.0
201,202,41,1,0,1,1.0,1878.0
201,202,42,1,0,0,1.0,865.0
201,202,43,0,0,1,1.0,1390.0
201,202,44,2,1,1,1.0,2078.0
201,202,45,0,0,1,1.0,974.0
201,202,46,3,1,1,1.0,1343.0
201,202,47,2,0,1,0.0,2021.0
201,202,48,1,0,1,1.0,1086.0
201,202,49,2,1,0,1.0,1180.0
201,202,50,3,1,0,1.0,1152.0
201,202,51,1,0,1,1.0,2797.0
201,202,52,0,0,0,1.0,1198.0
201,202,53,0,0,1,1.0,1174.0
201,202,54,3,1,1,1.0,857.0
201,202,55,2,1,1,1.0,1119.0
201,202,56,3,1,0,1.0,892.0
201,202,57,0,0,1,1.0,736.0
201,202,58,1,0,1,1.0,1526.0
201,202,59,2,1,1,1.0,1230.0
201,202,60,2,0,0,0.0,1261.0
201,202,61,3,1,1,1.0,1467.0
201,202,62,0,0,1,1.0,1021.0
201,202,63,1,0,1,1.0,1921.0
201,202,64,2,1,1,1.0,1814.0
201,202,65,1,0,1,1.0,1584.0
201,202,66,0,0,0,1.0,960.0
201,202,67,0,0,1,1.0,506.0
201,202,68,3,1,1,1.0,890.0
201,202,69,2,1,0,1.0,2119.0
201,202,70,1,0,0,1.0,1755.0
201,202,71,3,1,1,1.0,1038.0
201,202,72,2,1,1,1.0,1502.0
201,202,73,0,0,1,1.0,807.0
201,202,74,3,1,1,1.0,858.0
201,202,75,1,0,1,1.0,882.0
201,202,76,1,0,1,1.0,564.0
201,202,77,2,1,1,1.0,1042.0
201,202,78,3,1,0,1.0,1277.0
201,202,79,0,0,1,1.0,624.0
201,202,80,2,1,1,1.0,1816.0
201,202,81,0,0,0,1.0,812.0
201,202,82,2,1,1,1.0,745.0
201,202,83,0,0,1,1.0,554.0
201,202,84,3,1,1,1.0,938.0
201,202,85,1,0,1,1.0,952.0
201,202,86,3,1,1,1.0,739.0
201,202,87,1,0,1,1.0,956.0
201,202,88,3,1,1,1.0,742.0
201,202,89,1,0,0,1.0,687.0
201,202,90,0,0,1,1.0,699.0
201,202,91,0,0,1,1.0,490.0
201,202,92,2,1,1,1.0,1371.0
201,202,93,1,0,1,1.0,815.0
201,202,94,2,1,0,1.0,1580.0
201,202,95,3,1,1,1.0,1317.0
201,202,96,3,1,1,1.0,935.0
201,202,97,3,0,0,0.0,808.0
201,202,98,0,0,1,1.0,647.0
201,202,99,1,0,0,1.0,1028.0
201,202,100,0,0,1,1.0,870.0
201,202,101,2,1,1,1.0,1090.0
201,202,102,1,0,1,1.0,747.0
201,202,103,2,1,1,1.0,1202.0
201,202,104,3,1,0,1.0,1191.0
201,202,105,0,0,0,1.0,647.0
201,202,106,1,0,1,1.0,1036.0
201,202,107,2,1,1,1.0,740.0
201,202,108,0,0,1,1.0,962.0
201,202,109,2,1,1,1.0,826.0
201,202,110,3,1,1,1.0,1151.0
201,202,111,1,0,1,1.0,655.0
201,202,112,3,1,1,1.0,730.0
201,202,113,0,0,1,1.0,708.0
201,202,114,2,1,1,1.0,971.0
201,202,115,0,0,0,1.0,492.0
201,202,116,2,1,0,1.0,560.0
201,202,117,1,0,1,1.0,756.0
201,202,118,1,0,1,1.0,607.0
201,202,119,3,1,1,1.0,1107.0
202,203,0,3,1,1,1.0,2991.0
202,203,1,1,0,1,0.0,2352.0
202,203,2,0,1,0,0.0,1469.0
202,203,3,0,0,0,1.0,977.0
202,203,4,2,1,0,0.0,1414.0
202,203,5,1,0,0,0.0,2281.0
202,203,6,2,0,0,1.0,2034.0
202,203,7,3,1,1,1.0,1946.0
202,203,8,0,0,1,1.0,3871.0
202,203,9,3,0,1,0.0,4511.0
202,203,10,3,0,0,0.0,1846.0
202,203,11,0,1,0,0.0,2243.0
202,203,12,1,0,0,0.0,1573.0
202,203,13,1,1,0,1.0,826.0
202,203,14,2,0,1,1.0,2074.0
202,203,15,2,0,1,1.0,1257.0
202,203,16,0,1,1,0.0,1858.0
202,203,17,1,0,0,0.0,1849.0
202,203,18,2,0,1,1.0,2112.0
202,203,19,3,0,0,0.0,3216.0
202,203,20,0,0,1,1.0,1749.0
202,203,21,3,1,0,1.0,1647.0
202,203,22,2,0,1,1.0,2658.0
202,203,23,1,1,1,1.0,2467.0
202,203,24,3,0,0,0.0,3438.0
202,203,25,1,1,1,1.0,1303.0
202,203,26,3,0,0,0.0,2910.0
202,203,27,2,0,1,1.0,2315.0
202,203,28,0,1,0,0.0,2305.0
202,203,29,0,0,1,1.0,938.0
202,203,30,1,1,1,1.0,1593.0
202,203,31,2,0,0,1.0,3567.0
202,203,32,3,1,1,1.0,3460.0
202,203,33,2,1,0,0.0,1539.0
202,203,34,0,0,1,1.0,1484.0
202,203,35,3,0,0,0.0,1456.0
202,203,36,1,1,1,1.0,2468.0
202,203,37,1,1,1,1.0,1769.0
202,203,38,0,0,0,1.0,2206.0
202,203,39,2,0,1,1.0,1521.0
202,203,40,1,1,1,1.0,1459.0
202,203,41,0,0,1,1.0,4004.0
202,203,42,1,1,1,1.0,3424.0
202,203,43,3,0,1,0.0,2874.0
202,203,44,0,1,0,0.0,2680.0
202,203,45,2,0,1,1.0,1266.0
202,203,46,2,0,1,1.0,1020.0
202,203,47,3,0,0,0.0,2932.0
202,203,48,1,1,0,1.0,1231.0
202,203,49,0,1,1,0.0,4037.0
202,203,50,2,0,1,1.0,1159.0
202,203,51,1,1,1,1.0,1480.0
202,203,52,0,1,0,0.0,1812.0
202,203,53,3,1,1,1.0,3377.0
202,203,54,2,0,1,1.0,3670.0
202,203,55,3,1,1,1.0,3516.0
202,203,56,3,1,0,1.0,760.0
202,203,57,0,0,1,1.0,2717.0
202,203,58,1,1,1,1.0,2537.0
202,203,59,0,0,1,1.0,1461.0
202,203,60,2,1,1,0.0,1027.0
202,203,61,2,0,1,1.0,1344.0
202,203,62,3,1,1,1.0,1353.0
202,203,63,1,0,0,0.0,4647.0
202,203,64,3,0,0,0.0,2387.0
202,203,65,0,1,0,0.0,2621.0
202,203,66,1,0,1,0.0,4151.0
202,203,67,1,0,0,0.0,1176.0
202,203,68,3,1,1,1.0,2132.0
202,203,69,2,0,0,1.0,1548.0
202,203,70,2,0,1,1.0,1908.0
202,203,71,0,1,0,0.0,2387.0
202,203,72,3,1,1,1.0,1556.0
202,203,73,2,0,1,1.0,1323.0
202,203,74,0,1,0,0.0,2076.0
202,203,75,1,1,0,1.0,2375.0
202,203,76,1,0,0,0.0,693.0
202,203,77,3,1,1,1.0,1206.0
202,203,78,0,0,1,1.0,2996.0
202,203,79,2,0,0,1.0,1651.0
202,203,80,0,1,1,0.0,2135.0
202,203,81,0,1,0,0.0,1662.0
202,203,82,2,1,0,0.0,2277.0
202,203,83,1,0,0,0.0,939.0
202,203,84,1,1,1,1.0,1356.0
202,203,85,2,0,1,1.0,1919.0
202,203,86,3,1,1,1.0,2374.0
202,203,87,3,0,0,0.0,1212.0
202,203,88,3,1,0,1.0,696.0
202,203,89,1,1,1,1.0,2067.0
202,203,90,0,1,0,0.0,2215.0
202,203,91,0,0,0,1.0,986.0
202,203,92,2,1,0,0.0,1323.0
202,203,93,2,0,1,1.0,684.0
202,203,94,3,0,0,0.0,1834.0
202,203,95,1,1,1,1.0,613.0
202,203,96,0,1,0,0.0,1604.0
202,203,97,2,1,0,0.0,1779.0
202,203,98,1,1,1,1.0,1690.0
202,203,99,1,0,0,0.0,2021.0
202,203,100,2,0,1,1.0,2076.0
202,203,101,3,0,0,0.0,2154.0
202,203,102,3,1,1,1.0,709.0
202,203,103,0,0,1,1.0,1332.0
202,203,104,2,1,1,0.0,1303.0
202,203,105,3,0,0,0.0,1287.0
202,203,106,1,1,1,1.0,1165.0
202,203,107,3,0,1,0.0,1442.0
202,203,108,2,0,1,1.0,2288.0
202,203,109,0,1,1,0.0,1609.0
202,203,110,0,0,1,1.0,1567.0
202,203,111,1,1,1,1.0,1024.0
202,203,112,2,1,0,0.0,1106.0
202,203,113,3,1,1,1.0,1750.0
202,203,114,1,0,0,0.0,916.0
202,203,115,0,0,1,1.0,1686.0
202,203,116,3,1,1,1.0,1053.0
202,203,117,1,0,0,0.0,1195.0
202,203,118,2,0,1,1.0,1473.0
202,203,119,0,0,0,1.0,2937.0
203,204,0,2,0,0,0.0,3050.0
203,204,1,0,0,1,1.0,949.0
203,204,2,1,0,0,1.0,1339.0
203,204,3,0,0,1,1.0,1006.0
203,204,4,3,0,0,0.0,1195.0
203,204,5,2,0,0,0.0,1409.0
203,204,6,3,1,1,1.0,915.0
203,204,7,1,1,0,0.0,2213.0
203,204,8,0,0,1,1.0,830.0
203,204,9,1,1,0,0.0,1938.0
203,204,10,3,1,1,1.0,2218.0
203,204,11,0,0,1,1.0,582.0
203,204,12,1,0,1,1.0,1751.0
203,204,13,3,1,1,1.0,1067.0
203,204,14,2,1,1,1.0,733.0
203,204,15,2,1,0,1.0,741.0
203,204,16,0,0,1,1.0,589.0
203,204,17,0,0,1,1.0,648.0
203,204,18,1,1,0,0.0,1222.0
203,204,19,3,1,0,1.0,1593.0
203,204,20,2,1,1,1.0,1807.0
203,204,21,2,1,1,1.0,721.0
203,204,22,1,1,1,0.0,1046.0
203,204,23,3,1,1,1.0,1041.0
203,204,24,3,1,1,1.0,599.0
203,204,25,0,0,0,1.0,1648.0
203,204,26,1,1,1,0.0,1535.0
203,204,27,2,1,1,1.0,806.0
203,204,28,1,0,1,1.0,1499.0
203,204,29,2,1,1,1.0,795.0
203,204,30,3,1,0,1.0,1377.0
203,204,31,0,0,1,1.0,761.0
203,204,32,0,0,1,1.0,2029.0
203,204,33,3,1,1,1.0,625.0
203,204,34,1,0,1,1.0,497.0
203,204,35,3,1,1,1.0,872.0
203,204,36,2,1,0,1.0,1071.0
203,204,37,2,1,1,1.0,1000.0
203,204,38,0,0,1,1.0,555.0
203,204,39,1,0,1,1.0,825.0
203,204,40,3,1,1,1.0,872.0
203,204,41,1,0,1,1.0,785.0
203,204,42,1,0,0,1.0,757.0
203,204,43,0,0,1,1.0,695.0
203,204,44,2,1,1,1.0,885.0
203,204,45,0,0,1,1.0,765.0
203,204,46,3,1,1,1.0,1417.0
203,204,47,2,1,1,1.0,1041.0
203,204,48,1,0,1,1.0,2632.0
203,204,49,2,1,0,1.0,5067.0
203,204,50,3,1,1,1.0,928.0
203,204,51,1,1,0,0.0,2032.0
203,204,52,0,0,0,1.0,602.0
203,204,53,0,0,1,1.0,464.0
203,204,54,3,1,0,1.0,589.0
203,204,55,2,1,1,1.0,868.0
203,204,56,3,1,1,1.0,780.0
203,204,57,0,0,1,1.0,720.0
203,204,58,1,0,1,1.0,1263.0
203,204,59,2,1,1,1.0,1670.0
203,204,60,2,1,1,1.0,596.0
203,204,61,3,1,0,1.0,1555.0
203,204,62,0,0,1,1.0,399.0
203,204,63,1,0,1,1.0,1414.0
203,204,64,2,1,1,1.0,1141.0
203,204,65,1,0,1,1.0,640.0
203,204,66,0,0,0,1.0,506.0
203,204,67,0,0,1,1.0,504.0
203,204,68,3,0,0,0.0,1240.0
203,204,69,2,1,1,1.0,1064.0
203,204,70,1,0,1,1.0,625.0
203,204,71,3,1,1,1.0,571.0
203,204,72,2,1,0,1.0,469.0
203,204,73,0,0,1,1.0,487.0
203,204,74,3,1,1,1.0,823.0
203,204,75,1,0,0,1.0,964.0
203,204,76,1,0,1,1.0,532.0
203,204,77,2,1,1,1.0,865.0
203,204,78,3,0,0,0.0,1276.0
203,204,79,0,0,1,1.0,649.0
203,204,80,2,1,1,1.0,760.0
203,204,81,0,0,0,1.0,520.0
203,204,82,2,1,1,1.0,980.0
203,204,83,0,0,1,1.0,1004.0
203,204,84,3,1,1,1.0,1448.0
203,204,85,1,0,1,1.0,707.0
203,204,86,3,1,1,1.0,940.0
203,204,87,1,0,1,1.0,1166.0
203,204,88,3,1,0,1.0,870.0
203,204,89,1,0,1,1.0,508.0
203,204,90,0,0,1,1.0,495.0
203,204,91,0,0,1,1.0,505.0
203,204,92,2,0,0,0.0,1184.0
203,204,93,1,0,0,1.0,614.0
203,204,94,2,1,1,1.0,1335.0
203,204,95,3,1,1,1.0,1163.0
203,204,96,3,1,1,1.0,623.0
203,204,97,3,1,1,1.0,556.0
203,204,98,0,0,1,1.0,517.0
203,204,99,1,0,1,1.0,396.0
203,204,100,0,0,1,1.0,595.0
203,204,101,2,1,1,1.0,793.0
203,204,102,1,0,0,1.0,675.0
203,204,103,2,1,0,1.0,808.0
203,204,104,3,1,1,1.0,588.0
203,204,105,0,0,0,1.0,976.0
203,204,106,1,0,1,1.0,609.0
203,204,107,2,1,1,1.0,908.0
203,204,108,0,0,1,1.0,1203.0
203,204,109,2,1,1,1.0,1218.0
203,204,110,3,1,1,1.0,1530.0
203,204,111,1,0,1,1.0,715.0
203,204,112,3,1,0,1.0,1019.0
203,204,113,0,0,1,1.0,594.0
203,204,114,2,1,1,1.0,944.0
203,204,115,0,0,0,1.0,489.0
203,204,116,2,1,1,1.0,697.0
203,204,117,1,0,1,1.0,907.0
203,204,118,1,0,1,1.0,490.0
203,204,119,3,1,1,1.0,760.0
204,205,0,0,0,1,1.0,3284.0
204,205,1,1,1,0,1.0,918.0
204,205,2,3,0,1,1.0,895.0
204,205,3,2,1,1,1.0,862.0
204,205,4,3,0,1,1.0,1372.0
204,205,5,0,0,1,1.0,732.0
204,205,6,2,1,1,1.0,540.0
204,205,7,1,0,1,0.0,1461.0
204,205,8,1,0,0,0.0,631.0
204,205,9,2,0,0,0.0,1669.0
204,205,10,3,0,0,1.0,628.0
204,205,11,3,1,0,0.0,863.0
204,205,12,0,0,1,1.0,460.0
204,205,13,0,0,1,1.0,741.0
204,205,14,2,1,1,1.0,1361.0
204,205,15,1,0,0,0.0,416.0
204,205,16,2,1,1,1.0,937.0
204,205,17,3,0,1,1.0,1798.0
204,205,18,0,0,1,1.0,451.0
204,205,19,1,1,1,1.0,2242.0
204,205,20,0,0,1,1.0,451.0
204,205,21,3,1,0,0.0,1406.0
204,205,22,1,1,1,1.0,1071.0
204,205,23,2,1,1,1.0,796.0
204,205,24,3,0,1,1.0,697.0
204,205,25,1,1,1,1.0,1561.0
204,205,26,2,1,1,1.0,2029.0
204,205,27,0,0,0,1.0,721.0
204,205,28,1,1,1,1.0,1353.0
204,205,29,0,0,1,1.0,536.0
204,205,30,3,0,1,1.0,634.0
204,205,31,2,1,0,1.0,925.0
204,205,32,2,1,1,1.0,2665.0
204,205,33,3,0,1,1.0,787.0
204,205,34,3,0,0,1.0,620.0
204,205,35,1,0,0,0.0,1355.0
204,205,36,2,1,1,1.0,811.0
204,205,37,0,0,1,1.0,465.0
204,205,38,1,0,0,0.0,494.0
204,205,39,0,1,0,0.0,1145.0
204,205,40,1,0,1,0.0,718.0
204,205,41,3,1,0,0.0,660.0
204,205,42,1,1,1,1.0,1424.0
204,205,43,3,0,1,1.0,632.0
204,205,44,2,1,0,1.0,888.0
204,205,45,0,0,1,1.0,480.0
204,205,46,0,0,1,1.0,499.0
204,205,47,2,1,1,1.0,1023.0
204,205,48,3,0,1,1.0,681.0
204,205,49,0,0,0,1.0,649.0
204,205,50,3,0,0,1.0,1125.0
204,205,51,2,1,1,1.0,515.0
204,205,52,1,0,0,0.0,582.0
204,205,53,1,1,1,1.0,501.0
204,205,54,2,0,0,0.0,719.0
204,205,55,0,1,0,0.0,629.0
204,205,56,1,1,1,1.0,1502.0
204,205,57,2,1,1,1.0,1319.0
204,205,58,1,0,0,0.0,856.0
204,205,59,0,0,1,1.0,626.0
204,205,60,2,1,1,1.0,921.0
204,205,61,0,0,1,1.0,794.0
204,205,62,3,0,1,1.0,919.0
204,205,63,3,0,1,1.0,1336.0
204,205,64,3,0,1,1.0,579.0
204,205,65,2,1,0,1.0,901.0
204,205,66,1,0,0,0.0,497.0
204,205,67,0,0,1,1.0,754.0
204,205,68,1,1,0,1.0,2295.0
204,205,69,2,1,1,1.0,997.0
204,205,70,3,0,1,1.0,707.0
204,205,71,0,0,1,1.0,724.0
204,205,72,0,0,0,1.0,598.0
204,205,73,3,0,1,1.0,901.0
204,205,74,3,1,1,0.0,567.0
204,205,75,2,1,1,1.0,864.0
204,205,76,1,0,1,0.0,1008.0
204,205,77,1,1,1,1.0,964.0
204,205,78,0,0,1,1.0,738.0
204,205,79,2,1,1,1.0,820.0
204,205,80,3,0,0,1.0,815.0
204,205,81,1,0,0,0.0,1502.0
204,205,82,2,1,1,1.0,723.0
204,205,83,1,0,0,0.0,836.0
204,205,84,2,1,1,1.0,611.0
204,205,85,0,0,1,1.0,455.0
204,205,86,3,0,1,1.0,826.0
204,205,87,0,1,1,0.0,1094.0
204,205,88,3,1,0,0.0,1270.0
204,205,89,0,1,0,0.0,1024.0
204,205,90,1,1,1,1.0,1218.0
204,205,91,3,0,1,1.0,514.0
204,205,92,2,0,0,0.0,1273.0
204,205,93,2,0,1,0.0,1140.0
204,205,94,1,0,0,0.0,1195.0
204,205,95,0,0,1,1.0,1031.0
204,205,96,0,1,0,0.0,615.0
204,205,97,1,1,1,1.0,2265.0
204,205,98,3,0,1,1.0,924.0
204,205,99,1,1,1,1.0,1221.0
204,205,100,0,0,1,1.0,1035.0
204,205,101,2,1,0,1.0,853.0
204,205,102,2,0,0,0.0,687.0
204,205,103,3,0,1,1.0,1278.0
204,205,104,0,0,1,1.0,930.0
204,205,105,3,0,1,1.0,1277.0
204,205,106,2,1,1,1.0,809.0
204,205,107,1,1,0,1.0,2376.0
204,205,108,1,1,1,1.0,2607.0
204,205,109,3,0,1,1.0,1079.0
204,205,110,2,1,1,1.0,983.0
204,205,111,0,0,1,1.0,1144.0
204,205,112,3,0,0,1.0,1265.0
204,205,113,0,0,0,1.0,2432.0
204,205,114,1,1,0,1.0,862.0
204,205,115,3,0,1,1.0,1016.0
204,205,116,2,1,1,1.0,732.0
204,205,117,0,0,0,1.0,639.0
204,205,118,2,0,1,0.0,1202.0
204,205,119,1,0,0,0.0,2061.0
205,206,0,1,0,1,1.0,2710.0
205,206,1,2,1,0,0.0,1377.0
205,206,2,3,1,0,1.0,1156.0
205,206,3,3,0,1,0.0,982.0
205,206,4,2,0,1,1.0,1399.0
205,206,5,0,1,0,1.0,989.0
205,206,6,1,0,1,1.0,810.0
205,206,7,0,0,0,0.0,740.0
205,206,8,1,0,0,1.0,559.0
205,206,9,3,0,0,0.0,692.0
205,206,10,1,0,1,1.0,732.0
205,206,11,2,0,1,1.0,1990.0
205,206,12,0,0,0,0.0,1017.0
205,206,13,3,1,1,1.0,924.0
205,206,14,0,1,1,1.0,2199.0
205,206,15,2,0,1,1.0,829.0
205,206,16,1,0,1,1.0,869.0
205,206,17,3,1,1,1.0,1298.0
205,206,18,1,0,1,1.0,796.0
205,206,19,2,0,0,1.0,809.0
205,206,20,0,0,0,0.0,657.0
205,206,21,3,1,1,1.0,948.0
205,206,22,0,1,1,1.0,958.0
205,206,23,2,0,1,1.0,939.0
205,206,24,1,0,1,1.0,853.0
205,206,25,0,0,1,0.0,726.0
205,206,26,1,0,0,1.0,572.0
205,206,27,3,1,1,1.0,1077.0
205,206,28,0,0,0,0.0,928.0
205,206,29,3,1,1,1.0,1069.0
205,206,30,2,0,0,1.0,971.0
205,206,31,2,1,0,0.0,1233.0
205,206,32,2,0,1,1.0,815.0
205,206,33,3,1,1,1.0,913.0
205,206,34,0,1,1,1.0,906.0
205,206,35,3,1,0,1.0,852.0
205,206,36,1,0,1,1.0,647.0
205,206,37,0,0,0,0.0,689.0
205,206,38,2,0,1,1.0,701.0
205,206,39,1,0,0,1.0,749.0
205,206,40,1,0,1,1.0,460.0
205,206,41,3,1,1,1.0,993.0
205,206,42,0,0,0,0.0,1325.0
205,206,43,2,0,1,1.0,888.0
205,206,44,1,0,1,1.0,969.0
205,206,45,3,1,1,1.0,801.0
205,206,46,0,1,1,1.0,1059.0
205,206,47,2,0,1,1.0,1087.0
205,206,48,3,1,1,1.0,805.0
205,206,49,3,1,1,1.0,1276.0
205,206,50,0,1,1,1.0,815.0
205,206,51,2,0,0,1.0,964.0
205,206,52,2,1,0,0.0,1019.0
205,206,53,0,1,1,1.0,949.0
205,206,54,1,1,0,0.0,1903.0
205,206,55,1,0,1,1.0,751.0
205,206,56,3,1,0,1.0,874.0
205,206,57,2,0,1,1.0,1402.0
205,206,58,0,1,1,1.0,934.0
205,206,59,3,1,1,1.0,779.0
205,206,60,1,0,1,1.0,1271.0
205,206,61,2,0,1,1.0,982.0
205,206,62,0,1,0,1.0,1561.0
205,206,63,1,0,1,1.0,2232.0
205,206,64,3,1,1,1.0,1965.0
205,206,65,0,0,0,0.0,1034.0
205,206,66,1,0,0,1.0,1134.0
205,206,67,0,1,1,1.0,1178.0
205,206,68,1,0,1,1.0,1687.0
205,206,69,2,0,1,1.0,852.0
205,206,70,3,1,1,1.0,980.0
205,206,71,2,0,1,1.0,1107.0
205,206,72,0,1,1,1.0,1401.0
205,206,73,1,0,1,1.0,697.0
205,206,74,2,0,1,1.0,704.0
205,206,75,3,1,1,1.0,820.0
205,206,76,3,1,0,1.0,620.0
205,206,77,1,0,1,1.0,727.0
205,206,78,0,1,0,1.0,839.0
205,206,79,2,0,1,1.0,701.0
205,206,80,1,0,1,1.0,823.0
205,206,81,2,0,1,1.0,747.0
205,206,82,1,0,0,1.0,667.0
205,206,83,2,0,0,1.0,724.0
205,206,84,0,0,1,0.0,921.0
205,206,85,3,1,1,1.0,757.0
205,206,86,0,0,1,0.0,867.0
205,206,87,3,1,1,1.0,796.0
205,206,88,0,1,1,1.0,1157.0
205,206,89,0,1,1,1.0,762.0
205,206,90,1,0,1,1.0,1094.0
205,206,91,2,0,1,1.0,871.0
205,206,92,3,1,1,1.0,4108.0
205,206,93,3,1,1,1.0,1257.0
205,206,94,1,0,1,1.0,1231.0
205,206,95,2,0,0,1.0,596.0
205,206,96,2,0,1,1.0,527.0
205,206,97,0,0,0,0.0,640.0
205,206,98,0,1,1,1.0,737.0
205,206,99,3,1,1,1.0,1054.0
205,206,100,2,0,1,1.0,768.0
205,206,101,1,0,1,1.0,721.0
205,206,102,1,0,1,1.0,635.0
205,206,103,3,1,0,1.0,1486.0
205,206,104,0,1,1,1.0,1570.0
205,206,105,3,1,0,1.0,864.0
205,206,106,1,0,1,1.0,687.0
205,206,107,3,1,1,1.0,663.0
205,206,108,2,0,1,1.0,733.0
205,206,109,2,0,1,1.0,887.0
205,206,110,1,0,1,1.0,797.0
205,206,111,0,0,0,0.0,674.0
205,206,112,2,0,1,1.0,727.0
205,206,113,3,1,1,1.0,924.0
205,206,114,1,0,1,1.0,2434.0
205,206,115,1,0,0,1.0,749.0
205,206,116,2,0,1,1.0,595.0
205,206,117,0,0,0,0.0,766.0
205,206,118,3,1,1,1.0,703.0
205,206,119,0,1,1,1.0,1095.0
206,207,0,2,0,0,0.0,1219.0
206,207,1,0,0,1,1.0,2202.0
206,207,2,1,1,0,0.0,1877.0
206,207,3,0,0,1,1.0,1369.0
206,207,4,3,1,1,1.0,1379.0
206,207,5,2,0,0,0.0,2342.0
206,207,6,3,1,1,1.0,1416.0
206,207,7,1,0,0,1.0,1325.0
206,207,8,0,0,1,1.0,944.0
206,207,9,1,1,0,0.0,1349.0
206,207,10,3,1,1,1.0,925.0
206,207,11,0,0,1,1.0,624.0
206,207,12,1,0,1,1.0,528.0
206,207,13,3,1,0,1.0,1031.0
206,207,14,2,0,0,0.0,3286.0
206,207,15,2,1,1,1.0,552.0
206,207,16,0,0,1,1.0,1558.0
206,207,17,0,0,1,1.0,566.0
206,207,18,1,0,1,1.0,1328.0
206,207,19,3,1,1,1.0,852.0
206,207,20,2,1,0,1.0,662.0
206,207,21,2,0,1,0.0,730.0
206,207,22,1,0,1,1.0,575.0
206,207,23,3,1,1,1.0,807.0
206,207,24,3,1,0,1.0,846.0
206,207,25,0,0,0,1.0,572.0
206,207,26,1,0,1,1.0,643.0
206,207,27,2,0,0,0.0,3923.0
206,207,28,1,0,1,1.0,604.0
206,207,29,2,1,1,1.0,811.0
206,207,30,3,1,1,1.0,861.0
206,207,31,0,0,1,1.0,717.0
206,207,32,0,0,1,1.0,1499.0
206,207,33,3,1,1,1.0,1510.0
206,207,34,1,0,0,1.0,674.0
206,207,35,3,1,1,1.0,921.0
206,207,36,2,1,1,1.0,1039.0
206,207,37,2,1,1,1.0,876.0
206,207,38,0,0,1,1.0,1140.0
206,207,39,1,0,1,1.0,2262.0
206,207,40,3,1,1,1.0,853.0
206,207,41,1,1,0,0.0,668.0
206,207,42,1,0,1,1.0,523.0
206,207,43,0,0,1,1.0,829.0
206,207,44,2,1,1,1.0,882.0
206,207,45,0,0,1,1.0,684.0
206,207,46,3,1,1,1.0,1219.0
206,207,47,2,1,0,1.0,1204.0
206,207,48,1,0,1,1.0,575.0
206,207,49,2,1,1,1.0,1363.0
206,207,50,3,1,0,1.0,694.0
206,207,51,1,0,1,1.0,648.0
206,207,52,0,0,0,1.0,620.0
206,207,53,0,0,1,1.0,489.0
206,207,54,3,1,1,1.0,724.0
206,207,55,2,1,1,1.0,982.0
206,207,56,3,1,0,1.0,714.0
206,207,57,0,0,1,1.0,597.0
206,207,58,1,0,1,1.0,556.0
206,207,59,2,1,1,1.0,722.0
206,207,60,2,1,0,1.0,932.0
206,207,61,3,1,1,1.0,680.0
206,207,62,0,0,1,1.0,456.0
206,207,63,1,0,0,1.0,762.0
206,207,64,2,1,1,1.0,798.0
206,207,65,1,0,1,1.0,562.0
206,207,66,0,0,0,1.0,637.0
206,207,67,0,0,1,1.0,410.0
206,207,68,3,1,1,1.0,610.0
206,207,69,2,1,1,1.0,750.0
206,207,70,1,0,1,1.0,551.0
206,207,71,3,1,1,1.0,613.0
206,207,72,2,1,1,1.0,896.0
206,207,73,0,0,1,1.0,1097.0
206,207,74,3,1,1,1.0,652.0
206,207,75,1,0,1,1.0,651.0
206,207,76,1,0,1,1.0,437.0
206,207,77,2,1,1,1.0,983.0
206,207,78,3,1,0,1.0,903.0
206,207,79,0,0,1,1.0,566.0
206,207,80,2,1,1,1.0,692.0
206,207,81,0,0,0,1.0,1636.0
206,207,82,2,1,0,1.0,1121.0
206,207,83,0,0,1,1.0,575.0
206,207,84,3,1,1,1.0,712.0
206,207,85,1,0,0,1.0,546.0
206,207,86,3,1,1,1.0,685.0
206,207,87,1,0,1,1.0,359.0
206,207,88,3,1,1,1.0,2228.0
206,207,89,1,0,0,1.0,2019.0
206,207,90,0,0,1,1.0,1048.0
206,207,91,0,0,1,1.0,1619.0
206,207,92,2,1,1,1.0,1188.0
206,207,93,1,0,1,1.0,630.0
206,207,94,2,1,1,1.0,1457.0
206,207,95,3,1,1,1.0,696.0
206,207,96,3,1,1,1.0,634.0
206,207,97,3,1,0,1.0,491.0
206,207,98,0,0,1,1.0,879.0
206,207,99,1,0,1,1.0,598.0
206,207,100,0,0,1,1.0,1273.0
206,207,101,2,1,1,1.0,895.0
206,207,102,1,0,1,1.0,740.0
206,207,103,2,1,1,1.0,825.0
206,207,104,3,1,1,1.0,656.0
206,207,105,0,0,0,1.0,536.0
206,207,106,1,0,1,1.0,551.0
206,207,107,2,1,1,1.0,809.0
206,207,108,0,0,1,1.0,1369.0
206,207,109,2,1,0,1.0,1049.0
206,207,110,3,1,1,1.0,1090.0
206,207,111,1,0,1,1.0,448.0
206,207,112,3,1,1,1.0,795.0
206,207,113,0,0,1,1.0,742.0
206,207,114,2,1,1,1.0,889.0
206,207,115,0,0,0,1.0,1218.0
206,207,116,2,1,1,1.0,736.0
206,207,117,1,0,1,1.0,584.0
206,207,118,1,0,1,1.0,544.0
206,207,119,3,1,1,1.0,686.0
207,208,0,3,1,1,1.0,2264.0
207,208,1,1,0,1,0.0,1632.0
207,208,2,0,1,0,0.0,1237.0
207,208,3,0,0,0,1.0,1011.0
207,208,4,2,1,0,0.0,1987.0
207,208,5,1,0,0,0.0,2241.0
207,208,6,2,1,0,0.0,1685.0
207,208,7,3,1,1,1.0,1322.0
207,208,8,0,0,1,1.0,1332.0
207,208,9,3,1,0,1.0,1840.0
207,208,10,3,0,1,0.0,1150.0
207,208,11,0,1,0,0.0,1605.0
207,208,12,1,1,0,1.0,1241.0
207,208,13,1,0,0,0.0,927.0
207,208,14,2,0,0,1.0,1535.0
207,208,15,2,1,1,0.0,593.0
207,208,16,0,1,1,0.0,1521.0
207,208,17,1,0,0,0.0,2027.0
207,208,18,2,1,0,0.0,1278.0
207,208,19,3,1,1,1.0,1061.0
207,208,20,0,1,0,0.0,1306.0
207,208,21,3,1,1,1.0,1351.0
207,208,22,2,0,1,1.0,1026.0
207,208,23,1,1,1,1.0,806.0
207,208,24,3,1,1,1.0,1023.0
207,208,25,1,1,1,1.0,790.0
207,208,26,3,1,0,1.0,750.0
207,208,27,2,1,0,0.0,988.0
207,208,28,0,1,0,0.0,720.0
207,208,29,0,0,1,1.0,1404.0
207,208,30,1,0,0,0.0,916.0
207,208,31,2,1,0,0.0,621.0
207,208,32,3,1,1,1.0,1163.0
207,208,33,2,0,1,1.0,2066.0
207,208,34,0,1,1,0.0,1206.0
207,208,35,3,1,1,1.0,943.0
207,208,36,1,1,1,1.0,1514.0
207,208,37,1,1,1,1.0,1048.0
207,208,38,0,0,1,1.0,2459.0
207,208,39,2,0,1,1.0,1921.0
207,208,40,1,1,1,1.0,1044.0
207,208,41,0,0,1,1.0,885.0
207,208,42,1,1,1,1.0,899.0
207,208,43,3,1,1,1.0,796.0
207,208,44,0,0,0,1.0,1249.0
207,208,45,2,0,1,1.0,797.0
207,208,46,2,0,1,1.0,817.0
207,208,47,3,1,1,1.0,704.0
207,208,48,1,1,1,1.0,1263.0
207,208,49,0,1,0,0.0,1211.0
207,208,50,2,0,0,1.0,721.0
207,208,51,1,1,0,1.0,1013.0
207,208,52,0,0,1,1.0,3502.0
207,208,53,3,0,0,0.0,2200.0
207,208,54,2,1,1,0.0,1684.0
207,208,55,3,1,1,1.0,1498.0
207,208,56,3,1,0,1.0,1798.0
207,208,57,0,1,0,0.0,1045.0
207,208,58,1,1,1,1.0,920.0
207,208,59,0,1,0,0.0,1557.0
207,208,60,2,1,0,0.0,1776.0
207,208,61,2,0,1,1.0,931.0
207,208,62,3,1,1,1.0,829.0
207,208,63,1,1,1,1.0,916.0
207,208,64,3,1,1,1.0,817.0
207,208,65,0,1,0,0.0,834.0
207,208,66,1,1,0,1.0,857.0
207,208,67,1,0,1,0.0,1003.0
207,208,68,3,0,0,0.0,1573.0
207,208,69,2,1,0,0.0,1040.0
207,208,70,2,0,1,1.0,885.0
207,208,71,0,1,1,0.0,1700.0
207,208,72,3,1,1,1.0,978.0
207,208,73,2,0,1,1.0,1073.0
207,208,74,0,1,0,0.0,773.0
207,208,75,1,1,1,1.0,919.0
207,208,76,1,0,0,0.0,1190.0
207,208,77,3,1,0,1.0,776.0
207,208,78,0,0,1,1.0,563.0
207,208,79,2,0,1,1.0,626.0
207,208,80,0,1,0,0.0,843.0
207,208,81,0,0,1,1.0,703.0
207,208,82,2,0,1,1.0,886.0
207,208,83,1,1,1,1.0,826.0
207,208,84,1,1,1,1.0,675.0
207,208,85,2,0,1,1.0,629.0
207,208,86,3,1,1,1.0,691.0
207,208,87,3,1,1,1.0,683.0
207,208,88,3,1,1,1.0,590.0
207,208,89,1,1,1,1.0,799.0
207,208,90,0,0,1,1.0,955.0
207,208,91,0,0,0,1.0,566.0
207,208,92,2,0,0,1.0,1227.0
207,208,93,2,1,0,0.0,718.0
207,208,94,3,1,1,1.0,1194.0
207,208,95,1,1,1,1.0,811.0
207,208,96,0,0,1,1.0,1272.0
207,208,97,2,0,1,1.0,1940.0
207,208,98,1,1,1,1.0,1216.0
207,208,99,1,1,0,1.0,977.0
207,208,100,2,0,1,1.0,994.0
207,208,101,3,0,0,0.0,1921.0
207,208,102,3,1,1,1.0,681.0
207,208,103,0,0,1,1.0,1148.0
207,208,104,2,0,0,1.0,874.0
207,208,105,3,1,1,1.0,1296.0
207,208,106,1,1,1,1.0,598.0
207,208,107,3,1,0,1.0,1070.0
207,208,108,2,0,1,1.0,708.0
207,208,109,0,0,1,1.0,1238.0
207,208,110,0,0,0,1.0,752.0
207,208,111,1,1,1,1.0,905.0
207,208,112,2,0,1,1.0,687.0
207,208,113,3,1,1,1.0,948.0
207,208,114,1,1,1,1.0,1553.0
207,208,115,0,0,1,1.0,759.0
207,208,116,3,1,0,1.0,742.0
207,208,117,1,1,1,1.0,861.0
207,208,118,2,0,1,1.0,683.0
207,208,119,0,0,1,1.0,1549.0
208,209,0,0,0,1,1.0,2155.0
208,209,1,1,1,0,1.0,927.0
208,209,2,3,0,1,1.0,946.0
208,209,3,2,1,1,1.0,972.0
208,209,4,3,0,1,1.0,1281.0
208,209,5,0,1,0,0.0,813.0
208,209,6,2,1,1,1.0,689.0
208,209,7,1,0,1,0.0,1176.0
208,209,8,1,0,0,0.0,842.0
208,209,9,2,1,1,1.0,1195.0
208,209,10,3,0,0,1.0,861.0
208,209,11,3,0,1,1.0,1147.0
208,209,12,0,0,1,1.0,1004.0
208,209,13,0,0,1,1.0,631.0
208,209,14,2,1,1,1.0,706.0
208,209,15,1,0,0,0.0,768.0
208,209,16,2,1,1,1.0,813.0
208,209,17,3,0,1,1.0,831.0
208,209,18,0,1,0,0.0,943.0
208,209,19,1,0,0,0.0,569.0
208,209,20,0,0,1,1.0,1179.0
208,209,21,3,1,0,0.0,803.0
208,209,22,1,0,0,0.0,696.0
208,209,23,2,0,0,0.0,1379.0
208,209,24,3,0,1,1.0,572.0
208,209,25,1,1,1,1.0,1192.0
208,209,26,2,1,1,1.0,777.0
208,209,27,0,1,1,0.0,1067.0
208,209,28,1,0,1,0.0,1216.0
208,209,29,0,1,0,0.0,935.0
208,209,30,3,0,1,1.0,544.0
208,209,31,2,1,0,1.0,802.0
208,209,32,2,0,0,0.0,3935.0
208,209,33,3,0,0,1.0,655.0
208,209,34,3,1,0,0.0,914.0
208,209,35,1,0,0,0.0,652.0
208,209,36,2,1,1,1.0,692.0
208,209,37,0,1,0,0.0,632.0
208,209,38,1,1,1,1.0,770.0
208,209,39,0,0,1,1.0,929.0
208,209,40,1,1,1,1.0,892.0
208,209,41,3,0,1,1.0,772.0
208,209,42,1,1,1,1.0,686.0
208,209,43,3,0,1,1.0,750.0
208,209,44,2,1,1,1.0,823.0
208,209,45,0,0,1,1.0,1006.0
208,209,46,0,0,0,1.0,645.0
208,209,47,2,1,0,1.0,646.0
208,209,48,3,0,0,1.0,720.0
208,209,49,0,1,0,0.0,805.0
208,209,50,3,0,1,1.0,498.0
208,209,51,2,0,0,0.0,1005.0
208,209,52,1,1,1,1.0,822.0
208,209,53,1,1,1,1.0,760.0
208,209,54,2,0,1,0.0,981.0
208,209,55,0,1,0,0.0,961.0
208,209,56,1,1,1,1.0,890.0
208,209,57,2,0,0,0.0,884.0
208,209,58,1,1,0,1.0,739.0
208,209,59,0,1,1,0.0,646.0
208,209,60,2,0,1,0.0,669.0
208,209,61,0,0,1,1.0,585.0
208,209,62,3,1,0,0.0,732.0
208,209,63,3,1,1,0.0,1288.0
208,209,64,3,1,0,0.0,798.0
208,209,65,2,0,0,0.0,602.0
208,209,66,1,1,1,1.0,812.0
208,209,67,0,1,0,0.0,559.0
208,209,68,1,1,1,1.0,747.0
208,209,69,2,0,0,0.0,730.0
208,209,70,3,1,0,0.0,476.0
208,209,71,0,0,1,1.0,716.0
208,209,72,0,0,1,1.0,767.0
208,209,73,3,1,0,0.0,759.0
208,209,74,3,1,0,0.0,641.0
208,209,75,2,1,1,1.0,727.0
208,209,76,1,0,0,0.0,800.0
208,209,77,1,0,0,0.0,1420.0
208,209,78,0,0,1,1.0,655.0
208,209,79,2,1,1,1.0,788.0
208,209,80,3,1,1,0.0,970.0
208,209,81,1,1,1,1.0,595.0
208,209,82,2,1,1,1.0,922.0
208,209,83,1,1,1,1.0,692.0
208,209,84,2,1,1,1.0,679.0
208,209,85,0,0,0,1.0,594.0
208,209,86,3,0,1,1.0,1122.0
208,209,87,0,0,1,1.0,609.0
208,209,88,3,0,1,1.0,649.0
208,209,89,0,0,1,1.0,694.0
208,209,90,1,1,0,1.0,634.0
208,209,91,3,0,1,1.0,637.0
208,209,92,2,1,0,1.0,779.0
208,209,93,2,1,1,1.0,1535.0
208,209,94,1,1,1,1.0,1100.0
208,209,95,0,0,1,1.0,409.0
208,209,96,0,0,1,1.0,481.0
208,209,97,1,1,0,1.0,719.0
208,209,98,3,0,1,1.0,667.0
208,209,99,1,0,1,0.0,1385.0
208,209,100,0,0,0,1.0,794.0
208,209,101,2,1,1,1.0,887.0
208,209,102,2,1,1,1.0,669.0
208,209,103,3,0,0,1.0,882.0
208,209,104,0,0,1,1.0,716.0
208,209,105,3,0,1,1.0,649.0
208,209,106,2,1,1,1.0,564.0
208,209,107,1,1,1,1.0,713.0
208,209,108,1,1,1,1.0,771.0
208,209,109,3,0,1,1.0,798.0
208,209,110,2,1,1,1.0,815.0
208,209,111,0,0,1,1.0,496.0
208,209,112,3,0,1,1.0,437.0
208,209,113,0,0,1,1.0,637.0
208,209,114,1,1,1,1.0,599.0
208,209,115,3,0,1,1.0,921.0
208,209,116,2,1,0,1.0,801.0
208,209,117,0,0,1,1.0,660.0
208,209,118,2,1,1,1.0,602.0
208,209,119,1,1,1,1.0,854.0
209,210,0,1,0,1,1.0,1290.0
209,210,1,2,1,0,0.0,1388.0
209,210,2,3,1,0,1.0,1246.0
209,210,3,3,0,1,0.0,808.0
209,210,4,2,0,1,1.0,1832.0
209,210,5,0,1,0,1.0,1076.0
209,210,6,1,0,1,1.0,529.0
209,210,7,0,0,0,0.0,404.0
209,210,8,1,0,0,1.0,539.0
209,210,9,3,1,1,1.0,1834.0
209,210,10,1,0,1,1.0,578.0
209,210,11,2,0,1,1.0,774.0
209,210,12,0,0,0,0.0,945.0
209,210,13,3,0,0,0.0,1255.0
209,210,14,0,0,0,0.0,1380.0
209,210,15,2,0,1,1.0,898.0
209,210,16,1,0,1,1.0,598.0
209,210,17,3,1,1,1.0,1085.0
209,210,18,1,0,1,1.0,681.0
209,210,19,2,0,0,1.0,1023.0
209,210,20,0,0,1,0.0,917.0
209,210,21,3,1,1,1.0,891.0
209,210,22,0,0,0,0.0,1058.0
209,210,23,2,0,1,1.0,929.0
209,210,24,1,0,1,1.0,649.0
209,210,25,0,1,1,1.0,634.0
209,210,26,1,0,0,1.0,544.0
209,210,27,3,1,1,1.0,611.0
209,210,28,0,1,1,1.0,593.0
209,210,29,3,1,1,1.0,777.0
209,210,30,2,0,0,1.0,984.0
209,210,31,2,0,1,1.0,1177.0
209,210,32,2,1,0,0.0,2185.0
209,210,33,3,1,1,1.0,891.0
209,210,34,0,1,1,1.0,812.0
209,210,35,3,0,0,0.0,1500.0
209,210,36,1,0,1,1.0,550.0
209,210,37,0,0,0,0.0,855.0
209,210,38,2,0,1,1.0,972.0
209,210,39,1,0,0,1.0,465.0
209,210,40,1,0,1,1.0,537.0
209,210,41,3,1,0,1.0,804.0
209,210,42,0,1,1,1.0,1072.0
209,210,43,2,0,1,1.0,1024.0
209,210,44,1,0,1,1.0,576.0
209,210,45,3,1,1,1.0,679.0
209,210,46,0,0,0,0.0,830.0
209,210,47,2,0,1,1.0,856.0
209,210,48,3,1,1,1.0,737.0
209,210,49,3,1,1,1.0,642.0
209,210,50,0,1,1,1.0,1463.0
209,210,51,2,0,0,1.0,619.0
209,210,52,2,0,1,1.0,429.0
209,210,53,0,1,1,1.0,1334.0
209,210,54,1,0,1,1.0,553.0
209,210,55,1,0,1,1.0,564.0
209,210,56,3,1,1,1.0,696.0
209,210,57,2,1,0,0.0,808.0
209,210,58,0,1,1,1.0,874.0
209,210,59,3,1,0,1.0,745.0
209,210,60,1,0,1,1.0,447.0
209,210,61,2,0,1,1.0,1127.0
209,210,62,0,1,0,1.0,724.0
209,210,63,1,0,0,1.0,681.0
209,210,64,3,1,1,1.0,957.0
209,210,65,0,0,0,0.0,814.0
209,210,66,1,0,1,1.0,581.0
209,210,67,0,1,1,1.0,1270.0
209,210,68,1,0,1,1.0,592.0
209,210,69,2,0,1,1.0,1224.0
209,210,70,3,1,1,1.0,878.0
209,210,71,2,0,1,1.0,762.0
209,210,72,0,1,1,1.0,469.0
209,210,73,1,0,1,1.0,487.0
209,210,74,2,0,1,1.0,1244.0
209,210,75,3,1,1,1.0,483.0
209,210,76,3,1,1,1.0,635.0
209,210,77,1,0,1,1.0,551.0
209,210,78,0,1,0,1.0,759.0
209,210,79,2,1,0,0.0,612.0
209,210,80,1,0,0,1.0,531.0
209,210,81,2,0,1,1.0,1434.0
209,210,82,1,0,1,1.0,662.0
209,210,83,2,0,1,1.0,1036.0
209,210,84,0,1,1,1.0,1386.0
209,210,85,3,1,0,1.0,775.0
209,210,86,0,1,1,1.0,1740.0
209,210,87,3,1,1,1.0,607.0
209,210,88,0,1,1,1.0,869.0
209,210,89,0,1,1,1.0,606.0
209,210,90,1,0,1,1.0,617.0
209,210,91,2,0,0,1.0,1076.0
209,210,92,3,1,1,1.0,724.0
209,210,93,3,1,1,1.0,636.0
209,210,94,1,0,1,1.0,682.0
209,210,95,2,0,1,1.0,801.0
209,210,96,2,0,0,1.0,1309.0
209,210,97,0,1,1,1.0,912.0
209,210,98,0,1,1,1.0,559.0
209,210,99,3,1,1,1.0,723.0
209,210,100,2,0,1,1.0,1047.0
209,210,101,1,0,1,1.0,631.0
209,210,102,1,0,1,1.0,590.0
209,210,103,3,1,1,1.0,995.0
209,210,104,0,1,0,1.0,1030.0
209,210,105,3,1,0,1.0,815.0
209,210,106,1,0,1,1.0,478.0
209,210,107,3,1,0,1.0,811.0
209,210,108,2,0,1,1.0,780.0
209,210,109,2,0,1,1.0,676.0
209,210,110,1,0,1,1.0,551.0
209,210,111,0,1,1,1.0,761.0
209,210,112,2,0,1,1.0,924.0
209,210,113,3,1,1,1.0,916.0
209,210,114,1,0,0,1.0,563.0
209,210,115,1,0,1,1.0,667.0
209,210,116,2,0,1,1.0,1456.0
209,210,117,0,1,1,1.0,871.0
209,210,118,3,1,1,1.0,851.0
209,210,119,0,1,0,1.0,906.0
210,211,0,2,1,1,1.0,1408.0
210,211,1,0,0,1,1.0,1757.0
210,211,2,1,1,0,0.0,1383.0
210,211,3,0,0,1,1.0,1143.0
210,211,4,3,1,1,1.0,1226.0
210,211,5,2,1,0,1.0,1139.0
210,211,6,3,1,1,1.0,1039.0
210,211,7,1,0,0,1.0,662.0
210,211,8,0,0,1,1.0,837.0
210,211,9,1,1,0,0.0,824.0
210,211,10,3,1,1,1.0,1956.0
210,211,11,0,0,1,1.0,636.0
210,211,12,1,0,1,1.0,792.0
210,211,13,3,1,0,1.0,822.0
210,211,14,2,0,0,0.0,855.0
210,211,15,2,0,0,0.0,652.0
210,211,16,0,0,1,1.0,1082.0
210,211,17,0,0,1,1.0,543.0
210,211,18,1,0,1,1.0,1175.0
210,211,19,3,1,1,1.0,841.0
210,211,20,2,1,1,1.0,818.0
210,211,21,2,1,1,1.0,1056.0
210,211,22,1,0,1,1.0,836.0
210,211,23,3,1,1,1.0,834.0
210,211,24,3,1,0,1.0,743.0
210,211,25,0,0,0,1.0,701.0
210,211,26,1,0,1,1.0,706.0
210,211,27,2,1,1,1.0,841.0
210,211,28,1,0,1,1.0,856.0
210,211,29,2,1,1,1.0,832.0
210,211,30,3,1,1,1.0,1358.0
210,211,31,0,0,1,1.0,901.0
210,211,32,0,0,1,1.0,1428.0
210,211,33,3,1,1,1.0,663.0
210,211,34,1,0,0,1.0,804.0
210,211,35,3,1,1,1.0,781.0
210,211,36,2,1,0,1.0,915.0
210,211,37,2,1,1,1.0,1111.0
210,211,38,0,0,1,1.0,773.0
210,211,39,1,0,1,1.0,560.0
210,211,40,3,1,1,1.0,909.0
210,211,41,1,0,1,1.0,1543.0
210,211,42,1,0,1,1.0,764.0
210,211,43,0,0,1,1.0,961.0
210,211,44,2,1,1,1.0,767.0
210,211,45,0,0,1,1.0,860.0
210,211,46,3,1,1,1.0,917.0
210,211,47,2,1,1,1.0,1249.0
210,211,48,1,0,1,1.0,914.0
210,211,49,2,1,0,1.0,829.0
210,211,50,3,1,0,1.0,598.0
210,211,51,1,0,1,1.0,515.0
210,211,52,0,0,0,1.0,730.0
210,211,53,0,0,1,1.0,1290.0
210,211,54,3,1,1,1.0,758.0
210,211,55,2,1,1,1.0,696.0
210,211,56,3,1,0,1.0,880.0
210,211,57,0,0,1,1.0,883.0
210,211,58,1,0,0,1.0,812.0
210,211,59,2,1,1,1.0,887.0
210,211,60,2,1,1,1.0,695.0
210,211,61,3,1,1,1.0,1235.0
210,211,62,0,0,1,1.0,1239.0
210,211,63,1,0,1,1.0,1290.0
210,211,64,2,1,1,1.0,833.0
210,211,65,1,0,1,1.0,738.0
210,211,66,0,0,0,1.0,1140.0
210,211,67,0,0,1,1.0,1014.0
210,211,68,3,1,1,1.0,1505.0
210,211,69,2,1,1,1.0,1747.0
210,211,70,1,0,1,1.0,543.0
210,211,71,3,1,1,1.0,584.0
210,211,72,2,1,0,1.0,926.0
210,211,73,0,0,1,1.0,683.0
210,211,74,3,1,1,1.0,693.0
210,211,75,1,0,1,1.0,832.0
210,211,76,1,0,0,1.0,591.0
210,211,77,2,1,1,1.0,637.0
210,211,78,3,1,0,1.0,715.0
210,211,79,0,0,1,1.0,617.0
210,211,80,2,1,1,1.0,845.0
210,211,81,0,0,0,1.0,753.0
210,211,82,2,1,1,1.0,840.0
210,211,83,0,0,1,1.0,689.0
210,211,84,3,1,1,1.0,671.0
210,211,85,1,0,1,1.0,633.0
210,211,86,3,1,1,1.0,682.0
210,211,87,1,0,0,1.0,992.0
210,211,88,3,1,1,1.0,972.0
210,211,89,1,0,1,1.0,881.0
210,211,90,0,0,1,1.0,872.0
210,211,91,0,0,1,1.0,904.0
210,211,92,2,1,1,1.0,963.0
210,211,93,1,0,1,1.0,954.0
210,211,94,2,1,1,1.0,1266.0
210,211,95,3,1,1,1.0,931.0
210,211,96,3,1,1,1.0,720.0
210,211,97,3,1,0,1.0,642.0
210,211,98,0,0,1,1.0,697.0
210,211,99,1,0,1,1.0,854.0
210,211,100,0,0,1,1.0,790.0
210,211,101,2,1,0,1.0,732.0
210,211,102,1,0,1,1.0,1116.0
210,211,103,2,1,1,1.0,708.0
210,211,104,3,1,1,1.0,678.0
210,211,105,0,0,0,1.0,723.0
210,211,106,1,0,1,1.0,974.0
210,211,107,2,1,1,1.0,681.0
210,211,108,0,0,1,1.0,611.0
210,211,109,2,1,1,1.0,715.0
210,211,110,3,1,1,1.0,602.0
210,211,111,1,0,1,1.0,871.0
210,211,112,3,1,1,1.0,590.0
210,211,113,0,0,1,1.0,1262.0
210,211,114,2,1,1,1.0,743.0
210,211,115,0,0,0,1.0,739.0
210,211,116,2,1,0,1.0,719.0
210,211,117,1,0,1,1.0,600.0
210,211,118,1,0,1,1.0,625.0
210,211,119,3,1,1,1.0,600.0
211,212,0,2,1,1,1.0,880.0
211,212,1,0,0,1,1.0,894.0
211,212,2,1,0,0,1.0,983.0
211,212,3,0,0,1,1.0,1300.0
211,212,4,3,1,1,1.0,1213.0
211,212,5,2,1,0,1.0,911.0
211,212,6,3,0,0,0.0,1132.0
211,212,7,1,1,0,0.0,904.0
211,212,8,0,0,1,1.0,873.0
211,212,9,1,1,0,0.0,1408.0
211,212,10,3,0,0,0.0,1002.0
211,212,11,0,0,1,1.0,631.0
211,212,12,1,1,0,0.0,1012.0
211,212,13,3,1,1,1.0,1590.0
211,212,14,2,1,1,1.0,976.0
211,212,15,2,1,1,1.0,1107.0
211,212,16,0,0,1,1.0,647.0
211,212,17,0,0,1,1.0,682.0
211,212,18,1,0,1,1.0,1336.0
211,212,19,3,1,1,1.0,897.0
211,212,20,2,1,1,1.0,640.0
211,212,21,2,1,1,1.0,580.0
211,212,22,1,0,1,1.0,811.0
211,212,23,3,1,0,1.0,1583.0
211,212,24,3,0,0,0.0,773.0
211,212,25,0,0,0,1.0,882.0
211,212,26,1,1,1,0.0,1061.0
211,212,27,2,1,0,1.0,726.0
211,212,28,1,0,1,1.0,1016.0
211,212,29,2,1,1,1.0,1231.0
211,212,30,3,0,1,0.0,1180.0
211,212,31,0,0,1,1.0,693.0
211,212,32,0,0,1,1.0,1513.0
211,212,33,3,0,0,0.0,1080.0
211,212,34,1,1,1,0.0,986.0
211,212,35,3,0,0,0.0,1131.0
211,212,36,2,1,1,1.0,667.0
211,212,37,2,1,1,1.0,542.0
211,212,38,0,0,1,1.0,660.0
211,212,39,1,0,1,1.0,1248.0
211,212,40,3,1,1,1.0,820.0
211,212,41,1,0,1,1.0,653.0
211,212,42,1,0,0,1.0,696.0
211,212,43,0,0,1,1.0,619.0
211,212,44,2,1,0,1.0,565.0
211,212,45,0,0,1,1.0,718.0
211,212,46,3,1,1,1.0,1363.0
211,212,47,2,1,1,1.0,721.0
211,212,48,1,0,1,1.0,898.0
211,212,49,2,1,1,1.0,622.0
211,212,50,3,0,0,0.0,876.0
211,212,51,1,0,1,1.0,750.0
211,212,52,0,0,0,1.0,564.0
211,212,53,0,0,1,1.0,653.0
211,212,54,3,1,0,1.0,451.0
211,212,55,2,1,1,1.0,629.0
211,212,56,3,1,1,1.0,934.0
211,212,57,0,0,1,1.0,464.0
211,212,58,1,0,1,1.0,503.0
211,212,59,2,1,1,1.0,498.0
211,212,60,2,1,1,1.0,541.0
211,212,61,3,1,1,1.0,594.0
211,212,62,0,0,1,1.0,970.0
211,212,63,1,0,1,1.0,1707.0
211,212,64,2,1,0,1.0,1277.0
211,212,65,1,0,1,1.0,1102.0
211,212,66,0,0,0,1.0,566.0
211,212,67,0,0,1,1.0,535.0
211,212,68,3,1,1,1.0,804.0
211,212,69,2,1,1,1.0,555.0
211,212,70,1,0,0,1.0,685.0
211,212,71,3,1,1,1.0,481.0
211,212,72,2,1,1,1.0,909.0
211,212,73,0,0,1,1.0,551.0
211,212,74,3,1,1,1.0,684.0
211,212,75,1,0,1,1.0,892.0
211,212,76,1,0,1,1.0,899.0
211,212,77,2,1,1,1.0,564.0
211,212,78,3,1,0,1.0,1552.0
211,212,79,0,0,1,1.0,681.0
211,212,80,2,1,1,1.0,894.0
211,212,81,0,0,0,1.0,763.0
211,212,82,2,1,1,1.0,1201.0
211,212,83,0,0,1,1.0,788.0
211,212,84,3,1,1,1.0,1014.0
211,212,85,1,0,1,1.0,1029.0
211,212,86,3,1,0,1.0,797.0
211,212,87,1,0,1,1.0,1594.0
211,212,88,3,1,1,1.0,729.0
211,212,89,1,0,0,1.0,1214.0
211,212,90,0,0,1,1.0,848.0
211,212,91,0,0,1,1.0,745.0
211,212,92,2,1,0,1.0,574.0
211,212,93,1,0,1,1.0,714.0
211,212,94,2,1,1,1.0,1789.0
211,212,95,3,1,1,1.0,889.0
211,212,96,3,1,1,1.0,747.0
211,212,97,3,1,1,1.0,514.0
211,212,98,0,0,1,1.0,697.0
211,212,99,1,0,0,1.0,457.0
211,212,100,0,0,1,1.0,581.0
211,212,101,2,1,1,1.0,685.0
211,212,102,1,0,1,1.0,597.0
211,212,103,2,1,1,1.0,1041.0
211,212,104,3,1,0,1.0,678.0
211,212,105,0,0,0,1.0,574.0
211,212,106,1,0,1,1.0,783.0
211,212,107,2,1,1,1.0,682.0
211,212,108,0,0,1,1.0,536.0
211,212,109,2,1,0,1.0,658.0
211,212,110,3,1,1,1.0,1292.0
211,212,111,1,0,1,1.0,688.0
211,212,112,3,1,1,1.0,830.0
211,212,113,0,0,1,1.0,601.0
211,212,114,2,1,1,1.0,570.0
211,212,115,0,0,0,1.0,602.0
211,212,116,2,1,1,1.0,627.0
211,212,117,1,0,1,1.0,625.0
211,212,118,1,0,1,1.0,679.0
211,212,119,3,1,1,1.0,589.0
212,213,0,3,1,1,1.0,1703.0
212,213,1,1,0,1,0.0,1358.0
212,213,2,0,1,0,0.0,1701.0
212,213,3,0,0,0,1.0,689.0
212,213,4,2,0,0,1.0,1622.0
212,213,5,1,1,0,1.0,1777.0
212,213,6,2,1,0,0.0,898.0
212,213,7,3,1,1,1.0,1262.0
212,213,8,0,0,1,1.0,1375.0
212,213,9,3,1,0,1.0,1295.0
212,213,10,3,1,1,1.0,1373.0
212,213,11,0,1,0,0.0,1373.0
212,213,12,1,0,0,0.0,1065.0
212,213,13,1,1,1,1.0,928.0
212,213,14,2,1,0,0.0,2591.0
212,213,15,2,0,1,1.0,1073.0
212,213,16,0,0,1,1.0,1517.0
212,213,17,1,0,0,0.0,3335.0
212,213,18,2,0,1,1.0,1069.0
212,213,19,3,1,1,1.0,907.0
212,213,20,0,0,1,1.0,815.0
212,213,21,3,1,1,1.0,743.0
212,213,22,2,0,1,1.0,1464.0
212,213,23,1,0,0,0.0,1942.0
212,213,24,3,1,0,1.0,710.0
212,213,25,1,1,1,1.0,1591.0
212,213,26,3,1,1,1.0,1054.0
212,213,27,2,0,1,1.0,1140.0
212,213,28,0,0,1,1.0,892.0
212,213,29,0,0,0,1.0,1578.0
212,213,30,1,1,1,1.0,1529.0
212,213,31,2,0,1,1.0,2105.0
212,213,32,3,1,1,1.0,1471.0
212,213,33,2,0,0,1.0,1815.0
212,213,34,0,0,1,1.0,1420.0
212,213,35,3,0,1,0.0,1647.0
212,213,36,1,1,1,1.0,1810.0
212,213,37,1,0,0,0.0,985.0
212,213,38,0,0,1,1.0,1249.0
212,213,39,2,1,1,0.0,1798.0
212,213,40,1,1,1,1.0,1246.0
212,213,41,0,0,1,1.0,1322.0
212,213,42,1,1,1,1.0,1436.0
212,213,43,3,1,1,1.0,588.0
212,213,44,0,0,1,1.0,1236.0
212,213,45,2,0,1,1.0,3304.0
212,213,46,2,0,1,1.0,1275.0
212,213,47,3,1,1,1.0,1401.0
212,213,48,1,1,1,1.0,2647.0
212,213,49,0,0,0,1.0,1079.0
212,213,50,2,0,1,1.0,1350.0
212,213,51,1,1,0,1.0,1685.0
212,213,52,0,0,1,1.0,2121.0
212,213,53,3,0,0,0.0,2854.0
212,213,54,2,1,0,0.0,957.0
212,213,55,3,1,1,1.0,816.0
212,213,56,3,0,0,0.0,1568.0
212,213,57,0,0,1,1.0,922.0
212,213,58,1,1,1,1.0,1028.0
212,213,59,0,0,1,1.0,2011.0
212,213,60,2,0,1,1.0,1638.0
212,213,61,2,0,1,1.0,2640.0
212,213,62,3,1,0,1.0,1003.0
212,213,63,1,1,1,1.0,1179.0
212,213,64,3,1,1,1.0,1801.0
212,213,65,0,0,0,1.0,1428.0
212,213,66,1,1,0,1.0,1511.0
212,213,67,1,1,1,1.0,2170.0
212,213,68,3,1,1,1.0,1597.0
212,213,69,2,0,1,1.0,1043.0
212,213,70,2,0,0,1.0,1275.0
212,213,71,0,0,1,1.0,2437.0
212,213,72,3,1,1,1.0,1693.0
212,213,73,2,1,0,0.0,2411.0
212,213,74,0,0,1,1.0,1191.0
212,213,75,1,1,1,1.0,2565.0
212,213,76,1,0,1,0.0,835.0
212,213,77,3,1,0,1.0,1414.0
212,213,78,0,0,1,1.0,1556.0
212,213,79,2,0,1,1.0,1187.0
212,213,80,0,1,1,0.0,1160.0
212,213,81,0,0,1,1.0,740.0
212,213,82,2,0,1,1.0,1359.0
212,213,83,1,0,0,0.0,1354.0
212,213,84,1,1,1,1.0,878.0
212,213,85,2,1,0,0.0,1268.0
212,213,86,3,1,1,1.0,1108.0
212,213,87,3,1,1,1.0,1405.0
212,213,88,3,1,1,1.0,2034.0
212,213,89,1,1,1,1.0,4031.0
212,213,90,0,0,1,1.0,918.0
212,213,91,0,0,1,1.0,2352.0
212,213,92,2,0,0,1.0,1047.0
212,213,93,2,1,1,0.0,511.0
212,213,94,3,1,1,1.0,974.0
212,213,95,1,1,1,1.0,1113.0
212,213,96,0,0,0,1.0,1275.0
212,213,97,2,0,1,1.0,949.0
212,213,98,1,1,1,1.0,1249.0
212,213,99,1,1,0,1.0,956.0
212,213,100,2,0,1,1.0,1063.0
212,213,101,3,1,1,1.0,1209.0
212,213,102,3,1,1,1.0,661.0
212,213,103,0,0,1,1.0,711.0
212,213,104,2,0,1,1.0,828.0
212,213,105,3,1,0,1.0,1156.0
212,213,106,1,0,0,0.0,1030.0
212,213,107,3,1,1,1.0,663.0
212,213,108,2,0,1,1.0,1037.0
212,213,109,0,0,1,1.0,1397.0
212,213,110,0,0,1,1.0,1081.0
212,213,111,1,1,1,1.0,556.0
212,213,112,2,0,1,1.0,790.0
212,213,113,3,1,0,1.0,677.0
212,213,114,1,0,0,0.0,550.0
212,213,115,0,0,1,1.0,681.0
212,213,116,3,0,0,0.0,580.0
212,213,117,1,0,0,0.0,1254.0
212,213,118,2,0,0,1.0,632.0
212,213,119,0,0,1,1.0,750.0
213,214,0,0,1,0,0.0,2636.0
213,214,1,1,1,0,1.0,1306.0
213,214,2,3,1,0,0.0,1136.0
213,214,3,2,1,1,1.0,882.0
213,214,4,3,0,1,1.0,690.0
213,214,5,0,0,1,1.0,574.0
213,214,6,2,1,1,1.0,1117.0
213,214,7,1,0,1,0.0,450.0
213,214,8,1,0,0,0.0,979.0
213,214,9,2,1,1,1.0,1047.0
213,214,10,3,0,1,1.0,815.0
213,214,11,3,0,0,1.0,678.0
213,214,12,0,1,0,0.0,2102.0
213,214,13,0,0,1,1.0,959.0
213,214,14,2,1,1,1.0,894.0
213,214,15,1,1,1,1.0,634.0
213,214,16,2,1,1,1.0,792.0
213,214,17,3,0,1,1.0,999.0
213,214,18,0,0,1,1.0,967.0
213,214,19,1,1,1,1.0,1513.0
213,214,20,0,0,1,1.0,789.0
213,214,21,3,0,1,1.0,963.0
213,214,22,1,1,1,1.0,707.0
213,214,23,2,1,1,1.0,547.0
213,214,24,3,0,1,1.0,819.0
213,214,25,1,0,0,0.0,643.0
213,214,26,2,1,0,1.0,616.0
213,214,27,0,0,1,1.0,1549.0
213,214,28,1,1,1,1.0,1956.0
213,214,29,0,0,1,1.0,1558.0
213,214,30,3,0,1,1.0,973.0
213,214,31,2,1,1,1.0,691.0
213,214,32,2,0,0,0.0,1739.0
213,214,33,3,0,0,1.0,1499.0
213,214,34,3,1,0,0.0,765.0
213,214,35,1,1,1,1.0,1609.0
213,214,36,2,1,1,1.0,1504.0
213,214,37,0,0,0,1.0,1391.0
213,214,38,1,1,1,1.0,1440.0
213,214,39,0,1,1,0.0,1175.0
213,214,40,1,1,1,1.0,1121.0
213,214,41,3,1,0,0.0,1094.0
213,214,42,1,1,0,1.0,910.0
213,214,43,3,0,1,1.0,2225.0
213,214,44,2,1,0,1.0,808.0
213,214,45,0,0,1,1.0,1284.0
213,214,46,0,0,1,1.0,722.0
213,214,47,2,1,1,1.0,1030.0
213,214,48,3,0,1,1.0,960.0
213,214,49,0,0,1,1.0,1487.0
213,214,50,3,0,0,1.0,681.0
213,214,51,2,1,1,1.0,814.0
213,214,52,1,1,1,1.0,594.0
213,214,53,1,1,1,1.0,728.0
213,214,54,2,1,1,1.0,885.0
213,214,55,0,0,1,1.0,1112.0
213,214,56,1,1,1,1.0,852.0
213,214,57,2,1,1,1.0,595.0
213,214,58,1,1,1,1.0,1162.0
213,214,59,0,0,0,1.0,1324.0
213,214,60,2,1,0,1.0,803.0
213,214,61,0,1,0,0.0,1689.0
213,214,62,3,0,1,1.0,1436.0
213,214,63,3,0,1,1.0,3621.0
213,214,64,3,0,1,1.0,545.0
213,214,65,2,1,1,1.0,952.0
213,214,66,1,1,0,1.0,1089.0
213,214,67,0,0,1,1.0,884.0
213,214,68,1,0,0,0.0,1248.0
213,214,69,2,0,0,0.0,1270.0
213,214,70,3,0,1,1.0,914.0
213,214,71,0,0,1,1.0,488.0
213,214,72,0,0,1,1.0,667.0
213,214,73,3,0,1,1.0,687.0
213,214,74,3,0,0,1.0,514.0
213,214,75,2,1,1,1.0,1280.0
213,214,76,1,1,1,1.0,488.0
213,214,77,1,1,0,1.0,794.0
213,214,78,0,0,1,1.0,1166.0
213,214,79,2,1,1,1.0,879.0
213,214,80,3,0,1,1.0,692.0
213,214,81,1,0,0,0.0,931.0
213,214,82,2,1,1,1.0,685.0
213,214,83,1,1,1,1.0,1018.0
213,214,84,2,1,1,1.0,823.0
213,214,85,0,0,0,1.0,958.0
213,214,86,3,0,1,1.0,1042.0
213,214,87,0,0,1,1.0,798.0
213,214,88,3,0,1,1.0,641.0
213,214,89,0,0,1,1.0,567.0
213,214,90,1,1,1,1.0,638.0
213,214,91,3,1,1,0.0,953.0
213,214,92,2,1,0,1.0,758.0
213,214,93,2,1,1,1.0,849.0
213,214,94,1,1,1,1.0,1446.0
213,214,95,0,0,1,1.0,1025.0
213,214,96,0,0,1,1.0,609.0
213,214,97,1,1,1,1.0,889.0
213,214,98,3,0,1,1.0,956.0
213,214,99,1,1,1,1.0,762.0
213,214,100,0,0,1,1.0,720.0
213,214,101,2,1,1,1.0,747.0
213,214,102,2,1,1,1.0,534.0
213,214,103,3,0,1,1.0,1069.0
213,214,104,0,0,1,1.0,687.0
213,214,105,3,0,1,1.0,700.0
213,214,106,2,1,1,1.0,601.0
213,214,107,1,1,1,1.0,1445.0
213,214,108,1,1,0,1.0,880.0
213,214,109,3,0,0,1.0,857.0
213,214,110,2,1,1,1.0,824.0
213,214,111,0,0,0,1.0,753.0
213,214,112,3,0,1,1.0,858.0
213,214,113,0,0,0,1.0,723.0
213,214,114,1,1,1,1.0,908.0
213,214,115,3,0,0,1.0,1087.0
213,214,116,2,1,0,1.0,877.0
213,214,117,0,1,0,0.0,1434.0
213,214,118,2,1,1,1.0,888.0
213,214,119,1,1,1,1.0,802.0
214,215,1,2,1,0,0.0,1892.0
214,215,2,3,0,1,0.0,1549.0
214,215,3,3,0,0,0.0,807.0
214,215,4,2,1,0,0.0,1040.0
214,215,5,0,1,0,1.0,1022.0
214,215,6,1,0,1,1.0,1057.0
214,215,7,0,0,0,0.0,1111.0
214,215,8,1,0,1,1.0,1766.0
214,215,9,3,0,0,0.0,656.0
214,215,10,1,0,0,1.0,779.0
214,215,11,2,0,1,1.0,931.0
214,215,12,0,0,0,0.0,1350.0
214,215,13,3,1,0,1.0,825.0
214,215,14,0,1,1,1.0,1443.0
214,215,15,2,0,1,1.0,877.0
214,215,16,1,1,0,0.0,2114.0
214,215,17,3,0,0,0.0,1092.0
214,215,18,1,1,0,0.0,1599.0
214,215,19,2,0,1,1.0,1028.0
214,215,20,0,1,1,1.0,1031.0
214,215,21,3,0,0,0.0,939.0
214,215,22,0,1,1,1.0,1275.0
214,215,23,2,0,0,1.0,1428.0
214,215,24,1,0,1,1.0,1597.0
214,215,25,0,1,1,1.0,1052.0
214,215,26,1,0,1,1.0,1262.0
214,215,27,3,0,1,0.0,1579.0
214,215,28,0,1,1,1.0,1221.0
214,215,29,3,0,0,0.0,1279.0
214,215,30,2,0,1,1.0,950.0
214,215,31,2,0,0,1.0,1448.0
214,215,32,2,1,0,0.0,3123.0
214,215,33,3,0,0,0.0,2263.0
214,215,34,0,1,1,1.0,724.0
214,215,35,3,0,0,0.0,863.0
214,215,36,1,1,0,0.0,1638.0
214,215,37,0,1,1,1.0,2453.0
214,215,38,2,0,1,1.0,1019.0
214,215,39,1,0,1,1.0,822.0
214,215,40,1,0,1,1.0,540.0
214,215,41,3,0,0,0.0,1011.0
214,215,42,0,1,0,1.0,800.0
214,215,43,2,0,1,1.0,1187.0
214,215,44,1,1,0,0.0,1174.0
214,215,45,3,0,0,0.0,1513.0
214,215,46,0,1,1,1.0,867.0
214,215,47,2,0,1,1.0,987.0
214,215,48,3,1,1,1.0,1291.0
214,215,49,3,1,1,1.0,701.0
214,215,50,0,1,1,1.0,845.0
214,215,51,2,0,1,1.0,961.0
214,215,52,2,0,0,1.0,790.0
214,215,53,0,1,0,1.0,709.0
214,215,54,1,0,0,1.0,1149.0
214,215,55,1,0,1,1.0,1046.0
214,215,56,3,1,1,1.0,1178.0
214,215,57,2,0,1,1.0,915.0
214,215,58,0,1,1,1.0,765.0
214,215,59,3,1,1,1.0,1502.0
214,215,60,1,0,0,1.0,1848.0
214,215,61,2,0,1,1.0,795.0
214,215,62,0,1,1,1.0,957.0
214,215,63,1,0,1,1.0,2065.0
214,215,64,3,1,1,1.0,1069.0
214,215,65,0,1,1,1.0,869.0
214,215,66,1,0,1,1.0,1257.0
214,215,67,0,1,1,1.0,728.0
214,215,68,1,0,1,1.0,767.0
214,215,69,2,0,1,1.0,793.0
214,215,70,3,1,1,1.0,822.0
214,215,71,2,0,1,1.0,697.0
214,215,72,0,1,1,1.0,792.0
214,215,73,1,0,1,1.0,1082.0
214,215,74,2,0,1,1.0,967.0
214,215,75,3,1,0,1.0,943.0
214,215,76,3,1,1,1.0,695.0
214,215,77,1,0,1,1.0,1506.0
214,215,78,0,1,1,1.0,780.0
214,215,79,2,0,1,1.0,664.0
214,215,80,1,0,0,1.0,1097.0
214,215,81,2,0,1,1.0,747.0
214,215,82,1,0,1,1.0,956.0
214,215,83,2,0,0,1.0,826.0
214,215,84,0,1,0,1.0,782.0
214,215,85,3,1,1,1.0,1313.0
214,215,86,0,1,1,1.0,1574.0
214,215,87,3,0,1,0.0,807.0
214,215,88,0,1,1,1.0,1242.0
214,215,89,0,1,0,1.0,705.0
214,215,90,1,0,1,1.0,914.0
214,215,91,2,0,1,1.0,521.0
214,215,92,3,1,1,1.0,1107.0
214,215,93,3,1,1,1.0,960.0
214,215,94,1,0,1,1.0,1261.0
214,215,95,2,0,0,1.0,638.0
214,215,96,2,0,1,1.0,501.0
214,215,97,0,1,1,1.0,811.0
214,215,98,0,1,1,1.0,535.0
214,215,99,3,1,0,1.0,933.0
214,215,100,2,0,1,1.0,824.0
214,215,101,1,0,1,1.0,761.0
214,215,102,1,0,0,1.0,592.0
214,215,103,3,1,1,1.0,1140.0
214,215,104,0,1,0,1.0,905.0
214,215,105,3,1,1,1.0,776.0
214,215,106,1,0,1,1.0,1515.0
214,215,107,3,1,1,1.0,958.0
214,215,108,2,0,1,1.0,932.0
214,215,109,2,0,1,1.0,627.0
214,215,110,1,0,1,1.0,1563.0
214,215,111,0,1,1,1.0,634.0
214,215,112,2,0,1,1.0,659.0
214,215,113,3,1,1,1.0,1119.0
214,215,114,1,0,1,1.0,1094.0
214,215,115,1,0,1,1.0,759.0
214,215,116,2,0,1,1.0,1029.0
214,215,117,0,1,1,1.0,794.0
214,215,118,3,1,0,1.0,1157.0
214,215,119,0,1,1,1.0,837.0
215,216,0,2,0,0,0.0,3532.0
215,216,1,0,1,0,0.0,2319.0
215,216,2,1,0,0,1.0,1472.0
215,216,3,0,1,0,0.0,2267.0
215,216,4,3,0,0,0.0,1996.0
215,216,5,2,1,1,1.0,1921.0
215,216,6,3,1,1,1.0,1453.0
215,216,7,1,1,0,0.0,1465.0
215,216,8,0,0,1,1.0,2637.0
215,216,9,1,0,1,1.0,2568.0
215,216,10,3,0,0,0.0,1416.0
215,216,11,0,0,1,1.0,3892.0
215,216,12,1,0,1,1.0,1362.0
215,216,13,3,0,0,0.0,1225.0
215,216,14,2,1,0,1.0,1176.0
215,216,15,2,0,0,0.0,1909.0
215,216,16,0,1,1,0.0,1248.0
215,216,17,0,1,0,0.0,639.0
215,216,18,1,1,0,0.0,1576.0
215,216,19,3,0,1,0.0,1727.0
215,216,20,2,1,1,1.0,959.0
215,216,21,2,1,1,1.0,1276.0
215,216,22,1,1,0,0.0,1717.0
215,216,23,3,0,0,0.0,489.0
215,216,24,3,1,1,1.0,342.0
215,216,25,0,1,1,0.0,546.0
215,216,26,1,0,1,1.0,3926.0
215,216,27,2,1,1,1.0,1105.0
215,216,28,1,0,1,1.0,619.0
215,216,29,2,1,1,1.0,896.0
215,216,30,3,1,1,1.0,1106.0
215,216,31,0,1,0,0.0,1507.0
215,216,32,0,1,0,0.0,2677.0
215,216,33,3,1,0,1.0,3326.0
215,216,34,1,0,1,1.0,454.0
215,216,35,3,1,1,1.0,1346.0
215,216,36,2,1,0,1.0,1134.0
215,216,37,2,0,0,0.0,812.0
215,216,38,0,0,1,1.0,2030.0
215,216,39,1,0,0,1.0,769.0
215,216,40,3,1,1,1.0,416.0
215,216,41,1,1,1,0.0,983.0
215,216,42,1,1,1,0.0,841.0
215,216,43,0,0,1,1.0,1387.0
215,216,44,2,1,1,1.0,1077.0
215,216,45,0,1,0,0.0,899.0
215,216,46,3,1,0,1.0,812.0
215,216,47,2,1,1,1.0,936.0
215,216,48,1,0,1,1.0,2067.0
215,216,49,2,1,1,1.0,1364.0
215,216,50,3,0,0,0.0,873.0
215,216,51,1,1,0,0.0,2111.0
215,216,52,0,1,0,0.0,556.0
215,216,53,0,0,1,1.0,403.0
215,216,54,3,0,0,0.0,1287.0
215,216,55,2,1,0,1.0,1503.0
215,216,56,3,1,1,1.0,3180.0
215,216,57,0,1,0,0.0,625.0
215,216,58,1,0,1,1.0,2420.0
215,216,59,2,0,1,0.0,1261.0
215,216,60,2,0,0,0.0,1115.0
215,216,61,3,1,1,1.0,1264.0
215,216,62,0,1,0,0.0,1855.0
215,216,63,1,1,0,0.0,4224.0
215,216,64,2,0,1,0.0,1602.0
215,216,65,1,0,1,1.0,1551.0
215,216,66,0,1,0,0.0,1586.0
215,216,67,0,1,1,0.0,1816.0
215,216,68,3,0,1,0.0,1495.0
215,216,69,2,1,1,1.0,3507.0
215,216,70,1,1,0,0.0,2480.0
215,216,71,3,0,0,0.0,1217.0
215,216,72,2,1,1,1.0,2715.0
215,216,73,0,0,1,1.0,2115.0
215,216,74,3,0,0,0.0,1932.0
215,216,75,1,1,0,0.0,499.0
215,216,76,1,0,1,1.0,571.0
215,216,77,2,1,1,1.0,1297.0
215,216,78,3,0,1,0.0,2074.0
215,216,79,0,1,0,0.0,1371.0
215,216,80,2,1,1,1.0,929.0
215,216,81,0,0,0,1.0,1019.0
215,216,82,2,1,1,1.0,769.0
215,216,83,0,1,0,0.0,447.0
215,216,84,3,0,0,0.0,1326.0
215,216,85,1,1,0,0.0,1825.0
215,216,86,3,0,0,0.0,419.0
215,216,87,1,1,0,0.0,606.0
215,216,88,3,1,1,1.0,982.0
215,216,89,1,1,0,0.0,2314.0
215,216,90,0,0,1,1.0,2629.0
215,216,91,0,0,1,1.0,662.0
215,216,92,2,0,0,0.0,1763.0
215,216,93,1,0,1,1.0,1130.0
215,216,94,2,1,0,1.0,1023.0
215,216,95,3,1,1,1.0,2339.0
215,216,96,3,1,1,1.0,490.0
215,216,97,3,1,0,1.0,483.0
215,216,98,0,0,1,1.0,4166.0
215,216,99,1,1,1,0.0,1492.0
215,216,100,0,0,1,1.0,3183.0
215,216,101,2,0,0,0.0,2472.0
215,216,102,1,1,0,0.0,2145.0
215,216,103,2,1,1,1.0,940.0
215,216,104,3,0,0,0.0,3144.0
215,216,105,0,1,1,0.0,657.0
215,216,106,1,1,1,0.0,741.0
215,216,107,2,0,0,0.0,1218.0
215,216,108,0,1,0,0.0,695.0
215,216,109,2,0,0,0.0,680.0
215,216,110,3,1,1,1.0,678.0
215,216,111,1,1,0,0.0,1825.0
215,216,112,3,0,0,0.0,998.0
215,216,113,0,0,1,1.0,1629.0
215,216,114,2,1,1,1.0,1051.0
215,216,115,0,1,0,0.0,1896.0
215,216,116,2,0,0,0.0,1051.0
215,216,117,1,0,0,1.0,814.0
215,216,118,1,1,0,0.0,1866.0
215,216,119,3,1,0,1.0,2155.0
216,217,0,0,0,1,1.0,7682.0
216,217,1,1,1,0,1.0,4339.0
216,217,2,3,1,0,0.0,1587.0
216,217,3,2,1,1,1.0,2559.0
216,217,4,3,0,1,1.0,1662.0
216,217,5,0,0,1,1.0,1502.0
216,217,6,2,1,1,1.0,968.0
216,217,7,1,0,1,0.0,2200.0
216,217,8,1,0,0,0.0,940.0
216,217,9,2,1,1,1.0,1997.0
216,217,10,3,0,1,1.0,1941.0
216,217,11,3,0,0,1.0,1048.0
216,217,12,0,0,1,1.0,1509.0
216,217,13,0,0,1,1.0,1237.0
216,217,14,2,1,1,1.0,929.0
216,217,15,1,1,1,1.0,1134.0
216,217,16,2,1,1,1.0,792.0
216,217,17,3,0,1,1.0,1036.0
216,217,18,0,0,1,1.0,2455.0
216,217,19,1,1,1,1.0,1366.0
216,217,20,0,0,1,1.0,1000.0
216,217,21,3,0,1,1.0,3095.0
216,217,22,1,1,1,1.0,1151.0
216,217,23,2,1,1,1.0,640.0
216,217,24,3,0,1,1.0,1762.0
216,217,25,1,1,1,1.0,1545.0
216,217,26,2,1,0,1.0,1405.0
216,217,27,0,0,0,1.0,3162.0
216,217,28,1,1,1,1.0,2203.0
216,217,29,0,0,1,1.0,2443.0
216,217,30,3,0,1,1.0,4550.0
216,217,31,2,1,1,1.0,966.0
216,217,32,2,1,1,1.0,2650.0
216,217,33,3,0,0,1.0,5957.0
216,217,34,3,1,0,0.0,1056.0
216,217,35,1,1,1,1.0,2109.0
216,217,36,2,1,0,1.0,3809.0
216,217,37,0,0,1,1.0,1168.0
216,217,38,1,1,1,1.0,1559.0
216,217,39,0,0,1,1.0,851.0
216,217,40,1,1,0,1.0,1421.0
216,217,41,3,0,1,1.0,1496.0
216,217,42,1,1,1,1.0,2067.0
216,217,43,3,0,1,1.0,1439.0
216,217,44,2,1,1,1.0,832.0
216,217,45,0,0,1,1.0,638.0
216,217,46,0,0,0,1.0,1723.0
216,217,47,2,1,1,1.0,776.0
216,217,48,3,0,0,1.0,801.0
216,217,49,0,0,1,1.0,1409.0
216,217,50,3,0,1,1.0,918.0
216,217,51,2,1,1,1.0,1363.0
216,217,52,1,1,1,1.0,5942.0
216,217,53,1,1,1,1.0,1105.0
216,217,54,2,1,1,1.0,1438.0
216,217,55,0,0,1,1.0,1591.0
216,217,56,1,1,1,1.0,1780.0
216,217,57,2,1,0,1.0,699.0
216,217,58,1,1,0,1.0,1094.0
216,217,59,0,0,1,1.0,615.0
216,217,60,2,1,1,1.0,841.0
216,217,61,0,0,1,1.0,935.0
216,217,62,3,0,1,1.0,928.0
216,217,63,3,0,1,1.0,1936.0
216,217,64,3,0,1,1.0,2338.0
216,217,65,2,1,1,1.0,1093.0
216,217,66,1,1,1,1.0,1012.0
216,217,67,0,0,0,1.0,719.0
216,217,68,1,1,0,1.0,1303.0
216,217,69,2,0,0,0.0,1104.0
216,217,70,3,0,1,1.0,2915.0
216,217,71,0,0,1,1.0,1927.0
216,217,72,0,0,1,1.0,1043.0
216,217,73,3,0,0,1.0,736.0
216,217,74,3,0,1,1.0,1579.0
216,217,75,2,1,1,1.0,1180.0
216,217,76,1,1,1,1.0,3983.0
216,217,77,1,1,1,1.0,986.0
216,217,78,0,0,1,1.0,1132.0
216,217,79,2,0,0,0.0,857.0
216,217,80,3,0,1,1.0,673.0
216,217,81,1,1,1,1.0,1102.0
216,217,82,2,1,1,1.0,1869.0
216,217,83,1,1,1,1.0,1306.0
216,217,84,2,1,1,1.0,649.0
216,217,85,0,0,1,1.0,778.0
216,217,86,3,0,1,1.0,1009.0
216,217,87,0,0,1,1.0,772.0
216,217,88,3,0,1,1.0,1627.0
216,217,89,0,0,1,1.0,790.0
216,217,90,1,1,1,1.0,1013.0
216,217,91,3,0,1,1.0,6611.0
216,217,92,2,1,0,1.0,1570.0
216,217,93,2,1,1,1.0,619.0
216,217,94,1,1,1,1.0,3132.0
216,217,95,0,0,0,1.0,1678.0
216,217,96,0,0,0,1.0,642.0
216,217,97,1,1,0,1.0,1094.0
216,217,98,3,0,1,1.0,818.0
216,217,99,1,1,1,1.0,815.0
216,217,100,0,0,1,1.0,771.0
216,217,101,2,1,1,1.0,619.0
216,217,102,2,1,1,1.0,700.0
216,217,103,3,0,0,1.0,771.0
216,217,104,0,0,1,1.0,931.0
216,217,105,3,0,1,1.0,809.0
216,217,106,2,1,1,1.0,855.0
216,217,107,1,1,1,1.0,842.0
216,217,108,1,1,1,1.0,813.0
216,217,109,3,0,0,1.0,928.0
216,217,110,2,1,1,1.0,2993.0
216,217,111,0,0,1,1.0,734.0
216,217,112,3,0,1,1.0,1299.0
216,217,113,0,0,1,1.0,887.0
216,217,114,1,1,1,1.0,1411.0
216,217,115,3,0,1,1.0,8550.0
216,217,116,2,1,0,1.0,976.0
216,217,117,0,0,1,1.0,646.0
216,217,118,2,1,1,1.0,624.0
216,217,119,1,1,1,1.0,1459.0
217,218,0,1,0,1,1.0,1486.0
217,218,1,2,1,0,0.0,691.0
217,218,2,3,1,0,1.0,1014.0
217,218,3,3,0,1,0.0,829.0
217,218,4,2,0,1,1.0,897.0
217,218,5,0,1,0,1.0,1373.0
217,218,6,1,0,1,1.0,1104.0
217,218,7,0,0,0,0.0,810.0
217,218,8,1,0,0,1.0,769.0
217,218,9,3,1,1,1.0,1289.0
217,218,10,1,0,1,1.0,864.0
217,218,11,2,1,0,0.0,1488.0
217,218,12,0,0,0,0.0,893.0
217,218,13,3,1,1,1.0,1248.0
217,218,14,0,1,1,1.0,724.0
217,218,15,2,0,1,1.0,912.0
217,218,16,1,0,1,1.0,584.0
217,218,17,3,1,1,1.0,1404.0
217,218,18,1,0,1,1.0,642.0
217,218,19,2,0,1,1.0,1549.0
217,218,20,0,1,1,1.0,1363.0
217,218,21,3,1,1,1.0,793.0
217,218,22,0,1,1,1.0,1126.0
217,218,23,2,0,0,1.0,1162.0
217,218,24,1,0,1,1.0,698.0
217,218,25,0,0,0,0.0,1290.0
217,218,26,1,0,0,1.0,590.0
217,218,27,3,1,1,1.0,841.0
217,218,28,0,1,1,1.0,828.0
217,218,29,3,1,1,1.0,530.0
217,218,30,2,0,1,1.0,988.0
217,218,31,2,0,0,1.0,1242.0
217,218,32,2,1,0,0.0,1746.0
217,218,33,3,1,0,1.0,849.0
217,218,34,0,0,1,0.0,2203.0
217,218,35,3,0,0,0.0,1288.0
217,218,36,1,0,1,1.0,737.0
217,218,37,0,0,0,0.0,1351.0
217,218,38,2,0,1,1.0,929.0
217,218,39,1,0,0,1.0,697.0
217,218,40,1,1,0,0.0,772.0
217,218,41,3,1,1,1.0,1553.0
217,218,42,0,1,1,1.0,1155.0
217,218,43,2,0,1,1.0,830.0
217,218,44,1,0,1,1.0,970.0
217,218,45,3,1,1,1.0,768.0
217,218,46,0,0,0,0.0,940.0
217,218,47,2,0,1,1.0,1096.0
217,218,48,3,1,1,1.0,722.0
217,218,49,3,1,1,1.0,543.0
217,218,50,0,1,1,1.0,1350.0
217,218,51,2,0,1,1.0,1944.0
217,218,52,2,0,0,1.0,1379.0
217,218,53,0,0,0,0.0,1675.0
217,218,54,1,0,1,1.0,713.0
217,218,55,1,0,1,1.0,1465.0
217,218,56,3,1,0,1.0,798.0
217,218,57,2,0,1,1.0,2347.0
217,218,58,0,1,1,1.0,1194.0
217,218,59,3,1,1,1.0,1050.0
217,218,60,1,0,1,1.0,749.0
217,218,61,2,0,1,1.0,1028.0
217,218,62,0,1,0,1.0,1407.0
217,218,63,1,0,1,1.0,993.0
217,218,64,3,1,1,1.0,700.0
217,218,65,0,1,1,1.0,2336.0
217,218,66,1,0,0,1.0,949.0
217,218,67,0,1,1,1.0,958.0
217,218,68,1,0,1,1.0,918.0
217,218,69,2,0,1,1.0,1123.0
217,218,70,3,1,1,1.0,1522.0
217,218,71,2,0,1,1.0,976.0
217,218,72,0,1,0,1.0,1001.0
217,218,73,1,0,1,1.0,725.0
217,218,74,2,0,1,1.0,939.0
217,218,75,3,1,1,1.0,768.0
217,218,76,3,1,0,1.0,761.0
217,218,77,1,0,1,1.0,1291.0
217,218,78,0,1,1,1.0,2754.0
217,218,79,2,0,1,1.0,1087.0
217,218,80,1,0,1,1.0,2058.0
217,218,81,2,0,1,1.0,1318.0
217,218,82,1,1,0,0.0,1449.0
217,218,83,2,0,0,1.0,1161.0
217,218,84,0,1,1,1.0,819.0
217,218,85,3,1,1,1.0,962.0
217,218,86,0,1,1,1.0,2020.0
217,218,87,3,1,1,1.0,768.0
217,218,88,0,1,1,1.0,1387.0
217,218,89,0,1,1,1.0,1162.0
217,218,90,1,0,0,1.0,740.0
217,218,91,2,0,1,1.0,1561.0
217,218,92,3,1,1,1.0,760.0
217,218,93,3,1,1,1.0,1651.0
217,218,94,1,0,1,1.0,1247.0
217,218,95,2,0,0,1.0,1001.0
217,218,96,2,1,0,0.0,965.0
217,218,97,0,1,1,1.0,961.0
217,218,98,0,1,0,1.0,675.0
217,218,99,3,1,1,1.0,792.0
217,218,100,2,0,1,1.0,1046.0
217,218,101,1,0,1,1.0,799.0
217,218,102,1,0,1,1.0,894.0
217,218,103,3,1,0,1.0,1135.0
217,218,104,0,0,0,0.0,910.0
217,218,105,3,1,0,1.0,950.0
217,218,106,1,0,1,1.0,735.0
217,218,107,3,0,0,0.0,1321.0
217,218,108,2,1,0,0.0,1908.0
217,218,109,2,0,1,1.0,795.0
217,218,110,1,0,1,1.0,679.0
217,218,111,0,1,1,1.0,1285.0
217,218,112,2,0,1,1.0,1118.0
217,218,113,3,1,1,1.0,1718.0
217,218,114,1,0,1,1.0,605.0
217,218,115,1,0,1,1.0,691.0
217,218,116,2,0,1,1.0,1390.0
217,218,117,0,1,1,1.0,1407.0
217,218,118,3,1,1,1.0,969.0
217,218,119,0,1,0,1.0,1009.0
218,219,0,2,0,0,0.0,3358.0
218,219,1,0,0,1,1.0,2576.0
218,219,2,1,0,0,1.0,1041.0
218,219,3,0,0,1,1.0,1137.0
218,219,4,3,0,0,0.0,796.0
218,219,5,2,0,0,0.0,1027.0
218,219,6,3,1,1,1.0,1437.0
218,219,7,1,1,0,0.0,660.0
218,219,8,0,0,1,1.0,802.0
218,219,9,1,0,1,1.0,1165.0
218,219,10,3,1,1,1.0,659.0
218,219,11,0,0,1,1.0,474.0
218,219,12,1,0,1,1.0,417.0
218,219,13,3,1,1,1.0,528.0
218,219,14,2,0,0,0.0,683.0
218,219,15,2,1,1,1.0,593.0
218,219,16,0,0,1,1.0,503.0
218,219,17,0,0,1,1.0,658.0
218,219,18,1,0,1,1.0,800.0
218,219,19,3,1,0,1.0,717.0
218,219,20,2,1,0,1.0,1038.0
218,219,21,2,1,1,1.0,749.0
218,219,22,1,0,1,1.0,511.0
218,219,23,3,1,1,1.0,820.0
218,219,24,3,1,1,1.0,642.0
218,219,25,0,0,0,1.0,905.0
218,219,26,1,0,1,1.0,468.0
218,219,27,2,0,1,0.0,503.0
218,219,28,1,0,0,1.0,1361.0
218,219,29,2,1,1,1.0,977.0
218,219,30,3,1,0,1.0,1015.0
218,219,31,0,0,1,1.0,671.0
218,219,32,0,1,0,0.0,1807.0
218,219,33,3,1,1,1.0,621.0
218,219,34,1,0,1,1.0,780.0
218,219,35,3,1,1,1.0,664.0
218,219,36,2,1,1,1.0,567.0
218,219,37,2,1,1,1.0,798.0
218,219,38,0,0,1,1.0,633.0
218,219,39,1,0,1,1.0,548.0
218,219,40,3,1,1,1.0,615.0
218,219,41,1,0,1,1.0,690.0
218,219,42,1,0,1,1.0,917.0
218,219,43,0,0,1,1.0,733.0
218,219,44,2,1,0,1.0,819.0
218,219,45,0,0,1,1.0,704.0
218,219,46,3,1,1,1.0,693.0
218,219,47,2,1,1,1.0,1344.0
218,219,48,1,0,1,1.0,990.0
218,219,49,2,1,1,1.0,1319.0
218,219,50,3,1,1,1.0,551.0
218,219,51,1,0,0,1.0,454.0
218,219,52,0,0,1,1.0,533.0
218,219,53,0,0,0,1.0,645.0
218,219,54,3,1,0,1.0,684.0
218,219,55,2,1,1,1.0,881.0
218,219,56,3,1,1,1.0,652.0
218,219,57,0,1,0,0.0,839.0
218,219,58,1,0,1,1.0,730.0
218,219,59,2,1,0,1.0,567.0
218,219,60,2,1,1,1.0,444.0
218,219,61,3,1,0,1.0,676.0
218,219,62,0,0,1,1.0,1347.0
218,219,63,1,0,1,1.0,1199.0
218,219,64,2,1,1,1.0,479.0
218,219,65,1,0,1,1.0,562.0
218,219,66,0,0,1,1.0,544.0
218,219,67,0,0,1,1.0,610.0
218,219,68,3,1,1,1.0,812.0
218,219,69,2,1,1,1.0,589.0
218,219,70,1,0,1,1.0,761.0
218,219,71,3,1,1,1.0,541.0
218,219,72,2,1,1,1.0,804.0
218,219,73,0,0,0,1.0,729.0
218,219,74,3,1,1,1.0,659.0
218,219,75,1,0,0,1.0,732.0
218,219,76,1,0,1,1.0,600.0
218,219,77,2,1,1,1.0,466.0
218,219,78,3,1,1,1.0,453.0
218,219,79,0,0,1,1.0,687.0
218,219,80,2,1,0,1.0,527.0
218,219,81,0,0,1,1.0,1027.0
218,219,82,2,1,1,1.0,561.0
218,219,83,0,0,1,1.0,564.0
218,219,84,3,1,0,1.0,543.0
218,219,85,1,0,0,1.0,764.0
218,219,86,3,0,0,0.0,504.0
218,219,87,1,0,1,1.0,482.0
218,219,88,3,0,0,0.0,411.0
218,219,89,1,0,1,1.0,681.0
218,219,90,0,0,0,1.0,473.0
218,219,91,0,0,1,1.0,548.0
218,219,92,2,1,1,1.0,657.0
218,219,93,1,0,1,1.0,611.0
218,219,94,2,1,1,1.0,1204.0
218,219,95,3,1,1,1.0,575.0
218,219,96,3,1,1,1.0,607.0
218,219,97,3,1,1,1.0,577.0
218,219,98,0,0,1,1.0,524.0
218,219,99,1,0,1,1.0,610.0
218,219,100,0,0,1,1.0,860.0
218,219,101,2,1,1,1.0,556.0
218,219,102,1,0,1,1.0,610.0
218,219,103,2,1,1,1.0,2481.0
218,219,104,3,1,1,1.0,1247.0
218,219,105,0,0,1,1.0,628.0
218,219,106,1,0,1,1.0,1211.0
218,219,107,2,1,0,1.0,614.0
218,219,108,0,0,1,1.0,643.0
218,219,109,2,1,1,1.0,568.0
218,219,110,3,1,1,1.0,604.0
218,219,111,1,0,1,1.0,596.0
218,219,112,3,1,0,1.0,576.0
218,219,113,0,0,0,1.0,979.0
218,219,114,2,1,1,1.0,740.0
218,219,115,0,0,1,1.0,649.0
218,219,116,2,1,1,1.0,626.0
218,219,117,1,0,1,1.0,1062.0
218,219,118,1,0,0,1.0,464.0
218,219,119,3,1,1,1.0,534.0
219,220,0,0,0,1,1.0,1622.0
219,220,1,1,1,0,1.0,918.0
219,220,2,3,0,1,1.0,793.0
219,220,3,2,1,1,1.0,1084.0
219,220,4,3,0,1,1.0,970.0
219,220,5,0,1,0,0.0,924.0
219,220,6,2,1,1,1.0,1028.0
219,220,7,1,1,1,1.0,1044.0
219,220,8,1,1,1,1.0,543.0
219,220,9,2,1,1,1.0,955.0
219,220,10,3,0,0,1.0,1582.0
219,220,11,3,1,0,0.0,862.0
219,220,12,0,0,1,1.0,1379.0
219,220,13,0,0,1,1.0,714.0
219,220,14,2,1,1,1.0,567.0
219,220,15,1,1,1,1.0,741.0
219,220,16,2,1,1,1.0,789.0
219,220,17,3,1,0,0.0,767.0
219,220,18,0,1,0,0.0,814.0
219,220,19,1,1,1,1.0,717.0
219,220,20,0,0,1,1.0,464.0
219,220,21,3,1,0,0.0,969.0
219,220,22,1,1,1,1.0,806.0
219,220,23,2,1,1,1.0,688.0
219,220,24,3,0,1,1.0,706.0
219,220,25,1,1,1,1.0,1142.0
219,220,26,2,1,0,1.0,441.0
219,220,27,0,0,1,1.0,1046.0
219,220,28,1,1,1,1.0,1152.0
219,220,29,0,0,1,1.0,1326.0
219,220,30,3,0,1,1.0,1404.0
219,220,31,2,1,1,1.0,839.0
219,220,32,2,1,1,1.0,1451.0
219,220,33,3,0,1,1.0,1153.0
219,220,34,3,0,1,1.0,652.0
219,220,35,1,1,0,1.0,909.0
219,220,36,2,1,0,1.0,858.0
219,220,37,0,0,0,1.0,947.0
219,220,38,1,0,1,0.0,1012.0
219,220,39,0,1,1,0.0,1867.0
219,220,40,1,0,0,0.0,1610.0
219,220,41,3,0,0,1.0,1109.0
219,220,42,1,0,0,0.0,1361.0
219,220,43,3,0,1,1.0,995.0
219,220,44,2,0,0,0.0,984.0
219,220,45,0,0,1,1.0,1193.0
219,220,46,0,0,1,1.0,637.0
219,220,47,2,1,1,1.0,1058.0
219,220,48,3,0,1,1.0,686.0
219,220,49,0,0,1,1.0,573.0
219,220,50,3,0,0,1.0,726.0
219,220,51,2,1,1,1.0,975.0
219,220,52,1,0,0,0.0,1121.0
219,220,53,1,1,1,1.0,556.0
219,220,54,2,1,1,1.0,2413.0
219,220,55,0,0,1,1.0,833.0
219,220,56,1,1,1,1.0,1189.0
219,220,57,2,1,1,1.0,1981.0
219,220,58,1,1,1,1.0,1527.0
219,220,59,0,0,0,1.0,948.0
219,220,60,2,1,0,1.0,1168.0
219,220,61,0,0,1,1.0,1140.0
219,220,62,3,0,1,1.0,1302.0
219,220,63,3,0,1,1.0,1213.0
219,220,64,3,0,1,1.0,590.0
219,220,65,2,1,1,1.0,869.0
219,220,66,1,0,0,0.0,787.0
219,220,67,0,0,1,1.0,749.0
219,220,68,1,1,1,1.0,975.0
219,220,69,2,1,1,1.0,907.0
219,220,70,3,0,1,1.0,838.0
219,220,71,0,0,1,1.0,600.0
219,220,72,0,0,1,1.0,618.0
219,220,73,3,0,1,1.0,749.0
219,220,74,3,0,0,1.0,611.0
219,220,75,2,1,1,1.0,944.0
219,220,76,1,1,0,1.0,1160.0
219,220,77,1,0,1,0.0,600.0
219,220,78,0,0,0,1.0,997.0
219,220,79,2,1,1,1.0,906.0
219,220,80,3,0,1,1.0,1112.0
219,220,81,1,0,0,0.0,1343.0
219,220,82,2,1,1,1.0,2615.0
219,220,83,1,1,1,1.0,2026.0
219,220,84,2,1,0,1.0,1555.0
219,220,85,0,0,1,1.0,1142.0
219,220,86,3,0,1,1.0,696.0
219,220,87,0,0,1,1.0,745.0
219,220,88,3,0,1,1.0,668.0
219,220,89,0,0,1,1.0,541.0
219,220,90,1,1,0,1.0,749.0
219,220,91,3,0,1,1.0,512.0
219,220,92,2,1,1,1.0,698.0
219,220,93,2,1,1,1.0,707.0
219,220,94,1,0,0,0.0,2247.0
219,220,95,0,0,1,1.0,713.0
219,220,96,0,0,1,1.0,600.0
219,220,97,1,1,1,1.0,800.0
219,220,98,3,0,1,1.0,861.0
219,220,99,1,1,1,1.0,659.0
219,220,100,0,0,1,1.0,734.0
219,220,101,2,1,1,1.0,920.0
219,220,102,2,1,1,1.0,807.0
219,220,103,3,0,1,1.0,423.0
219,220,104,0,0,0,1.0,429.0
219,220,105,3,0,0,1.0,615.0
219,220,106,2,1,1,1.0,865.0
219,220,107,1,1,1,1.0,2221.0
219,220,108,1,1,1,1.0,671.0
219,220,109,3,1,1,0.0,546.0
219,220,110,2,1,0,1.0,670.0
219,220,111,0,1,0,0.0,956.0
219,220,112,3,1,0,0.0,818.0
219,220,113,0,0,0,1.0,865.0
219,220,114,1,1,1,1.0,811.0
219,220,115,3,1,0,0.0,760.0
219,220,116,2,1,1,1.0,781.0
219,220,117,0,0,1,1.0,662.0
219,220,118,2,1,1,1.0,980.0
219,220,119,1,1,1,1.0,788.0
220,221,0,1,1,0,0.0,1238.0
220,221,1,2,0,1,1.0,679.0
220,221,2,3,1,0,1.0,612.0
220,221,3,3,0,1,0.0,539.0
220,221,4,2,1,0,0.0,1684.0
220,221,5,0,0,0,0.0,610.0
220,221,6,1,1,0,0.0,944.0
220,221,7,0,0,0,0.0,888.0
220,221,8,1,1,0,0.0,801.0
220,221,9,3,0,0,0.0,717.0
220,221,10,1,0,1,1.0,1563.0
220,221,11,2,1,0,0.0,775.0
220,221,12,0,0,0,0.0,755.0
220,221,13,3,1,1,1.0,600.0
220,221,14,0,1,0,1.0,830.0
220,221,15,2,0,1,1.0,900.0
220,221,16,1,1,0,0.0,614.0
220,221,17,3,0,0,0.0,1039.0
220,221,18,1,1,1,0.0,339.0
220,221,19,2,0,1,1.0,836.0
220,221,20,0,0,1,0.0,3301.0
220,221,21,3,1,1,1.0,917.0
220,221,22,0,0,0,0.0,621.0
220,221,23,2,1,0,0.0,896.0
220,221,24,1,0,1,1.0,593.0
220,221,25,0,0,0,0.0,577.0
220,221,26,1,1,0,0.0,413.0
220,221,27,3,0,0,0.0,490.0
220,221,28,0,0,0,0.0,991.0
220,221,29,3,1,1,1.0,1201.0
220,221,30,2,0,0,1.0,1090.0
220,221,31,2,0,1,1.0,654.0
220,221,32,2,1,0,0.0,825.0
220,221,33,3,0,0,0.0,530.0
220,221,34,0,1,1,1.0,430.0
220,221,35,3,1,1,1.0,671.0
220,221,36,1,0,0,1.0,870.0
220,221,37,0,0,0,0.0,662.0
220,221,38,2,1,0,0.0,971.0
220,221,39,1,0,1,1.0,414.0
220,221,40,1,1,0,0.0,406.0
220,221,41,3,0,1,0.0,356.0
220,221,42,0,0,1,0.0,359.0
220,221,43,2,1,0,0.0,443.0
220,221,44,1,0,1,1.0,532.0
220,221,45,3,1,1,1.0,383.0
220,221,46,0,0,1,0.0,435.0
220,221,47,2,1,0,0.0,414.0
220,221,48,3,0,0,0.0,312.0
220,221,49,3,1,1,1.0,638.0
220,221,50,0,0,0,0.0,601.0
220,221,51,2,1,1,0.0,748.0
220,221,52,2,0,0,1.0,409.0
220,221,53,0,1,1,1.0,789.0
220,221,54,1,0,1,1.0,810.0
220,221,55,1,1,0,0.0,374.0
220,221,56,3,0,0,0.0,429.0
220,221,57,2,1,0,0.0,1186.0
220,221,58,0,0,0,0.0,796.0
220,221,59,3,1,0,1.0,808.0
220,221,60,1,0,1,1.0,670.0
220,221,61,2,0,1,1.0,462.0
220,221,62,0,1,1,1.0,1293.0
220,221,63,1,0,0,1.0,825.0
220,221,64,3,1,1,1.0,758.0
220,221,65,0,0,0,0.0,378.0
220,221,66,1,1,0,0.0,321.0
220,221,67,0,0,0,0.0,592.0
220,221,68,1,1,0,0.0,438.0
220,221,69,2,0,1,1.0,977.0
220,221,70,3,0,0,0.0,785.0
220,221,71,2,0,1,1.0,1573.0
220,221,72,0,1,1,1.0,1154.0
220,221,73,1,1,1,0.0,550.0
220,221,74,2,0,1,1.0,712.0
220,221,75,3,1,1,1.0,495.0
220,221,76,3,1,1,1.0,734.0
220,221,77,1,1,0,0.0,545.0
220,221,78,0,1,1,1.0,720.0
220,221,79,2,0,0,1.0,715.0
220,221,80,1,0,1,1.0,819.0
220,221,81,2,1,0,0.0,720.0
220,221,82,1,0,0,1.0,986.0
220,221,83,2,0,1,1.0,1169.0
220,221,84,0,1,1,1.0,754.0
220,221,85,3,1,1,1.0,1271.0
220,221,86,0,1,1,1.0,447.0
220,221,87,3,0,0,0.0,363.0
220,221,88,0,1,0,1.0,432.0
220,221,89,0,0,0,0.0,571.0
220,221,90,1,1,0,0.0,867.0
220,221,91,2,0,1,1.0,1005.0
220,221,92,3,0,0,0.0,402.0
220,221,93,3,1,0,1.0,500.0
220,221,94,1,0,1,1.0,585.0
220,221,95,2,1,0,0.0,315.0
220,221,96,2,0,1,1.0,358.0
220,221,97,0,1,1,1.0,579.0
220,221,98,0,0,0,0.0,441.0
220,221,99,3,1,1,1.0,443.0
220,221,100,2,0,1,1.0,1085.0
220,221,101,1,0,1,1.0,1089.0
220,221,102,1,0,1,1.0,768.0
220,221,103,3,1,1,1.0,886.0
220,221,104,0,1,1,1.0,1071.0
220,221,105,3,0,1,0.0,1114.0
220,221,106,1,0,1,1.0,702.0
220,221,107,3,1,1,1.0,539.0
220,221,108,2,0,1,1.0,600.0
220,221,109,2,1,0,0.0,628.0
220,221,110,1,0,1,1.0,441.0
220,221,111,0,1,0,1.0,316.0
220,221,112,2,0,1,1.0,452.0
220,221,113,3,1,1,1.0,920.0
220,221,114,1,0,0,1.0,581.0
220,221,115,1,1,0,0.0,519.0
220,221,116,2,1,0,0.0,1055.0
220,221,117,0,0,0,0.0,407.0
220,221,118,3,1,0,1.0,542.0
220,221,119,0,0,1,0.0,620.0
221,222,0,2,0,0,0.0,1946.0
221,222,1,0,1,0,0.0,2643.0
221,222,2,1,0,0,1.0,1485.0
221,222,3,0,0,1,1.0,1497.0
221,222,4,3,1,1,1.0,1265.0
221,222,5,2,1,1,1.0,1250.0
221,222,6,3,0,0,0.0,2309.0
221,222,7,1,1,0,0.0,2452.0
221,222,8,0,0,1,1.0,2917.0
221,222,9,1,0,1,1.0,3391.0
221,222,10,3,0,0,0.0,1907.0
221,222,11,0,0,1,1.0,1893.0
221,222,12,1,0,1,1.0,3406.0
221,222,13,3,0,0,0.0,1876.0
221,222,14,2,0,0,0.0,919.0
221,222,15,2,1,0,1.0,1763.0
221,222,16,0,0,1,1.0,1768.0
221,222,17,0,0,1,1.0,809.0
221,222,18,1,0,1,1.0,1754.0
221,222,19,3,0,1,0.0,1394.0
221,222,20,2,0,0,0.0,1077.0
221,222,21,2,1,1,1.0,1119.0
221,222,22,1,0,1,1.0,1189.0
221,222,23,3,0,0,0.0,943.0
221,222,24,3,0,0,0.0,589.0
221,222,25,0,0,1,1.0,1903.0
221,222,26,1,0,1,1.0,2902.0
221,222,27,2,1,1,1.0,1947.0
221,222,28,1,0,0,1.0,976.0
221,222,29,2,1,1,1.0,815.0
221,222,30,3,0,0,0.0,1302.0
221,222,31,0,0,0,1.0,1378.0
221,222,32,0,0,1,1.0,4057.0
221,222,33,3,1,1,1.0,1474.0
221,222,34,1,0,1,1.0,1505.0
221,222,35,3,1,1,1.0,999.0
221,222,36,2,1,1,1.0,1043.0
221,222,37,2,1,0,1.0,797.0
221,222,38,0,0,1,1.0,1410.0
221,222,39,1,0,1,1.0,1583.0
221,222,40,3,1,0,1.0,1082.0
221,222,41,1,0,1,1.0,911.0
221,222,42,1,0,1,1.0,823.0
221,222,43,0,0,1,1.0,810.0
221,222,44,2,1,1,1.0,931.0
221,222,45,0,1,0,0.0,2787.0
221,222,46,3,1,1,1.0,892.0
221,222,47,2,0,1,0.0,1233.0
221,222,48,1,0,1,1.0,1928.0
221,222,49,2,0,0,0.0,2118.0
221,222,50,3,1,1,1.0,1771.0
221,222,51,1,0,0,1.0,839.0
221,222,52,0,0,1,1.0,1447.0
221,222,53,0,0,1,1.0,877.0
221,222,54,3,1,0,1.0,796.0
221,222,55,2,1,1,1.0,1821.0
221,222,56,3,1,1,1.0,1367.0
221,222,57,0,0,0,1.0,872.0
221,222,58,1,0,1,1.0,918.0
221,222,59,2,1,1,1.0,1044.0
221,222,60,2,1,0,1.0,689.0
221,222,61,3,1,1,1.0,827.0
221,222,62,0,0,1,1.0,883.0
221,222,63,1,0,1,1.0,1914.0
221,222,64,2,0,1,0.0,795.0
221,222,65,1,0,1,1.0,1273.0
221,222,66,0,0,1,1.0,1195.0
221,222,67,0,0,1,1.0,778.0
221,222,68,3,1,1,1.0,925.0
221,222,69,2,1,1,1.0,1407.0
221,222,70,1,0,1,1.0,690.0
221,222,71,3,1,1,1.0,881.0
221,222,72,2,1,1,1.0,1255.0
221,222,73,0,0,0,1.0,1455.0
221,222,74,3,1,1,1.0,1513.0
221,222,75,1,0,0,1.0,641.0
221,222,76,1,0,1,1.0,557.0
221,222,77,2,0,0,0.0,965.0
221,222,78,3,1,0,1.0,1317.0
221,222,79,0,0,1,1.0,2388.0
221,222,80,2,0,0,0.0,1519.0
221,222,81,0,0,1,1.0,843.0
221,222,82,2,1,1,1.0,468.0
221,222,83,0,0,1,1.0,620.0
221,222,84,3,1,1,1.0,766.0
221,222,85,1,0,0,1.0,889.0
221,222,86,3,1,0,1.0,1598.0
221,222,87,1,0,1,1.0,992.0
221,222,88,3,1,1,1.0,966.0
221,222,89,1,0,1,1.0,1155.0
221,222,90,0,0,0,1.0,1941.0
221,222,91,0,0,1,1.0,837.0
221,222,92,2,0,0,0.0,670.0
221,222,93,1,0,1,1.0,953.0
221,222,94,2,1,1,1.0,2368.0
221,222,95,3,1,1,1.0,866.0
221,222,96,3,1,1,1.0,724.0
221,222,97,3,1,1,1.0,876.0
221,222,98,0,0,1,1.0,996.0
221,222,99,1,0,1,1.0,766.0
221,222,100,0,0,1,1.0,2450.0
221,222,101,2,1,1,1.0,1168.0
221,222,102,1,0,1,1.0,628.0
221,222,103,2,0,0,0.0,749.0
221,222,104,3,1,0,1.0,1407.0
221,222,105,0,0,1,1.0,1275.0
221,222,106,1,0,1,1.0,836.0
221,222,107,2,1,0,1.0,585.0
221,222,108,0,0,1,1.0,875.0
221,222,109,2,1,1,1.0,633.0
221,222,110,3,1,1,1.0,1012.0
221,222,111,1,0,1,1.0,1122.0
221,222,112,3,1,1,1.0,1106.0
221,222,113,0,0,0,1.0,1687.0
221,222,114,2,0,0,0.0,613.0
221,222,115,0,0,1,1.0,1233.0
221,222,116,2,1,1,1.0,800.0
221,222,117,1,0,1,1.0,1407.0
221,222,118,1,0,0,1.0,630.0
221,222,119,3,1,1,1.0,1489.0
222,223,0,3,0,1,0.0,841.0
222,223,1,1,0,1,0.0,1324.0
222,223,2,0,0,0,1.0,665.0
222,223,3,0,1,0,0.0,929.0
222,223,4,2,0,0,1.0,796.0
222,223,5,1,0,0,0.0,636.0
222,223,6,2,0,1,1.0,969.0
222,223,7,3,0,0,0.0,522.0
222,223,8,0,1,0,0.0,994.0
222,223,9,3,0,0,0.0,790.0
222,223,10,3,1,1,1.0,670.0
222,223,11,0,1,1,0.0,1119.0
222,223,12,1,0,0,0.0,1302.0
222,223,13,1,1,0,1.0,1018.0
222,223,14,2,1,0,0.0,1437.0
222,223,15,2,0,1,1.0,982.0
222,223,16,0,0,1,1.0,1231.0
222,223,17,1,0,0,0.0,718.0
222,223,18,2,0,1,1.0,1194.0
222,223,19,3,1,1,1.0,1879.0
222,223,20,0,0,1,1.0,1526.0
222,223,21,3,1,0,1.0,1093.0
222,223,22,2,0,1,1.0,887.0
222,223,23,1,0,0,0.0,1131.0
222,223,24,3,1,1,1.0,1126.0
222,223,25,1,1,1,1.0,647.0
222,223,26,3,1,1,1.0,961.0
222,223,27,2,0,1,1.0,844.0
222,223,28,0,1,0,0.0,1146.0
222,223,29,0,0,1,1.0,677.0
222,223,30,1,1,1,1.0,1203.0
222,223,31,2,0,0,1.0,715.0
222,223,32,3,1,1,1.0,2230.0
222,223,33,2,0,1,1.0,871.0
222,223,34,0,1,0,0.0,744.0
222,223,35,3,0,0,0.0,548.0
222,223,36,1,1,1,1.0,1391.0
222,223,37,1,1,1,1.0,526.0
222,223,38,0,1,1,0.0,1338.0
222,223,39,2,0,1,1.0,612.0
222,223,40,1,1,1,1.0,1043.0
222,223,41,0,0,1,1.0,766.0
222,223,42,1,1,1,1.0,976.0
222,223,43,3,0,0,0.0,758.0
222,223,44,0,1,0,0.0,1333.0
222,223,45,2,0,1,1.0,754.0
222,223,46,2,0,1,1.0,802.0
222,223,47,3,1,0,1.0,1540.0
222,223,48,1,1,1,1.0,750.0
222,223,49,0,0,0,1.0,580.0
222,223,50,2,0,1,1.0,422.0
222,223,51,1,1,0,1.0,898.0
222,223,52,0,0,1,1.0,1295.0
222,223,53,3,0,0,0.0,746.0
222,223,54,2,0,1,1.0,958.0
222,223,55,3,1,1,1.0,1045.0
222,223,56,3,1,1,1.0,545.0
222,223,57,0,0,1,1.0,918.0
222,223,58,1,0,1,0.0,588.0
222,223,59,0,0,1,1.0,991.0
222,223,60,2,0,0,1.0,739.0
222,223,61,2,0,1,1.0,583.0
222,223,62,3,1,1,1.0,733.0
222,223,63,1,1,1,1.0,1533.0
222,223,64,3,1,1,1.0,852.0
222,223,65,0,0,1,1.0,426.0
222,223,66,1,1,1,1.0,664.0
222,223,67,1,1,0,1.0,542.0
222,223,68,3,0,1,0.0,831.0
222,223,69,2,0,1,1.0,591.0
222,223,70,2,0,0,1.0,825.0
222,223,71,0,1,0,0.0,1367.0
222,223,72,3,1,1,1.0,884.0
222,223,73,2,0,1,1.0,918.0
222,223,74,0,1,0,0.0,862.0
222,223,75,1,1,1,1.0,630.0
222,223,76,1,1,1,1.0,657.0
222,223,77,3,1,0,1.0,762.0
222,223,78,0,0,0,1.0,943.0
222,223,79,2,0,1,1.0,912.0
222,223,80,0,1,0,0.0,875.0
222,223,81,0,0,1,1.0,1061.0
222,223,82,2,0,1,1.0,705.0
222,223,83,1,0,0,0.0,520.0
222,223,84,1,1,1,1.0,755.0
222,223,85,2,0,1,1.0,664.0
222,223,86,3,1,1,1.0,1209.0
222,223,87,3,1,1,1.0,659.0
222,223,88,3,1,1,1.0,630.0
222,223,89,1,1,1,1.0,1327.0
222,223,90,0,1,1,0.0,1705.0
222,223,91,0,0,1,1.0,1113.0
222,223,92,2,0,1,1.0,695.0
222,223,93,2,0,0,1.0,570.0
222,223,94,3,1,0,1.0,1307.0
222,223,95,1,1,1,1.0,1154.0
222,223,96,0,1,0,0.0,823.0
222,223,97,2,0,1,1.0,454.0
222,223,98,1,1,1,1.0,729.0
222,223,99,1,1,0,1.0,626.0
222,223,100,2,0,0,1.0,670.0
222,223,101,3,0,0,0.0,669.0
222,223,102,3,0,0,0.0,1094.0
222,223,103,0,1,0,0.0,395.0
222,223,104,2,0,1,1.0,723.0
222,223,105,3,0,0,0.0,755.0
222,223,106,1,1,1,1.0,783.0
222,223,107,3,0,0,0.0,634.0
222,223,108,2,0,1,1.0,836.0
222,223,109,0,1,0,0.0,740.0
222,223,110,0,1,1,0.0,1121.0
222,223,111,1,1,1,1.0,832.0
222,223,112,2,0,1,1.0,665.0
222,223,113,3,0,0,0.0,535.0
222,223,114,1,1,1,1.0,888.0
222,223,115,0,0,1,1.0,1025.0
222,223,116,3,1,1,1.0,718.0
222,223,117,1,1,1,1.0,750.0
222,223,118,2,0,1,1.0,774.0
222,223,119,0,1,0,0.0,838.0
223,224,0,0,1,0,0.0,1708.0
223,224,1,1,1,0,1.0,2677.0
223,224,2,3,1,0,0.0,1386.0
223,224,3,2,1,1,1.0,788.0
223,224,4,3,0,1,1.0,1293.0
223,224,5,0,0,1,1.0,775.0
223,224,6,2,1,1,1.0,693.0
223,224,7,1,0,1,0.0,687.0
223,224,8,1,0,0,0.0,942.0
223,224,9,2,1,1,1.0,891.0
223,224,10,3,0,1,1.0,1061.0
223,224,11,3,0,0,1.0,760.0
223,224,12,0,0,1,1.0,624.0
223,224,13,0,0,1,1.0,612.0
223,224,14,2,1,1,1.0,927.0
223,224,15,1,0,0,0.0,869.0
223,224,16,2,1,1,1.0,699.0
223,224,17,3,0,1,1.0,1294.0
223,224,18,0,0,1,1.0,920.0
223,224,19,1,0,0,0.0,991.0
223,224,20,0,0,1,1.0,637.0
223,224,21,3,0,1,1.0,841.0
223,224,22,1,0,0,0.0,1554.0
223,224,23,2,1,1,1.0,761.0
223,224,24,3,0,1,1.0,672.0
223,224,25,1,1,1,1.0,721.0
223,224,26,2,1,0,1.0,551.0
223,224,27,0,0,1,1.0,785.0
223,224,28,1,1,1,1.0,951.0
223,224,29,0,0,0,1.0,1317.0
223,224,30,3,0,1,1.0,929.0
223,224,31,2,0,0,0.0,902.0
223,224,32,2,1,1,1.0,2040.0
223,224,33,3,0,0,1.0,991.0
223,224,34,3,1,0,0.0,1039.0
223,224,35,1,1,1,1.0,983.0
223,224,36,2,1,1,1.0,978.0
223,224,37,0,0,1,1.0,978.0
223,224,38,1,1,1,1.0,812.0
223,224,39,0,0,1,1.0,786.0
223,224,40,1,1,1,1.0,1275.0
223,224,41,3,0,1,1.0,966.0
223,224,42,1,1,1,1.0,738.0
223,224,43,3,0,1,1.0,813.0
223,224,44,2,1,0,1.0,447.0
223,224,45,0,0,1,1.0,688.0
223,224,46,0,0,1,1.0,896.0
223,224,47,2,1,1,1.0,703.0
223,224,48,3,0,0,1.0,515.0
223,224,49,0,0,0,1.0,1055.0
223,224,50,3,0,1,1.0,758.0
223,224,51,2,1,1,1.0,714.0
223,224,52,1,1,1,1.0,1444.0
223,224,53,1,1,0,1.0,768.0
223,224,54,2,1,1,1.0,1335.0
223,224,55,0,0,1,1.0,1502.0
223,224,56,1,1,1,1.0,938.0
223,224,57,2,0,0,0.0,1139.0
223,224,58,1,1,1,1.0,1282.0
223,224,59,0,0,1,1.0,1170.0
223,224,60,2,1,1,1.0,834.0
223,224,61,0,0,1,1.0,940.0
223,224,62,3,0,1,1.0,699.0
223,224,63,3,0,1,1.0,1058.0
223,224,64,3,0,1,1.0,523.0
223,224,65,2,1,0,1.0,857.0
223,224,66,1,0,1,0.0,633.0
223,224,67,0,0,1,1.0,1054.0
223,224,68,1,1,1,1.0,1224.0
223,224,69,2,1,1,1.0,713.0
223,224,70,3,0,1,1.0,815.0
223,224,71,0,0,0,1.0,641.0
223,224,72,0,0,1,1.0,578.0
223,224,73,3,0,0,1.0,806.0
223,224,74,3,0,1,1.0,607.0
223,224,75,2,0,0,0.0,775.0
223,224,76,1,1,1,1.0,765.0
223,224,77,1,1,0,1.0,609.0
223,224,78,0,0,1,1.0,942.0
223,224,79,2,1,1,1.0,733.0
223,224,80,3,0,1,1.0,955.0
223,224,81,1,1,1,1.0,1019.0
223,224,82,2,1,1,1.0,1175.0
223,224,83,1,1,0,1.0,962.0
223,224,84,2,1,1,1.0,694.0
223,224,85,0,0,1,1.0,908.0
223,224,86,3,0,1,1.0,736.0
223,224,87,0,0,1,1.0,685.0
223,224,88,3,0,1,1.0,471.0
223,224,89,0,0,1,1.0,587.0
223,224,90,1,1,1,1.0,925.0
223,224,91,3,0,1,1.0,785.0
223,224,92,2,1,1,1.0,933.0
223,224,93,2,1,0,1.0,788.0
223,224,94,1,1,1,1.0,997.0
223,224,95,0,0,1,1.0,802.0
223,224,96,0,0,0,1.0,739.0
223,224,97,1,1,1,1.0,750.0
223,224,98,3,0,1,1.0,650.0
223,224,99,1,1,1,1.0,730.0
223,224,100,0,0,0,1.0,882.0
223,224,101,2,1,1,1.0,847.0
223,224,102,2,1,1,1.0,575.0
223,224,103,3,0,0,1.0,689.0
223,224,104,0,0,1,1.0,606.0
223,224,105,3,0,1,1.0,494.0
223,224,106,2,1,1,1.0,495.0
223,224,107,1,1,1,1.0,1051.0
223,224,108,1,1,1,1.0,533.0
223,224,109,3,0,0,1.0,603.0
223,224,110,2,0,1,0.0,867.0
223,224,111,0,0,1,1.0,765.0
223,224,112,3,0,1,1.0,623.0
223,224,113,0,0,1,1.0,627.0
223,224,114,1,1,0,1.0,656.0
223,224,115,3,0,1,1.0,1021.0
223,224,116,2,0,0,0.0,809.0
223,224,117,0,0,1,1.0,699.0
223,224,118,2,0,1,0.0,581.0
223,224,119,1,1,1,1.0,1126.0
224,225,0,1,0,1,1.0,1011.0
224,225,1,2,1,0,0.0,546.0
224,225,2,3,1,0,1.0,837.0
224,225,3,3,0,1,0.0,572.0
224,225,4,2,0,1,1.0,577.0
224,225,5,0,1,0,1.0,758.0
224,225,6,1,0,1,1.0,615.0
224,225,7,0,0,0,0.0,394.0
224,225,8,1,0,0,1.0,699.0
224,225,9,3,0,0,0.0,1082.0
224,225,10,1,0,1,1.0,836.0
224,225,11,2,1,0,0.0,760.0
224,225,12,0,0,0,0.0,685.0
224,225,13,3,0,0,0.0,1255.0
224,225,14,0,1,1,1.0,688.0
224,225,15,2,1,0,0.0,557.0
224,225,16,1,0,1,1.0,679.0
224,225,17,3,1,1,1.0,1364.0
224,225,18,1,1,0,0.0,1316.0
224,225,19,2,1,0,0.0,939.0
224,225,20,0,1,1,1.0,673.0
224,225,21,3,1,1,1.0,746.0
224,225,22,0,0,0,0.0,834.0
224,225,23,2,1,0,0.0,704.0
224,225,24,1,0,1,1.0,559.0
224,225,25,0,1,1,1.0,557.0
224,225,26,1,0,1,1.0,540.0
224,225,27,3,1,1,1.0,812.0
224,225,28,0,1,1,1.0,1077.0
224,225,29,3,1,1,1.0,747.0
224,225,30,2,0,1,1.0,509.0
224,225,31,2,0,1,1.0,534.0
224,225,32,2,0,0,1.0,1664.0
224,225,33,3,1,1,1.0,990.0
224,225,34,0,1,1,1.0,736.0
224,225,35,3,1,1,1.0,597.0
224,225,36,1,0,0,1.0,677.0
224,225,37,0,1,1,1.0,754.0
224,225,38,2,1,0,0.0,620.0
224,225,39,1,0,1,1.0,1536.0
224,225,40,1,0,0,1.0,864.0
224,225,41,3,1,0,1.0,1112.0
224,225,42,0,1,1,1.0,1539.0
224,225,43,2,0,1,1.0,1035.0
224,225,44,1,0,1,1.0,1138.0
224,225,45,3,1,1,1.0,633.0
224,225,46,0,1,0,1.0,638.0
224,225,47,2,0,0,1.0,920.0
224,225,48,3,1,1,1.0,1808.0
224,225,49,3,1,1,1.0,1141.0
224,225,50,0,1,1,1.0,931.0
224,225,51,2,1,0,0.0,898.0
224,225,52,2,0,1,1.0,1190.0
224,225,53,0,1,1,1.0,696.0
224,225,54,1,0,1,1.0,1195.0
224,225,55,1,0,1,1.0,980.0
224,225,56,3,1,1,1.0,591.0
224,225,57,2,0,1,1.0,921.0
224,225,58,0,1,0,1.0,647.0
224,225,59,3,1,0,1.0,1113.0
224,225,60,1,1,0,0.0,1265.0
224,225,61,2,0,1,1.0,1251.0
224,225,62,0,1,1,1.0,694.0
224,225,63,1,0,1,1.0,1089.0
224,225,64,3,1,1,1.0,449.0
224,225,65,0,1,1,1.0,622.0
224,225,66,1,0,1,1.0,714.0
224,225,67,0,1,1,1.0,644.0
224,225,68,1,0,0,1.0,724.0
224,225,69,2,0,1,1.0,1593.0
224,225,70,3,1,1,1.0,1079.0
224,225,71,2,1,1,0.0,1005.0
224,225,72,0,1,1,1.0,750.0
224,225,73,1,0,1,1.0,1012.0
224,225,74,2,1,0,0.0,720.0
224,225,75,3,1,1,1.0,711.0
224,225,76,3,1,1,1.0,672.0
224,225,77,1,1,0,0.0,2148.0
224,225,78,0,1,1,1.0,698.0
224,225,79,2,1,0,0.0,611.0
224,225,80,1,0,1,1.0,795.0
224,225,81,2,0,0,1.0,630.0
224,225,82,1,1,0,0.0,780.0
224,225,83,2,0,1,1.0,738.0
224,225,84,0,1,1,1.0,566.0
224,225,85,3,1,0,1.0,527.0
224,225,86,0,1,0,1.0,706.0
224,225,87,3,0,0,0.0,1316.0
224,225,88,0,1,1,1.0,538.0
224,225,89,0,1,1,1.0,601.0
224,225,90,1,1,1,0.0,915.0
224,225,91,2,0,1,1.0,1087.0
224,225,92,3,1,1,1.0,588.0
224,225,93,3,0,0,0.0,604.0
224,225,94,1,0,1,1.0,1379.0
224,225,95,2,0,1,1.0,1078.0
224,225,96,2,0,1,1.0,700.0
224,225,97,0,1,0,1.0,560.0
224,225,98,0,0,1,0.0,927.0
224,225,99,3,1,1,1.0,830.0
224,225,100,2,0,1,1.0,712.0
224,225,101,1,0,1,1.0,803.0
224,225,102,1,0,0,1.0,750.0
224,225,103,3,1,1,1.0,720.0
224,225,104,0,1,1,1.0,756.0
224,225,105,3,1,1,1.0,692.0
224,225,106,1,0,1,1.0,767.0
224,225,107,3,1,1,1.0,650.0
224,225,108,2,1,0,0.0,697.0
224,225,109,2,0,1,1.0,679.0
224,225,110,1,0,1,1.0,647.0
224,225,111,0,0,0,0.0,543.0
224,225,112,2,0,1,1.0,828.0
224,225,113,3,1,0,1.0,643.0
224,225,114,1,0,1,1.0,801.0
224,225,115,1,0,1,1.0,691.0
224,225,116,2,0,0,1.0,1195.0
224,225,117,0,1,1,1.0,755.0
224,225,118,3,1,0,1.0,679.0
224,225,119,0,0,0,0.0,1033.0
225,226,0,3,0,1,0.0,1394.0
225,226,1,1,0,1,0.0,1324.0
225,226,2,0,1,0,0.0,1285.0
225,226,3,0,0,0,1.0,667.0
225,226,4,2,0,0,1.0,1467.0
225,226,5,1,0,0,0.0,966.0
225,226,6,2,1,0,0.0,1164.0
225,226,7,3,0,0,0.0,1094.0
225,226,8,0,0,1,1.0,891.0
225,226,9,3,1,1,1.0,1162.0
225,226,10,3,1,1,1.0,568.0
225,226,11,0,0,1,1.0,1127.0
225,226,12,1,0,0,0.0,790.0
225,226,13,1,1,0,1.0,506.0
225,226,14,2,1,0,0.0,1849.0
225,226,15,2,0,1,1.0,561.0
225,226,16,0,1,0,0.0,1036.0
225,226,17,1,1,1,1.0,1587.0
225,226,18,2,0,1,1.0,1289.0
225,226,19,3,0,0,0.0,1182.0
225,226,20,0,0,1,1.0,1075.0
225,226,21,3,1,0,1.0,2430.0
225,226,22,2,1,1,0.0,1104.0
225,226,23,1,1,1,1.0,983.0
225,226,24,3,0,0,0.0,2066.0
225,226,25,1,1,1,1.0,1404.0
225,226,26,3,1,1,1.0,969.0
225,226,27,2,1,0,0.0,699.0
225,226,28,0,0,1,1.0,751.0
225,226,29,0,0,0,1.0,528.0
225,226,30,1,1,1,1.0,1959.0
225,226,31,2,0,1,1.0,1139.0
225,226,32,3,0,0,0.0,1718.0
225,226,33,2,0,1,1.0,1225.0
225,226,34,0,0,1,1.0,1748.0
225,226,35,3,1,1,1.0,910.0
225,226,36,1,1,1,1.0,843.0
225,226,37,1,1,1,1.0,1221.0
225,226,38,0,0,1,1.0,1362.0
225,226,39,2,0,1,1.0,1586.0
225,226,40,1,1,1,1.0,613.0
225,226,41,0,0,1,1.0,1142.0
225,226,42,1,0,0,0.0,1055.0
225,226,43,3,1,1,1.0,797.0
225,226,44,0,0,1,1.0,804.0
225,226,45,2,0,0,1.0,1237.0
225,226,46,2,0,1,1.0,1224.0
225,226,47,3,1,0,1.0,824.0
225,226,48,1,1,0,1.0,661.0
225,226,49,0,0,0,1.0,702.0
225,226,50,2,0,1,1.0,1284.0
225,226,51,1,1,1,1.0,958.0
225,226,52,0,0,1,1.0,954.0
225,226,53,3,0,0,0.0,890.0
225,226,54,2,0,1,1.0,978.0
225,226,55,3,0,1,0.0,650.0
225,226,56,3,1,1,1.0,830.0
225,226,57,0,0,1,1.0,1748.0
225,226,58,1,0,0,0.0,863.0
225,226,59,0,0,1,1.0,1003.0
225,226,60,2,0,1,1.0,1222.0
225,226,61,2,0,1,1.0,716.0
225,226,62,3,1,1,1.0,698.0
225,226,63,1,0,1,0.0,964.0
225,226,64,3,1,1,1.0,1010.0
225,226,65,0,0,0,1.0,1308.0
225,226,66,1,0,0,0.0,1334.0
225,226,67,1,1,1,1.0,962.0
225,226,68,3,1,1,1.0,1076.0
225,226,69,2,0,1,1.0,1825.0
225,226,70,2,0,0,1.0,553.0
225,226,71,0,1,1,0.0,1739.0
225,226,72,3,1,1,1.0,1601.0
225,226,73,2,0,1,1.0,637.0
225,226,74,0,1,0,0.0,2222.0
225,226,75,1,0,0,0.0,1258.0
225,226,76,1,0,0,0.0,950.0
225,226,77,3,1,0,1.0,891.0
225,226,78,0,1,0,0.0,1012.0
225,226,79,2,0,1,1.0,1167.0
225,226,80,0,1,1,0.0,1019.0
225,226,81,0,1,0,0.0,542.0
225,226,82,2,0,0,1.0,669.0
225,226,83,1,0,0,0.0,611.0
225,226,84,1,1,0,1.0,462.0
225,226,85,2,0,1,1.0,1326.0
225,226,86,3,1,1,1.0,799.0
225,226,87,3,1,1,1.0,824.0
225,226,88,3,1,1,1.0,462.0
225,226,89,1,0,0,0.0,741.0
225,226,90,0,1,0,0.0,1024.0
225,226,91,0,1,0,0.0,525.0
225,226,92,2,0,1,1.0,857.0
225,226,93,2,0,1,1.0,467.0
225,226,94,3,0,0,0.0,1418.0
225,226,95,1,0,0,0.0,1031.0
225,226,96,0,0,1,1.0,1495.0
225,226,97,2,0,1,1.0,650.0
225,226,98,1,1,1,1.0,433.0
225,226,99,1,1,1,1.0,469.0
225,226,100,2,0,1,1.0,784.0
225,226,101,3,1,0,1.0,689.0
225,226,102,3,0,0,0.0,782.0
225,226,103,0,0,1,1.0,1018.0
225,226,104,2,0,0,1.0,1569.0
225,226,105,3,1,1,1.0,865.0
225,226,106,1,1,1,1.0,1389.0
225,226,107,3,0,0,0.0,574.0
225,226,108,2,0,1,1.0,495.0
225,226,109,0,0,1,1.0,808.0
225,226,110,0,0,1,1.0,517.0
225,226,111,1,1,1,1.0,685.0
225,226,112,2,0,0,1.0,1077.0
225,226,113,3,1,1,1.0,959.0
225,226,114,1,1,1,1.0,1065.0
225,226,115,0,0,1,1.0,898.0
225,226,116,3,1,1,1.0,782.0
225,226,117,1,0,0,0.0,643.0
225,226,118,2,0,1,1.0,993.0
225,226,119,0,1,0,0.0,837.0
226,227,0,0,1,0,0.0,1230.0
226,227,1,1,1,0,1.0,787.0
226,227,2,3,1,0,0.0,444.0
226,227,3,2,1,1,1.0,312.0
226,227,4,3,0,1,1.0,550.0
226,227,5,0,0,1,1.0,475.0
226,227,6,2,1,1,1.0,762.0
226,227,7,1,0,1,0.0,538.0
226,227,8,1,0,0,0.0,559.0
226,227,9,2,1,1,1.0,713.0
226,227,10,3,0,1,1.0,909.0
226,227,11,3,0,0,1.0,491.0
226,227,12,0,0,1,1.0,699.0
226,227,13,0,0,1,1.0,595.0
226,227,14,2,1,1,1.0,691.0
226,227,15,1,0,0,0.0,1262.0
226,227,16,2,1,1,1.0,689.0
226,227,17,3,0,1,1.0,813.0
226,227,18,0,0,1,1.0,605.0
226,227,19,1,1,1,1.0,645.0
226,227,20,0,0,1,1.0,758.0
226,227,21,3,0,1,1.0,595.0
226,227,22,1,1,1,1.0,516.0
226,227,23,2,0,0,0.0,646.0
226,227,24,3,0,1,1.0,570.0
226,227,25,1,1,1,1.0,634.0
226,227,26,2,1,1,1.0,478.0
226,227,27,0,0,1,1.0,523.0
226,227,28,1,1,1,1.0,804.0
226,227,29,0,0,0,1.0,794.0
226,227,30,3,0,1,1.0,681.0
226,227,31,2,1,0,1.0,875.0
226,227,32,2,1,1,1.0,1244.0
226,227,33,3,0,0,1.0,1015.0
226,227,34,3,0,1,1.0,663.0
226,227,35,1,1,1,1.0,943.0
226,227,36,2,1,1,1.0,666.0
226,227,37,0,0,1,1.0,652.0
226,227,38,1,1,1,1.0,1045.0
226,227,39,0,0,1,1.0,620.0
226,227,40,1,1,1,1.0,803.0
226,227,41,3,0,1,1.0,485.0
226,227,42,1,1,0,1.0,654.0
226,227,43,3,0,0,1.0,629.0
226,227,44,2,1,0,1.0,546.0
226,227,45,0,0,1,1.0,597.0
226,227,46,0,0,1,1.0,510.0
226,227,47,2,1,1,1.0,705.0
226,227,48,3,0,1,1.0,575.0
226,227,49,0,0,0,1.0,456.0
226,227,50,3,0,1,1.0,451.0
226,227,51,2,0,0,0.0,434.0
226,227,52,1,1,1,1.0,528.0
226,227,53,1,1,1,1.0,996.0
226,227,54,2,1,1,1.0,560.0
226,227,55,0,0,1,1.0,600.0
226,227,56,1,1,1,1.0,518.0
226,227,57,2,1,1,1.0,425.0
226,227,58,1,1,1,1.0,691.0
226,227,59,0,0,1,1.0,732.0
226,227,60,2,1,1,1.0,559.0
226,227,61,0,0,1,1.0,615.0
226,227,62,3,0,1,1.0,864.0
226,227,63,3,0,1,1.0,1219.0
226,227,64,3,0,1,1.0,533.0
226,227,65,2,1,0,1.0,534.0
226,227,66,1,1,0,1.0,584.0
226,227,67,0,0,1,1.0,489.0
226,227,68,1,1,1,1.0,812.0
226,227,69,2,1,1,1.0,510.0
226,227,70,3,0,0,1.0,570.0
226,227,71,0,0,0,1.0,531.0
226,227,72,0,0,1,1.0,613.0
226,227,73,3,0,1,1.0,398.0
226,227,74,3,0,1,1.0,630.0
226,227,75,2,1,1,1.0,3478.0
226,227,76,1,1,0,1.0,938.0
226,227,77,1,1,1,1.0,898.0
226,227,78,0,0,1,1.0,819.0
226,227,79,2,1,1,1.0,625.0
226,227,80,3,0,1,1.0,628.0
226,227,81,1,1,1,1.0,794.0
226,227,82,2,1,1,1.0,1029.0
226,227,83,1,1,1,1.0,3715.0
226,227,84,2,1,1,1.0,611.0
226,227,85,0,0,1,1.0,759.0
226,227,86,3,0,1,1.0,663.0
226,227,87,0,0,1,1.0,612.0
226,227,88,3,0,1,1.0,487.0
226,227,89,0,0,1,1.0,559.0
226,227,90,1,1,1,1.0,927.0
226,227,91,3,0,1,1.0,464.0
226,227,92,2,1,0,1.0,795.0
226,227,93,2,1,1,1.0,696.0
226,227,94,1,1,1,1.0,866.0
226,227,95,0,0,1,1.0,572.0
226,227,96,0,0,0,1.0,605.0
226,227,97,1,1,1,1.0,775.0
226,227,98,3,0,0,1.0,607.0
226,227,99,1,1,0,1.0,3553.0
226,227,100,0,0,0,1.0,900.0
226,227,101,2,1,1,1.0,596.0
226,227,102,2,1,1,1.0,546.0
226,227,103,3,0,1,1.0,752.0
226,227,104,0,0,1,1.0,712.0
226,227,105,3,0,0,1.0,837.0
226,227,106,2,1,1,1.0,541.0
226,227,107,1,1,1,1.0,615.0
226,227,108,1,0,0,0.0,998.0
226,227,109,3,0,1,1.0,623.0
226,227,110,2,1,1,1.0,548.0
226,227,111,0,0,1,1.0,781.0
226,227,112,3,0,1,1.0,1441.0
226,227,113,0,0,1,1.0,669.0
226,227,114,1,1,1,1.0,619.0
226,227,115,3,1,0,0.0,1143.0
226,227,116,2,1,0,1.0,798.0
226,227,117,0,0,1,1.0,697.0
226,227,118,2,1,1,1.0,624.0
226,227,119,1,1,1,1.0,963.0
227,228,0,1,1,0,0.0,1375.0
227,228,1,2,1,0,0.0,1865.0
227,228,2,3,1,0,1.0,830.0
227,228,3,3,0,1,0.0,1101.0
227,228,4,2,0,1,1.0,810.0
227,228,5,0,0,0,0.0,1121.0
227,228,6,1,1,0,0.0,2120.0
227,228,7,0,0,0,0.0,3866.0
227,228,8,1,0,1,1.0,4548.0
227,228,9,3,0,0,0.0,2244.0
227,228,10,1,0,1,1.0,1021.0
227,228,11,2,1,0,0.0,1761.0
227,228,12,0,0,0,0.0,2196.0
227,228,13,3,0,0,0.0,2268.0
227,228,14,0,0,1,0.0,685.0
227,228,15,2,1,0,0.0,1424.0
227,228,16,1,1,0,0.0,1048.0
227,228,17,3,1,1,1.0,2166.0
227,228,18,1,1,0,0.0,2636.0
227,228,19,2,0,1,1.0,2102.0
227,228,20,0,0,0,0.0,3798.0
227,228,21,3,1,1,1.0,1439.0
227,228,22,0,0,0,0.0,2570.0
227,228,23,2,1,0,0.0,1248.0
227,228,24,1,0,0,1.0,1610.0
227,228,25,0,0,0,0.0,3179.0
227,228,26,1,1,1,0.0,7550.0
227,228,27,3,1,1,1.0,1933.0
227,228,28,0,1,0,1.0,641.0
227,228,29,3,1,1,1.0,786.0
227,228,30,2,0,1,1.0,1276.0
227,228,31,2,0,0,1.0,975.0
227,228,32,2,0,1,1.0,3738.0
227,228,33,3,1,1,1.0,1529.0
227,228,34,0,0,0,0.0,1168.0
227,228,35,3,1,1,1.0,2960.0
227,228,36,1,0,1,1.0,1007.0
227,228,37,0,1,1,1.0,2114.0
227,228,38,2,0,0,1.0,1365.0
227,228,39,1,0,1,1.0,7912.0
227,228,40,1,0,1,1.0,1071.0
227,228,41,3,1,0,1.0,1235.0
227,228,42,0,0,1,0.0,675.0
227,228,43,2,1,0,0.0,418.0
227,228,44,1,0,1,1.0,635.0
227,228,45,3,0,0,0.0,670.0
227,228,46,0,0,1,0.0,996.0
227,228,47,2,1,0,0.0,612.0
227,228,48,3,0,0,0.0,935.0
227,228,49,3,1,1,1.0,2311.0
227,228,50,0,0,0,0.0,1024.0
227,228,51,2,1,0,0.0,1125.0
227,228,52,2,0,1,1.0,504.0
227,228,53,0,0,0,0.0,1962.0
227,228,54,1,1,0,0.0,1395.0
227,228,55,1,1,0,0.0,574.0
227,228,56,3,0,1,0.0,1410.0
227,228,57,2,1,1,0.0,1623.0
227,228,58,0,0,0,0.0,546.0
227,228,59,3,1,1,1.0,1360.0
227,228,60,1,0,0,1.0,754.0
227,228,61,2,1,0,0.0,995.0
227,228,62,0,0,0,0.0,505.0
227,228,63,1,0,1,1.0,3887.0
227,228,64,3,1,1,1.0,1310.0
227,228,65,0,0,0,0.0,992.0
227,228,66,1,0,0,1.0,983.0
227,228,67,0,0,0,0.0,1252.0
227,228,68,1,1,0,0.0,1083.0
227,228,69,2,1,0,0.0,1321.0
227,228,70,3,0,0,0.0,608.0
227,228,71,2,0,1,1.0,514.0
227,228,72,0,1,1,1.0,2128.0
227,228,73,1,0,1,1.0,826.0
227,228,74,2,1,0,0.0,2512.0
227,228,75,3,1,1,1.0,1239.0
227,228,76,3,0,0,0.0,1038.0
227,228,77,1,1,0,0.0,669.0
227,228,78,0,0,0,0.0,705.0
227,228,79,2,1,0,0.0,1197.0
227,228,80,1,0,1,1.0,2436.0
227,228,81,2,0,1,1.0,1448.0
227,228,82,1,0,1,1.0,712.0
227,228,83,2,0,1,1.0,1602.0
227,228,84,0,0,1,0.0,1281.0
227,228,85,3,0,0,0.0,671.0
227,228,86,0,1,1,1.0,1816.0
227,228,87,3,1,0,1.0,889.0
227,228,88,0,1,1,1.0,657.0
227,228,89,0,1,1,1.0,990.0
227,228,90,1,0,1,1.0,873.0
227,228,91,2,0,0,1.0,1965.0
227,228,92,3,1,1,1.0,661.0
227,228,93,3,1,1,1.0,963.0
227,228,94,1,0,1,1.0,2176.0
227,228,95,2,1,0,0.0,2051.0
227,228,96,2,0,1,1.0,444.0
227,228,97,0,0,0,0.0,982.0
227,228,98,0,1,1,1.0,714.0
227,228,99,3,0,0,0.0,1404.0
227,228,100,2,1,1,0.0,1088.0
227,228,101,1,1,0,0.0,480.0
227,228,102,1,1,1,0.0,504.0
227,228,103,3,1,1,1.0,667.0
227,228,104,0,1,1,1.0,754.0
227,228,105,3,0,0,0.0,585.0
227,228,106,1,1,0,0.0,480.0
227,228,107,3,0,1,0.0,1243.0
227,228,108,2,1,0,0.0,1649.0
227,228,109,2,0,1,1.0,628.0
227,228,110,1,0,0,1.0,1025.0
227,228,111,0,0,1,0.0,892.0
227,228,112,2,0,1,1.0,1938.0
227,228,113,3,0,0,0.0,848.0
227,228,114,1,1,0,0.0,537.0
227,228,115,1,0,1,1.0,647.0
227,228,116,2,1,0,0.0,1479.0
227,228,117,0,0,0,0.0,529.0
227,228,118,3,1,1,1.0,693.0
227,228,119,0,1,0,1.0,1218.0
228,229,0,2,0,0,0.0,861.0
228,229,1,0,1,0,0.0,1211.0
228,229,2,1,1,0,0.0,991.0
228,229,3,0,0,1,1.0,1041.0
228,229,4,3,1,1,1.0,1227.0
228,229,5,2,1,1,1.0,872.0
228,229,6,3,1,1,1.0,1492.0
228,229,7,1,0,0,1.0,2154.0
228,229,8,0,0,1,1.0,1549.0
228,229,9,1,1,0,0.0,1044.0
228,229,10,3,1,1,1.0,912.0
228,229,11,0,0,1,1.0,1700.0
228,229,12,1,0,1,1.0,889.0
228,229,13,3,1,0,1.0,580.0
228,229,14,2,1,0,1.0,1766.0
228,229,15,2,0,0,0.0,789.0
228,229,16,0,1,0,0.0,1754.0
228,229,17,0,0,1,1.0,819.0
228,229,18,1,0,1,1.0,1266.0
228,229,19,3,1,1,1.0,699.0
228,229,20,2,1,1,1.0,1464.0
228,229,21,2,1,1,1.0,624.0
228,229,22,1,0,1,1.0,1173.0
228,229,23,3,1,1,1.0,574.0
228,229,24,3,1,0,1.0,503.0
228,229,25,0,1,1,0.0,2127.0
228,229,26,1,1,0,0.0,1673.0
228,229,27,2,1,1,1.0,987.0
228,229,28,1,0,1,1.0,768.0
228,229,29,2,1,1,1.0,1026.0
228,229,30,3,1,1,1.0,733.0
228,229,31,0,0,1,1.0,1621.0
228,229,32,0,0,1,1.0,2565.0
228,229,33,3,1,1,1.0,665.0
228,229,34,1,0,1,1.0,1377.0
228,229,35,3,1,1,1.0,675.0
228,229,36,2,1,0,1.0,824.0
228,229,37,2,1,1,1.0,943.0
228,229,38,0,0,0,1.0,1224.0
228,229,39,1,0,0,1.0,1703.0
228,229,40,3,1,1,1.0,716.0
228,229,41,1,0,1,1.0,646.0
228,229,42,1,0,1,1.0,682.0
228,229,43,0,1,0,0.0,739.0
228,229,44,2,1,1,1.0,816.0
228,229,45,0,0,1,1.0,1166.0
228,229,46,3,1,1,1.0,727.0
228,229,47,2,1,1,1.0,1020.0
228,229,48,1,0,1,1.0,966.0
228,229,49,2,1,0,1.0,767.0
228,229,50,3,1,0,1.0,677.0
228,229,51,1,0,1,1.0,1706.0
228,229,52,0,0,1,1.0,1370.0
228,229,53,0,0,1,1.0,647.0
228,229,54,3,1,1,1.0,747.0
228,229,55,2,1,1,1.0,1170.0
228,229,56,3,1,0,1.0,681.0
228,229,57,0,0,1,1.0,1250.0
228,229,58,1,0,1,1.0,975.0
228,229,59,2,1,1,1.0,675.0
228,229,60,2,1,1,1.0,653.0
228,229,61,3,1,1,1.0,642.0
228,229,62,0,0,1,1.0,1647.0
228,229,63,1,0,0,1.0,1808.0
228,229,64,2,1,1,1.0,1489.0
228,229,65,1,0,1,1.0,1294.0
228,229,66,0,0,0,1.0,969.0
228,229,67,0,0,1,1.0,1179.0
228,229,68,3,1,1,1.0,603.0
228,229,69,2,1,1,1.0,738.0
228,229,70,1,0,1,1.0,878.0
228,229,71,3,1,1,1.0,573.0
228,229,72,2,1,0,1.0,1047.0
228,229,73,0,0,1,1.0,1400.0
228,229,74,3,1,1,1.0,603.0
228,229,75,1,0,1,1.0,926.0
228,229,76,1,0,1,1.0,967.0
228,229,77,2,1,1,1.0,799.0
228,229,78,3,1,0,1.0,677.0
228,229,79,0,0,1,1.0,1092.0
228,229,80,2,1,1,1.0,683.0
228,229,81,0,1,1,0.0,570.0
228,229,82,2,1,1,1.0,1010.0
228,229,83,0,0,0,1.0,1356.0
228,229,84,3,1,1,1.0,732.0
228,229,85,1,0,0,1.0,745.0
228,229,86,3,1,1,1.0,601.0
228,229,87,1,0,1,1.0,1290.0
228,229,88,3,1,1,1.0,676.0
228,229,89,1,0,0,1.0,867.0
228,229,90,0,0,1,1.0,1447.0
228,229,91,0,0,1,1.0,1423.0
228,229,92,2,1,1,1.0,1341.0
228,229,93,1,0,1,1.0,1176.0
228,229,95,3,1,1,1.0,767.0
228,229,96,3,1,1,1.0,800.0
228,229,97,3,1,0,1.0,591.0
228,229,98,0,0,1,1.0,714.0
228,229,99,1,0,1,1.0,362.0
228,229,100,0,0,0,1.0,406.0
228,229,101,2,1,1,1.0,1373.0
228,229,102,1,0,1,1.0,1983.0
228,229,103,2,1,0,1.0,1701.0
228,229,104,3,1,1,1.0,801.0
228,229,105,0,0,1,1.0,1153.0
228,229,106,1,0,1,1.0,1014.0
228,229,107,2,1,1,1.0,1661.0
228,229,108,0,0,1,1.0,1058.0
228,229,109,2,1,1,1.0,1583.0
228,229,110,3,1,1,1.0,1687.0
228,229,111,1,0,1,1.0,1543.0
228,229,112,3,1,1,1.0,609.0
228,229,113,0,0,1,1.0,1166.0
228,229,114,2,1,1,1.0,1209.0
228,229,115,0,0,1,1.0,2514.0
228,229,116,2,1,1,1.0,796.0
228,229,117,1,0,1,1.0,985.0
228,229,118,1,0,1,1.0,769.0
228,229,119,3,1,1,1.0,676.0
229,230,0,3,0,1,0.0,2287.0
229,230,1,1,1,0,1.0,1603.0
229,230,2,0,1,0,0.0,934.0
229,230,3,0,0,0,1.0,817.0
229,230,4,2,0,0,1.0,847.0
229,230,5,1,0,1,0.0,1282.0
229,230,6,2,0,1,1.0,818.0
229,230,7,3,1,1,1.0,963.0
229,230,8,0,0,1,1.0,2531.0
229,230,9,3,1,1,1.0,1669.0
229,230,10,3,1,0,1.0,797.0
229,230,11,0,0,1,1.0,817.0
229,230,12,1,0,0,0.0,939.0
229,230,13,1,1,1,1.0,766.0
229,230,14,2,0,1,1.0,688.0
229,230,15,2,0,1,1.0,765.0
229,230,16,0,0,1,1.0,1668.0
229,230,17,1,1,1,1.0,1001.0
229,230,18,2,0,1,1.0,751.0
229,230,19,3,1,1,1.0,1191.0
229,230,20,0,0,1,1.0,883.0
229,230,21,3,1,1,1.0,751.0
229,230,22,2,0,1,1.0,565.0
229,230,23,1,1,1,1.0,829.0
229,230,24,3,1,1,1.0,1580.0
229,230,25,1,0,0,0.0,1715.0
229,230,26,3,1,0,1.0,1706.0
229,230,27,2,0,0,1.0,659.0
229,230,28,0,0,0,1.0,2023.0
229,230,29,0,0,1,1.0,1047.0
229,230,30,1,1,1,1.0,1105.0
229,230,31,2,0,1,1.0,601.0
229,230,32,3,1,1,1.0,3336.0
229,230,33,2,0,1,1.0,648.0
229,230,34,0,0,1,1.0,1284.0
229,230,35,3,1,1,1.0,1330.0
229,230,36,1,1,1,1.0,443.0
229,230,37,1,1,1,1.0,885.0
229,230,38,0,0,1,1.0,793.0
229,230,39,2,0,1,1.0,586.0
229,230,40,1,1,1,1.0,685.0
229,230,41,0,0,1,1.0,748.0
229,230,42,1,0,0,0.0,766.0
229,230,43,3,1,1,1.0,1111.0
229,230,44,0,0,0,1.0,712.0
229,230,45,2,0,1,1.0,789.0
229,230,46,2,0,1,1.0,589.0
229,230,47,3,1,1,1.0,1141.0
229,230,48,1,1,0,1.0,1210.0
229,230,49,0,0,1,1.0,824.0
229,230,50,2,0,1,1.0,556.0
229,230,51,1,0,0,0.0,670.0
229,230,52,0,0,1,1.0,1636.0
229,230,53,3,1,1,1.0,1248.0
229,230,54,2,0,0,1.0,713.0
229,230,55,3,1,0,1.0,729.0
229,230,56,3,1,1,1.0,1301.0
229,230,57,0,0,1,1.0,1295.0
229,230,58,1,1,1,1.0,1343.0
229,230,59,0,0,0,1.0,791.0
229,230,60,2,0,1,1.0,632.0
229,230,61,2,0,1,1.0,580.0
229,230,62,3,1,1,1.0,1118.0
229,230,63,1,1,1,1.0,1306.0
229,230,64,3,1,1,1.0,1372.0
229,230,65,0,0,1,1.0,1014.0
229,230,66,1,1,0,1.0,1086.0
229,230,67,1,1,1,1.0,879.0
229,230,68,3,1,0,1.0,750.0
229,230,69,2,0,0,1.0,879.0
229,230,70,2,0,1,1.0,751.0
229,230,71,0,0,1,1.0,1445.0
229,230,72,3,1,1,1.0,869.0
229,230,73,2,0,1,1.0,697.0
229,230,74,0,0,1,1.0,2122.0
229,230,75,1,1,1,1.0,1117.0
229,230,76,1,1,1,1.0,597.0
229,230,77,3,1,1,1.0,1931.0
229,230,78,0,0,1,1.0,634.0
229,230,79,2,0,1,1.0,586.0
229,230,80,0,0,1,1.0,2409.0
229,230,81,0,0,1,1.0,718.0
229,230,82,2,0,1,1.0,762.0
229,230,83,1,1,1,1.0,776.0
229,230,84,1,1,1,1.0,629.0
229,230,85,2,0,1,1.0,599.0
229,230,86,3,1,1,1.0,1071.0
229,230,87,3,1,1,1.0,665.0
229,230,88,3,1,1,1.0,557.0
229,230,89,1,1,1,1.0,882.0
229,230,90,0,0,0,1.0,834.0
229,230,91,0,0,1,1.0,591.0
229,230,92,2,0,0,1.0,665.0
229,230,93,2,0,1,1.0,792.0
229,230,94,3,1,1,1.0,1744.0
229,230,95,1,1,0,1.0,1066.0
229,230,96,0,0,1,1.0,1560.0
229,230,97,2,0,0,1.0,797.0
229,230,98,1,1,1,1.0,770.0
229,230,99,1,1,1,1.0,581.0
229,230,100,2,0,1,1.0,827.0
229,230,101,3,1,0,1.0,1451.0
229,230,102,3,1,1,1.0,1026.0
229,230,103,0,0,1,1.0,988.0
229,230,104,2,0,1,1.0,605.0
229,230,105,3,0,0,0.0,700.0
229,230,106,1,1,1,1.0,1130.0
229,230,107,3,1,0,1.0,995.0
229,230,108,2,0,1,1.0,800.0
229,230,109,0,0,1,1.0,1361.0
229,230,110,0,0,1,1.0,555.0
229,230,111,1,1,1,1.0,1448.0
229,230,112,2,0,1,1.0,796.0
229,230,113,3,1,1,1.0,704.0
229,230,114,1,1,0,1.0,2329.0
229,230,115,0,0,1,1.0,842.0
229,230,116,3,1,1,1.0,715.0
229,230,117,1,1,1,1.0,885.0
229,230,118,2,0,1,1.0,711.0
229,230,119,0,1,0,0.0,774.0
230,231,0,0,0,1,1.0,1529.0
230,231,1,1,1,0,1.0,1089.0
230,231,2,3,1,0,0.0,1651.0
230,231,3,2,1,1,1.0,934.0
230,231,4,3,0,1,1.0,1537.0
230,231,5,0,0,1,1.0,977.0
230,231,6,2,1,1,1.0,668.0
230,231,7,1,0,1,0.0,772.0
230,231,8,1,0,0,0.0,739.0
230,231,9,2,1,1,1.0,1723.0
230,231,10,3,0,1,1.0,902.0
230,231,11,3,0,0,1.0,514.0
230,231,12,0,0,1,1.0,852.0
230,231,13,0,1,0,0.0,449.0
230,231,14,2,1,1,1.0,718.0
230,231,15,1,0,0,0.0,1000.0
230,231,16,2,1,1,1.0,687.0
230,231,17,3,0,1,1.0,639.0
230,231,18,0,0,1,1.0,842.0
230,231,19,1,1,1,1.0,1398.0
230,231,20,0,0,1,1.0,653.0
230,231,21,3,0,1,1.0,627.0
230,231,22,1,0,0,0.0,924.0
230,231,23,2,1,1,1.0,839.0
230,231,24,3,0,1,1.0,795.0
230,231,25,1,1,1,1.0,825.0
230,231,26,2,1,0,1.0,538.0
230,231,27,0,0,1,1.0,779.0
230,231,28,1,1,1,1.0,461.0
230,231,29,0,0,0,1.0,665.0
230,231,30,3,0,1,1.0,778.0
230,231,31,2,1,1,1.0,537.0
230,231,32,2,1,1,1.0,939.0
230,231,33,3,0,0,1.0,452.0
230,231,34,3,1,0,0.0,409.0
230,231,35,1,1,1,1.0,1047.0
230,231,36,2,1,0,1.0,471.0
230,231,37,0,0,1,1.0,646.0
230,231,38,1,0,0,0.0,969.0
230,231,39,0,0,1,1.0,1205.0
230,231,40,1,1,1,1.0,568.0
230,231,41,3,0,1,1.0,1169.0
230,231,42,1,1,1,1.0,752.0
230,231,43,3,0,1,1.0,429.0
230,231,44,2,1,1,1.0,569.0
230,231,45,0,0,1,1.0,1643.0
230,231,46,0,0,1,1.0,642.0
230,231,47,2,1,1,1.0,983.0
230,231,48,3,0,0,1.0,614.0
230,231,49,0,0,0,1.0,670.0
230,231,50,3,0,1,1.0,438.0
230,231,51,2,1,1,1.0,694.0
230,231,52,1,1,1,1.0,1152.0
230,231,53,1,1,0,1.0,718.0
230,231,54,2,1,1,1.0,717.0
230,231,55,0,0,1,1.0,670.0
230,231,56,1,1,1,1.0,728.0
230,231,57,2,1,0,1.0,832.0
230,231,58,1,1,1,1.0,847.0
230,231,59,0,0,1,1.0,666.0
230,231,60,2,1,1,1.0,674.0
230,231,61,0,0,1,1.0,688.0
230,231,62,3,0,1,1.0,663.0
230,231,63,3,0,1,1.0,871.0
230,231,64,3,0,1,1.0,432.0
230,231,65,2,1,1,1.0,595.0
230,231,66,1,1,1,1.0,913.0
230,231,67,0,0,1,1.0,485.0
230,231,68,1,1,1,1.0,658.0
230,231,69,2,1,1,1.0,608.0
230,231,70,3,0,1,1.0,533.0
230,231,71,0,0,0,1.0,688.0
230,231,72,0,0,1,1.0,430.0
230,231,73,3,0,0,1.0,598.0
230,231,74,3,0,1,1.0,780.0
230,231,75,2,1,1,1.0,633.0
230,231,76,1,1,0,1.0,717.0
230,231,77,1,1,1,1.0,535.0
230,231,78,0,0,1,1.0,937.0
230,231,79,2,1,1,1.0,635.0
230,231,80,3,0,1,1.0,660.0
230,231,81,1,1,0,1.0,641.0
230,231,82,2,1,0,1.0,713.0
230,231,83,1,1,1,1.0,746.0
230,231,84,2,1,1,1.0,510.0
230,231,85,0,0,1,1.0,598.0
230,231,86,3,0,1,1.0,666.0
230,231,87,0,1,0,0.0,399.0
230,231,88,3,0,1,1.0,592.0
230,231,89,0,0,1,1.0,505.0
230,231,90,1,1,1,1.0,604.0
230,231,91,3,0,1,1.0,539.0
230,231,92,2,1,1,1.0,557.0
230,231,93,2,1,1,1.0,635.0
230,231,94,1,1,1,1.0,833.0
230,231,95,0,0,1,1.0,588.0
230,231,96,0,0,1,1.0,556.0
230,231,97,1,1,1,1.0,818.0
230,231,98,3,0,1,1.0,477.0
230,231,99,1,1,1,1.0,371.0
230,231,100,0,0,0,1.0,705.0
230,231,101,2,1,1,1.0,560.0
230,231,102,2,1,1,1.0,591.0
230,231,103,3,0,0,1.0,684.0
230,231,104,0,0,0,1.0,512.0
230,231,105,3,0,1,1.0,874.0
230,231,106,2,1,0,1.0,425.0
230,231,107,1,1,1,1.0,714.0
230,231,108,1,1,0,1.0,794.0
230,231,109,3,0,0,1.0,663.0
230,231,110,2,1,1,1.0,667.0
230,231,111,0,0,1,1.0,418.0
230,231,112,3,0,1,1.0,568.0
230,231,113,0,0,1,1.0,691.0
230,231,114,1,1,1,1.0,690.0
230,231,115,3,0,1,1.0,777.0
230,231,116,2,1,1,1.0,601.0
230,231,117,0,0,1,1.0,752.0
230,231,118,2,1,0,1.0,515.0
230,231,119,1,1,1,1.0,957.0
231,232,0,1,0,1,1.0,1408.0
231,232,1,2,1,0,0.0,880.0
231,232,2,3,0,1,0.0,1010.0
231,232,3,3,0,0,0.0,672.0
231,232,4,2,0,1,1.0,1572.0
231,232,5,0,0,0,0.0,1037.0
231,232,6,1,0,1,1.0,1249.0
231,232,7,0,0,0,0.0,1338.0
231,232,8,1,0,0,1.0,1304.0
231,232,9,3,0,0,0.0,1170.0
231,232,10,1,0,1,1.0,1051.0
231,232,11,2,1,0,0.0,918.0
231,232,12,0,1,0,1.0,876.0
231,232,13,3,1,0,1.0,886.0
231,232,14,0,0,0,0.0,1709.0
231,232,15,2,1,0,0.0,1278.0
231,232,16,1,0,1,1.0,953.0
231,232,17,3,0,0,0.0,1953.0
231,232,18,1,0,1,1.0,680.0
231,232,19,2,0,1,1.0,1458.0
231,232,20,0,0,1,0.0,1470.0
231,232,21,3,0,0,0.0,1353.0
231,232,22,0,0,0,0.0,1758.0
231,232,23,2,0,1,1.0,1075.0
231,232,24,1,0,1,1.0,859.0
231,232,25,0,1,1,1.0,2671.0
231,232,26,1,0,0,1.0,739.0
231,232,27,3,1,1,1.0,1584.0
231,232,28,0,1,1,1.0,1901.0
231,232,29,3,1,1,1.0,780.0
231,232,30,2,0,0,1.0,1768.0
231,232,31,2,0,1,1.0,1194.0
231,232,32,2,0,0,1.0,3326.0
231,232,33,3,1,1,1.0,3231.0
231,232,34,0,1,1,1.0,808.0
231,232,35,3,1,1,1.0,712.0
231,232,36,1,0,1,1.0,807.0
231,232,37,0,1,1,1.0,1369.0
231,232,38,2,0,1,1.0,1956.0
231,232,39,1,0,0,1.0,796.0
231,232,40,1,0,1,1.0,548.0
231,232,41,3,1,1,1.0,1094.0
231,232,42,0,1,1,1.0,521.0
231,232,43,2,0,1,1.0,1199.0
231,232,44,1,0,1,1.0,1327.0
231,232,45,3,1,1,1.0,798.0
231,232,46,0,1,1,1.0,1116.0
231,232,47,2,0,1,1.0,1550.0
231,232,48,3,1,0,1.0,1014.0
231,232,49,3,1,1,1.0,735.0
231,232,50,0,1,1,1.0,880.0
231,232,51,2,0,1,1.0,1159.0
231,232,52,2,0,0,1.0,595.0
231,232,53,0,1,0,1.0,2572.0
231,232,54,1,0,1,1.0,796.0
231,232,55,1,1,0,0.0,712.0
231,232,56,3,1,1,1.0,879.0
231,232,57,2,0,1,1.0,1404.0
231,232,58,0,1,1,1.0,795.0
231,232,59,3,1,1,1.0,2324.0
231,232,60,1,0,1,1.0,849.0
231,232,61,2,0,1,1.0,1914.0
231,232,62,0,1,1,1.0,1238.0
231,232,63,1,0,1,1.0,978.0
231,232,64,3,1,1,1.0,1067.0
231,232,65,0,1,0,1.0,882.0
231,232,66,1,0,0,1.0,791.0
231,232,67,0,1,1,1.0,807.0
231,232,68,1,0,1,1.0,619.0
231,232,69,2,1,0,0.0,1024.0
231,232,70,3,1,0,1.0,1065.0
231,232,71,2,1,0,0.0,748.0
231,232,72,0,1,1,1.0,1035.0
231,232,73,1,0,1,1.0,660.0
231,232,74,2,1,0,0.0,760.0
231,232,75,3,1,1,1.0,585.0
231,232,76,3,1,1,1.0,584.0
231,232,77,1,0,1,1.0,681.0
231,232,78,0,1,1,1.0,711.0
231,232,79,2,0,1,1.0,956.0
231,232,80,1,0,1,1.0,550.0
231,232,81,2,0,1,1.0,912.0
231,232,82,1,0,0,1.0,679.0
231,232,83,2,0,1,1.0,508.0
231,232,84,0,1,1,1.0,1193.0
231,232,85,3,1,1,1.0,918.0
231,232,86,0,1,1,1.0,1204.0
231,232,87,3,1,1,1.0,1006.0
231,232,88,0,1,1,1.0,669.0
231,232,89,0,1,0,1.0,704.0
231,232,90,1,0,1,1.0,659.0
231,232,91,2,0,1,1.0,717.0
231,232,92,3,1,0,1.0,771.0
231,232,93,3,1,1,1.0,685.0
231,232,94,1,0,1,1.0,733.0
231,232,95,2,0,1,1.0,841.0
231,232,96,2,0,0,1.0,778.0
231,232,97,0,1,1,1.0,797.0
231,232,98,0,1,1,1.0,595.0
231,232,99,3,1,1,1.0,860.0
231,232,100,2,0,1,1.0,1027.0
231,232,101,1,0,1,1.0,585.0
231,232,102,1,0,1,1.0,597.0
231,232,103,3,1,1,1.0,1074.0
231,232,104,0,1,0,1.0,762.0
231,232,105,3,1,1,1.0,584.0
231,232,106,1,0,1,1.0,874.0
231,232,107,3,1,1,1.0,877.0
231,232,108,2,0,0,1.0,1212.0
231,232,109,2,0,1,1.0,529.0
231,232,110,1,0,1,1.0,597.0
231,232,111,0,1,1,1.0,881.0
231,232,112,2,0,1,1.0,832.0
231,232,113,3,1,0,1.0,737.0
231,232,114,1,0,1,1.0,623.0
231,232,115,1,0,0,1.0,754.0
231,232,116,2,1,0,0.0,2880.0
231,232,117,0,1,1,1.0,640.0
231,232,118,3,1,0,1.0,1784.0
231,232,119,0,1,0,1.0,637.0
232,233,0,3,0,1,0.0,1421.0
232,233,1,1,1,0,1.0,2000.0
232,233,2,0,1,0,0.0,1340.0
232,233,3,0,0,0,1.0,1006.0
232,233,4,2,0,0,1.0,1930.0
232,233,5,1,1,1,1.0,2066.0
232,233,6,2,0,1,1.0,1105.0
232,233,7,3,0,0,0.0,1198.0
232,233,8,0,0,1,1.0,1333.0
232,233,9,3,1,1,1.0,2265.0
232,233,10,3,1,1,1.0,1003.0
232,233,11,0,0,1,1.0,2124.0
232,233,12,1,0,1,0.0,1483.0
232,233,13,1,0,0,0.0,754.0
232,233,14,2,1,0,0.0,1241.0
232,233,15,2,0,1,1.0,808.0
232,233,16,0,0,1,1.0,1324.0
232,233,17,1,0,0,0.0,1679.0
232,233,18,2,0,1,1.0,1563.0
232,233,19,3,1,0,1.0,2254.0
232,233,20,0,0,1,1.0,1452.0
232,233,21,3,0,0,0.0,1334.0
232,233,22,2,0,1,1.0,1096.0
232,233,23,1,0,0,0.0,1193.0
232,233,24,3,0,0,0.0,1156.0
232,233,25,1,1,1,1.0,1571.0
232,233,26,3,0,0,0.0,1709.0
232,233,27,2,0,1,1.0,807.0
232,233,28,0,0,0,1.0,1267.0
232,233,29,0,1,0,0.0,901.0
232,233,30,1,0,0,0.0,3182.0
232,233,31,2,0,0,1.0,1445.0
232,233,32,3,1,1,1.0,2592.0
232,233,33,2,1,0,0.0,1155.0
232,233,34,0,1,1,0.0,1226.0
232,233,35,3,1,1,1.0,1108.0
232,233,36,1,1,1,1.0,1018.0
232,233,37,1,1,1,1.0,868.0
232,233,38,0,1,0,0.0,1061.0
232,233,39,2,1,1,0.0,1215.0
232,233,40,1,1,1,1.0,943.0
232,233,41,0,1,0,0.0,931.0
232,233,42,1,1,1,1.0,888.0
232,233,43,3,0,0,0.0,1262.0
232,233,44,0,0,1,1.0,972.0
232,233,45,2,1,0,0.0,1824.0
232,233,46,2,1,0,0.0,842.0
232,233,47,3,1,1,1.0,1021.0
232,233,48,1,1,1,1.0,2051.0
232,233,49,0,0,1,1.0,1383.0
232,233,50,2,1,0,0.0,1379.0
232,233,51,1,1,0,1.0,2108.0
232,233,52,0,0,1,1.0,2220.0
232,233,53,3,0,1,0.0,1410.0
232,233,54,2,1,1,0.0,1005.0
232,233,55,3,1,0,1.0,1766.0
232,233,56,3,0,0,0.0,706.0
232,233,57,0,0,1,1.0,1136.0
232,233,58,1,0,1,0.0,1134.0
232,233,59,0,0,0,1.0,1258.0
232,233,60,2,1,0,0.0,1318.0
232,233,61,2,1,0,0.0,1024.0
232,233,62,3,1,1,1.0,1261.0
232,233,63,1,0,0,0.0,1278.0
232,233,64,3,0,0,0.0,1813.0
232,233,65,0,0,1,1.0,1133.0
232,233,66,1,1,1,1.0,733.0
232,233,67,1,1,1,1.0,762.0
232,233,68,3,1,1,1.0,1444.0
232,233,69,2,1,0,0.0,1330.0
232,233,70,2,0,1,1.0,624.0
232,233,71,0,0,1,1.0,1227.0
232,233,72,3,1,1,1.0,1037.0
232,233,73,2,0,1,1.0,3104.0
232,233,74,0,1,1,0.0,1566.0
232,233,75,1,1,0,1.0,1925.0
232,233,76,1,1,1,1.0,1016.0
232,233,77,3,1,1,1.0,1445.0
232,233,78,0,0,1,1.0,1123.0
232,233,79,2,0,1,1.0,1140.0
232,233,80,0,0,0,1.0,926.0
232,233,81,0,1,0,0.0,1361.0
232,233,82,2,0,1,1.0,1150.0
232,233,83,1,0,0,0.0,1362.0
232,233,84,1,0,0,0.0,687.0
232,233,85,2,0,1,1.0,1119.0
232,233,86,3,1,1,1.0,1088.0
232,233,87,3,1,0,1.0,1422.0
232,233,88,3,0,0,0.0,1403.0
232,233,89,1,1,1,1.0,2342.0
232,233,90,0,0,1,1.0,2653.0
232,233,91,0,0,1,1.0,769.0
232,233,92,2,0,1,1.0,1474.0
232,233,93,2,0,0,1.0,1040.0
232,233,94,3,0,0,0.0,2260.0
232,233,95,1,1,1,1.0,1017.0
232,233,96,0,1,0,0.0,1220.0
232,233,97,2,0,1,1.0,1582.0
232,233,98,1,0,0,0.0,1607.0
232,233,99,1,1,1,1.0,956.0
232,233,100,2,0,1,1.0,1176.0
232,233,101,3,0,0,0.0,1866.0
232,233,102,3,1,1,1.0,1782.0
232,233,103,0,1,0,0.0,1867.0
232,233,104,2,0,0,1.0,1048.0
232,233,105,3,1,1,1.0,1139.0
232,233,106,1,1,1,1.0,2341.0
232,233,107,3,0,0,0.0,1793.0
232,233,108,2,0,1,1.0,922.0
232,233,109,0,0,1,1.0,2020.0
232,233,110,0,0,1,1.0,654.0
232,233,111,1,1,1,1.0,1819.0
232,233,112,2,0,1,1.0,1216.0
232,233,113,3,1,1,1.0,916.0
232,233,114,1,1,0,1.0,1783.0
232,233,115,0,1,0,0.0,2604.0
232,233,116,3,1,0,1.0,1239.0
232,233,117,1,1,1,1.0,974.0
232,233,118,2,0,1,1.0,1050.0
232,233,119,0,0,1,1.0,1226.0
233,234,0,0,0,1,1.0,1160.0
233,234,1,1,0,1,0.0,1531.0
233,234,2,3,0,1,1.0,1010.0
233,234,3,2,1,1,1.0,1094.0
233,234,4,3,0,1,1.0,852.0
233,234,5,0,0,1,1.0,772.0
233,234,6,2,1,1,1.0,1861.0
233,234,7,1,0,0,0.0,928.0
233,234,8,1,1,0,1.0,1442.0
233,234,9,2,1,1,1.0,975.0
233,234,10,3,0,0,1.0,758.0
233,234,11,3,0,1,1.0,717.0
233,234,12,0,0,1,1.0,769.0
233,234,13,0,0,1,1.0,714.0
233,234,14,2,1,1,1.0,731.0
233,234,15,1,0,0,0.0,786.0
233,234,16,2,1,1,1.0,1148.0
233,234,17,3,0,1,1.0,918.0
233,234,18,0,0,1,1.0,758.0
233,234,19,1,1,1,1.0,1358.0
233,234,20,0,0,1,1.0,787.0
233,234,21,3,0,1,1.0,806.0
233,234,22,1,1,1,1.0,795.0
233,234,23,2,1,1,1.0,713.0
233,234,24,3,0,1,1.0,640.0
233,234,25,1,1,1,1.0,874.0
233,234,26,2,1,0,1.0,760.0
233,234,27,0,0,0,1.0,705.0
233,234,28,1,1,1,1.0,1146.0
233,234,29,0,0,1,1.0,986.0
233,234,30,3,0,0,1.0,935.0
233,234,31,2,1,1,1.0,894.0
233,234,32,2,1,1,1.0,1455.0
233,234,33,3,0,1,1.0,605.0
233,234,34,3,0,1,1.0,563.0
233,234,35,1,1,1,1.0,991.0
233,234,36,2,1,0,1.0,729.0
233,234,37,0,0,1,1.0,802.0
233,234,38,1,1,1,1.0,1467.0
233,234,39,0,0,1,1.0,700.0
233,234,40,1,1,1,1.0,949.0
233,234,41,3,0,0,1.0,850.0
233,234,42,1,1,0,1.0,1264.0
233,234,43,3,0,1,1.0,886.0
233,234,44,2,1,1,1.0,659.0
233,234,45,0,0,1,1.0,892.0
233,234,46,0,0,0,1.0,1056.0
233,234,47,2,1,1,1.0,1121.0
233,234,48,3,0,1,1.0,713.0
233,234,49,0,0,1,1.0,964.0
233,234,50,3,0,1,1.0,999.0
233,234,51,2,1,1,1.0,866.0
233,234,52,1,0,0,0.0,1057.0
233,234,53,1,0,0,0.0,1505.0
233,234,54,2,1,1,1.0,826.0
233,234,55,0,0,1,1.0,978.0
233,234,56,1,1,1,1.0,767.0
233,234,57,2,1,0,1.0,732.0
233,234,58,1,1,1,1.0,663.0
233,234,59,0,0,1,1.0,839.0
233,234,60,2,1,1,1.0,639.0
233,234,61,0,0,1,1.0,573.0
233,234,62,3,0,1,1.0,817.0
233,234,63,3,0,1,1.0,1043.0
233,234,64,3,0,0,1.0,553.0
233,234,65,2,1,1,1.0,764.0
233,234,66,1,1,1,1.0,810.0
233,234,67,0,0,0,1.0,671.0
233,234,68,1,1,1,1.0,1072.0
233,234,69,2,0,0,0.0,1444.0
233,234,70,3,0,1,1.0,657.0
233,234,71,0,0,1,1.0,768.0
233,234,72,0,0,1,1.0,577.0
233,234,73,3,0,1,1.0,735.0
233,234,74,3,0,1,1.0,620.0
233,234,75,2,1,1,1.0,926.0
233,234,76,1,1,0,1.0,1453.0
233,234,77,1,1,1,1.0,654.0
233,234,78,0,0,1,1.0,1024.0
233,234,79,2,1,1,1.0,761.0
233,234,80,3,0,1,1.0,661.0
233,234,81,1,1,0,1.0,548.0
233,234,82,2,1,1,1.0,875.0
233,234,83,1,1,1,1.0,762.0
233,234,84,2,1,0,1.0,844.0
233,234,85,0,0,1,1.0,736.0
233,234,86,3,0,1,1.0,702.0
233,234,87,0,0,1,1.0,758.0
233,234,88,3,0,1,1.0,813.0
233,234,89,0,0,1,1.0,1057.0
233,234,90,1,0,1,0.0,1049.0
233,234,91,3,0,0,1.0,769.0
233,234,92,2,1,1,1.0,1538.0
233,234,93,2,0,0,0.0,1011.0
233,234,94,1,1,1,1.0,1269.0
233,234,95,0,0,0,1.0,707.0
233,234,96,0,0,0,1.0,604.0
233,234,97,1,1,1,1.0,1228.0
233,234,98,3,0,1,1.0,605.0
233,234,99,1,1,1,1.0,968.0
233,234,100,0,0,1,1.0,964.0
233,234,101,2,1,1,1.0,889.0
233,234,102,2,1,1,1.0,1055.0
233,234,103,3,0,0,1.0,725.0
233,234,104,0,0,1,1.0,945.0
233,234,105,3,0,1,1.0,1042.0
233,234,106,2,1,1,1.0,1139.0
233,234,107,1,1,1,1.0,1101.0
233,234,108,1,1,1,1.0,1292.0
233,234,109,3,0,1,1.0,620.0
233,234,110,2,1,1,1.0,1012.0
233,234,111,0,0,1,1.0,691.0
233,234,112,3,0,1,1.0,973.0
233,234,113,0,0,1,1.0,661.0
233,234,114,1,1,0,1.0,900.0
233,234,115,3,0,1,1.0,690.0
233,234,116,2,1,0,1.0,720.0
233,234,117,0,0,1,1.0,1167.0
233,234,118,2,1,1,1.0,853.0
233,234,119,1,1,1,1.0,815.0
234,235,0,1,1,0,0.0,1697.0
234,235,1,2,1,0,0.0,990.0
234,235,2,3,1,0,1.0,895.0
234,235,3,3,0,1,0.0,1099.0
234,235,4,2,0,1,1.0,1899.0
234,235,5,0,1,0,1.0,894.0
234,235,6,1,0,1,1.0,827.0
234,235,7,0,0,0,0.0,809.0
234,235,8,1,0,1,1.0,1117.0
234,235,9,3,0,0,0.0,1009.0
234,235,10,1,0,0,1.0,610.0
234,235,11,2,0,1,1.0,1164.0
234,235,12,0,1,1,1.0,797.0
234,235,13,3,1,1,1.0,609.0
234,235,14,0,1,1,1.0,710.0
234,235,15,2,0,1,1.0,645.0
234,235,16,1,0,1,1.0,686.0
234,235,17,3,1,1,1.0,706.0
234,235,18,1,0,1,1.0,733.0
234,235,19,2,0,0,1.0,1056.0
234,235,20,0,1,1,1.0,923.0
234,235,21,3,1,1,1.0,500.0
234,235,22,0,1,1,1.0,802.0
234,235,23,2,0,1,1.0,710.0
234,235,24,1,0,1,1.0,745.0
234,235,25,0,1,1,1.0,830.0
234,235,26,1,0,1,1.0,904.0
234,235,27,3,1,1,1.0,699.0
234,235,28,0,1,1,1.0,1727.0
234,235,29,3,1,1,1.0,560.0
234,235,30,2,0,0,1.0,629.0
234,235,31,2,0,1,1.0,896.0
234,235,32,2,0,1,1.0,1205.0
234,235,33,3,1,1,1.0,1297.0
234,235,34,0,1,1,1.0,786.0
234,235,35,3,1,0,1.0,594.0
234,235,36,1,0,0,1.0,690.0
234,235,37,0,1,0,1.0,606.0
234,235,38,2,0,1,1.0,803.0
234,235,39,1,0,1,1.0,966.0
234,235,40,1,0,0,1.0,574.0
234,235,41,3,1,1,1.0,606.0
234,235,42,0,1,1,1.0,445.0
234,235,43,2,0,1,1.0,1014.0
234,235,44,1,0,1,1.0,596.0
234,235,45,3,1,1,1.0,752.0
234,235,46,0,1,1,1.0,987.0
234,235,47,2,0,0,1.0,880.0
234,235,48,3,1,1,1.0,678.0
234,235,49,3,1,1,1.0,530.0
234,235,50,0,1,0,1.0,822.0
234,235,51,2,0,1,1.0,560.0
234,235,52,2,0,1,1.0,591.0
234,235,53,0,1,1,1.0,639.0
234,235,54,1,0,1,1.0,594.0
234,235,55,1,0,1,1.0,643.0
234,235,56,3,1,0,1.0,598.0
234,235,57,2,0,1,1.0,636.0
234,235,58,0,1,1,1.0,801.0
234,235,59,3,1,1,1.0,800.0
234,235,60,1,0,1,1.0,883.0
234,235,61,2,0,1,1.0,594.0
234,235,62,0,1,1,1.0,731.0
234,235,63,1,0,1,1.0,979.0
234,235,64,3,0,0,0.0,761.0
234,235,65,0,1,1,1.0,926.0
234,235,66,1,0,0,1.0,795.0
234,235,67,0,1,1,1.0,724.0
234,235,68,1,0,1,1.0,1702.0
234,235,69,2,0,1,1.0,1565.0
234,235,70,3,1,1,1.0,602.0
234,235,71,2,0,1,1.0,1017.0
234,235,72,0,1,1,1.0,765.0
234,235,73,1,0,1,1.0,393.0
234,235,74,2,0,1,1.0,536.0
234,235,75,3,1,1,1.0,674.0
234,235,76,3,1,1,1.0,630.0
234,235,77,1,0,1,1.0,514.0
234,235,78,0,1,0,1.0,589.0
234,235,79,2,0,0,1.0,647.0
234,235,80,1,0,1,1.0,427.0
234,235,81,2,0,1,1.0,434.0
234,235,82,1,0,0,1.0,566.0
234,235,83,2,0,0,1.0,479.0
234,235,84,0,1,1,1.0,623.0
234,235,85,3,1,0,1.0,407.0
234,235,86,0,1,1,1.0,595.0
234,235,87,3,1,1,1.0,647.0
234,235,88,0,1,0,1.0,757.0
234,235,89,0,1,1,1.0,450.0
234,235,90,1,0,1,1.0,593.0
234,235,91,2,0,1,1.0,965.0
234,235,92,3,1,1,1.0,649.0
234,235,93,3,1,1,1.0,716.0
234,235,94,1,1,0,0.0,989.0
234,235,95,2,0,1,1.0,794.0
234,235,96,2,0,1,1.0,519.0
234,235,97,0,1,1,1.0,569.0
234,235,98,0,1,0,1.0,479.0
234,235,99,3,1,1,1.0,549.0
234,235,100,2,0,1,1.0,692.0
234,235,101,1,0,1,1.0,603.0
234,235,102,1,0,1,1.0,555.0
234,235,103,3,1,1,1.0,469.0
234,235,104,0,1,1,1.0,569.0
234,235,105,3,1,0,1.0,675.0
234,235,106,1,0,1,1.0,642.0
234,235,107,3,1,0,1.0,598.0
234,235,108,2,0,1,1.0,1582.0
234,235,109,2,0,1,1.0,629.0
234,235,110,1,0,1,1.0,352.0
234,235,111,0,1,1,1.0,623.0
234,235,112,2,0,1,1.0,652.0
234,235,113,3,1,1,1.0,1927.0
234,235,114,1,0,1,1.0,456.0
234,235,115,1,0,1,1.0,470.0
234,235,116,2,0,0,1.0,723.0
234,235,117,0,1,1,1.0,592.0
234,235,118,3,1,1,1.0,1021.0
234,235,119,0,1,1,1.0,562.0
235,236,0,2,0,0,0.0,1155.0
235,236,1,0,1,0,0.0,1535.0
235,236,2,1,0,0,1.0,2243.0
235,236,3,0,0,1,1.0,1548.0
235,236,4,3,0,0,0.0,2144.0
235,236,5,2,1,1,1.0,1966.0
235,236,6,3,0,0,0.0,839.0
235,236,7,1,1,0,0.0,1588.0
235,236,8,0,0,1,1.0,2209.0
235,236,9,1,0,1,1.0,815.0
235,236,10,3,0,0,0.0,683.0
235,236,11,0,0,1,1.0,614.0
235,236,12,1,0,1,1.0,1007.0
235,236,13,3,1,1,1.0,677.0
235,236,14,2,1,0,1.0,1584.0
235,236,15,2,0,0,0.0,476.0
235,236,16,0,0,1,1.0,794.0
235,236,17,0,0,1,1.0,558.0
235,236,18,1,0,1,1.0,816.0
235,236,19,3,1,1,1.0,679.0
235,236,20,2,0,0,0.0,515.0
235,236,21,2,1,1,1.0,387.0
235,236,22,1,0,1,1.0,836.0
235,236,23,3,1,1,1.0,638.0
235,236,24,3,1,0,1.0,730.0
235,236,25,0,0,1,1.0,653.0
235,236,26,1,0,1,1.0,610.0
235,236,27,2,1,1,1.0,858.0
235,236,28,1,0,0,1.0,581.0
235,236,29,2,1,1,1.0,779.0
235,236,30,3,1,1,1.0,617.0
235,236,31,0,0,0,1.0,500.0
235,236,32,0,0,1,1.0,3758.0
235,236,33,3,1,1,1.0,768.0
235,236,34,1,0,1,1.0,624.0
235,236,35,3,1,0,1.0,779.0
235,236,36,2,1,1,1.0,928.0
235,236,37,2,1,0,1.0,610.0
235,236,38,0,0,1,1.0,559.0
235,236,39,1,0,1,1.0,653.0
235,236,40,3,1,1,1.0,653.0
235,236,41,1,0,1,1.0,684.0
235,236,42,1,0,1,1.0,524.0
235,236,43,0,0,1,1.0,628.0
235,236,44,2,1,1,1.0,656.0
235,236,45,0,0,1,1.0,644.0
235,236,46,3,1,1,1.0,563.0
235,236,47,2,1,1,1.0,675.0
235,236,48,1,0,1,1.0,569.0
235,236,49,2,1,1,1.0,552.0
235,236,50,3,1,1,1.0,608.0
235,236,51,1,0,0,1.0,520.0
235,236,52,0,0,1,1.0,436.0
235,236,53,0,0,0,1.0,564.0
235,236,54,3,1,1,1.0,881.0
235,236,55,2,1,0,1.0,684.0
235,236,56,3,1,1,1.0,553.0
235,236,57,0,0,1,1.0,639.0
235,236,58,1,0,1,1.0,488.0
235,236,59,2,1,1,1.0,643.0
235,236,60,2,1,1,1.0,767.0
235,236,61,3,1,0,1.0,1208.0
235,236,62,0,0,1,1.0,1007.0
235,236,63,1,0,1,1.0,1398.0
235,236,64,2,1,1,1.0,718.0
235,236,65,1,0,1,1.0,627.0
235,236,66,0,0,1,1.0,375.0
235,236,67,0,0,0,1.0,861.0
235,236,68,3,1,1,1.0,598.0
235,236,69,2,1,1,1.0,651.0
235,236,70,1,0,1,1.0,554.0
235,236,71,3,1,0,1.0,733.0
235,236,72,2,1,1,1.0,596.0
235,236,73,0,0,1,1.0,437.0
235,236,74,3,1,1,1.0,691.0
235,236,75,1,0,0,1.0,522.0
235,236,76,1,0,1,1.0,603.0
235,236,77,2,1,0,1.0,883.0
235,236,78,3,1,1,1.0,852.0
235,236,79,0,0,1,1.0,679.0
235,236,80,2,0,1,0.0,722.0
235,236,81,0,0,1,1.0,652.0
235,236,82,2,1,1,1.0,559.0
235,236,83,0,0,0,1.0,635.0
235,236,84,3,1,1,1.0,811.0
235,236,85,1,0,0,1.0,726.0
235,236,86,3,1,1,1.0,804.0
235,236,87,1,0,1,1.0,549.0
235,236,88,3,1,0,1.0,651.0
235,236,89,1,0,1,1.0,676.0
235,236,90,0,0,1,1.0,644.0
235,236,91,0,0,1,1.0,573.0
235,236,92,2,1,1,1.0,804.0
235,236,93,1,0,1,1.0,561.0
235,236,94,2,1,1,1.0,1390.0
235,236,95,3,1,1,1.0,773.0
235,236,96,3,1,1,1.0,607.0
235,236,97,3,1,1,1.0,733.0
235,236,98,0,0,1,1.0,764.0
235,236,99,1,0,1,1.0,722.0
235,236,100,0,0,1,1.0,600.0
235,236,101,2,1,1,1.0,696.0
235,236,102,1,0,1,1.0,636.0
235,236,103,2,1,1,1.0,723.0
235,236,104,3,1,1,1.0,1411.0
235,236,105,0,0,1,1.0,571.0
235,236,106,1,0,1,1.0,563.0
235,236,107,2,1,0,1.0,882.0
235,236,108,0,0,0,1.0,852.0
235,236,109,2,1,1,1.0,638.0
235,236,110,3,1,1,1.0,887.0
235,236,111,1,0,1,1.0,977.0
235,236,112,3,1,0,1.0,612.0
235,236,113,0,0,1,1.0,649.0
235,236,114,2,1,1,1.0,633.0
235,236,115,0,0,1,1.0,1312.0
235,236,116,2,1,1,1.0,728.0
235,236,117,1,0,1,1.0,766.0
235,236,118,1,0,0,1.0,598.0
235,236,119,3,1,1,1.0,674.0
236,237,0,3,1,1,1.0,3386.0
236,237,1,1,0,1,0.0,2256.0
236,237,2,0,0,0,1.0,1705.0
236,237,3,0,1,0,0.0,1126.0
236,237,4,2,1,0,0.0,1672.0
236,237,5,1,0,0,0.0,3371.0
236,237,6,2,0,0,1.0,2033.0
236,237,7,3,0,1,0.0,1363.0
236,237,8,0,0,1,1.0,1462.0
236,237,9,3,1,1,1.0,1511.0
236,237,10,3,1,0,1.0,746.0
236,237,11,0,0,1,1.0,1153.0
236,237,12,1,0,0,0.0,4404.0
236,237,13,1,0,0,0.0,878.0
236,237,14,2,1,0,0.0,1891.0
236,237,15,2,1,1,0.0,913.0
236,237,16,0,1,0,0.0,2137.0
236,237,17,1,1,0,1.0,1190.0
236,237,18,2,0,1,1.0,1955.0
236,237,19,3,1,1,1.0,1782.0
236,237,20,0,1,1,0.0,1783.0
236,237,21,3,1,1,1.0,1459.0
236,237,22,2,1,0,0.0,898.0
236,237,23,1,1,1,1.0,1046.0
236,237,24,3,1,1,1.0,1154.0
236,237,25,1,0,0,0.0,823.0
236,237,26,3,1,0,1.0,836.0
236,237,27,2,1,0,0.0,895.0
236,237,28,0,0,1,1.0,1710.0
236,237,29,0,0,1,1.0,993.0
236,237,30,1,1,1,1.0,946.0
236,237,31,2,1,0,0.0,886.0
236,237,32,3,1,1,1.0,3548.0
236,237,33,2,0,1,1.0,1388.0
236,237,34,0,1,0,0.0,1165.0
236,237,35,3,1,1,1.0,609.0
236,237,36,1,1,1,1.0,1278.0
236,237,37,1,1,1,1.0,567.0
236,237,38,0,1,0,0.0,1342.0
236,237,39,2,0,1,1.0,566.0
236,237,40,1,1,1,1.0,709.0
236,237,41,0,1,1,0.0,532.0
236,237,42,1,1,1,1.0,767.0
236,237,43,3,1,1,1.0,971.0
236,237,44,0,1,0,0.0,532.0
236,237,45,2,0,1,1.0,673.0
236,237,46,2,0,1,1.0,887.0
236,237,47,3,1,1,1.0,665.0
236,237,48,1,1,1,1.0,998.0
236,237,49,0,1,0,0.0,595.0
236,237,50,2,0,0,1.0,736.0
236,237,51,1,1,0,1.0,813.0
236,237,52,0,0,0,1.0,1197.0
236,237,53,3,1,1,1.0,687.0
236,237,54,2,1,1,0.0,815.0
236,237,55,3,1,0,1.0,954.0
236,237,56,3,1,1,1.0,560.0
236,237,57,0,1,0,0.0,1783.0
236,237,58,1,1,1,1.0,1064.0
236,237,59,0,1,0,0.0,555.0
236,237,60,2,0,1,1.0,4902.0
236,237,61,2,0,1,1.0,703.0
236,237,62,3,1,1,1.0,770.0
236,237,63,1,1,1,1.0,1859.0
236,237,64,3,1,1,1.0,951.0
236,237,65,0,1,1,0.0,1524.0
236,237,66,1,1,0,1.0,1434.0
236,237,67,1,1,1,1.0,593.0
236,237,68,3,1,0,1.0,989.0
236,237,69,2,0,1,1.0,641.0
236,237,70,2,0,1,1.0,661.0
236,237,71,0,1,0,0.0,1039.0
236,237,72,3,1,1,1.0,886.0
236,237,73,2,0,1,1.0,1048.0
236,237,74,0,1,0,0.0,594.0
236,237,75,1,1,1,1.0,838.0
236,237,76,1,1,1,1.0,828.0
236,237,77,3,1,1,1.0,1201.0
236,237,78,0,0,1,1.0,917.0
236,237,79,2,1,0,0.0,904.0
236,237,80,0,0,1,1.0,774.0
236,237,81,0,0,1,1.0,535.0
236,237,82,2,0,1,1.0,703.0
236,237,83,1,1,1,1.0,1437.0
236,237,84,1,0,1,0.0,1171.0
236,237,85,2,0,0,1.0,956.0
236,237,86,3,1,1,1.0,945.0
236,237,87,3,1,1,1.0,859.0
236,237,88,3,1,1,1.0,683.0
236,237,89,1,1,1,1.0,1120.0
236,237,90,0,0,1,1.0,866.0
236,237,91,0,0,0,1.0,942.0
236,237,92,2,0,1,1.0,1969.0
236,237,93,2,0,1,1.0,694.0
236,237,94,3,1,1,1.0,1730.0
236,237,95,1,1,1,1.0,2108.0
236,237,96,0,0,1,1.0,1872.0
236,237,97,2,0,0,1.0,827.0
236,237,98,1,1,0,1.0,455.0
236,237,99,1,1,1,1.0,472.0
236,237,100,2,0,1,1.0,563.0
236,237,101,3,1,0,1.0,604.0
236,237,102,3,1,1,1.0,563.0
236,237,103,0,0,1,1.0,714.0
236,237,104,2,0,1,1.0,840.0
236,237,105,3,1,0,1.0,475.0
236,237,106,1,1,1,1.0,1180.0
236,237,107,3,1,1,1.0,887.0
236,237,108,2,0,1,1.0,686.0
236,237,109,0,0,1,1.0,1036.0
236,237,110,0,0,0,1.0,591.0
236,237,111,1,1,1,1.0,752.0
236,237,112,2,0,1,1.0,1756.0
236,237,113,3,1,1,1.0,663.0
236,237,114,1,1,1,1.0,1421.0
236,237,115,0,0,1,1.0,819.0
236,237,116,3,1,1,1.0,1282.0
236,237,117,1,0,0,0.0,881.0
236,237,118,2,0,1,1.0,663.0
236,237,119,0,0,1,1.0,985.0
237,238,0,0,0,1,1.0,1541.0
237,238,1,1,0,1,0.0,2255.0
237,238,2,3,0,1,1.0,629.0
237,238,3,2,1,1,1.0,721.0
237,238,4,3,0,1,1.0,602.0
237,238,5,0,0,1,1.0,565.0
237,238,6,2,1,1,1.0,650.0
237,238,7,1,0,0,0.0,545.0
237,238,8,1,0,0,0.0,635.0
237,238,9,2,1,1,1.0,793.0
237,238,10,3,0,0,1.0,836.0
237,238,11,3,0,1,1.0,718.0
237,238,12,0,0,1,1.0,648.0
237,238,13,0,0,1,1.0,948.0
237,238,14,2,1,1,1.0,677.0
237,238,15,1,1,0,1.0,487.0
237,238,16,2,1,1,1.0,856.0
237,238,17,3,0,1,1.0,480.0
237,238,18,0,0,1,1.0,553.0
237,238,19,1,1,1,1.0,691.0
237,238,20,0,0,1,1.0,709.0
237,238,21,3,0,1,1.0,892.0
237,238,22,1,1,1,1.0,563.0
237,238,23,2,1,1,1.0,764.0
237,238,24,3,0,1,1.0,517.0
237,238,25,1,0,0,0.0,1182.0
237,238,26,2,1,0,1.0,533.0
237,238,27,0,0,0,1.0,645.0
237,238,28,1,1,1,1.0,1217.0
237,238,29,0,0,1,1.0,879.0
237,238,30,3,1,0,0.0,682.0
237,238,31,2,1,1,1.0,714.0
237,238,32,2,1,1,1.0,1089.0
237,238,33,3,0,0,1.0,592.0
237,238,34,3,0,1,1.0,513.0
237,238,35,1,1,1,1.0,1725.0
237,238,36,2,1,0,1.0,648.0
237,238,37,0,0,1,1.0,385.0
237,238,38,1,1,1,1.0,1754.0
237,238,39,0,0,1,1.0,603.0
237,238,40,1,1,1,1.0,1281.0
237,238,41,3,0,1,1.0,578.0
237,238,42,1,0,0,0.0,610.0
237,238,43,3,0,0,1.0,647.0
237,238,44,2,1,1,1.0,594.0
237,238,45,0,0,1,1.0,715.0
237,238,46,0,0,0,1.0,548.0
237,238,47,2,1,1,1.0,492.0
237,238,48,3,0,1,1.0,665.0
237,238,49,0,0,1,1.0,876.0
237,238,50,3,0,1,1.0,611.0
237,238,51,2,1,1,1.0,392.0
237,238,52,1,1,1,1.0,682.0
237,238,53,1,1,0,1.0,752.0
237,238,54,2,1,1,1.0,722.0
237,238,55,0,0,1,1.0,852.0
237,238,56,1,0,1,0.0,480.0
237,238,57,2,1,0,1.0,684.0
237,238,58,1,1,1,1.0,710.0
237,238,59,0,0,1,1.0,671.0
237,238,60,2,1,1,1.0,1007.0
237,238,61,0,0,1,1.0,791.0
237,238,62,3,0,1,1.0,603.0
237,238,63,3,0,1,1.0,1051.0
237,238,64,3,0,1,1.0,507.0
237,238,65,2,1,1,1.0,946.0
237,238,66,1,1,1,1.0,872.0
237,238,67,0,1,0,0.0,642.0
237,238,68,1,0,0,0.0,1086.0
237,238,69,2,1,1,1.0,666.0
237,238,70,3,0,0,1.0,681.0
237,238,71,0,0,0,1.0,716.0
237,238,72,0,0,1,1.0,527.0
237,238,73,3,0,1,1.0,668.0
237,238,74,3,0,1,1.0,673.0
237,238,75,2,1,1,1.0,804.0
237,238,76,1,1,1,1.0,1846.0
237,238,77,1,1,1,1.0,1930.0
237,238,78,0,0,1,1.0,477.0
237,238,79,2,1,1,1.0,1573.0
237,238,80,3,0,1,1.0,3898.0
237,238,81,1,1,0,1.0,1326.0
237,238,82,2,1,0,1.0,689.0
237,238,83,1,0,0,0.0,676.0
237,238,84,2,1,1,1.0,555.0
237,238,85,0,1,0,0.0,776.0
237,238,86,3,0,1,1.0,509.0
237,238,87,0,0,1,1.0,535.0
237,238,88,3,0,1,1.0,486.0
237,238,89,0,0,1,1.0,474.0
237,238,90,1,1,1,1.0,767.0
237,238,91,3,0,1,1.0,605.0
237,238,92,2,1,1,1.0,678.0
237,238,93,2,1,1,1.0,687.0
237,238,94,1,1,0,1.0,1623.0
237,238,95,0,0,1,1.0,544.0
237,238,96,0,0,1,1.0,576.0
237,238,97,1,0,0,0.0,596.0
237,238,98,3,0,0,1.0,652.0
237,238,99,1,1,1,1.0,922.0
237,238,100,0,0,0,1.0,790.0
237,238,101,2,1,1,1.0,798.0
237,238,102,2,1,1,1.0,512.0
237,238,103,3,0,1,1.0,924.0
237,238,104,0,0,0,1.0,1005.0
237,238,105,3,0,0,1.0,482.0
237,238,106,2,1,0,1.0,676.0
237,238,107,1,0,1,0.0,618.0
237,238,108,1,1,1,1.0,849.0
237,238,109,3,0,1,1.0,635.0
237,238,110,2,1,1,1.0,688.0
237,238,111,0,0,1,1.0,901.0
237,238,112,3,0,1,1.0,1201.0
237,238,113,0,0,1,1.0,1219.0
237,238,114,1,1,1,1.0,765.0
237,238,115,3,0,1,1.0,554.0
237,238,116,2,1,1,1.0,551.0
237,238,117,0,0,1,1.0,689.0
237,238,118,2,1,0,1.0,682.0
237,238,119,1,1,1,1.0,1096.0
238,239,0,1,0,1,1.0,1723.0
238,239,1,2,1,0,0.0,3103.0
238,239,2,3,0,1,0.0,2171.0
238,239,3,3,0,0,0.0,926.0
238,239,4,2,1,0,0.0,2262.0
238,239,5,0,1,0,1.0,1541.0
238,239,6,1,1,0,0.0,1297.0
238,239,7,0,0,0,0.0,1703.0
238,239,8,1,1,0,0.0,1491.0
238,239,9,3,0,0,0.0,4613.0
238,239,10,1,0,1,1.0,2990.0
238,239,11,2,1,0,0.0,3317.0
238,239,12,0,0,0,0.0,2832.0
238,239,13,3,0,0,0.0,3919.0
238,239,14,0,1,1,1.0,1739.0
238,239,15,2,0,1,1.0,1438.0
238,239,16,1,0,0,1.0,3274.0
238,239,17,3,0,0,0.0,1652.0
238,239,18,1,0,1,1.0,1003.0
238,239,19,2,0,1,1.0,2404.0
238,239,20,0,1,1,1.0,2000.0
238,239,21,3,0,1,0.0,3637.0
238,239,22,0,1,1,1.0,991.0
238,239,23,2,1,0,0.0,3240.0
238,239,24,1,0,1,1.0,2047.0
238,239,25,0,1,1,1.0,1041.0
238,239,26,1,0,1,1.0,2314.0
238,239,27,3,0,0,0.0,455.0
238,239,28,0,1,1,1.0,873.0
238,239,29,3,0,0,0.0,1695.0
238,239,30,2,0,1,1.0,610.0
238,239,31,2,0,0,1.0,1704.0
238,239,32,2,0,1,1.0,2216.0
238,239,33,3,0,0,0.0,988.0
238,239,34,0,0,0,0.0,1102.0
238,239,35,3,0,0,0.0,2029.0
238,239,36,1,0,1,1.0,1974.0
238,239,37,0,1,1,1.0,1366.0
238,239,38,2,0,0,1.0,960.0
238,239,39,1,0,0,1.0,2744.0
238,239,40,1,1,0,0.0,928.0
238,239,41,3,0,0,0.0,1491.0
238,239,42,0,1,1,1.0,978.0
238,239,43,2,0,1,1.0,1089.0
238,239,44,1,0,1,1.0,1282.0
238,239,45,3,0,1,0.0,1777.0
238,239,46,0,1,0,1.0,1120.0
238,239,47,2,0,1,1.0,876.0
238,239,48,3,0,0,0.0,719.0
238,239,49,3,0,0,0.0,590.0
238,239,50,0,1,1,1.0,880.0
238,239,51,2,0,1,1.0,908.0
238,239,52,2,0,1,1.0,803.0
238,239,53,0,1,1,1.0,754.0
238,239,54,1,0,0,1.0,1156.0
238,239,55,1,0,1,1.0,1009.0
238,239,56,3,0,0,0.0,1155.0
238,239,57,2,0,0,1.0,1056.0
238,239,58,0,1,0,1.0,1236.0
238,239,59,3,0,1,0.0,1393.0
238,239,60,1,0,1,1.0,1892.0
238,239,61,2,0,1,1.0,1397.0
238,239,62,0,1,1,1.0,731.0
238,239,63,1,0,1,1.0,1820.0
238,239,64,3,0,0,0.0,958.0
238,239,65,0,1,1,1.0,724.0
238,239,66,1,0,1,1.0,964.0
238,239,67,0,1,1,1.0,834.0
238,239,68,1,0,1,1.0,1570.0
238,239,69,2,0,1,1.0,1488.0
238,239,70,3,1,0,1.0,753.0
238,239,71,2,0,1,1.0,1165.0
238,239,72,0,1,1,1.0,879.0
238,239,73,1,0,0,1.0,1010.0
238,239,74,2,0,1,1.0,1091.0
238,239,75,3,1,1,1.0,912.0
238,239,76,3,1,1,1.0,641.0
238,239,77,1,0,1,1.0,1276.0
238,239,78,0,1,1,1.0,791.0
238,239,79,2,0,1,1.0,1085.0
238,239,80,1,0,1,1.0,1278.0
238,239,81,2,0,1,1.0,772.0
238,239,82,1,0,1,1.0,1362.0
238,239,83,2,0,1,1.0,828.0
238,239,84,0,1,1,1.0,1122.0
238,239,85,3,1,1,1.0,1310.0
238,239,86,0,1,0,1.0,753.0
238,239,87,3,1,1,1.0,851.0
238,239,88,0,1,1,1.0,830.0
238,239,89,0,1,1,1.0,641.0
238,239,90,1,0,1,1.0,924.0
238,239,91,2,0,0,1.0,708.0
238,239,92,3,0,0,0.0,1091.0
238,239,93,3,0,0,0.0,555.0
238,239,94,1,0,0,1.0,1164.0
238,239,95,2,0,1,1.0,922.0
238,239,96,2,0,0,1.0,646.0
238,239,97,0,1,0,1.0,882.0
238,239,98,0,1,1,1.0,601.0
238,239,99,3,1,1,1.0,1029.0
238,239,100,2,0,1,1.0,1029.0
238,239,101,1,0,1,1.0,798.0
238,239,102,1,0,1,1.0,638.0
238,239,103,3,1,1,1.0,669.0
238,239,104,0,1,1,1.0,952.0
238,239,105,3,1,0,1.0,832.0
238,239,106,1,1,0,0.0,996.0
238,239,107,3,1,1,1.0,755.0
238,239,108,2,0,1,1.0,1806.0
238,239,109,2,0,1,1.0,768.0
238,239,110,1,0,1,1.0,826.0
238,239,111,0,1,0,1.0,800.0
238,239,112,2,0,1,1.0,1244.0
238,239,113,3,1,1,1.0,806.0
238,239,114,1,0,1,1.0,876.0
238,239,115,1,0,1,1.0,991.0
238,239,116,2,0,1,1.0,753.0
238,239,117,0,1,1,1.0,1005.0
238,239,118,3,1,1,1.0,751.0
238,239,119,0,1,1,1.0,764.0
239,240,0,2,0,0,0.0,2113.0
239,240,1,0,0,1,1.0,641.0
239,240,2,1,0,0,1.0,872.0
239,240,3,0,1,0,0.0,1657.0
239,240,4,3,1,1,1.0,1373.0
239,240,5,2,1,1,1.0,1086.0
239,240,6,3,0,0,0.0,1773.0
239,240,7,1,0,1,1.0,1088.0
239,240,8,0,0,1,1.0,756.0
239,240,9,1,0,1,1.0,1395.0
239,240,10,3,1,1,1.0,1090.0
239,240,11,0,0,1,1.0,680.0
239,240,12,1,0,1,1.0,673.0
239,240,13,3,1,1,1.0,1094.0
239,240,14,2,1,0,1.0,1727.0
239,240,15,2,1,1,1.0,519.0
239,240,16,0,0,1,1.0,783.0
239,240,17,0,0,1,1.0,520.0
239,240,18,1,0,1,1.0,468.0
239,240,19,3,1,0,1.0,984.0
239,240,20,2,1,1,1.0,633.0
239,240,21,2,1,1,1.0,504.0
239,240,22,1,0,1,1.0,829.0
239,240,23,3,1,1,1.0,846.0
239,240,24,3,1,1,1.0,620.0
239,240,25,0,0,1,1.0,948.0
239,240,26,1,0,0,1.0,615.0
239,240,27,2,1,1,1.0,846.0
239,240,28,1,0,1,1.0,822.0
239,240,29,2,1,0,1.0,776.0
239,240,30,3,1,0,1.0,468.0
239,240,31,0,0,0,1.0,864.0
239,240,32,0,0,1,1.0,1514.0
239,240,33,3,1,1,1.0,766.0
239,240,34,1,0,1,1.0,733.0
239,240,35,3,1,1,1.0,916.0
239,240,36,2,1,1,1.0,937.0
239,240,37,2,1,1,1.0,939.0
239,240,38,0,0,1,1.0,809.0
239,240,39,1,0,1,1.0,409.0
239,240,40,3,1,1,1.0,673.0
239,240,41,1,0,1,1.0,594.0
239,240,42,1,0,1,1.0,718.0
239,240,43,0,0,1,1.0,481.0
239,240,44,2,1,1,1.0,600.0
239,240,45,0,0,1,1.0,591.0
239,240,46,3,1,1,1.0,1536.0
239,240,47,2,1,0,1.0,710.0
239,240,48,1,0,0,1.0,620.0
239,240,49,2,1,1,1.0,794.0
239,240,50,3,1,1,1.0,929.0
239,240,51,1,0,1,1.0,629.0
239,240,52,0,0,1,1.0,609.0
239,240,53,0,0,0,1.0,509.0
239,240,54,3,0,0,0.0,376.0
239,240,55,2,1,1,1.0,858.0
239,240,56,3,1,0,1.0,712.0
239,240,57,0,0,1,1.0,628.0
239,240,58,1,0,1,1.0,678.0
239,240,59,2,1,1,1.0,667.0
239,240,60,2,1,1,1.0,1046.0
239,240,61,3,1,1,1.0,952.0
239,240,62,0,0,1,1.0,676.0
239,240,63,1,0,1,1.0,1268.0
239,240,64,2,1,1,1.0,599.0
239,240,65,1,0,1,1.0,667.0
239,240,66,0,0,1,1.0,753.0
239,240,67,0,0,0,1.0,690.0
239,240,68,3,1,0,1.0,657.0
239,240,69,2,1,0,1.0,745.0
239,240,70,1,0,0,1.0,689.0
239,240,71,3,1,1,1.0,1114.0
239,240,72,2,1,1,1.0,718.0
239,240,73,0,0,1,1.0,457.0
239,240,74,3,1,1,1.0,641.0
239,240,75,1,0,1,1.0,641.0
239,240,76,1,0,0,1.0,592.0
239,240,77,2,1,1,1.0,590.0
239,240,78,3,0,0,0.0,1324.0
239,240,79,0,0,1,1.0,662.0
239,240,80,2,1,1,1.0,720.0
239,240,81,0,0,1,1.0,748.0
239,240,82,2,1,1,1.0,685.0
239,240,83,0,0,0,1.0,718.0
239,240,84,3,1,1,1.0,751.0
239,240,85,1,0,1,1.0,631.0
239,240,86,3,1,1,1.0,630.0
239,240,87,1,0,1,1.0,593.0
239,240,88,3,1,0,1.0,633.0
239,240,89,1,0,1,1.0,925.0
239,240,90,0,0,1,1.0,1037.0
239,240,91,0,0,1,1.0,706.0
239,240,92,2,1,1,1.0,797.0
239,240,93,1,0,1,1.0,633.0
239,240,94,2,1,0,1.0,905.0
239,240,95,3,1,1,1.0,589.0
239,240,96,3,1,1,1.0,610.0
239,240,97,3,1,1,1.0,431.0
239,240,98,0,0,1,1.0,646.0
239,240,99,1,0,1,1.0,672.0
239,240,100,0,0,1,1.0,1358.0
239,240,101,2,1,1,1.0,649.0
239,240,102,1,0,1,1.0,643.0
239,240,103,2,1,1,1.0,644.0
239,240,104,3,1,1,1.0,1159.0
239,240,105,0,0,1,1.0,963.0
239,240,106,1,0,1,1.0,927.0
239,240,107,2,1,1,1.0,519.0
239,240,108,0,0,0,1.0,1254.0
239,240,109,2,1,1,1.0,678.0
239,240,110,3,1,1,1.0,644.0
239,240,111,1,0,1,1.0,754.0
239,240,112,3,1,0,1.0,1093.0
239,240,113,0,0,1,1.0,516.0
239,240,114,2,1,0,1.0,554.0
239,240,115,0,0,1,1.0,612.0
239,240,116,2,1,1,1.0,626.0
239,240,117,1,0,0,1.0,487.0
239,240,118,1,0,0,1.0,1098.0
239,240,119,3,1,1,1.0,1001.0
240,241,0,0,1,0,0.0,1940.0
240,241,1,1,1,0,1.0,1169.0
240,241,2,3,1,0,0.0,700.0
240,241,3,2,1,1,1.0,651.0
240,241,4,3,0,1,1.0,745.0
240,241,5,0,0,1,1.0,607.0
240,241,6,2,1,1,1.0,1048.0
240,241,7,1,0,1,0.0,926.0
240,241,8,1,0,0,0.0,437.0
240,241,9,2,1,1,1.0,331.0
240,241,10,3,0,1,1.0,605.0
240,241,11,3,0,0,1.0,963.0
240,241,12,0,1,0,0.0,738.0
240,241,13,0,1,1,0.0,1174.0
240,241,14,2,1,1,1.0,770.0
240,241,15,1,0,0,0.0,706.0
240,241,16,2,0,0,0.0,551.0
240,241,17,3,0,1,1.0,969.0
240,241,18,0,1,0,0.0,749.0
240,241,19,1,0,0,0.0,727.0
240,241,20,0,0,1,1.0,1162.0
240,241,21,3,1,0,0.0,761.0
240,241,22,1,1,1,1.0,1000.0
240,241,23,2,0,0,0.0,1795.0
240,241,24,3,1,0,0.0,955.0
240,241,25,1,1,1,1.0,1871.0
240,241,26,2,1,1,1.0,909.0
240,241,27,0,1,0,0.0,433.0
240,241,28,1,1,1,1.0,1506.0
240,241,29,0,0,1,1.0,1513.0
240,241,30,3,0,1,1.0,1544.0
240,241,31,2,1,1,1.0,827.0
240,241,32,2,1,0,1.0,1994.0
240,241,33,3,0,1,1.0,1259.0
240,241,34,3,0,1,1.0,663.0
240,241,35,1,1,1,1.0,2399.0
240,241,36,2,0,0,0.0,703.0
240,241,37,0,1,0,0.0,718.0
240,241,38,1,1,1,1.0,1137.0
240,241,39,0,0,1,1.0,533.0
240,241,40,1,0,0,0.0,827.0
240,241,41,3,0,0,1.0,887.0
240,241,42,1,1,1,1.0,364.0
240,241,43,3,1,1,0.0,1022.0
240,241,44,2,1,1,1.0,488.0
240,241,45,0,0,1,1.0,901.0
240,241,46,0,1,0,0.0,397.0
240,241,47,2,0,1,0.0,1005.0
240,241,48,3,1,0,0.0,2371.0
240,241,49,0,0,1,1.0,641.0
240,241,50,3,0,1,1.0,1003.0
240,241,51,2,1,1,1.0,1046.0
240,241,52,1,1,1,1.0,1744.0
240,241,53,1,1,0,1.0,764.0
240,241,54,2,0,0,0.0,3022.0
240,241,55,0,1,1,0.0,1143.0
240,241,56,1,0,1,0.0,432.0
240,241,57,2,1,0,1.0,1198.0
240,241,58,1,0,0,0.0,606.0
240,241,59,0,1,0,0.0,1453.0
240,241,60,2,0,1,0.0,2364.0
240,241,61,0,0,0,1.0,1466.0
240,241,62,3,1,0,0.0,1322.0
240,241,63,3,1,0,0.0,2857.0
240,241,64,3,0,1,1.0,2180.0
240,241,65,2,1,1,1.0,1869.0
240,241,66,1,1,1,1.0,2262.0
240,241,67,0,0,1,1.0,1277.0
240,241,68,1,1,1,1.0,2582.0
240,241,69,2,1,1,1.0,1734.0
240,241,70,3,0,0,1.0,1176.0
240,241,71,0,0,1,1.0,1112.0
240,241,72,0,1,0,0.0,1011.0
240,241,73,3,0,1,1.0,353.0
240,241,74,3,0,1,1.0,612.0
240,241,75,2,1,1,1.0,1203.0
240,241,76,1,1,1,1.0,1531.0
240,241,77,1,1,1,1.0,1492.0
240,241,78,0,0,1,1.0,483.0
240,241,79,2,1,1,1.0,1920.0
240,241,80,3,0,1,1.0,933.0
240,241,81,1,0,0,0.0,2820.0
240,241,82,2,1,0,1.0,2428.0
240,241,83,1,1,0,1.0,928.0
240,241,84,2,1,1,1.0,1005.0
240,241,85,0,0,1,1.0,1547.0
240,241,86,3,0,1,1.0,995.0
240,241,87,0,1,1,0.0,2064.0
240,241,88,3,0,1,1.0,698.0
240,241,89,0,1,0,0.0,686.0
240,241,90,1,1,1,1.0,1944.0
240,241,91,3,0,0,1.0,1688.0
240,241,92,2,1,1,1.0,1820.0
240,241,93,2,1,1,1.0,938.0
240,241,94,1,1,0,1.0,2187.0
240,241,95,0,0,0,1.0,878.0
240,241,96,0,0,1,1.0,1093.0
240,241,97,1,0,0,0.0,928.0
240,241,98,3,1,0,0.0,519.0
240,241,99,1,1,1,1.0,1708.0
240,241,100,0,1,0,0.0,1129.0
240,241,101,2,1,1,1.0,2048.0
240,241,102,2,1,1,1.0,963.0
240,241,103,3,0,1,1.0,2194.0
240,241,104,0,0,1,1.0,1968.0
240,241,105,3,0,1,1.0,2764.0
240,241,106,2,1,0,1.0,2451.0
240,241,107,1,1,1,1.0,1014.0
240,241,108,1,1,1,1.0,1127.0
240,241,109,3,0,1,1.0,928.0
240,241,110,2,1,1,1.0,606.0
240,241,111,0,0,1,1.0,1821.0
240,241,112,3,0,1,1.0,693.0
240,241,113,0,0,1,1.0,935.0
240,241,114,1,1,1,1.0,769.0
240,241,115,3,0,1,1.0,1944.0
240,241,116,2,1,1,1.0,1000.0
240,241,117,0,0,0,1.0,2019.0
240,241,118,2,1,1,1.0,1257.0
240,241,119,1,0,1,0.0,1044.0
241,242,0,1,1,0,0.0,2535.0
241,242,1,2,1,0,0.0,1135.0
241,242,2,3,1,0,1.0,995.0
241,242,3,3,0,1,0.0,1537.0
241,242,4,2,0,1,1.0,1196.0
241,242,5,0,1,0,1.0,1005.0
241,242,6,1,0,1,1.0,1093.0
241,242,7,0,0,0,0.0,836.0
241,242,8,1,0,1,1.0,1242.0
241,242,9,3,1,1,1.0,971.0
241,242,10,1,0,0,1.0,769.0
241,242,11,2,0,1,1.0,751.0
241,242,12,0,1,1,1.0,969.0
241,242,13,3,1,1,1.0,608.0
241,242,14,0,1,1,1.0,1349.0
241,242,15,2,0,1,1.0,641.0
241,242,16,1,0,1,1.0,1126.0
241,242,17,3,1,1,1.0,1011.0
241,242,18,1,0,1,1.0,914.0
241,242,19,2,0,0,1.0,868.0
241,242,20,0,1,1,1.0,3723.0
241,242,21,3,1,1,1.0,711.0
241,242,22,0,1,1,1.0,874.0
241,242,23,2,0,1,1.0,861.0
241,242,24,1,0,1,1.0,1063.0
241,242,25,0,1,1,1.0,1748.0
241,242,26,1,0,1,1.0,773.0
241,242,27,3,1,1,1.0,1152.0
241,242,28,0,1,1,1.0,1119.0
241,242,29,3,1,1,1.0,2749.0
241,242,30,2,0,0,1.0,728.0
241,242,31,2,0,1,1.0,618.0
241,242,32,2,0,1,1.0,3140.0
241,242,33,3,1,0,1.0,974.0
241,242,34,0,1,1,1.0,1950.0
241,242,35,3,1,1,1.0,930.0
241,242,36,1,0,0,1.0,670.0
241,242,37,0,1,0,1.0,1011.0
241,242,38,2,0,1,1.0,2988.0
241,242,39,1,0,1,1.0,812.0
241,242,40,1,0,0,1.0,610.0
241,242,41,3,1,1,1.0,1000.0
241,242,42,0,1,1,1.0,682.0
241,242,43,2,0,1,1.0,934.0
241,242,44,1,0,1,1.0,804.0
241,242,45,3,1,1,1.0,999.0
241,242,46,0,1,1,1.0,1126.0
241,242,47,2,0,0,1.0,689.0
241,242,48,3,1,1,1.0,1223.0
241,242,49,3,1,0,1.0,3061.0
241,242,50,0,1,0,1.0,518.0
241,242,51,2,0,1,1.0,1418.0
241,242,52,2,0,1,1.0,666.0
241,242,53,0,1,1,1.0,1397.0
241,242,54,1,0,1,1.0,1491.0
241,242,55,1,0,1,1.0,514.0
241,242,56,3,1,1,1.0,679.0
241,242,57,2,0,1,1.0,667.0
241,242,58,0,1,1,1.0,766.0
241,242,59,3,1,1,1.0,829.0
241,242,60,1,0,1,1.0,801.0
241,242,61,2,0,1,1.0,993.0
241,242,62,0,1,1,1.0,782.0
241,242,63,1,0,1,1.0,2021.0
241,242,64,3,1,1,1.0,757.0
241,242,65,0,1,1,1.0,848.0
241,242,66,1,0,0,1.0,845.0
241,242,67,0,1,1,1.0,575.0
241,242,68,1,0,1,1.0,749.0
241,242,69,2,0,1,1.0,886.0
241,242,70,3,1,1,1.0,923.0
241,242,71,2,0,1,1.0,692.0
241,242,72,0,1,1,1.0,551.0
241,242,73,1,0,1,1.0,799.0
241,242,74,2,0,1,1.0,811.0
241,242,75,3,1,0,1.0,727.0
241,242,76,3,1,1,1.0,606.0
241,242,77,1,0,1,1.0,768.0
241,242,78,0,1,0,1.0,786.0
241,242,79,2,0,0,1.0,1391.0
241,242,80,1,0,1,1.0,605.0
241,242,81,2,0,1,1.0,671.0
241,242,82,1,0,0,1.0,721.0
241,242,83,2,0,0,1.0,796.0
241,242,84,0,1,1,1.0,921.0
241,242,85,3,1,1,1.0,555.0
241,242,86,0,1,1,1.0,967.0
241,242,87,3,1,1,1.0,649.0
241,242,88,0,1,0,1.0,1609.0
241,242,89,0,1,1,1.0,563.0
241,242,90,1,0,1,1.0,517.0
241,242,91,2,0,1,1.0,566.0
241,242,92,3,1,1,1.0,567.0
241,242,93,3,1,1,1.0,877.0
241,242,94,1,0,1,1.0,1080.0
241,242,95,2,0,1,1.0,1202.0
241,242,96,2,0,1,1.0,642.0
241,242,97,0,1,1,1.0,695.0
241,242,98,0,1,0,1.0,752.0
241,242,99,3,1,0,1.0,719.0
241,242,100,2,0,1,1.0,516.0
241,242,101,1,0,1,1.0,1128.0
241,242,102,1,0,1,1.0,647.0
241,242,103,3,1,0,1.0,561.0
241,242,104,0,1,1,1.0,904.0
241,242,105,3,1,1,1.0,722.0
241,242,106,1,0,1,1.0,804.0
241,242,107,3,1,1,1.0,806.0
241,242,108,2,0,1,1.0,662.0
241,242,109,2,0,1,1.0,638.0
241,242,110,1,0,1,1.0,912.0
241,242,111,0,1,1,1.0,1094.0
241,242,112,2,0,1,1.0,517.0
241,242,113,3,1,1,1.0,654.0
241,242,114,1,0,1,1.0,556.0
241,242,115,1,0,0,1.0,1304.0
241,242,116,2,0,0,1.0,1156.0
241,242,117,0,1,1,1.0,1653.0
241,242,118,3,1,1,1.0,640.0
241,242,119,0,1,1,1.0,815.0
242,243,0,2,0,0,0.0,910.0
242,243,1,0,1,0,0.0,949.0
242,243,2,1,0,0,1.0,1198.0
242,243,3,0,1,0,0.0,1348.0
242,243,4,3,1,1,1.0,923.0
242,243,5,2,1,1,1.0,643.0
242,243,6,3,0,0,0.0,1030.0
242,243,7,1,1,0,0.0,976.0
242,243,8,0,1,1,0.0,956.0
242,243,9,1,1,0,0.0,1058.0
242,243,10,3,0,0,0.0,1327.0
242,243,11,0,0,1,1.0,1275.0
242,243,12,1,1,0,0.0,1120.0
242,243,13,3,1,1,1.0,1238.0
242,243,14,2,1,0,1.0,810.0
242,243,15,2,0,0,0.0,1083.0
242,243,16,0,1,0,0.0,2039.0
242,243,17,0,0,1,1.0,862.0
242,243,18,1,0,1,1.0,1120.0
242,243,19,3,1,1,1.0,1267.0
242,243,20,2,0,0,0.0,1442.0
242,243,21,2,1,1,1.0,785.0
242,243,22,1,0,1,1.0,1437.0
242,243,23,3,1,0,1.0,746.0
242,243,24,3,1,1,1.0,897.0
242,243,25,0,0,1,1.0,1193.0
242,243,26,1,0,1,1.0,1067.0
242,243,27,2,1,1,1.0,1305.0
242,243,28,1,1,1,0.0,1003.0
242,243,29,2,1,1,1.0,1393.0
242,243,30,3,1,1,1.0,1168.0
242,243,31,0,0,1,1.0,1542.0
242,243,32,0,1,1,0.0,1402.0
242,243,33,3,1,0,1.0,1524.0
242,243,34,1,0,1,1.0,974.0
242,243,35,3,1,1,1.0,886.0
242,243,36,2,1,1,1.0,1007.0
242,243,37,2,1,0,1.0,1003.0
242,243,38,0,1,0,0.0,1167.0
242,243,39,1,0,1,1.0,516.0
242,243,40,3,1,1,1.0,1017.0
242,243,41,1,0,0,1.0,878.0
242,243,42,1,0,1,1.0,2367.0
242,243,43,0,1,0,0.0,878.0
242,243,44,2,1,1,1.0,1039.0
242,243,45,0,0,1,1.0,944.0
242,243,46,3,1,1,1.0,720.0
242,243,47,2,1,1,1.0,512.0
242,243,48,1,0,1,1.0,881.0
242,243,49,2,1,1,1.0,961.0
242,243,50,3,1,1,1.0,748.0
242,243,51,1,0,1,1.0,955.0
242,243,52,0,1,0,0.0,1246.0
242,243,53,0,0,1,1.0,802.0
242,243,54,3,1,1,1.0,1474.0
242,243,55,2,1,0,1.0,1279.0
242,243,56,3,1,0,1.0,1403.0
242,243,57,0,0,0,1.0,1198.0
242,243,58,1,0,1,1.0,989.0
242,243,59,2,1,1,1.0,864.0
242,243,60,2,1,1,1.0,1121.0
242,243,61,3,1,1,1.0,921.0
242,243,62,0,0,1,1.0,1360.0
242,243,63,1,0,1,1.0,1160.0
242,243,64,2,1,1,1.0,759.0
242,243,65,1,0,0,1.0,748.0
242,243,66,0,0,1,1.0,878.0
242,243,67,0,0,1,1.0,663.0
242,243,68,3,1,0,1.0,795.0
242,243,69,2,1,1,1.0,927.0
242,243,70,1,0,1,1.0,705.0
242,243,71,3,1,1,1.0,715.0
242,243,72,2,1,1,1.0,955.0
242,243,73,0,0,1,1.0,800.0
242,243,74,3,1,1,1.0,714.0
242,243,75,1,0,1,1.0,825.0
242,243,76,1,0,1,1.0,712.0
242,243,77,2,1,0,1.0,716.0
242,243,78,3,1,1,1.0,722.0
242,243,79,0,0,1,1.0,750.0
242,243,80,2,1,1,1.0,1069.0
242,243,81,0,0,0,1.0,875.0
242,243,82,2,1,1,1.0,756.0
242,243,83,0,0,1,1.0,1327.0
242,243,84,3,1,1,1.0,868.0
242,243,85,1,0,1,1.0,750.0
242,243,86,3,1,0,1.0,1200.0
242,243,87,1,0,0,1.0,747.0
242,243,88,3,1,1,1.0,601.0
242,243,89,1,0,1,1.0,591.0
242,243,90,0,0,1,1.0,827.0
242,243,91,0,0,1,1.0,684.0
242,243,92,2,1,1,1.0,694.0
242,243,93,1,0,0,1.0,926.0
242,243,94,2,1,1,1.0,1050.0
242,243,95,3,1,1,1.0,825.0
242,243,96,3,1,1,1.0,630.0
242,243,97,3,1,1,1.0,503.0
242,243,98,0,0,0,1.0,832.0
242,243,99,1,0,1,1.0,768.0
242,243,100,0,1,0,0.0,991.0
242,243,101,2,1,1,1.0,1288.0
242,243,102,1,0,1,1.0,784.0
242,243,103,2,1,0,1.0,715.0
242,243,104,3,1,1,1.0,672.0
242,243,105,0,0,1,1.0,930.0
242,243,106,1,0,1,1.0,877.0
242,243,107,2,1,1,1.0,1112.0
242,243,108,0,0,1,1.0,750.0
242,243,109,2,1,1,1.0,924.0
242,243,110,3,1,0,1.0,827.0
242,243,111,1,0,1,1.0,673.0
242,243,112,3,1,1,1.0,766.0
242,243,113,0,0,1,1.0,720.0
242,243,114,2,1,1,1.0,799.0
242,243,115,0,0,0,1.0,698.0
242,243,116,2,1,1,1.0,849.0
242,243,117,1,0,1,1.0,1154.0
242,243,118,1,0,1,1.0,685.0
242,243,119,3,1,1,1.0,676.0
243,244,0,3,0,1,0.0,1242.0
243,244,1,1,1,0,1.0,1230.0
243,244,2,0,0,0,1.0,1024.0
243,244,3,0,1,0,0.0,953.0
243,244,4,2,0,0,1.0,757.0
243,244,5,1,1,1,1.0,1041.0
243,244,6,2,1,0,0.0,1953.0
243,244,7,3,0,0,0.0,571.0
243,244,8,0,0,1,1.0,1104.0
243,244,9,3,0,0,0.0,1424.0
243,244,10,3,1,1,1.0,718.0
243,244,11,0,0,1,1.0,2926.0
243,244,12,1,1,1,1.0,1581.0
243,244,13,1,1,1,1.0,734.0
243,244,14,2,1,0,0.0,1241.0
243,244,15,2,0,1,1.0,909.0
243,244,16,0,1,0,0.0,1432.0
243,244,17,1,1,1,1.0,647.0
243,244,18,2,0,1,1.0,665.0
243,244,19,3,1,1,1.0,1721.0
243,244,20,0,0,1,1.0,783.0
243,244,21,3,1,0,1.0,1553.0
243,244,22,2,0,1,1.0,1308.0
243,244,23,1,1,1,1.0,1004.0
243,244,24,3,1,1,1.0,1001.0
243,244,25,1,1,1,1.0,596.0
243,244,26,3,1,1,1.0,532.0
243,244,27,2,0,1,1.0,772.0
243,244,28,0,0,1,1.0,615.0
243,244,29,0,0,0,1.0,714.0
243,244,30,1,1,1,1.0,734.0
243,244,31,2,0,1,1.0,733.0
243,244,32,3,1,1,1.0,1992.0
243,244,33,2,0,0,1.0,761.0
243,244,34,0,1,1,0.0,994.0
243,244,35,3,1,0,1.0,700.0
243,244,36,1,1,0,1.0,576.0
243,244,37,1,1,1,1.0,618.0
243,244,38,0,0,1,1.0,1478.0
243,244,39,2,0,1,1.0,1084.0
243,244,40,1,1,1,1.0,1168.0
243,244,41,0,1,0,0.0,1360.0
243,244,42,1,1,0,1.0,738.0
243,244,43,3,1,1,1.0,709.0
243,244,44,0,0,1,1.0,1183.0
243,244,45,2,0,1,1.0,1086.0
243,244,46,2,0,1,1.0,587.0
243,244,47,3,1,1,1.0,713.0
243,244,48,1,1,1,1.0,456.0
243,244,49,0,0,1,1.0,768.0
243,244,50,2,0,1,1.0,476.0
243,244,51,1,1,1,1.0,769.0
243,244,52,0,1,0,0.0,459.0
243,244,53,3,1,1,1.0,747.0
243,244,54,2,0,1,1.0,537.0
243,244,55,3,1,1,1.0,582.0
243,244,56,3,1,1,1.0,869.0
243,244,57,0,0,1,1.0,977.0
243,244,58,1,1,1,1.0,986.0
243,244,59,0,0,0,1.0,1019.0
243,244,60,2,0,1,1.0,836.0
243,244,61,2,0,0,1.0,790.0
243,244,62,3,1,0,1.0,730.0
243,244,63,1,1,1,1.0,883.0
243,244,64,3,1,1,1.0,1052.0
243,244,65,0,0,1,1.0,770.0
243,244,66,1,1,1,1.0,461.0
243,244,67,1,1,1,1.0,534.0
243,244,68,3,1,1,1.0,1626.0
243,244,69,2,0,1,1.0,582.0
243,244,70,2,0,1,1.0,660.0
243,244,71,0,1,1,0.0,584.0
243,244,72,3,1,1,1.0,538.0
243,244,73,2,0,0,1.0,635.0
243,244,74,0,1,0,0.0,843.0
243,244,75,1,1,0,1.0,511.0
243,244,76,1,1,1,1.0,507.0
243,244,77,3,1,0,1.0,828.0
243,244,78,0,0,1,1.0,942.0
243,244,79,2,0,1,1.0,423.0
243,244,80,0,0,1,1.0,630.0
243,244,81,0,0,0,1.0,951.0
243,244,82,2,0,1,1.0,604.0
243,244,83,1,1,1,1.0,409.0
243,244,84,1,1,1,1.0,474.0
243,244,85,2,0,1,1.0,665.0
243,244,86,3,1,1,1.0,745.0
243,244,87,3,1,1,1.0,556.0
243,244,88,3,1,1,1.0,588.0
243,244,89,1,1,1,1.0,585.0
243,244,90,0,0,1,1.0,1002.0
243,244,91,0,0,1,1.0,505.0
243,244,92,2,0,1,1.0,674.0
243,244,93,2,0,1,1.0,510.0
243,244,94,3,1,1,1.0,1128.0
243,244,95,1,1,0,1.0,586.0
243,244,96,0,1,0,0.0,1291.0
243,244,97,2,0,0,1.0,610.0
243,244,98,1,1,1,1.0,745.0
243,244,99,1,1,1,1.0,650.0
243,244,100,2,0,1,1.0,638.0
243,244,101,3,1,1,1.0,639.0
243,244,102,3,1,1,1.0,680.0
243,244,103,0,0,1,1.0,932.0
243,244,104,2,0,0,1.0,687.0
243,244,105,3,1,0,1.0,760.0
243,244,106,1,1,1,1.0,593.0
243,244,107,3,1,1,1.0,1132.0
243,244,108,2,0,1,1.0,833.0
243,244,109,0,0,1,1.0,984.0
243,244,110,0,0,1,1.0,788.0
243,244,111,1,1,0,1.0,606.0
243,244,112,2,0,1,1.0,605.0
243,244,113,3,1,0,1.0,675.0
243,244,114,1,1,1,1.0,574.0
243,244,115,0,0,1,1.0,672.0
243,244,116,3,1,1,1.0,478.0
243,244,117,1,1,1,1.0,700.0
243,244,118,2,0,1,1.0,723.0
243,244,119,0,0,0,1.0,1294.0
244,245,0,0,1,0,0.0,2856.0
244,245,1,1,1,0,1.0,3141.0
244,245,2,3,1,0,0.0,1724.0
244,245,3,2,1,1,1.0,954.0
244,245,4,3,0,1,1.0,2863.0
244,245,5,0,0,1,1.0,971.0
244,245,6,2,1,1,1.0,1248.0
244,245,7,1,0,1,0.0,1889.0
244,245,8,1,0,0,0.0,752.0
244,245,9,2,1,1,1.0,1123.0
244,245,10,3,0,1,1.0,1842.0
244,245,11,3,1,0,0.0,1823.0
244,245,12,0,0,1,1.0,1066.0
244,245,13,0,0,1,1.0,560.0
244,245,14,2,1,1,1.0,868.0
244,245,15,1,0,0,0.0,1154.0
244,245,16,2,1,1,1.0,882.0
244,245,17,3,0,0,1.0,806.0
244,245,18,0,0,1,1.0,688.0
244,245,19,1,1,1,1.0,721.0
244,245,20,0,0,1,1.0,607.0
244,245,21,3,0,1,1.0,611.0
244,245,22,1,0,0,0.0,3106.0
244,245,23,2,1,1,1.0,780.0
244,245,24,3,0,1,1.0,456.0
244,245,25,1,0,0,0.0,1657.0
244,245,26,2,1,0,1.0,830.0
244,245,27,0,0,1,1.0,597.0
244,245,28,1,0,1,0.0,1192.0
244,245,29,0,0,0,1.0,746.0
244,245,30,3,0,1,1.0,613.0
244,245,31,2,1,1,1.0,630.0
244,245,32,2,1,1,1.0,1656.0
244,245,33,3,0,1,1.0,621.0
244,245,34,3,1,0,0.0,1357.0
244,245,35,1,0,0,0.0,1081.0
244,245,36,2,1,0,1.0,603.0
244,245,37,0,1,0,0.0,892.0
244,245,38,1,0,0,0.0,1629.0
244,245,39,0,0,1,1.0,634.0
244,245,40,1,1,1,1.0,3784.0
244,245,41,3,0,0,1.0,1301.0
244,245,42,1,0,0,0.0,1668.0
244,245,43,3,0,1,1.0,2060.0
244,245,44,2,1,1,1.0,655.0
244,245,45,0,0,1,1.0,514.0
244,245,46,0,0,1,1.0,1781.0
244,245,47,2,1,1,1.0,829.0
244,245,48,3,0,1,1.0,796.0
244,245,49,0,0,1,1.0,807.0
244,245,50,3,0,0,1.0,776.0
244,245,51,2,0,0,0.0,1192.0
244,245,52,1,0,1,0.0,1712.0
244,245,53,1,1,1,1.0,1273.0
244,245,54,2,1,1,1.0,864.0
244,245,55,0,0,0,1.0,868.0
244,245,56,1,1,1,1.0,2394.0
244,245,57,2,1,1,1.0,731.0
244,245,58,1,1,1,1.0,1130.0
244,245,59,0,0,1,1.0,983.0
244,245,60,2,0,0,0.0,761.0
244,245,61,0,0,1,1.0,1034.0
244,245,62,3,0,1,1.0,632.0
244,245,63,3,0,1,1.0,2172.0
244,245,64,3,0,1,1.0,636.0
244,245,65,2,1,0,1.0,637.0
244,245,66,1,0,0,0.0,865.0
244,245,67,0,0,1,1.0,734.0
244,245,68,1,1,1,1.0,535.0
244,245,69,2,1,1,1.0,712.0
244,245,70,3,0,1,1.0,648.0
244,245,71,0,0,1,1.0,614.0
244,245,72,0,0,0,1.0,637.0
244,245,73,3,0,1,1.0,978.0
244,245,74,3,1,1,0.0,1312.0
244,245,75,2,1,1,1.0,676.0
244,245,76,1,0,0,0.0,751.0
244,245,77,1,1,1,1.0,2055.0
244,245,78,0,0,1,1.0,752.0
244,245,79,2,1,1,1.0,651.0
244,245,80,3,0,0,1.0,757.0
244,245,81,1,0,0,0.0,1528.0
244,245,82,2,0,0,0.0,471.0
244,245,83,1,1,0,1.0,1057.0
244,245,84,2,1,1,1.0,669.0
244,245,85,0,0,1,1.0,1544.0
244,245,86,3,0,1,1.0,655.0
244,245,87,0,0,1,1.0,615.0
244,245,88,3,0,1,1.0,500.0
244,245,89,0,0,1,1.0,568.0
244,245,90,1,1,1,1.0,1092.0
244,245,91,3,0,1,1.0,690.0
244,245,92,2,1,1,1.0,591.0
244,245,93,2,1,0,1.0,726.0
244,245,94,1,1,1,1.0,2255.0
244,245,95,0,0,1,1.0,933.0
244,245,96,0,0,1,1.0,582.0
244,245,97,1,1,1,1.0,1200.0
244,245,98,3,0,1,1.0,631.0
244,245,99,1,1,1,1.0,1585.0
244,245,100,0,0,0,1.0,596.0
244,245,101,2,1,1,1.0,845.0
244,245,102,2,1,1,1.0,700.0
244,245,103,3,0,1,1.0,621.0
244,245,104,0,0,0,1.0,763.0
244,245,105,3,0,1,1.0,767.0
244,245,106,2,1,1,1.0,581.0
244,245,107,1,1,0,1.0,1341.0
244,245,108,1,1,1,1.0,719.0
244,245,109,3,0,0,1.0,668.0
244,245,110,2,1,1,1.0,557.0
244,245,111,0,0,1,1.0,628.0
244,245,112,3,0,1,1.0,676.0
244,245,113,0,1,1,0.0,1572.0
244,245,114,1,0,0,0.0,617.0
244,245,115,3,0,0,1.0,866.0
244,245,116,2,1,1,1.0,781.0
244,245,117,0,0,1,1.0,671.0
244,245,118,2,1,0,1.0,765.0
244,245,119,1,0,0,0.0,1280.0
245,246,0,2,0,0,0.0,1971.0
245,246,1,0,1,0,0.0,1471.0
245,246,2,1,1,0,0.0,1380.0
245,246,3,0,0,1,1.0,1963.0
245,246,4,3,0,0,0.0,1047.0
245,246,5,2,1,1,1.0,1413.0
245,246,6,3,0,0,0.0,1108.0
245,246,7,1,0,0,1.0,1107.0
245,246,8,0,0,1,1.0,925.0
245,246,9,1,1,0,0.0,1874.0
245,246,10,3,1,1,1.0,870.0
245,246,11,0,0,1,1.0,1170.0
245,246,12,1,0,1,1.0,1391.0
245,246,13,3,1,1,1.0,912.0
245,246,14,2,1,0,1.0,833.0
245,246,15,2,0,0,0.0,782.0
245,246,16,0,0,1,1.0,2315.0
245,246,17,0,0,1,1.0,841.0
245,246,18,1,1,0,0.0,2474.0
245,246,19,3,1,1,1.0,568.0
245,246,20,2,1,1,1.0,1336.0
245,246,21,2,1,1,1.0,472.0
245,246,22,1,0,1,1.0,949.0
245,246,23,3,1,0,1.0,950.0
245,246,24,3,1,1,1.0,503.0
245,246,25,0,0,1,1.0,757.0
245,246,26,1,0,1,1.0,492.0
245,246,27,2,1,1,1.0,604.0
245,246,28,1,0,1,1.0,911.0
245,246,29,2,1,1,1.0,981.0
245,246,30,3,1,1,1.0,660.0
245,246,31,0,0,0,1.0,797.0
245,246,32,0,0,1,1.0,1396.0
245,246,33,3,1,0,1.0,750.0
245,246,34,1,0,1,1.0,1346.0
245,246,35,3,1,1,1.0,545.0
245,246,36,2,1,0,1.0,749.0
245,246,37,2,1,1,1.0,386.0
245,246,38,0,0,1,1.0,1117.0
245,246,39,1,0,0,1.0,668.0
245,246,40,3,1,1,1.0,1168.0
245,246,41,1,0,1,1.0,861.0
245,246,42,1,0,1,1.0,390.0
245,246,43,0,0,1,1.0,693.0
245,246,44,2,0,0,0.0,758.0
245,246,45,0,0,1,1.0,692.0
245,246,46,3,1,1,1.0,791.0
245,246,47,2,1,1,1.0,706.0
245,246,48,1,0,1,1.0,1406.0
245,246,49,2,1,1,1.0,744.0
245,246,50,3,1,1,1.0,539.0
245,246,51,1,0,1,1.0,608.0
245,246,52,0,0,1,1.0,1362.0
245,246,53,0,0,0,1.0,658.0
245,246,54,3,1,1,1.0,825.0
245,246,55,2,1,0,1.0,688.0
245,246,56,3,1,0,1.0,528.0
245,246,57,0,0,1,1.0,783.0
245,246,58,1,0,1,1.0,1393.0
245,246,59,2,1,1,1.0,1306.0
245,246,60,2,1,1,1.0,1862.0
245,246,61,3,1,1,1.0,740.0
245,246,62,0,0,1,1.0,554.0
245,246,63,1,0,0,1.0,1368.0
245,246,64,2,1,1,1.0,702.0
245,246,65,1,0,1,1.0,716.0
245,246,66,0,0,1,1.0,1732.0
245,246,67,0,0,0,1.0,560.0
245,246,68,3,1,0,1.0,591.0
245,246,69,2,1,1,1.0,615.0
245,246,70,1,0,1,1.0,1008.0
245,246,71,3,1,1,1.0,732.0
245,246,72,2,1,1,1.0,631.0
245,246,73,0,0,1,1.0,785.0
245,246,74,3,1,1,1.0,709.0
245,246,75,1,0,1,1.0,863.0
245,246,76,1,0,1,1.0,659.0
245,246,77,2,1,0,1.0,787.0
245,246,78,3,1,1,1.0,809.0
245,246,79,0,0,1,1.0,665.0
245,246,80,2,1,1,1.0,1073.0
245,246,81,0,0,1,1.0,1094.0
245,246,82,2,1,1,1.0,845.0
245,246,83,0,0,0,1.0,735.0
245,246,84,3,1,1,1.0,852.0
245,246,85,1,0,0,1.0,677.0
245,246,86,3,1,0,1.0,544.0
245,246,87,1,0,1,1.0,1507.0
245,246,88,3,1,1,1.0,602.0
245,246,89,1,0,0,1.0,837.0
245,246,90,0,0,1,1.0,864.0
245,246,91,0,0,1,1.0,414.0
245,246,92,2,1,1,1.0,1131.0
245,246,93,1,0,1,1.0,487.0
245,246,94,2,1,1,1.0,1449.0
245,246,95,3,1,1,1.0,537.0
245,246,96,3,1,1,1.0,433.0
245,246,97,3,1,1,1.0,363.0
245,246,98,0,0,1,1.0,1241.0
245,246,99,1,0,1,1.0,730.0
245,246,100,0,0,1,1.0,419.0
245,246,101,2,1,1,1.0,678.0
245,246,102,1,0,1,1.0,667.0
245,246,103,2,1,0,1.0,1056.0
245,246,104,3,1,1,1.0,1050.0
245,246,105,0,0,1,1.0,749.0
245,246,106,1,0,1,1.0,1092.0
245,246,107,2,1,1,1.0,768.0
245,246,108,0,0,0,1.0,612.0
245,246,109,2,1,1,1.0,846.0
245,246,110,3,1,0,1.0,782.0
245,246,111,1,0,1,1.0,777.0
245,246,112,3,1,1,1.0,682.0
245,246,113,0,0,1,1.0,842.0
245,246,114,2,1,1,1.0,790.0
245,246,115,0,0,1,1.0,832.0
245,246,116,2,1,1,1.0,745.0
245,246,117,1,0,1,1.0,781.0
245,246,118,1,0,1,1.0,520.0
245,246,119,3,1,1,1.0,2532.0
246,247,0,0,0,1,1.0,2373.0
246,247,1,1,0,1,0.0,1740.0
246,247,2,3,0,1,1.0,1120.0
246,247,3,2,0,0,0.0,1065.0
246,247,4,3,1,0,0.0,1047.0
246,247,5,0,0,1,1.0,512.0
246,247,6,2,1,1,1.0,991.0
246,247,7,1,0,0,0.0,1313.0
246,247,8,1,1,0,1.0,1674.0
246,247,9,2,1,1,1.0,3900.0
246,247,10,3,0,1,1.0,1883.0
246,247,11,3,0,0,1.0,585.0
246,247,12,0,0,1,1.0,1213.0
246,247,13,0,0,1,1.0,483.0
246,247,14,2,0,0,0.0,2081.0
246,247,15,1,0,0,0.0,2536.0
246,247,16,2,1,1,1.0,1562.0
246,247,17,3,0,1,1.0,2105.0
246,247,18,0,0,1,1.0,690.0
246,247,19,1,0,0,0.0,1597.0
246,247,20,0,0,1,1.0,811.0
246,247,21,3,0,1,1.0,729.0
246,247,22,1,1,1,1.0,1198.0
246,247,23,2,1,1,1.0,1042.0
246,247,24,3,0,1,1.0,1067.0
246,247,25,1,1,1,1.0,2920.0
246,247,26,2,1,1,1.0,1031.0
246,247,27,0,0,0,1.0,1069.0
246,247,28,1,1,1,1.0,877.0
246,247,29,0,0,1,1.0,1276.0
246,247,30,3,0,1,1.0,2320.0
246,247,31,2,1,1,1.0,1422.0
246,247,32,2,0,0,0.0,1648.0
246,247,33,3,0,0,1.0,700.0
246,247,34,3,1,0,0.0,1144.0
246,247,35,1,0,0,0.0,1323.0
246,247,36,2,0,1,0.0,2975.0
246,247,37,0,1,0,0.0,6731.0
246,247,38,1,1,1,1.0,2811.0
246,247,39,0,1,0,0.0,662.0
246,247,40,1,1,1,1.0,1082.0
246,247,41,3,1,0,0.0,1021.0
246,247,42,1,1,1,1.0,1314.0
246,247,43,3,0,1,1.0,906.0
246,247,44,2,0,0,0.0,2900.0
246,247,45,0,1,1,0.0,5632.0
246,247,46,0,1,0,0.0,518.0
246,247,47,2,1,0,1.0,2473.0
246,247,48,3,0,1,1.0,2344.0
246,247,49,0,0,1,1.0,1020.0
246,247,50,3,1,1,0.0,2489.0
246,247,51,2,1,1,1.0,3573.0
246,247,52,1,1,1,1.0,1154.0
246,247,53,1,1,0,1.0,458.0
246,247,54,2,1,1,1.0,1487.0
246,247,55,0,0,1,1.0,1224.0
246,247,56,1,1,1,1.0,936.0
246,247,57,2,1,0,1.0,3219.0
246,247,58,1,1,1,1.0,4991.0
246,247,59,0,0,1,1.0,753.0
246,247,60,2,1,1,1.0,2790.0
246,247,61,0,0,0,1.0,813.0
246,247,62,3,0,0,1.0,653.0
246,247,63,3,0,1,1.0,6760.0
246,247,64,3,0,1,1.0,455.0
246,247,65,2,1,1,1.0,1098.0
246,247,66,1,0,1,0.0,1041.0
246,247,67,0,0,1,1.0,821.0
246,247,68,1,1,1,1.0,1259.0
246,247,69,2,1,1,1.0,1265.0
246,247,70,3,0,1,1.0,894.0
246,247,71,0,0,1,1.0,1510.0
246,247,72,0,0,1,1.0,425.0
246,247,73,3,0,1,1.0,1625.0
246,247,74,3,0,1,1.0,487.0
246,247,75,2,1,1,1.0,1045.0
246,247,76,1,0,0,0.0,587.0
246,247,77,1,1,1,1.0,590.0
246,247,78,0,0,1,1.0,763.0
246,247,79,2,0,1,0.0,1159.0
246,247,80,3,0,0,1.0,878.0
246,247,81,1,0,0,0.0,950.0
246,247,82,2,1,0,1.0,1310.0
246,247,83,1,1,0,1.0,1741.0
246,247,84,2,1,1,1.0,1938.0
246,247,85,0,0,0,1.0,869.0
246,247,86,3,0,1,1.0,3392.0
246,247,87,0,0,1,1.0,2510.0
246,247,88,3,1,0,0.0,1008.0
246,247,89,0,0,1,1.0,687.0
246,247,90,1,1,1,1.0,1925.0
246,247,91,3,0,1,1.0,965.0
246,247,92,2,1,1,1.0,1720.0
246,247,93,2,1,1,1.0,944.0
246,247,94,1,0,0,0.0,2340.0
246,247,95,0,0,1,1.0,1314.0
246,247,96,0,0,1,1.0,599.0
246,247,97,1,0,1,0.0,1294.0
246,247,98,3,0,1,1.0,853.0
246,247,99,1,0,0,0.0,660.0
246,247,100,0,0,1,1.0,1036.0
246,247,101,2,0,0,0.0,1595.0
246,247,102,2,1,1,1.0,848.0
246,247,103,3,0,1,1.0,1061.0
246,247,104,0,0,1,1.0,899.0
246,247,105,3,0,1,1.0,588.0
246,247,106,2,1,1,1.0,800.0
246,247,107,1,0,0,0.0,571.0
246,247,108,1,0,0,0.0,2716.0
246,247,109,3,0,1,1.0,1348.0
246,247,110,2,0,0,0.0,355.0
246,247,111,0,0,0,1.0,1571.0
246,247,112,3,0,0,1.0,671.0
246,247,113,0,0,0,1.0,954.0
246,247,114,1,1,0,1.0,2566.0
246,247,115,3,0,1,1.0,2226.0
246,247,116,2,1,0,1.0,1416.0
246,247,117,0,0,1,1.0,846.0
246,247,118,2,1,1,1.0,1096.0
246,247,119,1,0,0,0.0,2862.0
247,248,0,1,0,1,1.0,2170.0
247,248,1,2,0,1,1.0,1730.0
247,248,2,3,1,0,1.0,1063.0
247,248,3,3,0,1,0.0,731.0
247,248,4,2,0,1,1.0,879.0
247,248,5,0,1,0,1.0,925.0
247,248,6,1,0,1,1.0,609.0
247,248,7,0,0,0,0.0,746.0
247,248,8,1,0,0,1.0,2041.0
247,248,9,3,0,0,0.0,1228.0
247,248,10,1,0,1,1.0,682.0
247,248,11,2,0,1,1.0,767.0
247,248,12,0,0,0,0.0,1865.0
247,248,13,3,0,0,0.0,1194.0
247,248,14,0,1,1,1.0,1489.0
247,248,15,2,0,0,1.0,674.0
247,248,16,1,0,1,1.0,364.0
247,248,17,3,0,0,0.0,1889.0
247,248,18,1,0,1,1.0,791.0
247,248,19,2,0,1,1.0,876.0
247,248,20,0,1,1,1.0,414.0
247,248,21,3,1,1,1.0,1431.0
247,248,22,0,1,1,1.0,1492.0
247,248,23,2,0,0,1.0,790.0
247,248,24,1,0,1,1.0,644.0
247,248,25,0,1,1,1.0,683.0
247,248,26,1,0,0,1.0,857.0
247,248,27,3,1,1,1.0,1073.0
247,248,28,0,1,1,1.0,1554.0
247,248,29,3,1,1,1.0,1654.0
247,248,30,2,1,0,0.0,1503.0
247,248,31,2,1,0,0.0,776.0
247,248,32,2,0,1,1.0,2788.0
247,248,33,3,1,1,1.0,1094.0
247,248,34,0,1,1,1.0,877.0
247,248,35,3,1,1,1.0,1144.0
247,248,36,1,0,1,1.0,423.0
247,248,37,0,1,1,1.0,911.0
247,248,38,2,1,0,0.0,2800.0
247,248,39,1,0,0,1.0,654.0
247,248,40,1,0,1,1.0,656.0
247,248,41,3,1,1,1.0,1696.0
247,248,42,0,1,0,1.0,793.0
247,248,43,2,0,1,1.0,2024.0
247,248,44,1,0,1,1.0,1076.0
247,248,45,3,1,0,1.0,2105.0
247,248,46,0,1,1,1.0,771.0
247,248,47,2,0,1,1.0,1684.0
247,248,48,3,1,1,1.0,748.0
247,248,49,3,1,1,1.0,859.0
247,248,50,0,1,1,1.0,958.0
247,248,51,2,0,1,1.0,1413.0
247,248,52,2,0,0,1.0,435.0
247,248,53,0,1,0,1.0,895.0
247,248,54,1,0,1,1.0,1141.0
247,248,55,1,0,1,1.0,999.0
247,248,56,3,1,1,1.0,724.0
247,248,57,2,0,1,1.0,551.0
247,248,58,0,1,1,1.0,888.0
247,248,59,3,1,1,1.0,1019.0
247,248,60,1,0,1,1.0,1214.0
247,248,61,2,0,1,1.0,3301.0
247,248,62,0,1,1,1.0,837.0
247,248,63,1,0,0,1.0,1150.0
247,248,64,3,1,0,1.0,960.0
247,248,65,0,1,1,1.0,1093.0
247,248,66,1,0,1,1.0,508.0
247,248,67,0,1,1,1.0,961.0
247,248,68,1,0,1,1.0,600.0
247,248,69,2,0,1,1.0,534.0
247,248,70,3,1,1,1.0,2075.0
247,248,71,2,0,1,1.0,2027.0
247,248,72,0,1,1,1.0,800.0
247,248,73,1,0,1,1.0,2192.0
247,248,74,2,0,1,1.0,1428.0
247,248,75,3,1,1,1.0,1189.0
247,248,76,3,1,1,1.0,438.0
247,248,77,1,0,1,1.0,709.0
247,248,78,0,1,1,1.0,1483.0
247,248,79,2,0,1,1.0,1934.0
247,248,80,1,0,0,1.0,1223.0
247,248,81,2,0,1,1.0,612.0
247,248,82,1,0,1,1.0,582.0
247,248,83,2,0,0,1.0,709.0
247,248,84,0,1,0,1.0,1350.0
247,248,85,3,1,1,1.0,2249.0
247,248,86,0,1,1,1.0,1373.0
247,248,87,3,1,0,1.0,856.0
247,248,88,0,1,1,1.0,846.0
247,248,89,0,1,0,1.0,2496.0
247,248,90,1,0,1,1.0,1302.0
247,248,91,2,0,1,1.0,2093.0
247,248,92,3,1,1,1.0,1039.0
247,248,93,3,1,1,1.0,759.0
247,248,94,1,0,1,1.0,1033.0
247,248,95,2,0,0,1.0,1070.0
247,248,96,2,0,1,1.0,1058.0
247,248,97,0,1,1,1.0,812.0
247,248,98,0,1,1,1.0,2127.0
247,248,99,3,1,1,1.0,2922.0
247,248,100,2,0,1,1.0,1060.0
247,248,101,1,0,1,1.0,885.0
247,248,102,1,0,1,1.0,681.0
247,248,103,3,1,1,1.0,1129.0
247,248,104,0,1,0,1.0,1261.0
247,248,105,3,1,1,1.0,953.0
247,248,106,1,0,1,1.0,554.0
247,248,107,3,1,0,1.0,1078.0
247,248,108,2,0,1,1.0,1831.0
247,248,109,2,0,1,1.0,821.0
247,248,110,1,0,1,1.0,796.0
247,248,111,0,1,1,1.0,1135.0
247,248,112,2,0,1,1.0,2435.0
247,248,113,3,1,0,1.0,1827.0
247,248,114,1,0,0,1.0,2695.0
247,248,115,1,0,1,1.0,626.0
247,248,116,2,0,1,1.0,1716.0
247,248,117,0,1,1,1.0,781.0
247,248,118,3,1,1,1.0,476.0
247,248,119,0,1,1,1.0,1059.0
248,249,0,2,0,0,0.0,1419.0
248,249,1,0,1,0,0.0,1079.0
248,249,2,1,0,0,1.0,2536.0
248,249,3,0,0,1,1.0,1456.0
248,249,4,3,1,1,1.0,1056.0
248,249,5,2,1,1,1.0,1473.0
248,249,6,3,1,1,1.0,2255.0
248,249,7,1,1,0,0.0,2064.0
248,249,8,0,1,0,0.0,1131.0
248,249,9,1,0,1,1.0,1653.0
248,249,10,3,1,1,1.0,1652.0
248,249,11,0,0,1,1.0,1702.0
248,249,12,1,0,1,1.0,928.0
248,249,13,3,1,0,1.0,1677.0
248,249,14,2,0,0,0.0,2602.0
248,249,15,2,1,0,1.0,732.0
248,249,16,0,0,1,1.0,3781.0
248,249,17,0,0,1,1.0,707.0
248,249,18,1,0,1,1.0,2839.0
248,249,19,3,1,1,1.0,2011.0
248,249,20,2,0,0,0.0,1153.0
248,249,21,2,1,1,1.0,732.0
248,249,22,1,0,1,1.0,1305.0
248,249,23,3,1,1,1.0,1533.0
248,249,24,3,1,0,1.0,613.0
248,249,25,0,0,1,1.0,2028.0
248,249,26,1,0,1,1.0,1326.0
248,249,27,2,1,1,1.0,2512.0
248,249,28,1,0,0,1.0,2179.0
248,249,29,2,1,1,1.0,1041.0
248,249,30,3,1,1,1.0,1112.0
248,249,31,0,0,1,1.0,1224.0
248,249,32,0,0,0,1.0,1832.0
248,249,33,3,1,1,1.0,920.0
248,249,34,1,0,1,1.0,1145.0
248,249,35,3,1,1,1.0,782.0
248,249,36,2,0,1,0.0,1257.0
248,249,37,2,0,0,0.0,713.0
248,249,38,0,0,1,1.0,795.0
248,249,39,1,0,1,1.0,808.0
248,249,40,3,1,1,1.0,921.0
248,249,41,1,0,1,1.0,990.0
248,249,42,1,0,1,1.0,1136.0
248,249,43,0,0,1,1.0,1278.0
248,249,44,2,1,1,1.0,1228.0
248,249,45,0,0,1,1.0,748.0
248,249,46,3,1,1,1.0,715.0
248,249,47,2,1,0,1.0,1854.0
248,249,48,1,0,1,1.0,1184.0
248,249,49,2,1,1,1.0,1069.0
248,249,50,3,1,0,1.0,1109.0
248,249,51,1,0,0,1.0,1253.0
248,249,52,0,0,1,1.0,698.0
248,249,53,0,0,1,1.0,644.0
248,249,54,3,1,1,1.0,1320.0
248,249,55,2,1,1,1.0,1073.0
248,249,56,3,1,0,1.0,1554.0
248,249,57,0,0,0,1.0,808.0
248,249,58,1,0,1,1.0,1705.0
248,249,59,2,1,1,1.0,836.0
248,249,60,2,1,0,1.0,965.0
248,249,61,3,1,1,1.0,1889.0
248,249,62,0,0,1,1.0,1907.0
248,249,63,1,0,1,1.0,2126.0
248,249,64,2,1,1,1.0,2490.0
248,249,65,1,0,1,1.0,1049.0
248,249,66,0,0,1,1.0,907.0
248,249,67,0,0,1,1.0,799.0
248,249,68,3,1,1,1.0,1024.0
248,249,69,2,1,1,1.0,816.0
248,249,70,1,0,1,1.0,826.0
248,249,71,3,1,1,1.0,1182.0
248,249,72,2,1,1,1.0,2486.0
248,249,73,0,0,0,1.0,1305.0
248,249,74,3,1,1,1.0,1026.0
248,249,75,1,0,0,1.0,1361.0
248,249,76,1,0,1,1.0,1357.0
248,249,77,2,1,1,1.0,1216.0
248,249,78,3,1,0,1.0,2088.0
248,249,79,0,0,1,1.0,1032.0
248,249,80,2,1,1,1.0,710.0
248,249,81,0,0,1,1.0,1012.0
248,249,82,2,1,0,1.0,1315.0
248,249,83,0,0,1,1.0,801.0
248,249,84,3,1,1,1.0,792.0
248,249,85,1,0,0,1.0,1518.0
248,249,86,3,1,1,1.0,629.0
248,249,87,1,0,1,1.0,2007.0
248,249,88,3,1,1,1.0,764.0
248,249,89,1,0,1,1.0,856.0
248,249,90,0,0,0,1.0,1432.0
248,249,91,0,0,1,1.0,600.0
248,249,92,2,1,1,1.0,871.0
248,249,93,1,0,1,1.0,1293.0
248,249,94,2,1,1,1.0,1452.0
248,249,95,3,1,1,1.0,942.0
248,249,96,3,1,1,1.0,656.0
248,249,97,3,1,0,1.0,750.0
248,249,98,0,0,1,1.0,755.0
248,249,99,1,0,1,1.0,776.0
248,249,100,0,0,1,1.0,711.0
248,249,101,2,1,1,1.0,885.0
248,249,102,1,0,1,1.0,919.0
248,249,103,2,1,1,1.0,639.0
248,249,104,3,1,1,1.0,1282.0
248,249,105,0,0,1,1.0,683.0
248,249,106,1,0,1,1.0,1340.0
248,249,107,2,1,1,1.0,807.0
248,249,108,0,0,1,1.0,853.0
248,249,109,2,1,0,1.0,740.0
248,249,110,3,1,1,1.0,675.0
248,249,111,1,0,1,1.0,775.0
248,249,112,3,1,1,1.0,1266.0
248,249,113,0,0,0,1.0,1001.0
248,249,114,2,1,1,1.0,627.0
248,249,115,0,0,1,1.0,744.0
248,249,116,2,1,1,1.0,2226.0
248,249,117,1,0,1,1.0,1158.0
248,249,118,1,0,0,1.0,763.0
248,249,119,3,1,1,1.0,1223.0
249,250,0,3,0,1,0.0,1457.0
249,250,1,1,1,0,1.0,1131.0
249,250,2,0,1,0,0.0,1107.0
249,250,3,0,0,0,1.0,827.0
249,250,4,2,0,0,1.0,878.0
249,250,5,1,0,1,0.0,1825.0
249,250,6,2,0,1,1.0,1043.0
249,250,7,3,0,0,0.0,1344.0
249,250,8,0,0,1,1.0,1232.0
249,250,9,3,1,1,1.0,894.0
249,250,10,3,1,1,1.0,637.0
249,250,11,0,0,1,1.0,865.0
249,250,12,1,0,0,0.0,559.0
249,250,13,1,0,0,0.0,811.0
249,250,14,2,0,1,1.0,749.0
249,250,15,2,0,1,1.0,739.0
249,250,16,0,0,1,1.0,751.0
249,250,17,1,0,0,0.0,690.0
249,250,18,2,0,1,1.0,700.0
249,250,19,3,1,0,1.0,478.0
249,250,20,0,0,1,1.0,830.0
249,250,21,3,1,1,1.0,861.0
249,250,22,2,0,1,1.0,728.0
249,250,23,1,0,0,0.0,713.0
249,250,24,3,1,1,1.0,575.0
249,250,25,1,1,1,1.0,409.0
249,250,26,3,1,1,1.0,664.0
249,250,27,2,0,0,1.0,660.0
249,250,28,0,1,0,0.0,576.0
249,250,29,0,0,0,1.0,503.0
249,250,30,1,1,1,1.0,727.0
249,250,31,2,0,1,1.0,591.0
249,250,32,3,1,0,1.0,886.0
249,250,33,2,0,1,1.0,661.0
249,250,34,0,0,1,1.0,813.0
249,250,35,3,1,1,1.0,651.0
249,250,36,1,1,1,1.0,471.0
249,250,37,1,1,1,1.0,495.0
249,250,38,0,0,1,1.0,1155.0
249,250,39,2,0,1,1.0,925.0
249,250,40,1,1,1,1.0,626.0
249,250,41,0,0,1,1.0,658.0
249,250,42,1,1,1,1.0,529.0
249,250,43,3,1,1,1.0,495.0
249,250,44,0,0,1,1.0,767.0
249,250,45,2,0,1,1.0,627.0
249,250,46,2,0,1,1.0,580.0
249,250,47,3,1,1,1.0,618.0
249,250,48,1,1,1,1.0,503.0
249,250,49,0,0,0,1.0,537.0
249,250,50,2,0,1,1.0,618.0
249,250,51,1,1,0,1.0,769.0
249,250,52,0,0,1,1.0,640.0
249,250,53,3,1,1,1.0,571.0
249,250,54,2,0,0,1.0,565.0
249,250,55,3,1,1,1.0,662.0
249,250,56,3,1,0,1.0,541.0
249,250,57,0,0,1,1.0,766.0
249,250,58,1,1,1,1.0,470.0
249,250,59,0,0,1,1.0,614.0
249,250,60,2,0,1,1.0,527.0
249,250,61,2,0,1,1.0,401.0
249,250,62,3,1,1,1.0,623.0
249,250,63,1,1,1,1.0,575.0
249,250,64,3,1,1,1.0,804.0
249,250,65,0,0,0,1.0,658.0
249,250,66,1,1,0,1.0,624.0
249,250,67,1,0,1,0.0,1968.0
249,250,68,3,0,0,0.0,1293.0
249,250,69,2,0,0,1.0,602.0
249,250,70,2,0,1,1.0,910.0
249,250,71,0,0,1,1.0,1057.0
249,250,72,3,1,1,1.0,751.0
249,250,73,2,0,1,1.0,575.0
249,250,74,0,0,1,1.0,1455.0
249,250,75,1,1,1,1.0,1598.0
249,250,76,1,0,0,0.0,943.0
249,250,77,3,1,0,1.0,960.0
249,250,78,0,0,1,1.0,602.0
249,250,79,2,0,1,1.0,519.0
249,250,80,0,1,1,0.0,893.0
249,250,81,0,0,1,1.0,632.0
249,250,82,2,0,1,1.0,673.0
249,250,83,1,1,1,1.0,945.0
249,250,84,1,1,1,1.0,610.0
249,250,85,2,0,1,1.0,713.0
249,250,86,3,1,1,1.0,936.0
249,250,87,3,0,0,0.0,622.0
249,250,88,3,1,1,1.0,562.0
249,250,89,1,1,1,1.0,609.0
249,250,90,0,0,1,1.0,525.0
249,250,91,0,0,1,1.0,503.0
249,250,92,2,0,0,1.0,537.0
249,250,93,2,1,0,0.0,511.0
249,250,94,3,1,1,1.0,678.0
249,250,95,1,1,1,1.0,415.0
249,250,96,0,0,0,1.0,388.0
249,250,97,2,0,1,1.0,592.0
249,250,98,1,1,1,1.0,564.0
249,250,99,1,1,0,1.0,402.0
249,250,100,2,0,0,1.0,588.0
249,250,101,3,1,1,1.0,2539.0
249,250,102,3,1,1,1.0,408.0
249,250,103,0,0,1,1.0,364.0
249,250,104,2,0,1,1.0,629.0
249,250,105,3,1,1,1.0,621.0
249,250,106,1,1,1,1.0,487.0
249,250,107,3,1,0,1.0,610.0
249,250,108,2,0,1,1.0,472.0
249,250,109,0,0,1,1.0,691.0
249,250,110,0,0,1,1.0,727.0
249,250,111,1,1,1,1.0,593.0
249,250,112,2,0,1,1.0,712.0
249,250,113,3,1,1,1.0,441.0
249,250,114,1,1,1,1.0,477.0
249,250,115,0,0,1,1.0,514.0
249,250,116,3,1,0,1.0,582.0
249,250,117,1,1,1,1.0,792.0
249,250,118,2,0,1,1.0,593.0
249,250,119,0,0,1,1.0,611.0
250,251,0,0,0,1,1.0,1552.0
250,251,1,1,1,0,1.0,1483.0
250,251,2,3,1,0,0.0,1477.0
250,251,3,2,1,1,1.0,2535.0
250,251,4,3,0,1,1.0,944.0
250,251,5,0,0,1,1.0,737.0
250,251,6,2,1,1,1.0,871.0
250,251,7,1,0,1,0.0,446.0
250,251,8,1,0,0,0.0,1537.0
250,251,9,2,1,1,1.0,780.0
250,251,10,3,0,1,1.0,1363.0
250,251,11,3,0,0,1.0,822.0
250,251,12,0,0,1,1.0,1193.0
250,251,13,0,0,1,1.0,2661.0
250,251,14,2,1,1,1.0,2054.0
250,251,15,1,0,0,0.0,1606.0
250,251,16,2,1,1,1.0,1203.0
250,251,17,3,0,1,1.0,648.0
250,251,18,0,0,1,1.0,1209.0
250,251,19,1,1,1,1.0,888.0
250,251,20,0,0,1,1.0,1741.0
250,251,21,3,0,1,1.0,1051.0
250,251,22,1,1,1,1.0,1615.0
250,251,23,2,1,1,1.0,620.0
250,251,24,3,0,1,1.0,700.0
250,251,25,1,1,1,1.0,1251.0
250,251,26,2,1,0,1.0,571.0
250,251,27,0,0,0,1.0,1168.0
250,251,28,1,1,1,1.0,1492.0
250,251,29,0,1,0,0.0,1295.0
250,251,30,3,0,1,1.0,1614.0
250,251,31,2,1,1,1.0,712.0
250,251,32,2,1,1,1.0,697.0
250,251,33,3,0,0,1.0,573.0
250,251,34,3,1,0,0.0,940.0
250,251,35,1,1,1,1.0,1418.0
250,251,36,2,1,0,1.0,713.0
250,251,37,0,0,1,1.0,1485.0
250,251,38,1,1,1,1.0,2147.0
250,251,39,0,0,1,1.0,1499.0
250,251,40,1,1,1,1.0,1255.0
250,251,41,3,0,1,1.0,1056.0
250,251,42,1,1,0,1.0,1234.0
250,251,43,3,0,1,1.0,1495.0
250,251,44,2,1,1,1.0,803.0
250,251,45,0,0,1,1.0,1616.0
250,251,46,0,0,1,1.0,1536.0
250,251,47,2,1,1,1.0,880.0
250,251,48,3,0,0,1.0,781.0
250,251,49,0,0,0,1.0,1640.0
250,251,50,3,0,1,1.0,703.0
250,251,51,2,1,1,1.0,945.0
250,251,52,1,0,0,0.0,2353.0
250,251,53,1,0,0,0.0,2994.0
250,251,54,2,1,1,1.0,687.0
250,251,55,0,0,1,1.0,1636.0
250,251,56,1,1,1,1.0,1887.0
250,251,57,2,1,0,1.0,850.0
250,251,58,1,1,1,1.0,1166.0
250,251,59,0,0,1,1.0,1403.0
250,251,60,2,1,1,1.0,657.0
250,251,61,0,0,1,1.0,1154.0
250,251,62,3,0,1,1.0,625.0
250,251,63,3,0,1,1.0,1740.0
250,251,64,3,0,1,1.0,701.0
250,251,65,2,1,1,1.0,638.0
250,251,66,1,1,1,1.0,939.0
250,251,67,0,0,1,1.0,1513.0
250,251,68,1,1,1,1.0,808.0
250,251,69,2,1,1,1.0,789.0
250,251,70,3,0,1,1.0,669.0
250,251,71,0,0,0,1.0,1197.0
250,251,72,0,0,1,1.0,1698.0
250,251,73,3,0,0,1.0,1700.0
250,251,74,3,0,1,1.0,1019.0
250,251,75,2,1,1,1.0,1473.0
250,251,76,1,1,0,1.0,1706.0
250,251,77,1,1,1,1.0,1523.0
250,251,78,0,0,1,1.0,1957.0
250,251,79,2,1,1,1.0,830.0
250,251,80,3,0,1,1.0,669.0
250,251,81,1,1,0,1.0,1295.0
250,251,82,2,1,0,1.0,834.0
250,251,83,1,1,1,1.0,946.0
250,251,84,2,1,1,1.0,915.0
250,251,85,0,0,1,1.0,1279.0
250,251,86,3,0,1,1.0,622.0
250,251,87,0,0,1,1.0,656.0
250,251,88,3,0,1,1.0,563.0
250,251,89,0,0,1,1.0,531.0
250,251,90,1,1,1,1.0,1120.0
250,251,91,3,0,1,1.0,605.0
250,251,92,2,1,1,1.0,829.0
250,251,93,2,1,1,1.0,643.0
250,251,94,1,0,1,0.0,1326.0
250,251,95,0,0,1,1.0,1558.0
250,251,96,0,0,0,1.0,1267.0
250,251,97,1,1,1,1.0,1529.0
250,251,98,3,0,1,1.0,1057.0
250,251,99,1,1,1,1.0,911.0
250,251,100,0,0,0,1.0,1259.0
250,251,101,2,1,1,1.0,1233.0
250,251,102,2,1,1,1.0,1099.0
250,251,103,3,0,0,1.0,832.0
250,251,104,0,0,1,1.0,736.0
250,251,105,3,0,1,1.0,1008.0
250,251,106,2,1,0,1.0,683.0
250,251,107,1,1,1,1.0,1441.0
250,251,108,1,1,1,1.0,1104.0
250,251,109,3,0,0,1.0,688.0
250,251,110,2,1,1,1.0,576.0
250,251,111,0,0,1,1.0,768.0
250,251,112,3,0,1,1.0,928.0
250,251,113,0,0,1,1.0,1245.0
250,251,114,1,1,0,1.0,1515.0
250,251,115,3,0,1,1.0,948.0
250,251,116,2,1,1,1.0,649.0
250,251,117,0,0,1,1.0,649.0
250,251,118,2,1,0,1.0,752.0
250,251,119,1,1,1,1.0,803.0
251,252,0,1,1,0,0.0,1815.0
251,252,1,2,1,0,0.0,1487.0
251,252,2,3,1,0,1.0,2086.0
251,252,3,3,0,1,0.0,851.0
251,252,4,2,0,1,1.0,1366.0
251,252,5,0,0,0,0.0,691.0
251,252,6,1,0,1,1.0,916.0
251,252,7,0,1,0,1.0,894.0
251,252,8,1,0,1,1.0,1169.0
251,252,9,3,0,0,0.0,1223.0
251,252,10,1,0,0,1.0,970.0
251,252,11,2,0,1,1.0,1429.0
251,252,12,0,1,1,1.0,1364.0
251,252,13,3,0,0,0.0,707.0
251,252,14,0,1,1,1.0,1591.0
251,252,15,2,0,1,1.0,1106.0
251,252,16,1,1,0,0.0,899.0
251,252,17,3,1,1,1.0,952.0
251,252,18,1,0,1,1.0,1797.0
251,252,19,2,0,0,1.0,843.0
251,252,20,0,1,1,1.0,1482.0
251,252,21,3,1,1,1.0,926.0
251,252,22,0,1,1,1.0,1522.0
251,252,23,2,1,0,0.0,597.0
251,252,24,1,0,1,1.0,2456.0
251,252,25,0,1,1,1.0,735.0
251,252,26,1,0,1,1.0,820.0
251,252,27,3,1,1,1.0,875.0
251,252,28,0,1,1,1.0,1254.0
251,252,29,3,1,1,1.0,753.0
251,252,30,2,0,1,1.0,841.0
251,252,31,2,0,0,1.0,857.0
251,252,32,2,0,1,1.0,2576.0
251,252,33,3,1,1,1.0,904.0
251,252,34,0,1,1,1.0,1044.0
251,252,35,3,1,1,1.0,772.0
251,252,36,1,1,0,0.0,1233.0
251,252,37,0,1,0,1.0,796.0
251,252,38,2,0,1,1.0,1423.0
251,252,39,1,0,1,1.0,1288.0
251,252,40,1,0,0,1.0,943.0
251,252,41,3,1,0,1.0,1022.0
251,252,42,0,1,1,1.0,1369.0
251,252,43,2,0,1,1.0,838.0
251,252,44,1,0,1,1.0,1633.0
251,252,45,3,1,1,1.0,887.0
251,252,46,0,1,1,1.0,670.0
251,252,47,2,0,1,1.0,513.0
251,252,48,3,1,1,1.0,673.0
251,252,49,3,1,1,1.0,721.0
251,252,50,0,1,0,1.0,635.0
251,252,51,2,0,0,1.0,705.0
251,252,52,2,1,0,0.0,1625.0
251,252,53,0,1,1,1.0,1493.0
251,252,54,1,0,0,1.0,530.0
251,252,55,1,0,1,1.0,1845.0
251,252,56,3,1,1,1.0,1204.0
251,252,57,2,0,1,1.0,2563.0
251,252,58,0,1,1,1.0,1054.0
251,252,59,3,1,0,1.0,342.0
251,252,60,1,0,1,1.0,1024.0
251,252,61,2,0,1,1.0,647.0
251,252,62,0,1,1,1.0,861.0
251,252,63,1,0,1,1.0,1284.0
251,252,64,3,1,1,1.0,812.0
251,252,65,0,1,1,1.0,616.0
251,252,66,1,0,1,1.0,865.0
251,252,67,0,1,1,1.0,660.0
251,252,68,1,0,1,1.0,659.0
251,252,69,2,0,1,1.0,459.0
251,252,70,3,1,1,1.0,714.0
251,252,71,2,0,1,1.0,631.0
251,252,72,0,1,1,1.0,632.0
251,252,73,1,0,0,1.0,676.0
251,252,74,2,0,1,1.0,738.0
251,252,75,3,1,1,1.0,750.0
251,252,76,3,1,1,1.0,573.0
251,252,77,1,0,1,1.0,778.0
251,252,78,0,1,0,1.0,680.0
251,252,79,2,0,1,1.0,806.0
251,252,80,1,0,1,1.0,785.0
251,252,81,2,0,1,1.0,576.0
251,252,82,1,0,1,1.0,735.0
251,252,83,2,0,0,1.0,483.0
251,252,84,0,1,1,1.0,1211.0
251,252,85,3,1,0,1.0,993.0
251,252,86,0,1,1,1.0,719.0
251,252,87,3,1,1,1.0,518.0
251,252,88,0,1,0,1.0,676.0
251,252,89,0,1,1,1.0,506.0
251,252,90,1,0,1,1.0,838.0
251,252,91,2,0,1,1.0,838.0
251,252,92,3,1,1,1.0,759.0
251,252,93,3,1,1,1.0,514.0
251,252,94,1,0,0,1.0,1337.0
251,252,95,2,0,0,1.0,578.0
251,252,96,2,0,1,1.0,2247.0
251,252,97,0,1,1,1.0,1045.0
251,252,98,0,1,0,1.0,806.0
251,252,99,3,1,1,1.0,963.0
251,252,100,2,0,1,1.0,1179.0
251,252,101,1,0,1,1.0,1451.0
251,252,102,1,1,0,0.0,1665.0
251,252,103,3,1,1,1.0,2231.0
251,252,104,0,1,1,1.0,744.0
251,252,105,3,1,0,1.0,567.0
251,252,106,1,1,1,0.0,656.0
251,252,107,3,1,0,1.0,700.0
251,252,108,2,0,1,1.0,602.0
251,252,109,2,0,1,1.0,1357.0
251,252,110,1,0,1,1.0,1059.0
251,252,111,0,1,1,1.0,808.0
251,252,112,2,0,1,1.0,783.0
251,252,113,3,1,1,1.0,970.0
251,252,114,1,0,1,1.0,818.0
251,252,115,1,0,1,1.0,743.0
251,252,116,2,0,1,1.0,969.0
251,252,117,0,1,1,1.0,836.0
251,252,118,3,1,1,1.0,775.0
251,252,119,0,1,1,1.0,653.0
252,253,0,2,0,0,0.0,1575.0
252,253,1,0,1,0,0.0,1731.0
252,253,2,1,0,0,1.0,1736.0
252,253,3,0,0,1,1.0,1015.0
252,253,4,3,1,1,1.0,1339.0
252,253,5,2,1,1,1.0,1217.0
252,253,6,3,1,1,1.0,1126.0
252,253,7,1,1,0,0.0,2266.0
252,253,8,0,0,1,1.0,2095.0
252,253,9,1,0,1,1.0,1845.0
252,253,10,3,1,1,1.0,933.0
252,253,11,0,0,1,1.0,2193.0
252,253,12,1,0,1,1.0,1993.0
252,253,13,3,1,0,1.0,787.0
252,253,14,2,1,0,1.0,1175.0
252,253,15,2,1,1,1.0,1125.0
252,253,16,0,0,1,1.0,1414.0
252,253,17,0,0,1,1.0,641.0
252,253,18,1,0,1,1.0,1591.0
252,253,19,3,1,1,1.0,905.0
252,253,20,2,1,1,1.0,1503.0
252,253,21,2,1,1,1.0,697.0
252,253,22,1,0,1,1.0,1502.0
252,253,23,3,1,1,1.0,611.0
252,253,24,3,1,0,1.0,673.0
252,253,25,0,0,1,1.0,1467.0
252,253,26,1,0,1,1.0,1188.0
252,253,27,2,1,1,1.0,875.0
252,253,28,1,0,0,1.0,1019.0
252,253,29,2,1,0,1.0,964.0
252,253,30,3,1,1,1.0,855.0
252,253,31,0,0,0,1.0,864.0
252,253,32,0,0,1,1.0,1885.0
252,253,33,3,1,1,1.0,962.0
252,253,34,1,0,1,1.0,828.0
252,253,35,3,1,1,1.0,671.0
252,253,36,2,1,1,1.0,1034.0
252,253,37,2,1,1,1.0,636.0
252,253,38,0,0,1,1.0,715.0
252,253,39,1,0,1,1.0,647.0
252,253,40,3,1,1,1.0,942.0
252,253,41,1,0,1,1.0,1777.0
252,253,42,1,0,1,1.0,707.0
252,253,43,0,1,0,0.0,903.0
252,253,44,2,1,1,1.0,696.0
252,253,45,0,0,1,1.0,670.0
252,253,46,3,1,1,1.0,681.0
252,253,47,2,1,0,1.0,903.0
252,253,48,1,0,1,1.0,678.0
252,253,49,2,1,1,1.0,821.0
252,253,50,3,1,0,1.0,708.0
252,253,51,1,0,0,1.0,747.0
252,253,52,0,0,1,1.0,447.0
252,253,53,0,0,1,1.0,963.0
252,253,54,3,1,1,1.0,785.0
252,253,55,2,1,1,1.0,1146.0
252,253,56,3,1,0,1.0,713.0
252,253,57,0,1,1,0.0,1285.0
252,253,58,1,0,1,1.0,623.0
252,253,59,2,1,1,1.0,907.0
252,253,60,2,1,1,1.0,759.0
252,253,61,3,1,1,1.0,1008.0
252,253,62,0,0,0,1.0,1175.0
252,253,63,1,0,1,1.0,1509.0
252,253,64,2,1,1,1.0,1180.0
252,253,65,1,0,1,1.0,1344.0
252,253,66,0,0,1,1.0,1091.0
252,253,67,0,0,1,1.0,977.0
252,253,68,3,1,1,1.0,446.0
252,253,69,2,1,0,1.0,734.0
252,253,70,1,0,1,1.0,749.0
252,253,71,3,1,1,1.0,736.0
252,253,72,2,1,1,1.0,2135.0
252,253,73,0,0,1,1.0,620.0
252,253,74,3,1,1,1.0,849.0
252,253,75,1,0,0,1.0,1976.0
252,253,76,1,0,1,1.0,857.0
252,253,77,2,1,1,1.0,1106.0
252,253,78,3,1,0,1.0,791.0
252,253,79,0,1,0,0.0,2518.0
252,253,80,2,1,1,1.0,737.0
252,253,81,0,0,0,1.0,606.0
252,253,82,2,1,1,1.0,797.0
252,253,83,0,0,1,1.0,716.0
252,253,84,3,1,1,1.0,641.0
252,253,85,1,0,0,1.0,673.0
252,253,86,3,1,1,1.0,829.0
252,253,87,1,0,1,1.0,1201.0
252,253,88,3,1,1,1.0,719.0
252,253,89,1,0,1,1.0,777.0
252,253,90,0,1,1,0.0,905.0
252,253,91,0,1,0,0.0,753.0
252,253,92,2,1,1,1.0,1156.0
252,253,93,1,0,1,1.0,716.0
252,253,94,2,1,0,1.0,996.0
252,253,95,3,1,1,1.0,817.0
252,253,96,3,1,1,1.0,1563.0
252,253,97,3,1,0,1.0,645.0
252,253,98,0,0,1,1.0,1016.0
252,253,99,1,0,1,1.0,835.0
252,253,100,0,0,1,1.0,2267.0
252,253,101,2,1,1,1.0,1617.0
252,253,102,1,0,1,1.0,802.0
252,253,103,2,1,1,1.0,667.0
252,253,104,3,1,1,1.0,706.0
252,253,105,0,0,0,1.0,1478.0
252,253,106,1,0,1,1.0,1731.0
252,253,107,2,1,1,1.0,819.0
252,253,108,0,0,1,1.0,1095.0
252,253,109,2,1,1,1.0,1867.0
252,253,110,3,1,1,1.0,1222.0
252,253,111,1,0,1,1.0,1752.0
252,253,112,3,1,1,1.0,901.0
252,253,113,0,0,1,1.0,1282.0
252,253,114,2,1,0,1.0,815.0
252,253,115,0,1,0,0.0,881.0
252,253,116,2,1,1,1.0,808.0
252,253,117,1,0,1,1.0,847.0
252,253,118,1,0,0,1.0,628.0
252,253,119,3,1,1,1.0,859.0
253,254,0,3,0,1,0.0,2154.0
253,254,1,1,0,1,0.0,1342.0
253,254,2,0,1,0,0.0,2038.0
253,254,3,0,0,0,1.0,705.0
253,254,4,2,0,0,1.0,1099.0
253,254,5,1,0,0,0.0,1132.0
253,254,6,2,0,1,1.0,2530.0
253,254,7,3,1,1,1.0,3857.0
253,254,8,0,1,0,0.0,1586.0
253,254,9,3,1,1,1.0,1952.0
253,254,10,3,1,0,1.0,949.0
253,254,11,0,0,1,1.0,1624.0
253,254,12,1,1,0,1.0,1422.0
253,254,13,1,0,0,0.0,794.0
253,254,14,2,0,1,1.0,1748.0
253,254,15,2,0,1,1.0,805.0
253,254,16,0,0,1,1.0,3174.0
253,254,17,1,0,0,0.0,1486.0
253,254,18,2,0,1,1.0,768.0
253,254,19,3,1,1,1.0,1156.0
253,254,20,0,0,1,1.0,2890.0
253,254,21,3,1,1,1.0,832.0
253,254,22,2,0,1,1.0,1076.0
253,254,23,1,1,1,1.0,743.0
253,254,24,3,1,1,1.0,717.0
253,254,25,1,1,1,1.0,662.0
253,254,26,3,1,0,1.0,831.0
253,254,27,2,0,0,1.0,1062.0
253,254,28,0,0,1,1.0,1446.0
253,254,29,0,0,0,1.0,605.0
253,254,30,1,1,1,1.0,975.0
253,254,31,2,0,1,1.0,2423.0
253,254,32,3,1,1,1.0,1728.0
253,254,33,2,0,1,1.0,853.0
253,254,34,0,0,1,1.0,2037.0
253,254,35,3,1,1,1.0,893.0
253,254,36,1,1,1,1.0,1131.0
253,254,37,1,1,1,1.0,544.0
253,254,38,0,0,1,1.0,975.0
253,254,39,2,0,1,1.0,1762.0
253,254,40,1,1,1,1.0,858.0
253,254,41,0,0,1,1.0,1193.0
253,254,42,1,1,1,1.0,839.0
253,254,43,3,1,1,1.0,2153.0
253,254,44,0,0,1,1.0,740.0
253,254,45,2,0,1,1.0,615.0
253,254,46,2,0,1,1.0,572.0
253,254,47,3,1,1,1.0,891.0
253,254,48,1,1,0,1.0,748.0
253,254,49,0,0,0,1.0,960.0
253,254,50,2,0,1,1.0,670.0
253,254,51,1,1,1,1.0,862.0
253,254,52,0,0,1,1.0,821.0
253,254,53,3,1,1,1.0,3051.0
253,254,54,2,0,0,1.0,766.0
253,254,55,3,1,0,1.0,1098.0
253,254,56,3,1,1,1.0,578.0
253,254,57,0,0,1,1.0,830.0
253,254,58,1,1,1,1.0,1604.0
253,254,59,0,0,1,1.0,717.0
253,254,60,2,0,1,1.0,783.0
253,254,61,2,0,1,1.0,593.0
253,254,62,3,1,1,1.0,918.0
253,254,63,1,1,0,1.0,975.0
253,254,64,3,1,1,1.0,1299.0
253,254,65,0,0,0,1.0,701.0
253,254,66,1,1,1,1.0,872.0
253,254,67,1,1,1,1.0,1298.0
253,254,68,3,0,0,0.0,1109.0
253,254,69,2,0,0,1.0,719.0
253,254,70,2,0,1,1.0,628.0
253,254,71,0,0,1,1.0,1415.0
253,254,72,3,1,0,1.0,783.0
253,254,73,2,0,1,1.0,701.0
253,254,74,0,0,1,1.0,795.0
253,254,75,1,1,1,1.0,913.0
253,254,76,1,1,1,1.0,593.0
253,254,77,3,1,1,1.0,677.0
253,254,78,0,0,1,1.0,870.0
253,254,79,2,0,1,1.0,719.0
253,254,80,0,0,1,1.0,1317.0
253,254,81,0,0,1,1.0,833.0
253,254,82,2,0,1,1.0,905.0
253,254,83,1,1,1,1.0,807.0
253,254,84,1,1,1,1.0,556.0
253,254,85,2,0,1,1.0,1767.0
253,254,86,3,1,1,1.0,1544.0
253,254,87,3,1,1,1.0,687.0
253,254,88,3,1,1,1.0,737.0
253,254,89,1,1,0,1.0,1341.0
253,254,90,0,0,1,1.0,938.0
253,254,91,0,0,0,1.0,696.0
253,254,92,2,0,0,1.0,752.0
253,254,93,2,0,1,1.0,759.0
253,254,94,3,1,1,1.0,1157.0
253,254,95,1,1,1,1.0,479.0
253,254,96,0,0,1,1.0,682.0
253,254,97,2,0,0,1.0,630.0
253,254,98,1,1,1,1.0,657.0
253,254,99,1,1,1,1.0,470.0
253,254,100,2,0,1,1.0,985.0
253,254,101,3,1,1,1.0,1213.0
253,254,102,3,1,0,1.0,1174.0
253,254,103,0,0,1,1.0,777.0
253,254,104,2,0,1,1.0,679.0
253,254,105,3,1,1,1.0,836.0
253,254,106,1,1,1,1.0,750.0
253,254,107,3,1,0,1.0,1669.0
253,254,108,2,0,1,1.0,579.0
253,254,109,0,0,1,1.0,1126.0
253,254,110,0,0,1,1.0,891.0
253,254,111,1,1,0,1.0,720.0
253,254,112,2,0,1,1.0,655.0
253,254,113,3,1,1,1.0,1404.0
253,254,114,1,1,1,1.0,689.0
253,254,115,0,0,1,1.0,612.0
253,254,116,3,1,1,1.0,1340.0
253,254,117,1,1,1,1.0,710.0
253,254,118,2,0,1,1.0,731.0
253,254,119,0,0,1,1.0,1578.0
254,255,0,0,1,0,0.0,1204.0
254,255,1,1,1,0,1.0,1102.0
254,255,2,3,1,0,0.0,705.0
254,255,3,2,1,1,1.0,1106.0
254,255,4,3,0,1,1.0,704.0
254,255,5,0,0,1,1.0,624.0
254,255,6,2,1,1,1.0,684.0
254,255,7,1,0,1,0.0,554.0
254,255,8,1,0,0,0.0,447.0
254,255,9,2,1,1,1.0,808.0
254,255,10,3,0,1,1.0,1210.0
254,255,11,3,0,0,1.0,786.0
254,255,12,0,0,1,1.0,1090.0
254,255,13,0,0,1,1.0,559.0
254,255,14,2,1,1,1.0,595.0
254,255,15,1,0,0,0.0,891.0
254,255,16,2,1,1,1.0,936.0
254,255,17,3,0,1,1.0,908.0
254,255,18,0,0,1,1.0,984.0
254,255,19,1,1,1,1.0,691.0
254,255,20,0,0,1,1.0,878.0
254,255,21,3,0,1,1.0,2323.0
254,255,22,1,1,1,1.0,583.0
254,255,23,2,1,1,1.0,455.0
254,255,24,3,0,1,1.0,1186.0
254,255,25,1,1,1,1.0,816.0
254,255,26,2,1,0,1.0,574.0
254,255,27,0,0,1,1.0,620.0
254,255,28,1,1,1,1.0,668.0
254,255,29,0,0,0,1.0,821.0
254,255,30,3,0,1,1.0,1142.0
254,255,31,2,1,1,1.0,610.0
254,255,32,2,1,1,1.0,1072.0
254,255,33,3,0,0,1.0,737.0
254,255,34,3,0,1,1.0,1117.0
254,255,35,1,1,1,1.0,718.0
254,255,36,2,1,0,1.0,556.0
254,255,37,0,0,1,1.0,759.0
254,255,38,1,1,1,1.0,2398.0
254,255,39,0,0,1,1.0,520.0
254,255,40,1,1,1,1.0,1013.0
254,255,41,3,0,1,1.0,975.0
254,255,42,1,1,0,1.0,651.0
254,255,43,3,0,0,1.0,690.0
254,255,44,2,1,1,1.0,878.0
254,255,45,0,0,1,1.0,1611.0
254,255,46,0,0,1,1.0,490.0
254,255,47,2,1,1,1.0,974.0
254,255,48,3,0,1,1.0,629.0
254,255,49,0,0,0,1.0,895.0
254,255,50,3,0,1,1.0,748.0
254,255,51,2,1,1,1.0,396.0
254,255,52,1,1,1,1.0,673.0
254,255,53,1,1,1,1.0,911.0
254,255,54,2,1,1,1.0,907.0
254,255,55,0,0,1,1.0,695.0
254,255,56,1,1,1,1.0,723.0
254,255,57,2,1,0,1.0,761.0
254,255,58,1,1,1,1.0,737.0
254,255,59,0,0,1,1.0,771.0
254,255,60,2,1,1,1.0,772.0
254,255,61,0,0,1,1.0,870.0
254,255,62,3,0,1,1.0,1424.0
254,255,63,3,0,1,1.0,973.0
254,255,64,3,0,1,1.0,523.0
254,255,65,2,1,1,1.0,698.0
254,255,66,1,1,0,1.0,596.0
254,255,67,0,0,1,1.0,946.0
254,255,68,1,1,1,1.0,1343.0
254,255,69,2,1,1,1.0,921.0
254,255,70,3,0,0,1.0,593.0
254,255,71,0,0,0,1.0,1382.0
254,255,72,0,0,1,1.0,1510.0
254,255,73,3,0,1,1.0,851.0
254,255,74,3,0,1,1.0,667.0
254,255,75,2,1,1,1.0,722.0
254,255,76,1,1,0,1.0,1110.0
254,255,77,1,1,1,1.0,870.0
254,255,78,0,0,1,1.0,862.0
254,255,79,2,1,1,1.0,675.0
254,255,80,3,0,1,1.0,633.0
254,255,81,1,1,1,1.0,716.0
254,255,82,2,1,0,1.0,821.0
254,255,83,1,1,1,1.0,970.0
254,255,84,2,0,0,0.0,733.0
254,255,85,0,0,1,1.0,803.0
254,255,86,3,0,1,1.0,694.0
254,255,87,0,0,1,1.0,926.0
254,255,88,3,0,1,1.0,892.0
254,255,89,0,1,0,0.0,938.0
254,255,90,1,1,1,1.0,897.0
254,255,91,3,0,1,1.0,1059.0
254,255,92,2,1,1,1.0,729.0
254,255,93,2,1,1,1.0,528.0
254,255,94,1,1,1,1.0,1093.0
254,255,95,0,0,1,1.0,759.0
254,255,96,0,0,1,1.0,609.0
254,255,97,1,1,1,1.0,792.0
254,255,98,3,0,0,1.0,875.0
254,255,99,1,1,0,1.0,639.0
254,255,100,0,0,0,1.0,859.0
254,255,101,2,1,1,1.0,700.0
254,255,102,2,1,1,1.0,468.0
254,255,103,3,0,1,1.0,658.0
254,255,104,0,0,0,1.0,1059.0
254,255,105,3,0,0,1.0,838.0
254,255,106,2,1,1,1.0,713.0
254,255,107,1,1,1,1.0,802.0
254,255,108,1,1,1,1.0,570.0
254,255,109,3,0,1,1.0,791.0
254,255,110,2,1,0,1.0,769.0
254,255,111,0,0,1,1.0,972.0
254,255,112,3,1,0,0.0,853.0
254,255,113,0,0,1,1.0,1114.0
254,255,114,1,1,1,1.0,836.0
254,255,115,3,0,1,1.0,759.0
254,255,116,2,1,1,1.0,723.0
254,255,117,0,0,1,1.0,866.0
254,255,118,2,1,1,1.0,962.0
254,255,119,1,0,0,0.0,1037.0
255,256,0,1,0,1,1.0,1782.0
255,256,1,2,1,0,0.0,1091.0
255,256,2,3,0,1,0.0,859.0
255,256,3,3,0,0,0.0,1114.0
255,256,4,2,1,0,0.0,891.0
255,256,5,0,1,0,1.0,1276.0
255,256,6,1,0,1,1.0,1175.0
255,256,7,0,1,1,1.0,650.0
255,256,8,1,0,0,1.0,775.0
255,256,9,3,1,0,1.0,1244.0
255,256,10,1,0,1,1.0,690.0
255,256,11,2,1,0,0.0,1297.0
255,256,12,0,1,1,1.0,785.0
255,256,13,3,1,1,1.0,1087.0
255,256,14,0,1,1,1.0,1142.0
255,256,15,2,1,0,0.0,906.0
255,256,16,1,0,1,1.0,2309.0
255,256,17,3,1,1,1.0,940.0
255,256,18,1,0,1,1.0,1088.0
255,256,19,2,1,0,0.0,708.0
255,256,20,0,1,1,1.0,751.0
255,256,21,3,1,1,1.0,730.0
255,256,22,0,0,0,0.0,1808.0
255,256,23,2,0,1,1.0,1551.0
255,256,24,1,0,1,1.0,1294.0
255,256,25,0,1,1,1.0,1130.0
255,256,26,1,0,0,1.0,1594.0
255,256,27,3,1,1,1.0,784.0
255,256,28,0,1,1,1.0,815.0
255,256,29,3,1,1,1.0,733.0
255,256,30,2,0,1,1.0,914.0
255,256,31,2,0,1,1.0,850.0
255,256,32,2,0,0,1.0,2980.0
255,256,33,3,1,1,1.0,535.0
255,256,34,0,1,1,1.0,795.0
255,256,35,3,1,0,1.0,768.0
255,256,36,1,0,1,1.0,1165.0
255,256,37,0,1,0,1.0,942.0
255,256,38,2,0,1,1.0,790.0
255,256,39,1,0,0,1.0,605.0
255,256,40,1,0,1,1.0,427.0
255,256,41,3,0,0,0.0,1185.0
255,256,42,0,1,1,1.0,945.0
255,256,43,2,0,0,1.0,1416.0
255,256,44,1,0,1,1.0,620.0
255,256,45,3,0,0,0.0,1485.0
255,256,46,0,1,1,1.0,800.0
255,256,47,2,0,1,1.0,958.0
255,256,48,3,1,1,1.0,1116.0
255,256,49,3,1,1,1.0,718.0
255,256,50,0,1,0,1.0,843.0
255,256,51,2,0,1,1.0,822.0
255,256,52,2,0,1,1.0,593.0
255,256,53,0,0,0,0.0,971.0
255,256,54,1,0,1,1.0,538.0
255,256,55,1,0,1,1.0,590.0
255,256,56,3,1,1,1.0,766.0
255,256,57,2,0,1,1.0,604.0
255,256,58,0,1,1,1.0,699.0
255,256,59,3,0,0,0.0,732.0
255,256,60,1,0,1,1.0,620.0
255,256,61,2,0,0,1.0,526.0
255,256,62,0,0,0,0.0,750.0
255,256,63,1,0,0,1.0,1573.0
255,256,64,3,1,1,1.0,927.0
255,256,65,0,1,1,1.0,483.0
255,256,66,1,0,1,1.0,892.0
255,256,67,0,1,1,1.0,658.0
255,256,68,1,0,1,1.0,652.0
255,256,69,2,0,1,1.0,1044.0
255,256,70,3,1,0,1.0,773.0
255,256,71,2,0,1,1.0,730.0
255,256,72,0,0,1,0.0,721.0
255,256,73,1,0,1,1.0,543.0
255,256,74,2,0,1,1.0,594.0
255,256,75,3,0,1,0.0,593.0
255,256,76,3,0,0,0.0,403.0
255,256,77,1,0,1,1.0,514.0
255,256,78,0,0,0,0.0,686.0
255,256,79,2,0,1,1.0,812.0
255,256,80,1,0,0,1.0,704.0
255,256,81,2,0,1,1.0,577.0
255,256,82,1,0,1,1.0,675.0
255,256,83,2,0,1,1.0,706.0
255,256,84,0,1,1,1.0,1193.0
255,256,85,3,1,1,1.0,875.0
255,256,86,0,1,1,1.0,1168.0
255,256,87,3,1,1,1.0,665.0
255,256,88,0,1,1,1.0,712.0
255,256,89,0,1,0,1.0,598.0
255,256,90,1,0,1,1.0,634.0
255,256,91,2,0,1,1.0,1253.0
255,256,92,3,1,1,1.0,916.0
255,256,93,3,0,0,0.0,1181.0
255,256,94,1,0,1,1.0,1182.0
255,256,95,2,1,0,0.0,855.0
255,256,96,2,0,0,1.0,1067.0
255,256,97,0,1,1,1.0,716.0
255,256,98,0,1,1,1.0,510.0
255,256,99,3,1,1,1.0,926.0
255,256,100,2,0,1,1.0,1186.0
255,256,101,1,0,1,1.0,889.0
255,256,102,1,0,1,1.0,817.0
255,256,103,3,1,0,1.0,953.0
255,256,104,0,1,0,1.0,1230.0
255,256,105,3,1,1,1.0,1174.0
255,256,106,1,0,1,1.0,1217.0
255,256,107,3,1,1,1.0,653.0
255,256,108,2,0,0,1.0,942.0
255,256,109,2,0,1,1.0,596.0
255,256,110,1,0,1,1.0,1087.0
255,256,111,0,1,1,1.0,669.0
255,256,112,2,0,1,1.0,799.0
255,256,113,3,1,1,1.0,621.0
255,256,114,1,0,0,1.0,598.0
255,256,115,1,0,1,1.0,671.0
255,256,116,2,0,1,1.0,944.0
255,256,117,0,1,1,1.0,686.0
255,256,118,3,1,1,1.0,685.0
255,256,119,0,0,0,0.0,798.0
256,257,0,2,0,0,0.0,1756.0
256,257,1,0,0,1,1.0,1261.0
256,257,2,1,0,0,1.0,923.0
256,257,3,0,0,1,1.0,714.0
256,257,4,3,0,0,0.0,1401.0
256,257,5,2,1,1,1.0,1021.0
256,257,6,3,1,1,1.0,792.0
256,257,7,1,1,0,0.0,1132.0
256,257,8,0,0,1,1.0,746.0
256,257,9,1,1,0,0.0,1001.0
256,257,10,3,1,1,1.0,651.0
256,257,11,0,0,1,1.0,506.0
256,257,12,1,0,1,1.0,518.0
256,257,13,3,1,1,1.0,860.0
256,257,14,2,1,0,1.0,1474.0
256,257,15,2,1,1,1.0,2456.0
256,257,16,0,0,1,1.0,1223.0
256,257,17,0,0,1,1.0,809.0
256,257,18,1,0,1,1.0,1235.0
256,257,19,3,1,0,1.0,1096.0
256,257,20,2,1,1,1.0,1000.0
256,257,21,2,1,1,1.0,1172.0
256,257,22,1,0,1,1.0,703.0
256,257,23,3,1,1,1.0,1169.0
256,257,24,3,1,1,1.0,707.0
256,257,25,0,0,0,1.0,1151.0
256,257,26,1,0,1,1.0,467.0
256,257,27,2,1,1,1.0,872.0
256,257,28,1,0,1,1.0,794.0
256,257,29,2,1,0,1.0,1601.0
256,257,30,3,1,0,1.0,822.0
256,257,31,0,0,1,1.0,623.0
256,257,32,0,0,1,1.0,1470.0
256,257,33,3,1,1,1.0,750.0
256,257,34,1,0,0,1.0,929.0
256,257,35,3,1,1,1.0,971.0
256,257,36,2,1,1,1.0,848.0
256,257,37,2,1,1,1.0,647.0
256,257,38,0,1,0,0.0,779.0
256,257,39,1,0,1,1.0,742.0
256,257,40,3,1,1,1.0,787.0
256,257,41,1,0,1,1.0,756.0
256,257,42,1,0,1,1.0,909.0
256,257,43,0,0,1,1.0,1100.0
256,257,44,2,1,1,1.0,1000.0
256,257,45,0,0,1,1.0,1164.0
256,257,46,3,1,1,1.0,943.0
256,257,47,2,1,0,1.0,1295.0
256,257,48,1,0,1,1.0,1133.0
256,257,49,2,1,1,1.0,1155.0
256,257,50,3,1,1,1.0,831.0
256,257,51,1,0,1,1.0,698.0
256,257,52,0,0,1,1.0,587.0
256,257,53,0,0,0,1.0,729.0
256,257,54,3,1,0,1.0,1036.0
256,257,55,2,1,1,1.0,1211.0
256,257,56,3,1,1,1.0,701.0
256,257,57,0,0,1,1.0,828.0
256,257,58,1,0,0,1.0,961.0
256,257,59,2,1,1,1.0,1235.0
256,257,60,2,1,1,1.0,787.0
256,257,61,3,1,0,1.0,712.0
256,257,62,0,0,1,1.0,677.0
256,257,63,1,0,1,1.0,824.0
256,257,64,2,1,1,1.0,774.0
256,257,65,1,0,1,1.0,904.0
256,257,66,0,0,1,1.0,496.0
256,257,67,0,0,0,1.0,527.0
256,257,68,3,1,1,1.0,900.0
256,257,69,2,1,0,1.0,826.0
256,257,70,1,0,1,1.0,760.0
256,257,71,3,1,1,1.0,900.0
256,257,72,2,1,1,1.0,827.0
256,257,73,0,0,1,1.0,1069.0
256,257,74,3,1,1,1.0,819.0
256,257,75,1,0,1,1.0,723.0
256,257,76,1,0,0,1.0,687.0
256,257,77,2,1,1,1.0,816.0
256,257,78,3,1,1,1.0,1338.0
256,257,79,0,0,1,1.0,1069.0
256,257,80,2,1,1,1.0,918.0
256,257,81,0,0,1,1.0,691.0
256,257,82,2,1,1,1.0,868.0
256,257,83,0,0,0,1.0,601.0
256,257,84,3,1,0,1.0,712.0
256,257,85,1,0,1,1.0,702.0
256,257,86,3,1,1,1.0,1089.0
256,257,87,1,0,0,1.0,934.0
256,257,88,3,1,1,1.0,655.0
256,257,89,1,0,1,1.0,613.0
256,257,90,0,0,1,1.0,1009.0
256,257,91,0,0,1,1.0,1438.0
256,257,92,2,1,1,1.0,1033.0
256,257,93,1,0,1,1.0,721.0
256,257,94,2,1,0,1.0,973.0
256,257,95,3,1,1,1.0,664.0
256,257,96,3,1,1,1.0,823.0
256,257,97,3,1,1,1.0,659.0
256,257,98,0,0,1,1.0,1336.0
256,257,99,1,0,1,1.0,819.0
256,257,100,0,0,1,1.0,736.0
256,257,101,2,1,1,1.0,682.0
256,257,102,1,0,1,1.0,766.0
256,257,103,2,1,1,1.0,769.0
256,257,104,3,1,0,1.0,984.0
256,257,105,0,0,1,1.0,762.0
256,257,106,1,0,1,1.0,811.0
256,257,107,2,1,1,1.0,783.0
256,257,108,0,0,0,1.0,789.0
256,257,109,2,1,1,1.0,944.0
256,257,110,3,1,1,1.0,905.0
256,257,111,1,0,1,1.0,899.0
256,257,112,3,1,1,1.0,936.0
256,257,113,0,0,1,1.0,557.0
256,257,114,2,1,0,1.0,885.0
256,257,115,0,0,1,1.0,868.0
256,257,116,2,1,1,1.0,825.0
256,257,117,1,0,1,1.0,1025.0
256,257,118,1,0,1,1.0,665.0
256,257,119,3,1,1,1.0,1090.0
257,258,0,0,0,1,1.0,1635.0
257,258,1,1,1,0,1.0,1349.0
257,258,2,3,1,0,0.0,706.0
257,258,3,2,1,1,1.0,904.0
257,258,4,3,0,1,1.0,708.0
257,258,5,0,0,1,1.0,764.0
257,258,6,2,1,1,1.0,781.0
257,258,7,1,0,1,0.0,912.0
257,258,8,1,0,0,0.0,945.0
257,258,9,2,1,1,1.0,864.0
257,258,10,3,0,1,1.0,1077.0
257,258,11,3,0,0,1.0,644.0
257,258,12,0,0,1,1.0,1009.0
257,258,13,0,0,1,1.0,570.0
257,258,14,2,1,1,1.0,761.0
257,258,15,1,0,0,0.0,784.0
257,258,16,2,1,1,1.0,649.0
257,258,17,3,0,1,1.0,652.0
257,258,18,0,0,1,1.0,668.0
257,258,19,1,1,1,1.0,622.0
257,258,20,0,0,1,1.0,804.0
257,258,21,3,0,1,1.0,1555.0
257,258,22,1,0,0,0.0,1255.0
257,258,23,2,1,1,1.0,807.0
257,258,24,3,0,1,1.0,651.0
257,258,25,1,1,1,1.0,942.0
257,258,26,2,1,0,1.0,1269.0
257,258,27,0,0,0,1.0,1206.0
257,258,28,1,1,1,1.0,2233.0
257,258,29,0,1,0,0.0,1310.0
257,258,30,3,1,0,0.0,1679.0
257,258,31,2,0,0,0.0,1374.0
257,258,32,2,0,0,0.0,2746.0
257,258,33,3,0,1,1.0,996.0
257,258,34,3,0,0,1.0,793.0
257,258,35,1,1,1,1.0,892.0
257,258,36,2,1,1,1.0,1424.0
257,258,37,0,0,1,1.0,503.0
257,258,38,1,1,1,1.0,1009.0
257,258,39,0,0,1,1.0,760.0
257,258,40,1,1,1,1.0,603.0
257,258,41,3,0,1,1.0,1226.0
257,258,42,1,1,1,1.0,911.0
257,258,43,3,0,1,1.0,1067.0
257,258,44,2,1,1,1.0,1550.0
257,258,45,0,0,1,1.0,732.0
257,258,46,0,0,1,1.0,775.0
257,258,47,2,1,0,1.0,664.0
257,258,48,3,0,0,1.0,839.0
257,258,49,0,1,0,0.0,1716.0
257,258,50,3,1,0,0.0,878.0
257,258,51,2,0,0,0.0,2646.0
257,258,52,1,1,0,1.0,2380.0
257,258,53,1,0,0,0.0,2124.0
257,258,54,2,0,1,0.0,2209.0
257,258,55,0,0,0,1.0,610.0
257,258,56,1,0,1,0.0,1230.0
257,258,57,2,0,0,0.0,1020.0
257,258,58,1,0,0,0.0,699.0
257,258,59,0,1,1,0.0,1683.0
257,258,60,2,0,1,0.0,909.0
257,258,61,0,1,0,0.0,1052.0
257,258,62,3,0,1,1.0,1331.0
257,258,63,3,0,1,1.0,2843.0
257,258,64,3,0,1,1.0,776.0
257,258,65,2,0,0,0.0,591.0
257,258,66,1,0,0,0.0,536.0
257,258,67,0,0,1,1.0,456.0
257,258,68,1,1,1,1.0,723.0
257,258,69,2,1,1,1.0,1422.0
257,258,70,3,0,1,1.0,604.0
257,258,71,0,0,1,1.0,426.0
257,258,72,0,0,1,1.0,664.0
257,258,73,3,0,1,1.0,411.0
257,258,74,3,0,0,1.0,470.0
257,258,75,2,1,1,1.0,1178.0
257,258,76,1,1,1,1.0,774.0
257,258,77,1,1,1,1.0,615.0
257,258,78,0,0,1,1.0,856.0
257,258,79,2,1,1,1.0,631.0
257,258,80,3,0,1,1.0,729.0
257,258,81,1,1,1,1.0,1421.0
257,258,82,2,1,1,1.0,1336.0
257,258,83,1,1,0,1.0,728.0
257,258,84,2,1,0,1.0,826.0
257,258,85,0,0,0,1.0,930.0
257,258,86,3,0,1,1.0,1021.0
257,258,87,0,1,0,0.0,833.0
257,258,88,3,0,1,1.0,667.0
257,258,89,0,0,1,1.0,1046.0
257,258,90,1,1,1,1.0,844.0
257,258,91,3,0,1,1.0,607.0
257,258,92,2,1,1,1.0,615.0
257,258,93,2,1,1,1.0,793.0
257,258,94,1,1,0,1.0,1056.0
257,258,95,0,0,1,1.0,683.0
257,258,96,0,0,1,1.0,592.0
257,258,97,1,0,0,0.0,559.0
257,258,98,3,0,1,1.0,530.0
257,258,99,1,1,1,1.0,667.0
257,258,100,0,0,1,1.0,768.0
257,258,101,2,1,1,1.0,762.0
257,258,102,2,1,1,1.0,675.0
257,258,103,3,0,1,1.0,617.0
257,258,104,0,0,1,1.0,650.0
257,258,105,3,0,0,1.0,631.0
257,258,106,2,1,1,1.0,642.0
257,258,107,1,1,1,1.0,1356.0
257,258,108,1,1,1,1.0,662.0
257,258,109,3,0,1,1.0,652.0
257,258,110,2,1,0,1.0,655.0
257,258,111,0,0,1,1.0,1905.0
257,258,112,3,0,0,1.0,555.0
257,258,113,0,0,0,1.0,662.0
257,258,114,1,1,1,1.0,948.0
257,258,115,3,0,1,1.0,728.0
257,258,116,2,1,1,1.0,814.0
257,258,117,0,0,0,1.0,935.0
257,258,118,2,1,1,1.0,658.0
257,258,119,1,1,1,1.0,1387.0
258,259,0,1,1,0,0.0,1606.0
258,259,1,2,1,0,0.0,3199.0
258,259,2,3,1,0,1.0,8175.0
258,259,3,3,0,1,0.0,3716.0
258,259,4,2,1,0,0.0,1222.0
258,259,5,0,1,0,1.0,1586.0
258,259,6,1,0,1,1.0,2224.0
258,259,7,0,0,0,0.0,586.0
258,259,8,1,0,1,1.0,1122.0
258,259,9,3,0,0,0.0,2421.0
258,259,10,1,0,0,1.0,1163.0
258,259,11,2,1,0,0.0,931.0
258,259,12,0,0,0,0.0,4366.0
258,259,13,3,1,1,1.0,1068.0
258,259,14,0,1,1,1.0,1455.0
258,259,15,2,1,0,0.0,1746.0
258,259,16,1,0,1,1.0,3786.0
258,259,17,3,0,0,0.0,2187.0
258,259,18,1,0,1,1.0,963.0
258,259,19,2,0,1,1.0,4501.0
258,259,20,0,1,1,1.0,1959.0
258,259,21,3,1,1,1.0,1926.0
258,259,22,0,1,1,1.0,787.0
258,259,23,2,0,1,1.0,1054.0
258,259,24,1,0,1,1.0,619.0
258,259,25,0,1,1,1.0,776.0
258,259,26,1,0,1,1.0,1714.0
258,259,27,3,0,0,0.0,2368.0
258,259,28,0,1,1,1.0,1111.0
258,259,29,3,1,1,1.0,502.0
258,259,30,2,0,1,1.0,1097.0
258,259,31,2,0,0,1.0,513.0
258,259,32,2,1,0,0.0,3569.0
258,259,33,3,1,1,1.0,3872.0
258,259,34,0,1,1,1.0,1363.0
258,259,35,3,0,0,0.0,4494.0
258,259,36,1,0,0,1.0,3017.0
258,259,37,0,1,1,1.0,5264.0
258,259,38,2,0,1,1.0,2889.0
258,259,39,1,0,1,1.0,1730.0
258,259,40,1,0,0,1.0,811.0
258,259,41,3,1,1,1.0,2288.0
258,259,42,0,1,0,1.0,6977.0
258,259,43,2,1,0,0.0,1511.0
258,259,44,1,0,1,1.0,7239.0
258,259,45,3,1,1,1.0,3555.0
258,259,46,0,1,1,1.0,1843.0
258,259,47,2,0,0,1.0,1546.0
258,259,48,3,1,0,1.0,2230.0
258,259,49,3,0,1,0.0,1818.0
258,259,50,0,1,1,1.0,1354.0
258,259,51,2,0,1,1.0,1715.0
258,259,52,2,1,0,0.0,1048.0
258,259,53,0,1,0,1.0,1778.0
258,259,54,1,0,1,1.0,2388.0
258,259,55,1,0,1,1.0,725.0
258,259,56,3,0,0,0.0,1187.0
258,259,57,2,0,1,1.0,984.0
258,259,58,0,1,1,1.0,1142.0
258,259,59,3,1,1,1.0,694.0
258,259,60,1,0,1,1.0,4662.0
258,259,61,2,0,1,1.0,913.0
258,259,62,0,1,1,1.0,899.0
258,259,63,1,0,1,1.0,2392.0
258,259,64,3,1,1,1.0,1415.0
258,259,65,0,0,0,0.0,959.0
258,259,66,1,0,0,1.0,3537.0
258,259,67,0,1,1,1.0,4227.0
258,259,68,1,0,1,1.0,4531.0
258,259,69,2,0,1,1.0,1488.0
258,259,70,3,1,1,1.0,1501.0
258,259,71,2,0,0,1.0,872.0
258,259,72,0,1,1,1.0,1276.0
258,259,73,1,0,1,1.0,1724.0
258,259,74,2,0,1,1.0,1295.0
258,259,75,3,1,1,1.0,4659.0
258,259,76,3,1,0,1.0,923.0
258,259,77,1,0,1,1.0,2139.0
258,259,78,0,1,1,1.0,1411.0
258,259,79,2,0,1,1.0,2429.0
258,259,80,1,0,1,1.0,2625.0
258,259,81,2,0,1,1.0,919.0
258,259,82,1,0,0,1.0,811.0
258,259,83,2,0,1,1.0,1400.0
258,259,84,0,1,1,1.0,889.0
258,259,85,3,1,1,1.0,583.0
258,259,86,0,1,0,1.0,564.0
258,259,87,3,1,1,1.0,1058.0
258,259,88,0,1,1,1.0,1293.0
258,259,89,0,1,1,1.0,2086.0
258,259,90,1,0,1,1.0,1017.0
258,259,91,2,0,1,1.0,1090.0
258,259,92,3,1,1,1.0,848.0
258,259,93,3,1,1,1.0,789.0
258,259,94,1,0,1,1.0,2820.0
258,259,95,2,0,1,1.0,677.0
258,259,96,2,0,1,1.0,639.0
258,259,97,0,1,0,1.0,782.0
258,259,98,0,1,1,1.0,770.0
258,259,99,3,1,0,1.0,2332.0
258,259,100,2,0,0,1.0,763.0
258,259,101,1,1,0,0.0,1833.0
258,259,102,1,0,1,1.0,1576.0
258,259,103,3,1,1,1.0,1099.0
258,259,104,0,1,1,1.0,746.0
258,259,105,3,1,1,1.0,1398.0
258,259,106,1,0,1,1.0,1104.0
258,259,107,3,1,1,1.0,823.0
258,259,108,2,0,1,1.0,951.0
258,259,109,2,0,0,1.0,574.0
258,259,110,1,0,1,1.0,1783.0
258,259,111,0,1,0,1.0,862.0
258,259,112,2,0,1,1.0,1146.0
258,259,113,3,1,1,1.0,2203.0
258,259,114,1,0,1,1.0,874.0
258,259,115,1,0,1,1.0,1098.0
258,259,116,2,0,1,1.0,3281.0
258,259,117,0,1,1,1.0,973.0
258,259,118,3,1,1,1.0,4341.0
258,259,119,0,1,1,1.0,1193.0
259,260,0,2,0,0,0.0,1187.0
259,260,1,0,1,0,0.0,1043.0
259,260,2,1,1,0,0.0,1038.0
259,260,3,0,0,1,1.0,2064.0
259,260,4,3,1,1,1.0,856.0
259,260,5,2,1,1,1.0,2028.0
259,260,6,3,1,1,1.0,1000.0
259,260,7,1,0,0,1.0,2987.0
259,260,8,0,0,1,1.0,1420.0
259,260,9,1,1,0,0.0,1089.0
259,260,10,3,1,1,1.0,2043.0
259,260,11,0,0,1,1.0,1562.0
259,260,12,1,1,0,0.0,842.0
259,260,13,3,1,0,1.0,996.0
259,260,14,2,1,0,1.0,1636.0
259,260,15,2,0,0,0.0,2231.0
259,260,16,0,0,1,1.0,1088.0
259,260,17,0,0,1,1.0,938.0
259,260,18,1,1,1,0.0,1074.0
259,260,19,3,1,1,1.0,713.0
259,260,20,2,1,1,1.0,925.0
259,260,21,2,0,0,0.0,772.0
259,260,22,1,0,1,1.0,714.0
259,260,23,3,0,0,0.0,1189.0
259,260,24,3,0,0,0.0,874.0
259,260,25,0,0,1,1.0,1223.0
259,260,26,1,1,1,0.0,987.0
259,260,27,2,1,1,1.0,1120.0
259,260,28,1,1,0,0.0,2051.0
259,260,29,2,0,1,0.0,1624.0
259,260,30,3,0,0,0.0,714.0
259,260,31,0,0,0,1.0,1483.0
259,260,32,0,0,1,1.0,2470.0
259,260,33,3,1,1,1.0,450.0
259,260,34,1,1,0,0.0,671.0
259,260,35,3,1,0,1.0,1184.0
259,260,36,2,1,1,1.0,1081.0
259,260,37,2,0,0,0.0,853.0
259,260,38,0,0,1,1.0,1666.0
259,260,39,1,1,0,0.0,811.0
259,260,40,3,1,1,1.0,1946.0
259,260,41,1,0,1,1.0,1448.0
259,260,42,1,0,1,1.0,679.0
259,260,43,0,0,1,1.0,1163.0
259,260,44,2,1,1,1.0,848.0
259,260,45,0,0,1,1.0,849.0
259,260,46,3,0,1,0.0,1882.0
259,260,47,2,1,0,1.0,697.0
259,260,48,1,0,1,1.0,1282.0
259,260,49,2,1,1,1.0,1029.0
259,260,50,3,0,0,0.0,1601.0
259,260,51,1,1,0,0.0,1732.0
259,260,52,0,0,1,1.0,743.0
259,260,53,0,0,0,1.0,611.0
259,260,54,3,1,1,1.0,906.0
259,260,55,2,1,1,1.0,1601.0
259,260,56,3,1,1,1.0,1315.0
259,260,57,0,0,1,1.0,713.0
259,260,58,1,0,1,1.0,1167.0
259,260,59,2,1,1,1.0,1380.0
259,260,60,2,0,1,0.0,1437.0
259,260,61,3,1,1,1.0,1797.0
259,260,62,0,0,1,1.0,722.0
259,260,63,1,0,0,1.0,1305.0
259,260,64,2,0,0,0.0,2829.0
259,260,65,1,1,0,0.0,1413.0
259,260,66,0,0,1,1.0,1209.0
259,260,67,0,0,0,1.0,1392.0
259,260,68,3,1,1,1.0,692.0
259,260,69,2,1,0,1.0,1081.0
259,260,70,1,0,1,1.0,897.0
259,260,71,3,1,0,1.0,1139.0
259,260,72,2,0,0,0.0,798.0
259,260,73,0,0,1,1.0,633.0
259,260,74,3,0,0,0.0,1182.0
259,260,75,1,0,1,1.0,1641.0
259,260,76,1,0,1,1.0,851.0
259,260,77,2,1,1,1.0,860.0
259,260,78,3,1,1,1.0,891.0
259,260,79,0,0,1,1.0,690.0
259,260,80,2,1,1,1.0,913.0
259,260,81,0,0,1,1.0,741.0
259,260,82,2,1,1,1.0,745.0
259,260,83,0,0,0,1.0,587.0
259,260,84,3,1,0,1.0,893.0
259,260,85,1,0,1,1.0,679.0
259,260,86,3,1,1,1.0,912.0
259,260,87,1,0,1,1.0,365.0
259,260,88,3,1,1,1.0,474.0
259,260,89,1,0,0,1.0,332.0
259,260,90,0,1,0,0.0,447.0
259,260,91,0,0,1,1.0,455.0
259,260,92,2,0,0,0.0,1120.0
259,260,93,1,1,0,0.0,777.0
259,260,94,2,1,1,1.0,2237.0
259,260,95,3,1,1,1.0,730.0
259,260,96,3,1,1,1.0,701.0
259,260,97,3,1,0,1.0,1346.0
259,260,98,0,0,1,1.0,826.0
259,260,99,1,0,1,1.0,1181.0
259,260,100,0,0,1,1.0,691.0
259,260,101,2,1,1,1.0,958.0
259,260,102,1,0,1,1.0,680.0
259,260,103,2,0,0,0.0,661.0
259,260,104,3,1,1,1.0,1134.0
259,260,105,0,0,1,1.0,798.0
259,260,106,1,0,1,1.0,1019.0
259,260,107,2,1,0,1.0,998.0
259,260,108,0,0,1,1.0,726.0
259,260,109,2,1,1,1.0,872.0
259,260,110,3,0,0,0.0,1319.0
259,260,111,1,0,1,1.0,801.0
259,260,112,3,1,1,1.0,1113.0
259,260,113,0,0,0,1.0,751.0
259,260,114,2,1,1,1.0,2405.0
259,260,115,0,0,1,1.0,1910.0
259,260,116,2,1,1,1.0,2566.0
259,260,117,1,0,0,1.0,1220.0
259,260,118,1,1,0,0.0,706.0
259,260,119,3,1,1,1.0,777.0
260,261,0,3,0,1,0.0,1253.0
260,261,1,1,1,0,1.0,1154.0
260,261,2,0,0,0,1.0,618.0
260,261,3,0,0,1,1.0,657.0
260,261,4,2,0,0,1.0,1088.0
260,261,5,1,1,1,1.0,1302.0
260,261,6,2,0,1,1.0,920.0
260,261,7,3,0,0,0.0,1001.0
260,261,8,0,1,0,0.0,754.0
260,261,9,3,0,0,0.0,684.0
260,261,10,3,0,0,0.0,931.0
260,261,11,0,1,0,0.0,523.0
260,261,12,1,0,1,0.0,1095.0
260,261,13,1,0,0,0.0,734.0
260,261,14,2,0,1,1.0,637.0
260,261,15,2,0,1,1.0,590.0
260,261,16,0,1,1,0.0,839.0
260,261,17,1,0,0,0.0,826.0
260,261,18,2,0,1,1.0,1083.0
260,261,19,3,1,1,1.0,863.0
260,261,20,0,1,0,0.0,785.0
260,261,21,3,1,1,1.0,568.0
260,261,22,2,0,1,1.0,733.0
260,261,23,1,0,0,0.0,749.0
260,261,24,3,1,0,1.0,605.0
260,261,25,1,1,1,1.0,770.0
260,261,26,3,1,1,1.0,965.0
260,261,27,2,0,0,1.0,1474.0
260,261,28,0,1,0,0.0,585.0
260,261,29,0,1,1,0.0,613.0
260,261,30,1,1,1,1.0,824.0
260,261,31,2,0,1,1.0,1278.0
260,261,32,3,0,0,0.0,1356.0
260,261,33,2,0,1,1.0,944.0
260,261,34,0,1,0,0.0,667.0
260,261,35,3,0,0,0.0,850.0
260,261,36,1,1,1,1.0,805.0
260,261,37,1,1,1,1.0,568.0
260,261,38,0,1,0,0.0,603.0
260,261,39,2,0,1,1.0,966.0
260,261,40,1,1,1,1.0,963.0
260,261,41,0,1,0,0.0,775.0
260,261,42,1,1,1,1.0,1447.0
260,261,43,3,1,1,1.0,1103.0
260,261,44,0,1,0,0.0,596.0
260,261,45,2,0,1,1.0,1225.0
260,261,46,2,1,0,0.0,685.0
260,261,47,3,1,1,1.0,1061.0
260,261,48,1,1,0,1.0,631.0
260,261,49,0,1,1,0.0,751.0
260,261,50,2,0,1,1.0,1109.0
260,261,51,1,1,1,1.0,952.0
260,261,52,0,1,0,0.0,629.0
260,261,53,3,1,0,1.0,1245.0
260,261,54,2,0,1,1.0,735.0
260,261,55,3,1,1,1.0,1011.0
260,261,56,3,1,1,1.0,593.0
260,261,57,0,1,0,0.0,724.0
260,261,58,1,1,1,1.0,655.0
260,261,59,0,1,0,0.0,601.0
260,261,60,2,0,0,1.0,1661.0
260,261,61,2,0,1,1.0,679.0
260,261,62,3,1,1,1.0,869.0
260,261,63,1,1,0,1.0,1941.0
260,261,64,3,1,1,1.0,1646.0
260,261,65,0,1,1,0.0,1043.0
260,261,66,1,1,1,1.0,753.0
260,261,67,1,1,1,1.0,555.0
260,261,68,3,1,1,1.0,825.0
260,261,69,2,1,0,0.0,496.0
260,261,70,2,0,1,1.0,620.0
260,261,71,0,1,0,0.0,700.0
260,261,72,3,1,0,1.0,540.0
260,261,73,2,0,0,1.0,644.0
260,261,74,0,1,0,0.0,787.0
260,261,75,1,1,1,1.0,1071.0
260,261,76,1,1,1,1.0,531.0
260,261,77,3,1,1,1.0,973.0
260,261,78,0,1,0,0.0,654.0
260,261,79,2,0,1,1.0,1205.0
260,261,80,0,0,1,1.0,1514.0
260,261,81,0,0,1,1.0,648.0
260,261,82,2,0,1,1.0,711.0
260,261,83,1,1,1,1.0,801.0
260,261,84,1,1,1,1.0,474.0
260,261,85,2,0,1,1.0,656.0
260,261,86,3,0,1,0.0,1382.0
260,261,87,3,0,0,0.0,525.0
260,261,88,3,0,0,0.0,659.0
260,261,89,1,0,0,0.0,600.0
260,261,90,0,0,1,1.0,711.0
260,261,91,0,0,0,1.0,494.0
260,261,92,2,0,1,1.0,773.0
260,261,93,2,0,1,1.0,671.0
260,261,94,3,0,0,0.0,1805.0
260,261,95,1,1,0,1.0,1445.0
260,261,96,0,1,0,0.0,1234.0
260,261,97,2,1,1,0.0,586.0
260,261,98,1,1,1,1.0,717.0
260,261,99,1,1,1,1.0,486.0
260,261,100,2,1,0,0.0,636.0
260,261,101,3,0,0,0.0,582.0
260,261,102,3,1,1,1.0,1089.0
260,261,103,0,0,1,1.0,890.0
260,261,104,2,1,0,0.0,720.0
260,261,105,3,0,0,0.0,757.0
260,261,106,1,0,1,0.0,2030.0
260,261,107,3,1,1,1.0,517.0
260,261,108,2,1,0,0.0,611.0
260,261,109,0,0,1,1.0,844.0
260,261,110,0,0,1,1.0,506.0
260,261,111,1,1,1,1.0,660.0
260,261,112,2,0,0,1.0,773.0
260,261,113,3,1,0,1.0,454.0
260,261,114,1,0,0,0.0,1078.0
260,261,115,0,1,0,0.0,1204.0
260,261,116,3,0,0,0.0,664.0
260,261,117,1,1,1,1.0,694.0
260,261,118,2,1,1,0.0,838.0
260,261,119,0,0,1,1.0,778.0
261,262,0,0,0,1,1.0,2070.0
261,262,1,1,1,0,1.0,1581.0
261,262,2,3,0,1,1.0,1048.0
261,262,3,2,1,1,1.0,870.0
261,262,4,3,0,1,1.0,1530.0
261,262,5,0,0,1,1.0,1173.0
261,262,6,2,1,1,1.0,1257.0
261,262,7,1,0,1,0.0,581.0
261,262,8,1,0,0,0.0,774.0
261,262,9,2,1,1,1.0,732.0
261,262,10,3,0,0,1.0,827.0
261,262,11,3,1,0,0.0,1345.0
261,262,12,0,1,0,0.0,1337.0
261,262,13,0,0,1,1.0,1063.0
261,262,14,2,1,1,1.0,739.0
261,262,15,1,1,1,1.0,1662.0
261,262,16,2,0,0,0.0,1935.0
261,262,17,3,1,0,0.0,1037.0
261,262,18,0,0,1,1.0,2389.0
261,262,19,1,1,1,1.0,2342.0
261,262,20,0,0,1,1.0,919.0
261,262,21,3,0,1,1.0,2999.0
261,262,22,1,1,1,1.0,1016.0
261,262,23,2,1,1,1.0,2149.0
261,262,24,3,0,1,1.0,1429.0
261,262,25,1,1,1,1.0,2298.0
261,262,26,2,1,1,1.0,1161.0
261,262,27,0,0,1,1.0,640.0
261,262,28,1,1,1,1.0,928.0
261,262,29,0,0,0,1.0,506.0
261,262,30,3,0,1,1.0,1137.0
261,262,31,2,1,0,1.0,1579.0
261,262,32,2,0,0,0.0,972.0
261,262,33,3,0,1,1.0,801.0
261,262,34,3,0,0,1.0,1514.0
261,262,35,1,1,1,1.0,801.0
261,262,36,2,1,1,1.0,1589.0
261,262,37,0,0,1,1.0,4966.0
261,262,38,1,1,1,1.0,4050.0
261,262,39,0,0,1,1.0,2463.0
261,262,40,1,1,0,1.0,1482.0
261,262,41,3,0,1,1.0,814.0
261,262,42,1,1,1,1.0,1209.0
261,262,43,3,0,1,1.0,893.0
261,262,44,2,1,1,1.0,827.0
261,262,45,0,0,1,1.0,949.0
261,262,46,0,0,1,1.0,793.0
261,262,47,2,1,0,1.0,708.0
261,262,48,3,0,0,1.0,775.0
261,262,49,0,1,0,0.0,629.0
261,262,50,3,0,1,1.0,1076.0
261,262,51,2,0,0,0.0,1164.0
261,262,52,1,1,1,1.0,924.0
261,262,53,1,1,1,1.0,1975.0
261,262,54,2,1,1,1.0,959.0
261,262,55,0,0,0,1.0,1372.0
261,262,56,1,1,1,1.0,3754.0
261,262,57,2,1,1,1.0,843.0
261,262,58,1,1,0,1.0,828.0
261,262,59,0,0,1,1.0,395.0
261,262,60,2,1,1,1.0,721.0
261,262,61,0,0,1,1.0,651.0
261,262,62,3,0,1,1.0,1558.0
261,262,63,3,0,1,1.0,866.0
261,262,64,3,0,1,1.0,1607.0
261,262,65,2,1,1,1.0,1334.0
261,262,66,1,0,0,0.0,704.0
261,262,67,0,0,1,1.0,1178.0
261,262,68,1,1,1,1.0,697.0
261,262,69,2,0,1,0.0,714.0
261,262,70,3,0,1,1.0,828.0
261,262,71,0,0,1,1.0,1098.0
261,262,72,0,1,1,0.0,3345.0
261,262,73,3,0,0,1.0,845.0
261,262,74,3,1,0,0.0,595.0
261,262,75,2,0,0,0.0,552.0
261,262,76,1,0,0,0.0,985.0
261,262,77,1,1,0,1.0,824.0
261,262,78,0,0,0,1.0,1004.0
261,262,79,2,1,0,1.0,969.0
261,262,80,3,1,1,0.0,1347.0
261,262,81,1,0,0,0.0,1529.0
261,262,82,2,1,1,1.0,3816.0
261,262,83,1,1,1,1.0,4217.0
261,262,84,2,1,1,1.0,1464.0
261,262,85,0,0,1,1.0,921.0
261,262,86,3,0,1,1.0,1676.0
261,262,87,0,0,1,1.0,593.0
261,262,88,3,1,0,0.0,1308.0
261,262,89,0,0,1,1.0,1593.0
261,262,90,1,1,1,1.0,956.0
261,262,91,3,1,0,0.0,933.0
261,262,92,2,0,1,0.0,437.0
261,262,93,2,1,1,1.0,1194.0
261,262,94,1,1,1,1.0,1271.0
261,262,95,0,0,1,1.0,940.0
261,262,96,0,0,1,1.0,710.0
261,262,97,1,0,1,0.0,2130.0
261,262,98,3,0,1,1.0,1068.0
261,262,99,1,0,0,0.0,1192.0
261,262,100,0,0,1,1.0,887.0
261,262,101,2,1,1,1.0,1391.0
261,262,102,2,1,1,1.0,692.0
261,262,103,3,0,1,1.0,926.0
261,262,104,0,0,0,1.0,877.0
261,262,105,3,0,1,1.0,1077.0
261,262,106,2,1,0,1.0,560.0
261,262,107,1,0,0,0.0,760.0
261,262,108,1,1,1,1.0,706.0
261,262,109,3,0,1,1.0,1181.0
261,262,110,2,1,1,1.0,1201.0
261,262,111,0,0,0,1.0,751.0
261,262,112,3,0,1,1.0,1359.0
261,262,113,0,0,1,1.0,893.0
261,262,114,1,1,1,1.0,715.0
261,262,115,3,0,0,1.0,596.0
261,262,116,2,1,1,1.0,1225.0
261,262,117,0,0,1,1.0,730.0
261,262,118,2,1,1,1.0,861.0
261,262,119,1,0,0,0.0,3165.0
262,263,0,1,1,0,0.0,4179.0
262,263,1,2,1,0,0.0,1891.0
262,263,2,3,1,0,1.0,2503.0
262,263,3,3,0,1,0.0,1102.0
262,263,4,2,0,1,1.0,1420.0
262,263,5,0,1,0,1.0,2351.0
262,263,6,1,1,0,0.0,1926.0
262,263,7,0,0,0,0.0,874.0
262,263,8,1,0,1,1.0,1206.0
262,263,9,3,0,0,0.0,1217.0
262,263,10,1,0,1,1.0,735.0
262,263,11,2,0,1,1.0,811.0
262,263,12,0,1,1,1.0,1702.0
262,263,13,3,0,0,0.0,1166.0
262,263,14,0,1,1,1.0,1159.0
262,263,15,2,0,1,1.0,5397.0
262,263,16,1,0,0,1.0,840.0
262,263,17,3,1,1,1.0,2794.0
262,263,18,1,1,0,0.0,1624.0
262,263,19,2,0,0,1.0,3148.0
262,263,20,0,1,1,1.0,1114.0
262,263,21,3,1,1,1.0,1031.0
262,263,22,0,1,1,1.0,2375.0
262,263,23,2,0,1,1.0,4692.0
262,263,24,1,1,0,0.0,2658.0
262,263,25,0,1,1,1.0,1743.0
262,263,26,1,0,1,1.0,1773.0
262,263,27,3,1,1,1.0,2459.0
262,263,28,0,1,1,1.0,800.0
262,263,29,3,1,1,1.0,792.0
262,263,30,2,0,0,1.0,4398.0
262,263,31,2,1,0,0.0,949.0
262,263,32,2,1,0,0.0,5951.0
262,263,33,3,0,0,0.0,2819.0
262,263,34,0,1,1,1.0,835.0
262,263,35,3,1,1,1.0,1718.0
262,263,36,1,0,1,1.0,2070.0
262,263,37,0,1,0,1.0,7258.0
262,263,38,2,0,1,1.0,2052.0
262,263,39,1,0,1,1.0,5918.0
262,263,40,1,0,1,1.0,1724.0
262,263,41,3,1,1,1.0,2443.0
262,263,42,0,1,1,1.0,1569.0
262,263,43,2,1,0,0.0,1667.0
262,263,44,1,0,0,1.0,1702.0
262,263,45,3,1,0,1.0,4292.0
262,263,46,0,1,1,1.0,2857.0
262,263,47,2,0,1,1.0,1946.0
262,263,48,3,0,0,0.0,8067.0
262,263,49,3,1,1,1.0,593.0
262,263,50,0,1,0,1.0,801.0
262,263,51,2,1,0,0.0,2191.0
262,263,52,2,0,1,1.0,929.0
262,263,53,0,0,0,0.0,1760.0
262,263,54,1,0,1,1.0,1292.0
262,263,55,1,0,0,1.0,1367.0
262,263,56,3,0,1,0.0,2758.0
262,263,57,2,0,1,1.0,3132.0
262,263,58,0,1,1,1.0,1844.0
262,263,59,3,0,0,0.0,2114.0
262,263,60,1,0,1,1.0,2616.0
262,263,61,2,1,0,0.0,2075.0
262,263,62,0,0,0,0.0,2992.0
262,263,63,1,0,1,1.0,7212.0
262,263,64,3,1,1,1.0,3767.0
262,263,65,0,1,1,1.0,965.0
262,263,66,1,0,1,1.0,1327.0
262,263,67,0,1,1,1.0,961.0
262,263,68,1,0,1,1.0,2337.0
262,263,69,2,0,0,1.0,2559.0
262,263,70,3,1,1,1.0,3700.0
262,263,71,2,1,0,0.0,799.0
262,263,72,0,1,1,1.0,3717.0
262,263,73,1,0,1,1.0,1536.0
262,263,74,2,0,1,1.0,6991.0
262,263,75,3,1,1,1.0,2647.0
262,263,76,3,1,0,1.0,835.0
262,263,77,1,0,0,1.0,1670.0
262,263,78,0,1,1,1.0,2424.0
262,263,79,2,0,1,1.0,4620.0
262,263,80,1,1,1,0.0,1026.0
262,263,81,2,0,1,1.0,1206.0
262,263,82,1,0,1,1.0,2539.0
262,263,83,2,0,1,1.0,1813.0
262,263,84,0,0,1,0.0,1709.0
262,263,85,3,1,1,1.0,1210.0
262,263,86,0,0,0,0.0,1559.0
262,263,87,3,1,1,1.0,2230.0
262,263,88,0,1,1,1.0,1512.0
262,263,89,0,0,0,0.0,5118.0
262,263,90,1,0,1,1.0,761.0
262,263,91,2,1,1,0.0,1182.0
262,263,92,3,1,1,1.0,1129.0
262,263,93,3,1,1,1.0,1107.0
262,263,94,1,0,1,1.0,3185.0
262,263,95,2,1,0,0.0,3955.0
262,263,96,2,0,1,1.0,624.0
262,263,97,0,1,0,1.0,1611.0
262,263,98,0,0,0,0.0,657.0
262,263,99,3,0,0,0.0,1459.0
262,263,100,2,0,1,1.0,1099.0
262,263,101,1,0,1,1.0,900.0
262,263,102,1,0,0,1.0,659.0
262,263,103,3,1,0,1.0,1498.0
262,263,104,0,1,1,1.0,2730.0
262,263,105,3,0,0,0.0,706.0
262,263,106,1,0,1,1.0,1255.0
262,263,107,3,1,1,1.0,1339.0
262,263,108,2,1,0,0.0,5697.0
262,263,109,2,0,1,1.0,648.0
262,263,110,1,0,1,1.0,812.0
262,263,111,0,0,0,0.0,730.0
262,263,112,2,0,0,1.0,1611.0
262,263,113,3,0,0,0.0,3592.0
262,263,114,1,0,1,1.0,570.0
262,263,115,1,0,1,1.0,736.0
262,263,116,2,1,0,0.0,1012.0
262,263,117,0,1,1,1.0,5362.0
262,263,118,3,1,1,1.0,1222.0
262,263,119,0,1,0,1.0,2070.0
263,264,0,2,1,1,1.0,1526.0
263,264,1,0,1,0,0.0,1193.0
263,264,2,1,0,0,1.0,891.0
263,264,3,0,1,0,0.0,644.0
263,264,4,3,0,0,0.0,994.0
263,264,5,2,0,0,0.0,1071.0
263,264,6,3,1,1,1.0,969.0
263,264,7,1,0,1,1.0,933.0
263,264,8,0,1,1,0.0,1121.0
263,264,9,1,1,0,0.0,1543.0
263,264,10,3,1,1,1.0,1979.0
263,264,11,0,1,0,0.0,635.0
263,264,12,1,1,0,0.0,1715.0
263,264,13,3,1,1,1.0,1478.0
263,264,14,2,1,0,1.0,1394.0
263,264,15,2,0,0,0.0,865.0
263,264,16,0,0,1,1.0,1280.0
263,264,17,0,0,1,1.0,636.0
263,264,18,1,0,1,1.0,1981.0
263,264,19,3,1,0,1.0,1058.0
263,264,20,2,0,0,0.0,1372.0
263,264,21,2,1,1,1.0,706.0
263,264,22,1,0,1,1.0,2030.0
263,264,23,3,1,1,1.0,1280.0
263,264,24,3,1,1,1.0,726.0
263,264,25,0,0,1,1.0,1046.0
263,264,26,1,0,1,1.0,1378.0
263,264,27,2,1,1,1.0,869.0
263,264,28,1,0,1,1.0,1860.0
263,264,29,2,1,1,1.0,899.0
263,264,30,3,1,0,1.0,1016.0
263,264,31,0,0,1,1.0,838.0
263,264,32,0,1,1,0.0,2805.0
263,264,33,3,1,1,1.0,2177.0
263,264,34,1,0,0,1.0,837.0
263,264,35,3,1,1,1.0,540.0
263,264,36,2,0,1,0.0,1146.0
263,264,37,2,1,1,1.0,730.0
263,264,38,0,1,0,0.0,1252.0
263,264,39,1,0,1,1.0,1054.0
263,264,40,3,1,1,1.0,663.0
263,264,41,1,0,1,1.0,1234.0
263,264,42,1,0,1,1.0,623.0
263,264,43,0,0,1,1.0,1003.0
263,264,44,2,1,0,1.0,3430.0
263,264,45,0,0,1,1.0,1539.0
263,264,46,3,1,1,1.0,776.0
263,264,47,2,1,1,1.0,937.0
263,264,48,1,0,1,1.0,1399.0
263,264,49,2,0,0,0.0,790.0
263,264,50,3,1,1,1.0,638.0
263,264,51,1,0,1,1.0,895.0
263,264,52,0,1,0,0.0,580.0
263,264,53,0,0,0,1.0,525.0
263,264,54,3,1,0,1.0,617.0
263,264,55,2,0,1,0.0,710.0
263,264,56,3,1,1,1.0,961.0
263,264,57,0,0,1,1.0,749.0
263,264,58,1,1,0,0.0,763.0
263,264,59,2,0,0,0.0,848.0
263,264,60,2,1,1,1.0,847.0
263,264,61,3,1,0,1.0,781.0
263,264,62,0,0,1,1.0,1375.0
263,264,63,1,0,0,1.0,3018.0
263,264,64,2,1,1,1.0,1983.0
263,264,65,1,0,1,1.0,735.0
263,264,66,0,0,1,1.0,1223.0
263,264,67,0,0,1,1.0,1234.0
263,264,68,3,1,1,1.0,643.0
263,264,69,2,0,0,0.0,819.0
263,264,70,1,0,1,1.0,1941.0
263,264,71,3,1,1,1.0,1413.0
263,264,72,2,0,0,0.0,814.0
263,264,73,0,0,1,1.0,784.0
263,264,74,3,1,1,1.0,764.0
263,264,75,1,0,1,1.0,707.0
263,264,76,1,0,1,1.0,766.0
263,264,77,2,1,0,1.0,1158.0
263,264,78,3,1,1,1.0,1781.0
263,264,79,0,0,0,1.0,3043.0
263,264,80,2,1,1,1.0,969.0
263,264,81,0,0,1,1.0,2601.0
263,264,82,2,0,0,0.0,934.0
263,264,83,0,1,0,0.0,825.0
263,264,84,3,1,0,1.0,405.0
263,264,85,1,0,0,1.0,1042.0
263,264,86,3,1,1,1.0,554.0
263,264,87,1,0,1,1.0,704.0
263,264,88,3,1,1,1.0,1003.0
263,264,89,1,0,0,1.0,713.0
263,264,90,0,0,1,1.0,671.0
263,264,91,0,0,1,1.0,708.0
263,264,92,2,1,1,1.0,1367.0
263,264,93,1,0,1,1.0,582.0
263,264,94,2,0,0,0.0,2137.0
263,264,95,3,1,1,1.0,1316.0
263,264,96,3,1,1,1.0,551.0
263,264,97,3,0,0,0.0,895.0
263,264,98,0,0,0,1.0,986.0
263,264,99,1,0,1,1.0,981.0
263,264,100,0,0,1,1.0,1026.0
263,264,101,2,0,0,0.0,2823.0
263,264,102,1,0,1,1.0,1586.0
263,264,103,2,0,0,0.0,1805.0
263,264,104,3,1,1,1.0,1766.0
263,264,105,0,0,1,1.0,728.0
263,264,106,1,0,1,1.0,709.0
263,264,107,2,0,1,0.0,653.0
263,264,108,0,0,1,1.0,944.0
263,264,109,2,0,1,0.0,683.0
263,264,110,3,1,0,1.0,857.0
263,264,111,1,0,1,1.0,952.0
263,264,112,3,1,1,1.0,702.0
263,264,113,0,0,0,1.0,1022.0
263,264,114,2,0,0,0.0,708.0
263,264,115,0,1,0,0.0,463.0
263,264,116,2,0,0,0.0,746.0
263,264,117,1,0,1,1.0,1582.0
263,264,118,1,0,1,1.0,686.0
263,264,119,3,0,0,0.0,504.0
