alpha,beta,stickiness
0.8987072980546893,1.8502495581328453,0.661522631282807
