alpha,beta,decay_rate
0.5604848723889293,8.057595081487364,0.3911458174880292
