alpha_pos,beta,alpha_neg_base,alpha_neg_anx
1.0,3.081365385722574,0.8643338114456119,-0.6167072876421757
