alpha,beta,decay_factor
0.09780995376920211,3.6239947110168442,0.39277055313747694
