alpha,beta,w_win
0.25650711459946024,4.679276698685528,5.0
