alpha,beta,pers_k
0.7597809544325662,2.64146169032312,0.5472394705546829
