alpha,beta,pers_base,pers_stai
0.8917388103636003,1.4949282913030189,-0.1527837342984132,4.331390994587457
