alpha,beta,pers_w
0.5638090053078074,4.621214330304806,0.5335618331305931
