alpha,beta,persev_param
0.903829961261891,2.043764508287171,1.49295160731301
