alpha,beta,phi
0.601909733488936,3.016594029387703,0.3255354385926941
