alpha,beta,pers_base
0.7153453065694254,0.556771765286884,1.8045802558887611
