alpha,beta,gen_rate
0.9678475221469898,2.193203248574604,1.0
