alpha_pos,neg_scale_base,beta
0.8746108554478225,0.17150464648593647,6.831727204356996
