alpha,beta,stickiness
0.77694947546069,1.2216066919459458,0.5398512570601269
