alpha,beta,suppress_k
0.6539363552458912,8.488621087477853,4.067766441525656
