alpha,beta,p_base
0.9595598890467844,0.6186985594883969,2.245163985373073
