alpha,beta,leakage_param
0.5962391286485916,10.0,0.9053016201461103
