alpha,beta,stick_scale
0.5053187607395649,3.4641525499233854,1.5614731318232273
