alpha,beta,persev
0.6281792841169087,3.077386178902879,0.38882999023794285
