alpha,beta,decay_rate
0.5359969656233351,3.9553644395758716,1.0
