alpha,beta,bias_magnitude
0.5548852450937266,2.0334696259118985,1.0298136554294886
