alpha,beta,pers_base
0.7865184147114903,1.0971244479900875,2.966508933350397
