alpha,beta,kappa
0.75628320753818,2.4371138641016996,1.6127645808986812
