alpha,beta,stickiness
0.5566915430318539,3.228443133500926,1.2139944683727575
