alpha,beta,stickiness
0.6565065697108162,2.8973867155752107,0.5879526621886971
