{"mean_BIC": 382.74345398797885, "individual_BIC": [434.17785354794177, 553.1146262237148, 480.09033941298605, 466.4124735473868, 307.48743797035286, 220.26367789343652, 389.6188348183187, 358.8705472948826, 338.74523268146584, 401.8606750231459, 476.79726077540016, 121.72788883537632, 259.9294208476163, 426.93459760586137, 394.0943462421077, 260.4834344444889, 482.8797201288719, 391.535147271515, 337.31486227711565, 395.07997775540156, 372.13564938380836, 325.08922697170283, 450.98826611558644, 468.8387992570986, 382.101660078287, 319.9193018923314, 438.2742660176799, 274.59147761543665, 339.7456900578695, 567.3327930385888, 428.6115886015674]}