learning_rate,beta,stickiness_base,oci_winstay_boost
0.0229529902329498,10.0,0.0685055927699059,0.23043682941560237
