learning_rate,stickiness,beta_stage2,beta_mf,beta_mb_base,beta_mb_oci
0.7696167484240588,0.8766854310267452,1.0407841729812823,5.774762725083231,8.40722298913626,-9.214489880049207
