learning_rate,beta,w,reinf_stick
0.521743032045502,2.4391935136496086,0.8633295382941479,1.3065231856713755
