learning_rate,beta,w,persev_base,losestay_oci_slope
0.6884110315189597,0.7988504741173815,1.0,0.6005075247176875,-0.363244934892656
