learning_rate,beta_base,w
0.6342219815016543,0.5104956997307775,1.0
