lr_s1,lr_s2,beta,w,stickiness_base
0.31193423682360416,0.027034559224814694,5.759513965045437,0.37334122871843867,0.2552220420222878
