learning_rate,beta,w,stick_base,stick_oci_slope
0.19529751390657413,1.8226174009717608,0.0,3.0078225337658226,-4.95007177616783
