lr_base,beta,lambda_param,oci_asym_bias
0.9999996235646303,2.1101304521041797,0.177205779611346,0.5018263079321121
