lr,beta_stage2,w,stickiness,beta_s1_slope
0.27978438776392545,3.0181647320323264,0.0,0.3412348787035962,2.9804505935830243
