lr,beta,persev_base
0.8849120835421752,2.2265425390664655,0.30217777894525777
