lr,beta,w,lambda_val,stickiness,decay_rate
1.0,1.625600573024425,0.17267274095416268,1.0,0.8360159394156622,1.0
