learning_rate,beta,w,lambda_decay,stick_win,stick_loss_oci
0.8557671719992137,1.3050383368256535,0.9948038743108256,0.0,5.0,0.19786774624517364
