learning_rate,beta,w,wsls_scale
0.7444376237331537,1.1096265769871394,0.02834425792829965,1.1922776168420288
