learning_rate,beta,w,win_stick_oci
0.8452382092206586,3.558832211444697,0.8150693995219622,0.5046038656153893
