learning_rate,beta,perseveration_base,oci_scaling
0.6613139738138352,0.4854836285802481,0.660862607792835,0.6558690129464949
