lr_base,beta,w
0.6040105559561437,0.7912823293806805,1.0
