lr_pos,lr_neg_base,lr_neg_oci,beta,w,stickiness
1.0,0.4349952334407714,-0.118842258372887,1.7565203384433667,0.7471541850517207,0.594098363778181
