lr_common,lr_rare_base,lr_rare_oci_mod,beta
0.8520061064064419,0.4698049311531118,-0.09517434708456511,3.8187299155990133
