learning_rate,beta,w,p_base,p_oci_scale
0.6648949990746723,2.073966706855182,0.022951521031439187,0.7088718523158628,0.9931792359343163
