lr,beta_common,beta_rare_base,beta_rare_oci_mod,w,stickiness
0.08729433475902432,6.5917978372576025,1.4300021727243895,2.446127299520893,1.0,0.3936714150269601
