lr,beta,w,stick,rare_gating_oci
0.8478777329386258,9.311030706222182,0.853016030961348,0.8875887614329534,0.7654316627906648
