lr,beta,stick_win,stick_lose_base,oci_stick_lose_mod
0.6698365069108112,2.000695386609482,1.2698761541025452,0.8748609022071273,-0.3369596450857093
