learning_rate,w,beta_s1,beta_s2_base,beta_s2_oci_mod
0.8483643194236024,0.0,3.59978134236085,3.0291613839024327,-2.813790897493353
