learning_rate,beta_win,beta_loss_base,beta_loss_oci,w,stickiness
0.7799399783756352,2.4558472659898336,2.9405679680333954,-6.637782664939675,0.0,0.12365336298029828
