learning_rate,beta,w_base
0.6105562936032597,1.9199722110438684,0.5450447677020274
