lr,beta,stickiness_base,stickiness_oci
0.5712439900482269,3.5278407324498926,0.012613479695062076,1.0229542212119755
