learning_rate,beta,stickiness_factor,w
0.5481439262322649,3.815751945599339,1.0731558432735535,1.0
