learning_rate,beta,w,stick_base,stick_oci
0.19529766204971877,1.8226196782500617,0.0,0.02467269094494852,0.3285293353173733
