learning_rate,beta,w,lambda_elig,ritual_decay,oci_ritual_amp
0.02490893917644725,10.0,1.0,0.450439142550207,0.43548005036828125,0.2658503275301393
