learning_rate,beta,stickiness_base,stickiness_oci
0.8613865523943819,1.441760657960117,0.5670617634444202,0.33576422155682384
