lr,beta_base,beta_stiff_oci,w,stickiness,trace_decay,lambda_eligibility
0.02888999425368927,0.7584102847433032,1.1333145318991469,0.528272669484418,2.1982265566246357,1.0,1.0
