lr,beta,stickiness_base
0.7845690563749884,1.2371184360089456,0.6508345008356559
