learning_rate,beta,w,lambd,stick_weight,decay_base
0.1838846498469789,2.1747212327853593,0.3586546292599997,1.0,0.009733722111825265,1.0
