lr,beta,w,decay_base,decay_oci_param
0.8929089857429772,2.1028713739882154,0.0,0.279216912607224,0.7199906244168359
