learning_rate,beta,w,persev_strength
0.3159490227845474,1.166600626072267,0.0,2.1621369808649553
