lr,beta,w,pers_static,pers_accum_base,pers_accum_oci
0.5861262560930232,4.008811748540581,0.6947229251620569,1.1306801952841112,0.5382426292954642,-0.9525800865349571
