learning_rate,beta,w_init,w_decay_base,w_decay_oci,stickiness
0.6002809427216355,3.7755728928309167,1.0,0.5560686333829878,-0.08329398464572398,1.2445047387476076
