lr,beta,w,lambd,decay_base,decay_oci
0.3353224774102967,3.1735395862713265,0.11220059515182405,1.0,0.0795552932140279,0.5959518226993573
