learning_rate,beta,w,pers_mag,retention_oci_sens
0.7089029984553713,3.089627134732235,1.0,0.5776746909198498,0.22260118552428776
