learning_rate,w,beta_win,beta_loss_base,beta_loss_oci
0.5910151177359034,0.0,3.35701443127725,1.4056338067581764,-0.16261838670622017
