learning_rate,w,beta_stage2,beta_stage1_base,beta_stage1_oci_sens
0.7475185049259431,0.23445320661592065,1.0241052973675633,6.721246727637236,4.79366410377783
