lr_pos,lr_neg_base,lr_neg_oci_slope,beta,w,stickiness
0.16056768222374296,0.9846278404561244,-0.1580042874039295,10.0,0.9834212996578535,0.19407075890566536
