learning_rate,beta_1,beta_2,lam,forget_base,stickiness
0.7351894209285159,9.112510010903703,3.5461568390166494,0.8586952939044559,1.0,0.0
