learning_rate,beta,w,ws_strength
0.7297788108426754,2.066737630009344,0.11156422512854325,5.0
