learning_rate,beta,w,stickiness,decay_base,decay_oci
0.4124053764265377,5.277222503056821,0.301499704867906,2.1241302828156816,0.5994945239379426,-0.246817565081039
