learning_rate,beta,w,stickiness_oci_param
0.7855191322338134,7.744268384164518,0.9300561312266179,0.37985054683679514
