learning_rate,beta,w,decay_base,decay_oci
0.795918460259735,3.044577114666977,0.0,0.04135066467881088,1.415558238012912e-07
