learning_rate,beta_base,beta_win_oci,w,stickiness
0.703278164179492,2.1666021579048595,10.0,0.0,0.0
