learning_rate,beta,stickiness_factor
0.12779917543537728,1.019062158122519,3.9629850714355044
