lr,beta,w,stickiness,oci_regret
0.8483546859072849,0.7205295468727125,0.0,2.601293361080147,1.0
