learning_rate,beta,w,decay_rate_base
0.6976939168208315,4.738718816070425,0.0,1.0
