lr,beta,w,stick_decay,oci_stick_scale
0.16467910216412748,2.218560834904317,1.0,1.0,0.013368452987538746
