learning_rate,beta,pers_base
0.05869739721849257,2.28742652000986,0.1591572306067364
