learning_rate,beta,w,stickiness,loss_base,loss_oci
0.9723690134661142,4.202037015310137,0.3508364481082296,0.25358868233430004,0.4303777445454181,-2.373622227544065
