learning_rate,beta,stick_base,oci_stick_mod
0.5370521235163449,2.4490821555519435,0.22033812902187305,-0.01166470964521835
