lr,beta,w,stick_base,stick_win_oci
0.20323274466556704,4.489148693924186,1.0,0.4391618291420516,0.683676488635024
