lr,beta_base,w,stickiness,conf_sens_low,conf_sens_high
0.7213696245364691,1.2879031981973827,0.0,0.8608365373701145,1.075712489443036,1.6220435052713538
