learning_rate,beta_base,w,rigidity_factor
1.0,1.0965781250375428,0.20391005348847369,5.0
