lr_base,beta,asymmetry_param,decay
0.6693765743217795,3.0813567083477875,1.0,0.3699736360204815
