learning_rate,beta,w_habit_low_oci,w_habit_high_oci
0.9230437013398612,2.358595150785826,0.8045954797020447,0.27182276501042296
