learning_rate,beta,w,p_gen,p_rew_base,p_rew_oci_mod,lambda_val
1.0,1.6093284879413499,0.13687109602636707,0.0,0.6487339481170957,0.23544628562763054,1.0
