learning_rate,beta,decay_base,decay_oci_slope,w
1.0,1.357539211908395,0.5627173289041788,0.4565521745679104,0.0
