{
  "summary": {
    "matched": 19,
    "total": 27,
    "match_rate": "70.4%"
  },
  "participants": {
    "p18": {
      "status": "MATCH",
      "orig_nll": 223.14321096155845,
      "lib_nll": 223.14321096155845,
      "difference": 0.0,
      "n_params": 3,
      "stai": 0.0
    },
    "p19": {
      "status": "MATCH",
      "orig_nll": 190.9599758203397,
      "lib_nll": 190.9599758203397,
      "difference": 0.0,
      "n_params": 4,
      "stai": 0.0
    },
    "p20": {
      "status": "MISMATCH",
      "orig_nll": 221.58287028681053,
      "lib_nll": 245.73104761513048,
      "difference": 24.148177328319946,
      "n_params": 4,
      "stai": 0.0
    },
    "p21": {
      "status": "MATCH",
      "orig_nll": 247.76203913107886,
      "lib_nll": 247.76203913107886,
      "difference": 0.0,
      "n_params": 3,
      "stai": 0.0
    },
    "p22": {
      "status": "MATCH",
      "orig_nll": 225.70557705982984,
      "lib_nll": 225.70557705982984,
      "difference": 0.0,
      "n_params": 4,
      "stai": 0.0
    },
    "p23": {
      "status": "MISMATCH",
      "orig_nll": 246.15201374255037,
      "lib_nll": 277.2588722231782,
      "difference": 31.106858480627807,
      "n_params": 3,
      "stai": 0.0
    },
    "p24": {
      "status": "MISMATCH",
      "orig_nll": 246.08335810856266,
      "lib_nll": 244.89837363517822,
      "difference": 1.1849844733844463,
      "n_params": 4,
      "stai": 0.0
    },
    "p25": {
      "status": "MATCH",
      "orig_nll": 177.63468596718354,
      "lib_nll": 177.63468596718354,
      "difference": 0.0,
      "n_params": 3,
      "stai": 0.0
    },
    "p26": {
      "status": "MATCH",
      "orig_nll": 239.22571922857952,
      "lib_nll": 239.22571922857952,
      "difference": 0.0,
      "n_params": 3,
      "stai": 0.0
    },
    "p27": {
      "status": "MISMATCH",
      "orig_nll": 258.6514735018199,
      "lib_nll": 236.06626629108882,
      "difference": 22.585207210731085,
      "n_params": 3,
      "stai": 0.0
    },
    "p28": {
      "status": "MATCH",
      "orig_nll": 249.98252305386177,
      "lib_nll": 249.98252305386177,
      "difference": 0.0,
      "n_params": 3,
      "stai": 0.0
    },
    "p29": {
      "status": "MATCH",
      "orig_nll": 238.18007845129168,
      "lib_nll": 238.18007845129168,
      "difference": 0.0,
      "n_params": 3,
      "stai": 0.0
    },
    "p30": {
      "status": "MATCH",
      "orig_nll": 262.3055202142083,
      "lib_nll": 262.3055202142083,
      "difference": 0.0,
      "n_params": 3,
      "stai": 0.0
    },
    "p31": {
      "status": "MATCH",
      "orig_nll": 254.9115094315228,
      "lib_nll": 254.9115094315228,
      "difference": 0.0,
      "n_params": 3,
      "stai": 0.0
    },
    "p32": {
      "status": "MATCH",
      "orig_nll": 244.22500258990362,
      "lib_nll": 244.22500258990362,
      "difference": 0.0,
      "n_params": 3,
      "stai": 0.0
    },
    "p33": {
      "status": "MATCH",
      "orig_nll": 252.6845410282021,
      "lib_nll": 252.6845410282021,
      "difference": 0.0,
      "n_params": 3,
      "stai": 0.0
    },
    "p34": {
      "status": "MATCH",
      "orig_nll": 257.37193665088046,
      "lib_nll": 257.37193665088046,
      "difference": 0.0,
      "n_params": 3,
      "stai": 0.0
    },
    "p35": {
      "status": "MISMATCH",
      "orig_nll": 242.06295297528558,
      "lib_nll": 277.2588722231782,
      "difference": 35.19591924789259,
      "n_params": 3,
      "stai": 0.0
    },
    "p36": {
      "status": "MATCH",
      "orig_nll": 243.36637926886618,
      "lib_nll": 243.36637926886618,
      "difference": 0.0,
      "n_params": 4,
      "stai": 0.0
    },
    "p37": {
      "status": "MISMATCH",
      "orig_nll": 246.95982984974864,
      "lib_nll": 251.0705147235526,
      "difference": 4.110684873803962,
      "n_params": 3,
      "stai": 0.0
    },
    "p38": {
      "status": "MATCH",
      "orig_nll": 232.0845331805791,
      "lib_nll": 232.0845331805791,
      "difference": 0.0,
      "n_params": 4,
      "stai": 0.0
    },
    "p39": {
      "status": "MISMATCH",
      "orig_nll": 254.22521864164787,
      "lib_nll": 224.221025924403,
      "difference": 30.004192717244877,
      "n_params": 3,
      "stai": 0.0
    },
    "p40": {
      "status": "MATCH",
      "orig_nll": 263.51000581794005,
      "lib_nll": 263.51000581794005,
      "difference": 0.0,
      "n_params": 3,
      "stai": 0.0
    },
    "p41": {
      "status": "MATCH",
      "orig_nll": 244.9731191910031,
      "lib_nll": 244.9731191910031,
      "difference": 0.0,
      "n_params": 3,
      "stai": 0.0
    },
    "p42": {
      "status": "ERROR",
      "error": "'DynamicModel' object has no attribute 'decay_rate'"
    },
    "p43": {
      "status": "MATCH",
      "orig_nll": 269.6785381342533,
      "lib_nll": 269.6785381342533,
      "difference": 0.0,
      "n_params": 3,
      "stai": 0.0
    },
    "p44": {
      "status": "MATCH",
      "orig_nll": 251.16280954071402,
      "lib_nll": 251.16280954071402,
      "difference": 0.0,
      "n_params": 3,
      "stai": 0.0
    }
  }
}