{"mean_BIC": 424.5148078772101, "individual_BIC": [506.6725190791094, 335.0858431529124, 440.42932202634745, 348.00792467931535, 446.12863884761236, 440.8242424360392, 434.9684638924153, 275.61089757420234, 394.7727181275852, 352.27527535475446, 559.1644226835971, 450.32533544073493, 570.4126963876004, 357.2332025740445, 412.5200955464968, 388.7846376235959, 531.6927931721641, 566.5966343949931, 432.2208929134248, 503.85788440285125, 311.38867826721213, 478.7833557663557, 380.0082483436553, 304.1313477001335, 429.252934408353, 402.48774692455476, 358.7844250714927, 397.7406764729027, 392.65852736420226, 425.60483630105057, 531.5338272638038]}