learning_rate,beta,lambda_trace
0.9021982388091165,0.9474430409032744,0.9897258970247121
