learning_rate,beta,eligibility
0.5336953229829892,2.7677721665306523,1.0
