learning_rate,beta,w,perseverance
0.6484775776385401,2.350959824628429,1.0,0.4614347560714159
