learning_rate,beta_1,beta_2,w
0.685990109633742,10.0,2.5638798757376065,0.9034264337644012
