learning_rate,beta,w,stickiness
0.9155562611268995,0.976467303659623,0.4041597222626085,0.992463010711328
