learning_rate,beta
0.0003627772330712769,5.376604265540771
