learning_rate,beta,w,lam
0.974340626195051,2.4714694377876962,0.0,0.7475377976278944
