learning_rate,beta,stickiness
0.2895964169346828,2.7352948301310978,0.8527059627633796
