learning_rate,beta,perseveration
0.1741869327306012,3.8327664388782523,0.655927066609082
