learning_rate,beta,w,win_stay_bonus
0.0249324530093951,10.0,0.10289062317763971,0.2759647165414547
