learning_rate,beta,perseveration
1.0,0.9484225051446716,1.9642957804658085
