learning_rate,beta,decay
0.13408155323604662,2.4487015451962746,0.08783438971892286
