lr_1,lr_2,beta,lambd,w
0.6984280081487263,0.026882898162123373,3.6356300108176507,0.6121628435099354,0.0
