learning_rate,beta_base,beta_boost,stickiness
0.5270643702873032,1.7301952521190873,2.464728809936535,0.5015229905030507
