learning_rate,beta,stickiness
0.5973769755112591,3.1959599373609886,0.4122629032847393
