learning_rate,beta,perseveration
0.11868484739088361,0.8487346564153695,3.090262427938257
