learning_rate,beta,w,perseveration
0.46211908056926354,2.273578213845547,0.27798485870826556,0.9210217659517553
