learning_rate,beta,decay
0.7121763263968279,10.0,0.22411120105373408
