learning_rate,beta,w,perseveration,lambda_eligibility
0.7822223468724157,2.3326236287833053,0.0,0.4121487635348537,0.6576499595830132
