alpha_1,alpha_2,beta
0.7990246863852937,0.010467731016910693,3.6123448659259556
