learning_rate,beta
0.669498231139211,0.5947662543826092
