learning_rate,beta,w,decay
1.0,5.284433983119236,0.8219880350954998,0.658202906663822
