learning_rate,beta,elig_trace
0.5705572977080703,5.2741690764793185,1.0
