learning_rate,beta
0.1931285967053531,1.7097402370426664
