learning_rate,beta,w,perseveration
0.7317681302351294,2.4157617828752866,1.0,0.8280391717183916
