learning_rate,beta,w,pers
0.5907559942503361,3.857482612185926,0.8421828587572577,0.6683802888841608
