learning_rate,decay_rate,beta,lambda_trace
1.0,0.8038042118230894,2.224444792230161,1.0
