lr_1,lr_2,beta,w,stickiness
0.027233446894905568,0.4206483754450421,1.1416561302885722,0.0,1.591844385218507
