learning_rate,beta,w,lam,stickiness
0.6809939497068924,2.0864992468305936,0.0,0.8961815169906194,0.7113707545348421
